Num_Acc;jour;mois;an;hrmn;lum;dep;com;agg;int;atm;col;adr;lat;long
202400034888;7;11;2024;07:30;2;92;92040;2;1;1;2;BOURGAIN (AVENE);48,82132000;2,26462000
202400017325;20;11;2024;10:10;1;64;64445;2;1;3;2;ALFRED NOBEL;43,31702880; -0,31160831
202400017379;13;3;2024;13:30;1;25;25318;1;1;2;2;N57;46,75396000;6,38055500
202400002852;26;4;2024;17:43;1;49;49248;1;2;1;3;Le Tremblay;47,66061800; -1,09150900
202400018087;17;4;2024;10:30;1;68;68063;2;1;1;7;8 Rue de la 4e Dmm;47,80027800;7,17347700
202400044310;7;12;2024;11:41;1;92;92063;2;1;8;2;JONCHERE (CHEMIN DE LA);48,86800346;2,15627231
202400033677;24;7;2024;15:50;1;36;36037;1;1;1;6;;46,93334100;1,79077100
202400036690;12;12;2024;09:45;1;54;54357;2;3;1;6;Rue Lafayette;48,71234210;6,16867840
202400005206;21;10;2024;07:45;2;35;35189;1;1;3;4;RD 137;48,15099000; -1,70004000
202400026034;3;9;2024;16:15;1;75;75110;2;1;1;7;AVENUE PARMENTIER;48,87048100;2,37069200
202400007210;15;10;2024;11:00;1;988;98814;1;1;1;6;Tribu de Hmelek; -21,07626000;167,31162000
202400026245;27;7;2024;09:35;1;83;83086;1;1;1;3;D125;43,45826200;6,55763900
202400010605;5;8;2024;16:50;1;35;35272;1;3;1;3;D178;48,00573000; -1,20117900
202400040099;16;6;2024;19:00;1;66;66037;2;3;1;3;Rue des Palmiers;42,69764800;3,03347100
202400015068;14;10;2024;09:50;1;75;75104;2;3;1;7;RUE DE RIVOLI;48,85591100;2,35796200
202400049453;12;6;2024;17:09;1;76;76476;1;1;1;6;Rue du Marais;49,48769200;0,56594100
202400021021;18;11;2024;02:00;3;971;97109;1;6;2;6;RN1;15,99038500; -61,71621300
202400003336;5;6;2024;18:03;1;40;40065;2;3;1;6;12 Av Mal de Lattre de Tassigny;43,64457700; -1,43491700
202400051169;26;10;2024;21:45;5;92;92036;1;1;1;7;SEINE (ROUTE DE LA) (1);48,94611545;2,28090763
202400043667;16;7;2024;16:20;1;45;45302;2;1;1;4;D557 PR 0 + 960;47,95261000;1,85659000
202400031383;17;5;2024;22:45;3;11;11069;2;1;3;3;ROCADE OUEST RD 6161;43,22134610;2,32429504
202400053224;28;11;2024;08:25;1;60;60471;2;3;1;6;Avenue Jean Jaurès;49,57600300;2,99156200
202400007882;26;11;2024;11:45;1;76;76319;1;1;1;3;Boulevard Maritime;49,35979000;0,99320000
202400038985;13;1;2024;15:35;1;48;48095;2;1;7;6;CAPUCINS (BOULEVARD DES);44,52031000;3,49799000
202400017713;23;12;2024;20:00;5;72;72181;2;2;1;3;DURAND GEORGES (AV) N° IMP 199 AU N° 311;47,97133000;0,21709000
202400003419;23;10;2024;11:40;1;21;21529;1;1;1;2;A6;47,40946600;4,34207800
202400024800;26;6;2024;02:25;5;31;31555;2;1;1;6;RUE MARIE LOUISE DISSART;43,60280000;1,36714000
202400036055;20;7;2024;16:15;1;64;64102;2;1;1;7;JEAN DARRIGRAND (AVENUE);43,48191000; -1,48626000
202400012396;30;12;2024;07:24;3;24;24197;1;1;5;1;Route départementale 709;44,90722100;0,44891600
202400051199;21;9;2024;00:20;3;972;97209;1;1;1;6;REDOUTE (ROUTE DE LA°;14,62352300; -61,06097300
202400025666;12;4;2024;16:30;1;94;94028;2;3;1;3;Rue Juliette Savar / Rue Henri Matisse;48,78300000;2,46406000
202400051558;10;6;2024;08:13;2;77;77183;2;1;1;6;D603;48,95076900;3,12645300
202400031587;19;1;2024;08:00;2;91;91097;2;1;1;3;CHARLES DE GAULLE (AVENUE);48,68947000;2,52549000
202400048521;2;12;2024;23:45;5;75;75101;2;1;2;7;QUAI DES TUILERIES;48,86285400;2,32428900
202400045792;14;7;2024;01:00;5;75;75118;2;3;1;1;RUE GANNERON;48,88881600;2,32785800
202400035699;21;7;2024;22:00;5;75;75114;2;1;1;3;BOULEVARD JOURDAN;48,82053200;2,33739600
202400021411;16;11;2024;18:50;5;63;63113;2;3;1;3;Av République (rue d'Effiat;45,78620000;3,10340000
202400023444;20;12;2024;22:30;3;972;97221;1;1;2;6;route nationale 5;14,52151500; -60,98336900
202400001633;23;3;2024;18:24;2;43;43018;1;2;7;3;D589;44,98785279;3,73873712
202400048916;11;6;2024;11:20;1;54;54329;2;1;1;3;Avenue de la Libération;48,58677000;6,50990000
202400008544;9;8;2024;07:45;1;2B;2B309;2;3;1;3;Route de Figarella;42,74330100;9,45788200
202400053711;7;6;2024;18:30;1;75;75115;2;1;1;6;AVENUE ALBERT BARTHOLOME;48,82786000;2,29888200
202400054307;30;11;2024;07:30;5;75;75120;2;4;1;3;AVENUE DU DOCTEUR GLEY;48,87718100;2,41018400
202400030154;31;8;2024;17:00;1;93;93078;1;1;1;4;AUTOROUTE A104;48,97113985;2,49844915
202400040906;4;4;2024;17:02;1;65;65440;2;1;1;6;Avenue de la Marne;43,23214401;0,08704719
202400031432;21;1;2024;15:40;1;30;30286;1;9;1;3;D981;43,98603300;4,45543300
202400050887;4;5;2024;13:54;1;01;01033;1;1;1;6;D1084;46,15991800;5,78120100
202400043094;10;1;2024;19:20;3;16;16330;1;1;2;5;RN 141;45,68833000; -0,39451000
202400026113;3;9;2024;17:20;1;12;12300;2;6;1;3;Avenue du Quercy;44,35892006;2,02120095
202400052814;2;1;2024;09:55;1;75;75108;2;4;2;6;AVENUE DE FRIEDLAND;48,87439300;2,30106400
202400036630;19;6;2024;00:45;3;57;57582;1;9;8;7;Autoroute A31;49,28379000;6,17279000
202400005719;6;7;2024;17:15;1;58;58039;2;1;1;3;Route Buissonniére;47,42073400;3,60570400
202400010677;4;8;2024;15:15;1;64;64488;1;1;1;1;d943;43,38228300; -0,21972700
202400023035;15;11;2024;20:00;3;77;77350;1;1;1;6;D471;48,77166000;2,70797000
202400022731;1;10;2024;04:30;3;73;73006;1;1;2;7;Route de montagne;45,55130800;6,57847200
202400029972;19;5;2024;18:40;1;18;18221;1;1;1;7;Route de Rousson;46,82197800;2,37691500
202400014618;1;2;2024;18:30;5;92;92026;2;2;1;6;REFLETS (PLACE);48,89055793;2,24838978
202400011025;1;6;2024;15:00;1;75;75112;2;2;2;6;AVENUE DU DOCTEUR ARNOLD NETTER;48,84715100;2,40626300
202400047723;20;8;2024;17:00;1;94;94033;1;1;2;2;A86;48,85106447;2,49004498
202400009479;24;6;2024;22:30;2;44;44129;2;1;1;6;48 Route de la Brière-le Calvaire;47,44297000; -2,12833800
202400053885;14;2;2024;16:45;1;12;12221;1;1;1;7;D904;44,55474100;2,55209000
202400051498;3;5;2024;20:10;1;69;69275;2;2;1;3;Avenue Jean Macé;45,76402000;4,95635000
202400005866;14;9;2024;11:15;1;974;97416;1;1;1;4;RN1 (ROUTE NATIONALE); -21,32783000;55,45127000
202400012323;11;9;2024;13:00;1;75;75115;2;3;1;7;RUE OLIVIER DE SERRES;48,83493900;2,29610600
202400031298;9;4;2024;16:25;1;31;31555;2;3;2;3;RUE DE SEBASTOPOL;43,60914000;1,43063000
202400053595;1;5;2024;15:55;1;10;10387;2;9;1;3;MARNE (RUE);48,27836000;4,07198000
202400027206;6;3;2024;15:20;1;37;37222;1;1;1;2;Route de Chatillon;47,08038840;1,04368454
202400042374;7;12;2024;18:15;5;69;69013;1;3;2;3;Avenue de Joux;46,00397000;4,73220000
202400025326;18;12;2024;19:00;5;06;06083;2;9;1;3;10 Rue Guyau;43,77683000;7,50443000
202400037621;14;5;2024;00:01;5;59;59350;2;1;1;6;Rue Henri Ghesquière;50,61136600;3,06496500
202400003586;10;7;2024;05:30;3;44;44119;1;1;1;6;1 le Grenit;46,98476800; -1,78368500
202400009713;13;9;2024;11:10;1;50;50147;2;1;1;6;SAINT NICOLAS;49,04995000; -1,44406000
202400049939;9;6;2024;20:40;5;971;97101;1;9;1;2;LAURICISQUE;16,25314000; -61,54726000
202400043722;22;2;2024;16:35;1;75;75120;2;3;3;6;RUE LOUIS LUMIERE;48,86349100;2,41071400
202400028655;20;6;2024;17:05;1;22;22113;2;2;1;7;LE MAUX (RUE PHILIPPE);48,73905000; -3,45756000
202400004615;27;8;2024;11:10;1;27;27681;2;2;1;3;MONTGOMERY (AVENUE DU MARECHAL);49,08900000;1,47550000
202400021500;21;12;2024;06:00;3;13;13063;1;6;1;7;RN 1569 LA TRANSHUMANCE;43,58821000;4,98917000
202400008146;25;4;2024;10:45;1;75;75114;2;3;1;7;AVENUE DU MAINE;48,83159000;2,32552000
202400016858;27;5;2024;17:30;1;29;29232;1;1;1;2;CNO;48,03087886; -4,09411698
202400041724;24;2;2024;16:30;1;2B;2B150;1;1;3;6;T30;42,60438400;8,84286800
202400016884;28;5;2024;11:50;1;75;75116;2;2;2;3;AVENUE RAYMOND POINCARE;48,87219200;2,28471000
202400017250;30;6;2024;15:50;1;91;91421;2;1;1;2;JEAN JAURES (AVENUE);48,71763000;2,44530000
202400000432;18;9;2024;12:10;1;92;92063;1;1;1;7;A86;48,88731444;2,16647223
202400052640;25;10;2024;11:10;1;94;94058;2;1;1;3;Avenue Montaigne;48,83826000;2,50644000
202400006528;11;11;2024;01:30;3;84;84062;1;1;1;7;D901;43,87308600;5,11174300
202400002970;29;12;2024;17:25;1;971;97107;2;1;1;7;USINE (RUE DE L');16,05189504; -61,56557769
202400048345;12;5;2024;18:45;1;74;74012;2;1;1;6;ARVE (RUE DE L');46,18619000;6,22252000
202400048583;6;1;2024;23:50;3;47;47195;1;1;1;6;1512 Route d'Espiens;44,14009800;0,36105600
202400023121;7;3;2024;19:05;3;973;97302;2;6;1;2;MADELEINE (ROUTE DE LA);4,92494721; -52,32397288
202400041806;13;6;2024;08:20;1;07;07042;1;3;1;3;D4;44,38460200;4,62426200
202400028973;11;11;2024;16:20;1;94;94046;2;3;1;3;Avenue du Général de Gaulle;48,81241500;2,42208900
202400052137;27;3;2024;21:45;3;39;39547;1;1;1;7;;46,34953400;5,75195400
202400002894;10;2;2024;12:00;1;92;92050;2;7;2;6;FOCH MARECHAL PLACE DU;48,88827000;2,19345000
202400039562;28;2;2024;14:45;1;75;75116;2;3;1;6;ROUTE D AUTEUIL AUX LACS;48,85226200;2,25419700
202400020079;22;12;2024;05:50;3;93;93078;1;1;2;6;AUTOROUTE A104;48,96300436;2,52239723
202400041667;25;2;2024;06:25;2;75;75118;2;1;1;6;BD PERIPHERIQUE INTERIEUR;48,90081500;2,33991700
202400007773;14;9;2024;19:45;2;69;69266;2;3;1;6;Route de Genas;45,75421000;4,88941000
202400010280;12;9;2024;16:25;1;76;76414;2;1;1;6;LOUIS BLERIOT (RUE );49,92374000;1,11959000
202400010594;7;8;2024;19:45;1;22;22372;2;1;1;7;Rue des Bergeons;48,51922000; -2,84866700
202400011747;2;8;2024;09:45;1;84;84089;2;6;1;3;Rue Joseph Cugnot;43,68176100;5,50169700
202400019294;30;6;2024;14:48;1;30;30286;1;1;1;1;D981;43,98497200;4,45928000
202400053407;7;6;2024;16:05;1;42;42187;2;2;1;1;Boulevard Bernard Palissy;46,04198000;4,08179000
202400027596;23;1;2024;10:35;1;92;92044;2;1;8;2;MAURICE RAVEL (RUE);48,89007218;2,29405001
202400043215;1;4;2024;22:26;5;972;97213;2;9;1;6;ERNEST ANDRE (RUE);14,61657000; -61,00350000
202400002361;29;11;2024;18:15;5;75;75101;2;3;1;3;BOULEVARD DE LA MADELEINE;48,86957400;2,32588700
202400035323;16;1;2024;12:45;1;69;69383;2;1;8;4;Pont Lafayette;45,76353000;4,84058000
202400044803;10;5;2024;16:35;1;42;42289;1;1;1;3;Chemin de Charbonnière;45,96868400;4,20217400
202400016766;15;3;2024;08:03;1;74;74105;2;5;1;3;Avenue de geneve;46,30575000;6,30126800
202400021045;17;11;2024;23:12;3;65;65026;1;1;2;6;Route de Toulouse;43,28610300;0,54641200
202400033137;2;3;2024;02:50;3;95;95252;1;9;1;6;A15;48,98651405;2,21082482
202400016530;1;2;2024;10:00;1;73;73215;1;1;1;2;"D207 - ""au jay""";45,45447500;6,12464200
202400034305;28;8;2024;08:30;1;69;69389;2;1;1;3;Gare de Vaise;45,78097439;4,80536564
202400013539;23;11;2024;01:00;3;92;92078;1;1;1;6;AUTOROUTE A86;48,92768258;2,33292863
202400042560;9;12;2024;11:10;1;14;14622;1;1;2;6;Route de Tournières;49,23026600; -0,95883100
202400039012;5;4;2024;16:20;1;84;84007;2;1;1;3;SAINT MICHEL (Boulevard);43,94310000;4,81152000
202400033392;9;4;2024;07:00;1;91;91434;1;1;1;2;AUTOROUTE A6;48,66955000;2,35010000
202400004705;31;5;2024;08:35;1;972;97213;1;1;1;2;AUTOROUTE A1;14,61841000; -61,02457000
202400046510;29;10;2024;07:58;2;93;93005;1;1;1;3;AUTOROUTE A3;48,96017102;2,47352704
202400026349;14;5;2024;17:15;1;06;06089;1;1;1;1;route de Roquefort;43,65222800;7,02808800
202400020664;25;5;2024;02:05;5;76;76165;2;5;1;3;Rue Emile Zola;49,28256000;1,01752000
202400035204;15;5;2024;15:50;1;33;33550;1;1;2;2;;44,77967700; -0,54894800
202400015607;21;11;2024;16:30;1;53;53162;1;1;4;1;Les Maillardieres;48,25843649; -0,62367766
202400024212;27;7;2024;18:40;1;68;68376;2;1;2;6;MINES (RUE DES);47,79915000;7,31602000
202400021891;7;9;2024;11:00;1;43;43051;2;1;1;2;Route de Saint-Agrève;45,05546287;4,31428189
202400022682;10;10;2024;18:15;1;93;93006;2;2;2;5;GAMBETTA AV.;48,87086000;2,41748000
202400005223;21;10;2024;14:45;1;13;13211;2;3;1;3;RTE D' ALLAUCH;43,30100000;5,50100000
202400028436;7;10;2024;16:00;1;80;80006;1;2;1;3;D12;50,17899800;1,93695500
202400000682;29;4;2024;15:30;1;95;95218;2;1;1;6;FERNAND CHATELAIN (AVENUE);49,02279700;2,11049900
202400032326;4;10;2024;07:15;1;974;97411;1;1;1;2;LITTORAL (ROUTE 1 DU); -20,87468000;55,41764000
202400010649;4;2;2024;20:00;3;06;06143;1;1;1;6;Route departementale 6202;43,94290200;7,04628300
202400034963;13;12;2024;22:40;3;36;36140;1;1;1;1;poudault N151;46,88257600;1,83548900
202400008453;6;2;2024;18:20;5;59;59599;2;1;1;6;Rue des Poutrains;50,72503600;3,15247700
202400023306;15;11;2024;15:45;1;68;68375;2;6;1;3;D2;47,81531200;7,24186500
202400011450;4;7;2024;18:20;1;72;72155;2;1;1;6;place saint martin;47,87815800;0,22709500
202400028119;26;7;2024;05:12;2;57;57330;1;1;1;1;D656;49,01796600;6,97921300
202400034162;21;7;2024;05:11;2;84;84007;2;1;1;1;SAINT DOMINIQUE (Boulevard);43,94383600;4,79825200
202400040091;25;8;2024;10:40;1;976;97616;1;9;1;1;Route Nationale 2; -12,84251500;45,11678300
202400043718;21;2;2024;21:48;3;75;75106;2;3;2;6;RUE DE RENNES;48,85317600;2,33258600
202400048507;25;10;2024;14:30;1;34;34032;1;1;3;1;MAUREILHAN (ROUTE DE);43,34617000;3,16556000
202400035559;8;1;2024;13:15;1;30;30189;2;1;1;7;Rue Général Delestraint;43,83915000;4,35963000
202400005229;5;6;2024;17:10;1;44;44163;2;1;1;1;11 Rue du Prieuré;47,40731000; -1,09795200
202400028241;27;7;2024;18:00;1;01;01249;2;1;1;7;Rue du Pont de l’Ile;45,81943500;4,94768900
202400044194;27;9;2024;23:05;5;59;59076;2;1;1;1;5 Route de Mons;50,34027700;3,97166000
202400041202;4;4;2024;14:50;1;92;92040;2;2;1;6;SEVERINE;48,82829537;2,28149951
202400016331;26;12;2024;06:05;3;49;49323;1;1;2;3;Route Départementale N°323 de Nantes à Paris (Saint-Sylvain-d'Anjou);47,52004100; -0,44903400
202400007842;24;4;2024;15:30;1;49;49301;2;1;2;2;Rue de la Vendée (St Macaire-en-Mauges);47,12228100; -0,99310400
202400021982;22;1;2024;21:00;5;83;83137;1;1;1;3;A57;43,12247000;5,95713000
202400045877;19;2;2024;02:18;5;92;92036;1;3;1;3;SORTIE A 86;48,93584091;2,27972245
202400027304;4;3;2024;12:10;1;84;84007;2;2;1;3;7ème GENIE (Avenue);43,94287000;4,80853000
202400017180;2;7;2024;11:00;1;38;38377;2;1;1;1;Avenue de Savoie;45,56817750;5,45570567
202400002759;22;10;2024;10:45;1;2B;2B029;1;1;2;5;RD 81;42,67599900;9,37185300
202400044157;15;6;2024;01:25;3;30;30125;1;1;8;3;Route de Bouillargues;43,79075700;4,43014000
202400039511;5;4;2024;22:30;4;35;35001;1;2;1;3;Zone industrielle Joval;48,13862800; -1,51621000
202400054115;19;9;2024;21:30;5;84;84035;2;2;1;3;SARNETTE (AVENUE ABEL);43,83720000;5,04226000
202400015205;2;7;2024;23:50;5;92;92044;2;1;1;6;P.V.COUTURIER(RUE)65A79 ET50A58;48,89686000;2,28843000
202400013925;20;4;2024;16:20;1;83;83103;2;1;1;1;BARBOULENE (CHEMIN DE);43,17948443;5,92270052
202400010804;30;12;2024;18:30;5;92;92025;2;1;1;6;GABRIEL PERI (RUE);48,91823553;2,23894640
202400028527;6;10;2024;09:45;1;75;75118;2;2;2;6;BOULEVARD NEY;48,89788200;2,33736200
202400005159;5;6;2024;10:50;1;75;75117;2;2;1;3;RUE BROCHANT;48,88840800;2,31722860
202400033467;1;3;2024;17:25;1;75;75118;2;3;1;6;BOULEVARD BARBES;48,88448700;2,34948800
202400019653;29;1;2024;19:10;2;91;91666;1;1;1;1;SAULX (RUE DE);48,68504600;2,23955300
202400029170;5;3;2024;00:13;3;13;13117;1;1;1;6;A7-Sens Lyon vers Marseille;43,43200000;5,25810000
202400046056;13;6;2024;09:18;1;77;77388;1;1;1;2;D402;48,96304700;3,15208900
202400052131;2;12;2024;17:30;3;26;26038;1;1;2;6;Route de Pont;45,02410700;4,90990200
202400028990;10;11;2024;17:20;5;57;57066;1;1;1;3;D43;48,81286200;7,00948100
202400030854;18;12;2024;01:00;3;89;89206;1;6;1;6;rd 606;47,97067500;3,40936700
202400042356;2;11;2024;03:40;5;72;72003;2;1;2;6;RATERIE (CHE DE LA);47,97664577;0,15660882
202400030114;2;9;2024;15:14;1;35;35240;1;3;1;2;N24;48,10160600; -1,75375700
202400021340;9;3;2024;09:45;1;59;59386;1;3;1;7;Chemin du Gibet;50,67140000;3,03577000
202400004570;6;8;2024;22:20;3;43;43089;2;1;1;7;Route de Langeac;45,05087871;3,84599521
202400053605;20;9;2024;13:15;1;987;98734;1;1;3;1;RT1 - PK 35; -17,75444500; -149,52965500
202400026749;13;11;2024;18:55;5;30;30351;2;6;1;6;GENERAL LECLERC (AVENUE DU);43,95837000;4,77628000
202400030736;22;6;2024;07:26;1;49;49267;2;6;1;7;BOIS RINIER;47,47606000; -0,49634000
202400036604;1;10;2024;13:35;1;13;13210;2;1;1;3;CAPELETTE (AVENUE DE LA);43,28064540;5,40768270
202400008369;25;4;2024;16:00;1;33;33380;1;2;1;1;;45,29089000; -0,56879700
202400038612;10;12;2024;08:25;1;75;75114;2;2;1;6;RUE RAYMOND LOSSERAND;48,82886900;2,30735300
202400040974;5;4;2024;00:40;3;33;33063;2;1;1;6;;44,82304000; -0,59327000
202400021612;21;12;2024;11:45;1;26;26124;1;1;1;2;A7 - PK 082.500;44,82613996;4,86023539
202400028561;6;10;2024;22:45;3;28;28024;1;1;2;2;N124;48,41590000;1,48085800
202400023717;12;4;2024;19:20;2;06;06029;2;1;1;2;Boulevard du Midi Louise Moreau;43,54930700;6,99699900
202400033331;17;5;2024;17:45;1;51;51380;1;1;1;7;route départiementale 933;48,87374100;3,58161800
202400040493;23;9;2024;09:00;1;44;44109;2;6;1;3;131 Route de Rennes;47,25575146; -1,57765110
202400043412;12;5;2024;15:06;1;74;74010;2;9;1;3;CRET DU MAURE (AVENUE DU);45,89532000;6,12257000
202400046329;30;10;2024;08:50;1;40;40304;2;1;8;3;1640 Avenue du Touring Club;43,66887000; -1,42693300
202400024565;8;10;2024;17:30;1;29;29019;2;1;2;6;rue Aime Cotton;48,40756600; -4,46774300
202400015040;15;10;2024;00:15;5;35;35238;2;1;1;6;METZ (BD DE);48,11689000; -1,65890000
202400020205;28;1;2024;21:15;3;93;93005;1;1;1;6;A3;48,95088858;2,47455129
202400034988;13;12;2024;19:18;3;92;92048;1;1;1;2;N118;48,78686334;2,22255768
202400021513;21;12;2024;02:30;5;75;75116;2;1;2;3;ALLEE DE LONGCHAMP;48,87013300;2,25802700
202400018068;29;6;2024;09:50;1;93;93027;2;2;1;1;Boulevard Pasteur / Rue de l'Union;48,92804942;2,38527775
202400052217;15;8;2024;10:31;1;2A;2A004;2;2;1;3;MASSERIA BD;41,92606000;8,73711000
202400016410;31;8;2024;01:30;5;29;29189;2;1;1;6;rue du Père Gwenaël;48,38161600; -4,36234900
202400043899;22;8;2024;16:30;1;33;33249;2;6;1;6;;44,87257000; -0,52027000
202400044036;27;9;2024;23:25;3;11;11068;1;1;6;6;;43,19579100;2,54372100
202400025928;26;7;2024;19:27;5;971;97120;2;1;1;6;HANNE (BOULEVARD);16,23941000; -61,53098000
202400016955;13;10;2024;12:10;1;09;09224;1;1;1;1;D919;43,08359000;1,43313600
202400032274;24;7;2024;12:00;1;01;01128;1;3;1;2;Route de Curciat;46,46602000;5,10095000
202400012386;30;12;2024;10:00;1;73;73159;1;1;5;1;D923;45,46373763;6,04598880
202400028167;20;5;2024;23:13;5;59;59421;2;2;1;3;FOCH (AVENUE DU MARECHAL);50,70350000;3,13665000
202400036551;30;9;2024;11:30;1;49;49007;2;1;1;2;LAFAYETTE PLACE;47,46232000; -0,55382000
202400037838;19;7;2024;06:55;1;974;97411;2;6;1;6;LATTRE DE TASSIGNY (AVENUE MARECHAL DE); -20,88765000;55,47245000
202400029326;18;12;2024;17:34;3;42;42313;1;1;1;1;Route du Pont Rompu;45,72929318;4,00867599
202400028706;24;6;2024;17:20;1;37;37271;2;1;1;7;81 Rue de la Galandiére;47,23206056;0,49765375
202400009938;13;9;2024;10:36;1;40;40304;2;1;7;3;Boulevard Notre - Dame;43,65670700; -1,44203100
202400012754;4;8;2024;20:10;1;83;83090;2;1;1;2;RESISTANCE (AVE DE LA);43,13084601;5,84424931
202400039492;23;2;2024;08:55;1;11;11069;2;9;1;6;;43,21029000;2,38925000
202400023729;1;9;2024;12:30;1;83;83023;2;9;1;6;16 ROUTE DU PRE DE PAQUES;43,40830600;6,05789800
202400033943;19;7;2024;16:15;1;51;51454;2;1;1;1;TAITTINGER (RUE PIERRE);49,23675000;4,00465000
202400045304;8;1;2024;20:45;5;75;75112;2;3;4;2;AVENUE DU TREMBLAY;48,82985100;2,46107400
202400026351;23;5;2024;06:15;2;14;14504;1;1;1;6;Route de Blangy;49,21526007;0,32565339
202400052869;30;1;2024;15:40;5;69;69382;1;1;9;7;60 Rue Denuzière;45,74497000;4,81985000
202400037186;5;4;2024;17:15;1;76;76231;2;1;2;1;Rue du Thuit Anger;49,28385000;0,99263000
202400003376;22;10;2024;12:15;1;75;75107;2;2;1;3;BOULEVARD SAINT GERMAIN;48,85444748;2,33044615
202400049456;29;8;2024;17:57;1;79;79055;1;2;8;3;;46,11248500; -0,31268000
202400008258;5;8;2024;18:00;1;76;76351;2;3;1;3;BOIS AU COQ (AVENUE);49,51805000;0,11771000
202400033057;6;12;2024;15:00;1;2A;2A163;1;1;2;1;RT40;41,49070600;8,97544400
202400022221;5;9;2024;20:08;1;56;56260;2;2;1;6;Rue Henri Dunant;47,65169000; -2,76775000
202400017639;17;2;2024;20:30;5;67;67482;2;3;1;3;PLAINE DES BOUCHERS (RUE DE LA);48,56273800;7,73849500
202400033547;12;1;2024;18:00;5;37;37109;2;1;1;6;Rue Alfred de Musset;47,41194300;0,60987000
202400044678;5;12;2024;19:20;5;44;44109;2;6;3;2;1 Boulevard Léon Jouhaux;47,20877000; -1,58732000
202400030399;22;7;2024;22:34;3;74;74297;2;1;1;1;Route de Geneve;45,92111400;5,93496100
202400014702;27;5;2024;07:55;1;52;52448;2;1;1;3;SARRAIL (AVENUE DU GENERAL);48,64422000;4,95271000
202400015704;20;4;2024;10:20;1;91;91617;1;1;1;2;RN 104;48,63123000;2,50900000
202400045717;15;7;2024;11:10;1;13;13001;1;1;1;2;RD9;43,45381673;5,31059503
202400051670;16;8;2024;12:43;1;72;72268;1;1;1;6;Route d'Ecommoy;47,82182900;0,24297600
202400045871;15;7;2024;11:33;1;92;92063;2;6;1;3;LECLERC DE HAUTECLOQUE (AVENUE DU MARECH;48,85812230;2,19383061
202400043696;16;7;2024;15:15;1;34;34172;2;1;1;3;CASTELLE (RUE DE LA);43,57665000;3,86795000
202400044429;26;9;2024;07:15;5;51;51454;2;2;1;6;CAPUCINS (RUE DES);49,25189000;4,02921000
202400017419;20;11;2024;13:25;5;75;75116;2;1;1;2;BD PERIPHERIQUE INTERIEUR;48,84585300;2,25507200
202400015822;26;12;2024;09:15;2;62;62193;2;1;2;2;Boulevard des Justes;50,93553000;1,89076000
202400031763;17;5;2024;20:40;1;88;88160;1;1;1;1;FONDATION-PRUD'HOMME (RUE DE LA);48,14914711;6,47398353
202400007338;19;10;2024;21:20;5;93;93001;2;3;2;1;SAINT DENIS (RUE DE);48,92266917;2,37143627
202400007983;15;9;2024;10:10;1;81;81136;1;1;1;7;D964;44,01835730;1,67752800
202400001006;6;6;2024;13:33;1;87;87085;1;4;1;3;COUSSADES (chemin des);45,87780000;1,15929000
202400040849;12;1;2024;08:20;1;33;33167;2;1;8;6;;44,82520000; -0,53368000
202400028658;24;6;2024;07:30;1;13;13005;2;1;1;3;MAISON RETRAITE BOURBONNE;43,28341228;5,59570487
202400046992;8;5;2024;17:55;1;24;24356;1;1;1;6;Route d'Aquitaine;45,06199900;0,94507600
202400052061;11;7;2024;18:56;1;91;91021;2;1;1;6;RUE DU DOCTEUR CHARCOT;48,58439000;2,24880000
202400042556;8;12;2024;21:25;3;58;58172;1;1;2;7;D979;46,73896000;3,65889800
202400014555;28;12;2024;14:25;1;55;55255;2;2;1;5;D905;49,43359900;5,37958600
202400047177;16;7;2024;17:10;1;69;69219;1;1;1;7;Route de Mornant;45,63167100;4,67744500
202400052196;25;10;2024;18:50;2;57;57630;2;2;1;3;STRASBOURG;48,74086000;7,07405000
202400015725;18;2;2024;16:20;1;06;06069;2;1;1;6;Cours Honoré Cresp;43,65667000;6,92014000
202400010947;16;10;2024;11:00;1;54;54395;2;6;1;6;Rue Saint Nicolas;48,68715000;6,18854000
202400022727;10;10;2024;22:50;3;34;34162;1;1;1;6;D32;43,48906600;3,47055900
202400019439;29;6;2024;05:50;2;69;69276;1;1;1;2;Route Départementale 301;45,68684000;4,86654000
202400004851;25;12;2024;01:00;5;44;44109;2;1;1;6;Boulevard Salvador Allende;47,20707127; -1,57359362
202400047904;12;6;2024;07:15;2;49;49023;2;6;1;3;D762;47,14632600; -1,06427900
202400033257;16;5;2024;08:40;1;92;92036;2;3;1;3;GRESILLONS (AVENUE DES) (141/215);48,91838401;2,30995417
202400020583;30;7;2024;12:54;1;75;75115;2;1;1;4;BD PERIPHERIQUE INTERIEUR;48,83340800;2,27834300
202400020683;24;5;2024;07:50;1;56;56260;2;1;1;3;Avenue du Général Borgnis-Desbordes;47,65532000; -2,79055000
202400005334;21;10;2024;19:52;3;09;09099;1;1;1;1;RD117;42,98559400;1,56271900
202400008114;26;11;2024;07:20;5;94;94017;2;3;2;6;Rue Marcel Paul;48,81263000;2,52734000
202400007515;6;7;2024;10:50;1;976;97617;2;1;1;1;D1; -12,78964200;45,13088600
202400021480;15;12;2024;15:40;1;57;57227;2;1;2;5;CD31E;49,18974000;6,88251000
202400003738;19;3;2024;20:20;5;29;29019;2;8;1;3;avenue 1ère D.F.L.;48,37579481; -4,55489169
202400031234;2;3;2024;21:00;5;987;98733;1;1;1;1;pk 26.200; -17,69600000; -149,54800000
202400034648;21;6;2024;18:30;1;38;38114;1;1;1;2;D37b;45,41440700;4,76989600
202400014496;27;12;2024;02:25;3;72;72011;1;1;1;6;lieu dit le bas rance;48,30504342;0,00454810
202400040328;17;6;2024;07:40;1;41;41228;1;1;8;1;Rue de Planchebrault;47,76947400;0,91636100
202400044573;31;10;2024;15:45;1;93;93059;2;1;8;6;EMILE ZOLA (AVENUE);48,94993000;2,36538000
202400047720;4;12;2024;15:45;1;75;75112;2;1;1;2;QUAI DE BERCY;48,83549100;2,37960600
202400021596;17;4;2024;07:00;2;65;65316;1;1;2;1;D929;43,20472200;0,46232700
202400048461;28;10;2024;15:15;1;78;78401;2;1;1;6;THIERS (BOULEVARD);49,00648700;1,92099800
202400035167;18;1;2024;10:30;1;974;97412;2;1;1;3;Rue Marcel Pagnol; -21,37366700;55,66812700
202400027322;12;4;2024;22:33;5;69;69386;2;2;1;3;Cours Lafayette;45,76377752;4,86700520
202400048621;5;1;2024;07:00;1;974;97411;2;2;1;3;JAURES (BOULEVARD JEAN); -20,89076000;55,45503000
202400005196;6;6;2024;16:20;1;62;62327;1;1;1;1;D94;50,51923364;2,29953135
202400051133;16;8;2024;07:20;1;66;66136;2;1;1;2;Départementale  617;42,70816012;2,91104168
202400009325;18;3;2024;20:20;5;76;76540;2;1;1;6;Route de Darnetal;49,44189000;1,11700000
202400044986;8;1;2024;11:26;1;973;97302;2;3;1;3;MADELEINE (ROUTE DE LA);4,91492000; -52,32095000
202400017897;17;4;2024;13:05;1;93;93046;2;2;1;3;Avenue Jean Jacques Rousseau / Avenue Emile Zola;48,92944000;2,54109000
202400002631;11;8;2024;14:10;1;69;69259;2;4;1;3;16 Boulevard Ambroise Croizat;45,70308000;4,88745000
202400021716;15;2;2024;12:20;1;59;59646;2;1;1;6;Place de la République;50,66960000;3,12964000
202400048921;17;2;2024;12:40;1;92;92002;1;1;1;4;RN 385;48,76012157;2,28083073
202400021627;21;12;2024;02:20;4;49;49194;2;1;2;7;zone artisanale du pre barreau;47,45747500; -0,28399200
202400027437;13;4;2024;00:55;5;66;66136;2;1;1;6;Avenue Henri Bergson;42,68756700;2,91731536
202400002976;10;2;2024;06:47;3;13;13071;1;1;3;6;A51-Sens Aix en Provence vers Marseille;43,41574000;5,36488000
202400031791;17;5;2024;19:00;1;77;77474;1;1;1;6;RN3 (ROUTE NATIONALE);48,95880000;2,82370000
202400052856;9;7;2024;13:10;1;94;94068;2;1;1;6;Avenue Michelet;48,79363810;2,51088345
202400024329;24;5;2024;17:55;1;62;62014;2;2;1;3;D186E1;50,63591639;2,39140821
202400003565;23;3;2024;10:15;1;51;51507;1;1;4;7;autoroute A4;49,08640300;4,97036900
202400032167;27;8;2024;16:10;1;75;75120;2;1;1;2;BD PERIPHERIQUE EXTERIEUR;48,84826300;2,41494700
202400002594;28;4;2024;11:25;1;987;98722;1;1;1;1;RT2 PK 19.200  à PAPENOO; -17,51619600; -149,40994300
202400039793;20;7;2024;14:03;1;60;60500;2;1;1;7;Rue de Verdun;49,09668500;2,76107100
202400040138;25;8;2024;17:30;1;01;01249;2;1;1;1;27 Avenue Henri Deschamps;45,82756900;4,96172200
202400033500;16;5;2024;17:00;1;78;78158;1;1;1;2;A13;48,83148000;2,14723900
202400007361;19;10;2024;20:25;4;26;26165;2;1;1;6;117 Avenue joseph combier;44,76835953;4,84082937
202400037499;19;2;2024;18:00;1;65;65100;1;1;1;1;TOULOUSE LAUTREC (AVENUE);43,26439000;0,02731000
202400043345;24;3;2024;14:43;1;49;49099;2;5;1;5;MANCEAU (AVENUE ANATOLE);47,05526000; -0,87917000
202400001843;8;7;2024;19:15;1;34;34172;2;3;1;3;SAINT LAZARE (AVENUE DE);43,61911000;3,88654000
202400050118;10;6;2024;12:45;1;67;67482;2;8;1;1;NEUHOF (ROUTE);48,55702000;7,76667000
202400008871;12;10;2024;03:20;4;74;74262;1;1;5;2;A40;46,13210000;6,32121000
202400046655;30;3;2024;21:10;5;75;75118;2;3;1;3;BOULEVARD NEY;48,89771100;2,33760700
202400026096;24;1;2024;08:35;1;13;13202;1;1;1;2;A55 - Sens Marseille vers Martigues;43,31431865;5,36559368
202400042612;27;9;2024;14:46;1;75;75106;2;4;2;6;RUE DE RENNES;48,85102200;2,33069600
202400024603;7;10;2024;08:50;1;92;92049;2;1;1;7;PERI RUE GABRIEL N°38 A 82;48,81856000;2,31935000
202400046737;30;3;2024;01:30;3;29;29260;2;1;2;6;Rue de Pontavenec;48,42634288; -4,60363682
202400037883;18;7;2024;21:55;2;86;86066;2;3;1;3;Rue du Nouveau Brünswick;46,81566100;0,53562600
202400003883;30;6;2024;19:00;1;33;33035;2;2;1;3;;45,05624300; -0,60068600
202400032776;7;11;2024;13:40;1;84;84007;2;1;1;2;TARASCON (AVENUE DE);43,92493000;4,80944000
202400049174;22;9;2024;00:45;4;94;94081;2;1;2;4;Avenue du Groupe Manouchian;48,78864000;2,40604000
202400031192;3;3;2024;11:20;1;75;75114;2;2;8;3;RUE RAYMOND LOSSERAND;48,83294600;2,31625200
202400022168;5;9;2024;06:35;3;77;77186;1;2;3;1;RD606. de la rochette à l'obélisque;48,48371028;2,66588236
202400009649;3;7;2024;11:22;1;74;74012;2;1;1;6;REPUBLIQUE (RUE DE LA);46,19890000;6,24000000
202400052646;2;1;2024;19:25;5;31;31483;2;1;1;1;FRANCOIS MITTERAND ( AVENUE);43,11042000;0,73504000
202400045014;1;4;2024;12:00;1;93;93046;2;1;2;3;Avenue Lucie Aubrac;48,93049133;2,54716408
202400049674;13;7;2024;13:30;1;93;93027;2;3;1;2;Avenue Roger Salengro / Avenue Romain Rolland;48,94147017;2,38754622
202400048662;6;5;2024;09:35;1;92;92075;2;1;1;3;LARMEROUX (RUE);48,81517000;2,27851000
202400053526;12;7;2024;10:00;1;83;83107;2;1;1;1;Route Nd7;43,46230100;6,64728400
202400005573;20;3;2024;15:49;1;51;51454;2;1;1;2;CAPUCINS (RUE DES);49,24703000;4,03435000
202400034546;8;11;2024;19:00;3;31;31587;1;3;1;3;Route de Fronton;43,76361300;1,40732300
202400051186;30;3;2024;09:20;1;49;49020;1;6;1;7;D 56;47,48414900; -0,64250200
202400015421;7;3;2024;17:50;1;31;31555;2;3;1;3;ETATS UNIS (AV DES) DU 1AU 281;43,63498000;1,43092000
202400035302;16;1;2024;08:10;1;976;97611;2;9;1;3;kaweni-Poste ( rue de la ); -12,77256000;45,22313000
202400029936;19;5;2024;17:30;1;25;25187;2;1;1;7;D227;47,37901200;6,67567200
202400021668;8;4;2024;21:35;3;62;62907;1;1;3;6;A1;50,49573152;2,99954491
202400021611;17;4;2024;16:48;1;50;50569;1;2;1;3;;49,05121600; -1,32595500
202400050534;4;1;2024;08:50;2;25;25056;2;8;2;1;CARNOT AVENUE;47,24350000;6,03040000
202400029386;4;3;2024;10:20;1;93;93051;2;2;1;3;Rue de la République / Avenue du Général de Gaulle;48,84680900;2,55861100
202400033026;13;12;2024;22:30;5;92;92036;2;1;1;3;BAS ( RUE DES );48,91904000;2,29018000
202400017698;24;12;2024;11:20;1;83;83144;2;1;1;6;VALERY (AVE PAUL);43,12986000;5,99057000
202400029308;17;12;2024;16:36;2;60;60176;2;2;1;1;Rue Hippolyte Clair;49,23346102;2,89329994
202400028102;26;7;2024;14:00;1;87;87076;1;1;1;6;Jabreilles-les-Bordes - cirieix du colon;46,01715600;1,53070400
202400034913;6;11;2024;18:00;2;56;56164;1;1;1;1;Corn Er Houet;47,64999500; -2,84990100
202400049040;3;1;2024;18:10;1;974;97416;2;1;1;6;VIEUX GOUVERNEMENT(RUE DU); -21,34121000;55,47308000
202400033964;29;8;2024;11:40;1;69;69383;2;1;1;6;32 Rue Chaponnay;45,75803000;4,84371000
202400000843;30;7;2024;08:30;1;79;79020;1;2;1;3;;46,43123900; -0,30964500
202400006482;8;2;2024;17:35;2;91;91132;1;1;2;2;route nationale 20;48,50779100;2,20125700
202400007056;3;6;2024;21:20;1;93;93078;2;2;1;3;Boulevard Robert Ballanger / Chemin du Loup;48,96219800;2,55913000
202400043507;16;7;2024;19:15;1;30;30011;2;1;1;7;Avenue de Verdun;43,95818000;4,77430000
202400035378;28;2;2024;16:50;1;75;75120;2;3;1;6;AVENUE GAMBETTA;48,86717300;2,40042000
202400012284;3;2;2024;15:19;1;64;64051;1;1;1;2;pk 37 D11;43,42334700; -1,10240900
202400008183;25;4;2024;17:50;1;93;93066;2;1;1;6;Rue Robert Desnos;48,93992000;2,36964000
202400031633;16;1;2024;12:30;1;62;62771;2;1;7;6;Rue Victor Filipic;50,42625000;2,85170000
202400024154;4;9;2024;12:08;1;31;31032;2;6;2;3;rond point de sainte germaine;43,68397000;1,32073700
202400035150;28;2;2024;09:50;1;971;97101;1;9;1;3;DOTHEMARE;16,27618000; -61,50988000
202400052387;21;9;2024;02:20;3;93;93063;1;1;1;7;AUTOROUTE A3;48,87844318;2,44713993
202400004348;24;4;2024;15:30;1;37;37072;2;1;1;7;Rue du Grand Ballet;47,19389700;0,23273000
202400014182;10;9;2024;17:10;1;29;29232;2;1;1;6;Avenue Pierre Mendes-France;47,97521000; -4,12816900
202400049422;18;8;2024;15:00;1;93;93051;2;5;1;2;Route de Neuilly / Rue Paul Lafargue;48,85011000;2,53589000
202400024924;26;6;2024;08:05;1;56;56206;2;9;1;6;Rue Charles Peguy;47,67951700; -2,76227200
202400018882;12;10;2024;16:15;1;66;66178;1;1;1;1;rte departementale 900 - PK 43+1498;42,52234400;2,81090700
202400023400;7;3;2024;15:50;1;2A;2A004;1;3;1;3;T20;41,93710000;8,80369000
202400032985;14;12;2024;09:15;1;75;75117;2;2;1;3;RUE DE COURCELLES;48,88126100;2,30107100
202400001247;7;6;2024;01:10;3;93;93055;2;1;1;3;OURCQ (QUAI DE L');48,89536937;2,41486788
202400022293;29;7;2024;06:30;2;91;91421;2;1;1;6;CORBEIL (ROUTE DE);48,70881000;2,44104000
202400051610;29;11;2024;17:40;2;14;14327;2;1;1;2;N 814;49,18792000; -0,33089000
202400011981;23;11;2024;12:27;1;50;50487;2;3;6;6;16 Rue de Rennes;48,49593000; -1,42068600
202400009794;25;11;2024;18:35;5;74;74010;2;3;1;3;ST-BERNARD DE MENTHON(BOULEVARD/PASSAGE);45,90443000;6,13426000
202400011260;16;3;2024;22:20;3;93;93007;1;1;1;5;A1;48,95037545;2,44884564
202400020647;11;10;2024;06:09;5;63;63113;2;6;1;3;ITALIE (AVENUE DE L');45,78220000;3,09530000
202400031328;2;3;2024;10:50;1;56;56162;1;1;7;6;Boulevard de l'Atlantique;47,72336000; -3,48469000
202400018766;28;5;2024;01:00;4;86;86097;2;3;1;6;Rue Saint Hilaire;46,32193900;0,39408600
202400023345;9;3;2024;16:15;1;978;97801;1;1;1;3;rue de hollande N7 BELLEVUE;18,05471300; -63,08574900
202400007028;4;6;2024;11:55;1;27;27375;2;1;1;2;THOREL (PLACE ERNEST);49,21527000;1,16895000
202400017300;5;3;2024;11:28;1;35;35233;1;3;1;1;D795;48,35689660; -1,77318357
202400010437;4;2;2024;11:30;1;69;69385;2;1;1;6;58 Rue des Aqueducs;45,76002754;4,78803711
202400021359;9;3;2024;11:16;1;47;47031;1;1;2;6;SAINT PIERRE DE GAUBERT (RTE DE);44,16676000;0,67406000
202400048035;14;7;2024;00:05;3;03;03156;1;1;1;7;Zone Industrielle le Tureau;46,59344900;3,50943400
202400052130;7;6;2024;19:24;1;75;75119;2;2;7;6;RUE ADOLPHE MILLE;48,88893000;2,38858600
202400022281;29;7;2024;06:15;1;95;95127;2;6;1;3;HAUT PAVE (AVENUE DU);49,05105206;2,03174606
202400045334;22;8;2024;13:35;1;59;59592;2;1;1;1;Rue Roger Salengro;50,47668700;3,05454500
202400003038;9;2;2024;20:45;5;72;72181;2;1;2;3;PADERBORN (AV) CONTRE ALLEE;48,00810000;0,19957000
202400033153;17;1;2024;18:30;5;14;14047;2;3;2;6;26 Avenue Guillaume le Conquérant;49,28767600; -0,71154700
202400025908;3;9;2024;10:15;1;44;44109;2;6;1;3;Place Victor Mangin;47,20044000; -1,54433000
202400045189;20;2;2024;02:20;5;92;92072;2;1;1;7;DESMOULINS (RUE CAMILLE);48,81168710;2,21142679
202400036112;1;10;2024;07:50;2;49;49015;2;1;2;6;RTE NATIONALE;47,51839000; -0,60694000
202400028067;22;1;2024;12:25;1;75;75112;2;3;8;6;RUE CROZATIER;48,85064000;2,37881900
202400023620;5;9;2024;10:30;1;22;22271;1;1;1;7;Pen Lan;48,48191100; -3,13402200
202400048398;23;9;2024;17:20;1;2B;2B037;2;1;1;6;TOUTES RUES;42,61868000;9,42456000
202400015619;20;4;2024;02:00;3;988;98810;1;1;1;7;Ouéholle (Tribu); -20,58493100;164,52522100
202400044540;5;12;2024;19:10;5;87;87085;2;3;2;3;NEXON (RUE DE);45,81205000;1,25779000
202400038629;5;11;2024;19:39;3;56;56147;1;1;5;1;Trelay;47,54102000; -2,26714300
202400030058;19;5;2024;18:30;1;50;50041;1;2;1;3;D22;49,63966700; -1,76951200
202400019348;30;6;2024;18:00;1;83;83139;1;1;1;7;1602 Route de Villecroze;43,59731600;6,28425200
202400037857;25;8;2024;20:30;2;12;12270;1;1;1;2;ex N88;44,34665500;2,95760200
202400042780;11;1;2024;18:10;5;93;93048;2;9;1;6;Rue de Paris;48,85553800;2,42201700
202400047741;14;7;2024;09:45;1;75;75117;2;3;1;3;AVENUE DE LA PORTE DE SAINT OUEN;48,88954100;2,32632200
202400005735;8;7;2024;12:35;1;2A;2A247;1;1;1;3;D368;41,64080700;9,22374000
202400008444;6;2;2024;16:25;1;65;65047;2;1;1;3;JAURES (AVE JEAN);43,24161000;0,09518000
202400039379;27;3;2024;17:30;1;33;33202;1;1;1;1;;44,50889800; -0,63641800
202400039801;19;7;2024;13:10;1;33;33249;1;1;1;4;;44,88118000; -0,52376000
202400053100;20;9;2024;00:30;5;75;75107;2;1;1;6;AVENUE BOSQUET;48,85799959;2,30388558
202400044571;31;10;2024;11:30;1;93;93032;2;2;1;3;GABRIEL   (AVENUE);48,89020004;2,52220184
202400018893;12;10;2024;14:45;1;04;04109;2;1;8;7;D951;44,06557200;5,88728800
202400050364;11;7;2024;12:20;1;62;62774;2;1;7;1;Rue Vigier;50,95972000;1,82584000
202400053909;24;10;2024;15:56;1;31;31555;2;1;1;2;A620;43,62074154;1,41820113
202400013329;3;7;2024;16:30;1;51;51282;2;4;1;2;Rue des Sablons;49,25049400;3,90732400
202400001584;23;3;2024;20:10;5;92;92012;2;1;9;6;SILLY (RUE DE) 1/87 - 2/88;48,83569168;2,23271991
202400025225;7;3;2024;20:25;5;92;92023;2;1;1;1;GENERAL DE GAULLE (AVENUE DU) N°2 A 132;48,79230397;2,26853156
202400050348;17;8;2024;20:30;1;55;55150;1;1;1;7;route de la grangette;48,59851200;5,49412400
202400011661;25;11;2024;17:00;2;64;64436;1;1;2;1;D918;43,22968800; -1,30091400
202400044956;8;5;2024;22:05;3;93;93066;1;1;1;2;A1;48,92528227;2,35705575
202400005247;21;10;2024;16:05;1;93;93055;2;1;1;4;JEAN LOLIVE (AVENUE)(55/73.62/86);48,89118695;2,40215336
202400046154;27;10;2024;16:00;1;63;63113;2;6;1;3;Giratoire Brézet (Blériot / élysée Reclus);45,78791000;3,13933000
202400005844;14;3;2024;09:05;1;93;93001;2;2;1;6;Rue de Saint-Denis / Rue Heurtault;48,91948425;2,37803042
202400028054;22;1;2024;15:30;1;75;75116;2;7;1;2;PLACE DE VARSOVIE;48,86081550;2,29126266
202400034797;13;12;2024;07:45;2;83;83061;2;9;2;3;AVENUE ANDRÉ LÉOTARD;43,43882554;6,74715132
202400047941;14;7;2024;20:25;1;76;76520;1;1;1;6;D407;49,86905500;1,60685800
202400000927;8;7;2024;23:15;5;92;92024;2;2;1;1;CLICHY (QUAI DE) DE (104 A 202);48,90850924;2,30011600
202400033628;7;4;2024;14:00;1;64;64102;2;2;1;3;BREUER MARCEL (AVENUE);43,50256000; -1,45396000
202400037639;19;7;2024;20:30;1;62;62078;2;2;7;3;Rue du Milieu;50,86539500;1,94644200
202400031903;7;4;2024;01:00;3;34;34336;1;1;1;1;SERIGNAN (ANCIENNE ROUTE DE);43,31851000;3,29278000
202400042906;10;5;2024;03:35;5;76;76351;2;1;1;6;LAFAYETTE ( COURS);49,49203000;0,12436000
202400017782;9;9;2024;08:26;1;91;91339;1;1;2;3;RN 104;48,62540000;2,26244000
202400045251;16;7;2024;14:15;1;95;95572;1;1;1;2;N184;49,04873929;2,13590766
202400024736;8;10;2024;08:00;1;13;13117;2;1;2;4;ROUTE NATIONALE 113 - CARREFOUR;43,42438000;5,26578000
202400024297;24;5;2024;19:15;1;37;37050;2;1;1;6;18 Rue Charles Coulomb;47,33577800;0,70092700
202400044912;9;5;2024;23:35;3;33;33248;2;1;1;1;;45,08333200; -0,75225200
202400038522;5;11;2024;06:54;5;75;75112;2;3;1;6;BOULEVARD DE BERCY;48,83988000;2,38229600
202400032337;3;10;2024;12:31;1;87;87085;2;1;1;7;COTY (AVENUE DU PRESIDENT RENE);45,84290000;1,23116000
202400003716;7;7;2024;00:01;3;77;77186;1;6;1;1;D606 de l'obélisque à limite MORET;48,39704000;2,69320000
202400010528;4;2;2024;10:40;1;94;94046;2;3;2;3;Rue Jean Jaurès / Boulevard Gallieni;48,79739291;2,43329197
202400008394;26;11;2024;10:20;1;91;91589;1;1;1;2;AUTOROUTE A6;48,67810000;2,33650000
202400013427;13;3;2024;17:30;1;64;64024;2;1;1;3;BARTHES (CHEMIN DES);43,49142000; -1,49606000
202400023679;13;4;2024;17:30;1;27;27681;2;1;1;6;JAURES (BOULEVARD JAURES);49,09594000;1,46330000
202400029637;19;5;2024;03:15;4;69;69266;2;1;1;2;Boulevard Laurent Bonnevay;45,78754000;4,88260000
202400044072;28;9;2024;16:30;1;54;54078;2;1;1;7;Route de Reillon;48,58515300;6,74693600
202400005688;21;3;2024;19:24;5;2B;2B096;2;9;1;3;pk 1 T50;42,30139300;9,16679300
202400050198;9;6;2024;11:45;1;47;47323;2;6;1;6;DESMOULINS (BD CAMILLE);44,40301000;0,70358000
202400053862;26;3;2024;09:23;1;91;91363;1;1;2;3;RN 104;48,66160000;2,18720000
202400038483;29;9;2024;11:50;1;92;92047;1;1;8;7;PORTE VERTE;48,83412493;2,18529135
202400015295;3;7;2024;14:00;1;30;30345;1;1;1;1;la tavernole;44,28439800;3,99743600
202400051879;3;5;2024;14:40;1;11;11069;2;3;1;3;André Jean CAYATTE;43,23535000;2,36625000
202400032860;15;12;2024;00:23;3;92;92002;1;1;8;6;AUTOROUTE A10;48,73507000;2,31567000
202400033985;22;7;2024;17:40;1;75;75111;2;4;1;6;AVENUE DE LA REPUBLIQUE;48,86320300;2,38565300
202400012703;2;2;2024;13:50;1;06;06069;2;9;1;3;Avenue Mathias Duval;43,65053000;6,92212000
202400052370;21;9;2024;06:00;3;91;91161;1;1;2;3;AUTOROUTE A6;48,69791000;2,31457000
202400017474;12;5;2024;13:00;1;45;45204;1;3;1;6;D15 PR 9 + 380;47,79776800;1,82547200
202400035376;14;5;2024;18:25;1;56;56098;1;1;1;4;Belann;47,76700800; -3,31099300
202400004878;30;11;2024;10:45;1;91;91468;1;1;1;2;AUTOROUTE A6;48,57331697;2,46729963
202400032774;22;6;2024;04:10;3;974;97415;1;1;1;6;N1a; -21,01736400;55,25388100
202400009056;3;6;2024;19:27;1;22;22299;1;2;1;3;Le Bois du Rocher;48,48203800; -1,96154400
202400004385;27;4;2024;19:20;1;95;95572;1;1;2;6;A15;49,03286050;2,10794605
202400043807;16;7;2024;11:30;1;75;75115;2;1;1;4;BD PERIPHERIQUE INTERIEUR;48,83511110;2,26816500
202400052550;14;2;2024;17:20;1;46;46284;1;1;1;5;2485 croix blanche;44,88489356;1,86521351
202400047148;12;6;2024;11:45;1;972;97209;2;9;1;6;FELIX EBOUE (RUE);14,60840200; -61,08758900
202400009502;16;3;2024;15:00;1;988;98818;2;3;1;3;ROUTE DE LA BAIE DES DAMES; -22,23993000;166,44752000
202400033619;18;1;2024;07:27;2;13;13106;1;1;2;3;A51-Sens Marseille vers Aix en Provence;43,40254200;5,35588500
202400040921;12;5;2024;17:46;1;47;47191;1;1;8;7;A62 PK67.000;44,45172538;0,09037090
202400026697;24;6;2024;11:15;1;76;76351;2;2;1;3;LENINGRAD (BD DE);49,49870000;0,15927000
202400005153;21;10;2024;16:10;1;77;77284;2;1;1;6;GAMBETTA (RUE);48,96261706;2,88530231
202400050040;2;12;2024;19:05;5;64;64102;2;3;2;3;LECLERC (AVENUE DE LA DIVISION);43,49079000; -1,45998000
202400049592;27;10;2024;02:20;5;33;33063;1;1;2;6;;44,88351200; -0,55675300
202400039432;22;2;2024;13:45;1;13;13103;2;1;1;3;BOULEVARD LEDRU ROLLIN;43,64608412;5,09376027
202400035702;21;2;2024;15:40;1;974;97416;1;1;7;3;TROIS MARRE (CHEMIN); -21,29820000;55,44259000
202400043601;24;2;2024;18:25;3;60;60142;1;9;2;1;La Chapelle-en-Serval;49,12182825;2,53314257
202400009827;13;9;2024;21:19;5;75;75113;2;2;1;3;RUE NEUVE TOLBIAC;48,83223200;2,37976900
202400022246;5;9;2024;14:00;1;45;45208;2;1;1;2;32 Rue Emile Decourt;47,99822900;2,74605300
202400048658;5;1;2024;07:50;5;66;66136;2;3;8;3;Quai Sadi CARNOT;42,70043000;2,89370000
202400051217;11;6;2024;09:29;1;83;83116;1;1;1;7;Dn7;43,46235800;5,82665900
202400028933;11;11;2024;07:45;2;91;91174;2;3;1;6;AV CARNOT;48,60886000;2,47949000
202400033316;18;1;2024;07:35;5;45;45169;2;1;2;2;151 Route Nationale;47,92779000;1,84135500
202400033977;26;8;2024;00:15;5;30;30011;2;1;1;7;GRAND TERME BOULEVARD DU;43,96446000;4,76493000
202400006202;15;9;2024;12:30;1;91;91689;1;1;1;2;AUTOROUTE A6;48,73001000;2,31470000
202400045751;5;7;2024;16:15;1;64;64371;2;3;1;7;Départementale 611- Rue rené Coty;43,22235500; -0,89418900
202400019560;18;4;2024;02:35;5;82;82121;2;1;1;6;chemin de saint pierre;44,04947704;1,33242273
202400029780;1;9;2024;15:25;1;75;75111;2;2;1;3;BOULEVARD DE CHARONNE;48,85128423;2,39822477
202400009723;25;4;2024;17:05;1;78;78117;1;1;1;2;RN12;48,78739755;2,14639485
202400047409;12;6;2024;19:20;1;35;35238;2;1;1;6;GAUTIER (SQUARE GERMAIN);48,10194000; -1,70616000
202400026319;27;7;2024;19:25;1;85;85096;1;2;1;3;Rue sainte-barbe;46,89930000; -1,83255000
202400051627;10;6;2024;19:25;1;60;60439;1;1;1;2;D137d;49,31003132;2,32720792
202400004041;16;9;2024;15:45;1;69;69092;1;2;1;3;Route de Tarare;45,98124000;4,69373000
202400011598;3;7;2024;09:00;1;60;60159;2;6;1;6;Rond-point Guy Deniélou;49,40154000;2,79706000
202400014859;17;3;2024;13:58;1;44;44109;2;1;1;3;85 Route de Paris;47,25393070; -1,51437160
202400012994;30;5;2024;07:14;1;59;59650;2;2;1;6;Boulevard Pierre Mauroy;50,71121950;3,20675039
202400032901;7;11;2024;08:35;1;49;49007;2;2;8;3;PORTET BOULEVARD;47,45298000; -0,56549000
202400022878;27;6;2024;17:10;1;75;75120;2;2;1;6;RUE DES COURONNES;48,86968400;2,38221000
202400015220;15;3;2024;10:10;1;39;39434;2;1;1;6;15 Rue de Verdun;46,83232900;5,70630000
202400024416;23;5;2024;19:15;1;69;69266;2;1;1;6;22 Rue Docteur Ollier;45,76700000;4,88311000
202400044379;7;12;2024;20:55;3;68;68242;1;1;1;7;D201;47,97622612;7,37375734
202400011467;27;6;2024;05:10;2;68;68349;1;3;1;1;D105;47,59645500;7,56479500
202400054320;24;3;2024;21:06;5;33;33119;2;9;1;6;;44,85613000; -0,53378000
202400035377;14;1;2024;00:42;5;84;84007;2;1;1;6;MALPEIGNE (Chemin de);43,94818000;4,83587000
202400037909;16;7;2024;17:35;1;73;73065;1;1;1;4;N201;45,58733279;5,90345326
202400008298;13;9;2024;14:30;1;77;77146;2;2;1;1;COURCERIN (BOULEVARD DE);48,82483412;2,63134696
202400010440;4;2;2024;06:30;2;971;97101;1;1;1;6;ROUTE DE BOISVINS;16,26678000; -61,47689000
202400019902;15;4;2024;06:40;2;69;69290;2;2;1;3;Route de Grenoble;45,71563000;4,96190000
202400026859;25;6;2024;19:40;1;81;81069;1;1;1;7;RD600;44,05909600;1,97057600
202400052458;2;1;2024;23:31;3;92;92050;1;1;1;6;A86;48,90737949;2,21250370
202400014296;9;9;2024;10:15;1;94;94011;2;1;1;2;Avenue du Docteur Emile Roux;48,76985000;2,47663000
202400011209;20;6;2024;18:42;1;84;84031;1;1;1;2;MIRABEAU AVENUE;44,06908000;5,04286000
202400022282;26;1;2024;10:50;1;75;75113;2;2;1;6;RUE CLISSON;48,83218200;2,36765600
202400054303;15;8;2024;12:00;1;73;73034;1;1;1;2;D925;45,69391500;6,65695000
202400048845;5;1;2024;18:40;5;92;92026;2;1;1;2;LEVALLOIS (PONT DE);48,90054991;2,27705312
202400035326;28;3;2024;18:35;2;46;46042;2;1;1;3;GAMBETTA (BOULEVARD LEON) N°PAIR;44,45131000;1,44001000
202400001656;23;3;2024;19:10;3;26;26233;1;1;1;7;Route de Vaison;44,28827300;5,10451200
202400012377;2;2;2024;20:00;3;13;13211;1;1;1;3;A50-Sens Aubagne vers Marseille;43,32373198;5,42258838
202400005224;5;6;2024;21:00;1;12;12257;1;4;1;3;loupiac;44,53408400;2,02328700
202400015869;17;4;2024;20:50;1;14;14118;2;3;8;3;50 Avenue Sainte-Thérèse;49,16702500; -0,33644300
202400042213;16;6;2024;02:40;3;25;25262;1;1;1;6;Mont de Fuans;47,12586700;6,58461600
202400008501;8;8;2024;07:10;1;93;93053;2;1;1;3;Avenue de Rosny;48,89174655;2,47099471
202400050915;12;2;2024;19:10;5;19;19031;2;1;1;3;KENNEDY (AVENUE JOHN);45,16768243;1,55178040
202400053830;8;6;2024;00:26;5;93;93072;2;1;1;7;Boulevard Maxime Gorki;48,94531800;2,38664500
202400046206;6;12;2024;15:40;1;92;92050;2;1;1;3;HANRIOT FRANCOIS RUE;48,90246354;2,22110599
202400033386;26;2;2024;08:50;1;34;34172;2;1;1;6;PENELOPE (BOULEVARD);43,60184000;3,91787000
202400030938;16;12;2024;09:49;1;94;94074;2;1;2;1;Rue Théodule Jourdain;48,76821496;2,45084703
202400037248;14;1;2024;04:31;5;75;75112;2;1;1;6;RUE DU FAUBOURG SAINT ANTOINE;48,85274700;2,37117900
202400025205;6;3;2024;17:05;1;94;94002;2;3;1;3;Quai Blanqui / Rue du Port à l'Anglais;48,80571000;2,41096000
202400023365;20;12;2024;23:15;5;13;13039;2;1;1;3;JAURES JEAN (Avenue);43,43309000;4,94782000
202400035754;15;1;2024;19:30;5;93;93050;2;1;1;1;Rue Louis Vannini;48,86596000;2,52360000
202400039246;20;2;2024;19:30;2;31;31555;2;1;1;3;ETATS UNIS (AV DES) DU 1AU 281;43,65209300;1,42468300
202400007781;14;9;2024;18:54;1;64;64102;2;1;1;2;SAINTE CROIX (AVENUE DE);43,49995000; -1,45450000
202400014515;19;12;2024;22:49;3;13;13001;1;1;1;2;A8, PK 020.500, S2 ( Nice vers Lyon );43,51217600;5,45653600
202400015815;26;12;2024;23:15;5;72;72181;2;2;1;3;NEGRIER GENERAL (BD) N° PAIRS;48,00802000;0,20766000
202400027017;14;7;2024;14:30;1;74;74005;1;1;1;7;Rue de la gare;46,32485928;6,43546768
202400017645;17;4;2024;20:40;3;973;97302;2;1;2;3;ZEPHIR (ROCADE);4,93456000; -52,30867000
202400029513;23;1;2024;16:35;1;66;66090;1;1;1;1;;42,56186299;2,29141384
202400038795;9;12;2024;11:27;1;76;76351;2;3;1;6;AUGUSTIN NORMAND;49,49227000;0,09777000
202400029331;11;4;2024;09:30;1;69;69034;2;1;1;2;23 Montée des Soldats;45,79743000;4,85493000
202400021380;9;3;2024;07:45;1;13;13210;2;1;1;1;CAPELETTE (AVENUE DE LA);43,27988000;5,41624000
202400012038;22;4;2024;10:22;1;92;92063;2;1;1;3;CORIOLIS (RUE DU MARQUIS DE);48,85777877;2,18640500
202400030061;24;7;2024;10:20;1;26;26115;1;1;1;1;D538;44,70603600;5,00604300
202400035640;21;7;2024;18:45;1;02;02408;2;1;1;3;29 Rue Romanette;49,55070000;3,61057000
202400016786;13;10;2024;18:05;2;71;71201;1;1;1;6;route départementale 983;46,68283300;4,62230400
202400051619;27;10;2024;17:50;2;14;14424;1;1;1;6;Route de Pont-Farcy;48,88820500; -0,98179600
202400033843;16;5;2024;07:35;1;94;94065;2;4;1;2;Avenue Charles Lindbergh / Bretelle A86;48,75390000;2,34830000
202400001671;11;7;2024;13:10;1;81;81271;1;1;1;6;D38;43,76838200;1,72327600
202400018150;2;8;2024;19:20;1;67;67067;1;9;2;7;aire de repos Brumath EST, Autoroute A4, sens Strasbourg vers Paris;48,71965000;7,69591200
202400018672;25;5;2024;17:35;1;76;76351;2;3;1;2;BOIS AU COQ (AVENUE);49,51593100;0,12045500
202400043115;7;1;2024;18:45;4;62;62351;1;1;9;4;A21;50,43268609;2,91496585
202400025297;18;12;2024;18:35;5;29;29019;2;6;2;3;rue Victor Hugo;48,39141100; -4,48032700
202400033142;19;1;2024;11:45;1;03;03229;2;1;1;3;38 rue du bourbonnais;46,67354600;3,41888500
202400043680;14;6;2024;19:00;1;91;91425;2;1;8;6;RTE D ORLEANS RN 20;48,65161000;2,27272000
202400031867;19;1;2024;17:30;2;79;79304;2;2;1;1;;46,28015100; -0,58895900
202400043924;22;8;2024;03:10;5;13;13201;2;1;1;1;BELGES (QUAI DES);43,29708000;5,37436000
202400014758;29;5;2024;10:30;1;75;75116;2;2;8;6;BOULEVARD MURAT;48,84536800;2,25757000
202400031294;2;3;2024;17:20;1;30;30011;1;3;1;3;ARAMON RUE D';43,94750000;4,78618000
202400026444;20;5;2024;08:40;1;971;97113;1;3;1;3;BAS DU FORT;16,22029000; -61,51746000
202400025816;24;1;2024;03:55;5;34;34172;2;4;1;3;CHOLET (RUE DE);43,58530000;3,86960000
202400020745;11;10;2024;22:23;5;10;10387;2;3;1;3;JULES GUESDE (RUE);48,29399000;4,08175000
202400024185;5;9;2024;06:30;2;16;16002;1;1;5;7;N10;46,07539300;0,19523800
202400005990;14;9;2024;19:45;3;51;51298;1;1;1;7;D23;49,02340500;3,71672600
202400002916;11;2;2024;05:45;3;83;83131;1;1;1;1;Route Départementale 554;43,22484900;6,02157500
202400034007;29;8;2024;21:13;5;64;64260;2;3;2;3;LECLERC (BOULEVARD DU GENERAL);43,36618617; -1,76972888
202400044336;1;11;2024;01:25;5;80;80021;2;1;1;2;ABBEVILLE (RUE D');49,90987000;2,25938000
202400033848;8;4;2024;09:10;1;92;92004;2;1;8;7;GRESILLONS ( AVENUE DES  );48,91443905;2,30043626
202400027562;23;1;2024;21:10;5;94;94016;2;3;1;6;Rue du Moulin de Cachan / Rue du Parc de Cachan;48,78915600;2,33357900
202400013898;21;11;2024;18:45;5;13;13214;1;1;1;2;A507 sens Aubagne- Marseille;43,33475000;5,38259000
202400003919;16;9;2024;17:15;1;18;18242;1;1;1;7;;46,83671000;2,94942100
202400036459;18;6;2024;00:30;5;92;92036;2;6;1;6;PIERRE TIMBAUD (RUE) (PAIRS);48,93329682;2,30171299
202400007201;24;4;2024;10:15;1;44;44190;2;1;8;6;341 Route de Clisson;47,18780466; -1,48878567
202400035847;18;7;2024;05:05;2;61;61508;2;1;1;6;D979;48,94163900;0,19672900
202400005266;16;10;2024;18:15;1;42;42157;2;1;1;3;Route de Roanne;46,13011400;4,01628900
202400024889;25;6;2024;23:45;5;92;92040;2;3;1;2;GUYNEMER;48,83105410;2,27887774
202400045260;1;4;2024;01:50;3;91;91617;1;1;1;6;RN6 PROVINCE / RN104 INT;48,63109000;2,51375100
202400044881;1;4;2024;11:10;1;77;77249;1;1;1;6;RN104;48,72828524;2,60506736
202400007625;18;3;2024;01:00;3;29;29207;1;6;1;6;Carrefour de la Vieille Roche.;48,56315678; -3,82994767
202400035607;4;5;2024;13:00;1;33;33314;2;4;3;7;;45,21736200; -0,78084100
202400019246;11;3;2024;15:30;1;75;75120;2;2;2;6;RUE DE BELLEVILLE;48,87544700;2,39793100
202400030987;8;11;2024;15:30;1;33;33522;2;3;1;1;;44,79615000; -0,59232000
202400000587;1;5;2024;09:56;1;54;54447;1;1;1;6;RD 992;48,54385875;6,74208641
202400031296;1;3;2024;17:10;1;83;83098;1;1;1;6;BROSSET (AVENUE DU GENERAL);43,10901460;6,00317627
202400053633;15;8;2024;00:10;3;22;22278;1;1;1;7;ECLUSES (CHEM. DE L');48,52724000; -2,72875000
202400019008;11;3;2024;05:43;3;13;13015;1;1;1;2;A51-Sens Marseille vers Aix en Provence;43,45184294;5,39633709
202400036664;12;12;2024;07:45;2;64;64445;2;2;1;5;MEON DE;43,32088000; -0,37892000
202400040953;4;4;2024;08:55;1;35;35238;2;1;1;1;LORIENT (DE);48,10856011; -1,69935308
202400022469;26;5;2024;02:25;3;77;77192;1;1;1;1;Route département 402;48,70197900;2,91283600
202400035587;20;7;2024;23:45;5;13;13208;2;1;1;1;PERIER (BOULEVARD);43,27877724;5,38132510
202400027321;18;12;2024;15:00;1;37;37261;2;1;1;6;HERPIN (RUE DU DOCTEUR);47,38850687;0,69897294
202400031089;15;12;2024;16:50;2;37;37261;2;2;2;3;DEVILDE (RUE);47,40666620;0,69161260
202400027435;5;3;2024;10:45;1;26;26252;1;1;1;4;Av du President Salvador Allende;44,89195823;4,88031149
202400034378;2;10;2024;19:30;3;14;14534;1;1;1;6;445 Route de Deauville;49,28685700;0,15756400
202400046635;8;1;2024;16:19;1;93;93066;2;9;1;1;Route de la Courneuve;48,93302000;2,37276000
202400011542;15;3;2024;08:20;1;80;80021;2;1;1;3;Rue d'Abbeville;49,90931000;2,26054000
202400035800;7;4;2024;05:10;2;971;97117;1;1;1;6;Néron;16,33780800; -61,39527100
202400022846;27;6;2024;17:35;1;45;45232;2;1;1;3;D920 PR 6 + 370;47,87044000;1,90396000
202400007668;2;7;2024;11:45;1;69;69202;2;2;1;2;Rue Commandant Charcot;45,74957044;4,79567261
202400028105;21;5;2024;08:00;1;93;93053;1;1;8;2;A3;48,88390122;2,46883928
202400020677;25;5;2024;13:10;1;64;64348;2;6;1;2;SANTONA DE;43,32048000; -0,39192000
202400036004;11;5;2024;15:35;1;74;74032;1;4;1;2;Route de Thonon;46,26612400;6,53698900
202400043684;23;8;2024;15:30;1;83;83144;1;1;1;2;A57;43,14345194;6,01305769
202400009119;2;6;2024;15:59;1;57;57487;1;9;1;1;RD157B;49,09831000;6,11799000
202400034861;7;11;2024;21:00;3;93;93066;2;1;2;2;LENINE (AVENUE) NR 2 A 26;48,94299000;2,36368000
202400042618;8;12;2024;18:00;5;57;57752;2;1;1;6;27 Rue de Nancy;49,07422400;7,00774800
202400014862;26;1;2024;09:21;1;32;32115;1;1;5;1;1483 Route de Noulens;43,77560800;0,18230300
202400006661;31;5;2024;23:55;3;83;83096;1;3;1;2;Dn7;43,47374200;5,76632000
202400015460;1;7;2024;11:40;1;13;13106;2;9;1;1;DIDIER TRAMONI (BOULEVARD);43,39873000;5,36597000
202400037023;17;1;2024;17:15;1;34;34157;2;1;1;4;D613;43,43285200;3,59315200
202400035169;15;5;2024;12:00;1;69;69143;2;7;2;6;Quai Pasteur;45,87644000;4,83843000
202400006484;8;2;2024;17:30;2;51;51518;1;1;3;6;A 26, PK 258+100, sens REIMS/CALAIS;49,28790423;3,98455545
202400051391;27;3;2024;12:13;1;974;97411;2;1;1;2;RUISSEAU DES NOIRS (RUE); -20,89194000;55,45276000
202400033535;18;1;2024;16:00;1;85;85234;1;1;1;7;Chemin des prés;46,80942300; -2,02483200
202400034668;10;6;2024;18:40;1;89;89449;2;2;1;2;D606;48,33540900;3,08337600
202400035144;18;2;2024;00:53;5;972;97209;2;1;1;7;BALATA (ROUTE DE);14,65000000; -61,08000000
202400030712;22;6;2024;03:05;5;77;77445;2;1;1;6;ROUGEAU (RUE DE);48,60125000;2,57022000
202400028853;4;2;2024;15:20;1;44;44109;2;1;1;6;Mail Haroun Tazieff;47,24156387; -1,51481939
202400023803;5;9;2024;04:30;3;78;78238;1;1;3;2;A13;48,97055600;1,88496400
202400024992;7;3;2024;14:45;1;66;66136;2;1;1;6;Avenue du LANGUEDOC;42,73261000;2,88955000
202400046193;19;8;2024;16:40;1;95;95424;2;1;1;3;D14;48,99110297;2,20171982
202400038901;14;1;2024;18:55;5;35;35120;2;3;2;3;Rue de Dinan;48,22462300; -1,79467700
202400024446;27;7;2024;10:45;1;974;97411;2;3;1;7;CANAL (CHEMIN DU GRAND); -20,90386000;55,49834000
202400001793;22;3;2024;19:40;3;36;36044;2;4;1;6;219 Rue Combanaire;46,80123025;1,71479121
202400007041;4;6;2024;11:20;1;75;75111;2;3;1;6;RUE DU FAUBOURG SAINT ANTOINE;48,85054300;2,37940100
202400018416;7;9;2024;21:07;3;13;13026;1;1;1;2;A55-Sens Martigues vers Marseille;43,40028669;5,10074129
202400017133;2;7;2024;07:00;1;54;54072;1;1;1;6;D40;48,83777500;6,09297000
202400019829;22;12;2024;02:15;5;75;75105;2;5;3;6;BOULEVARD SAINT MARCEL;48,83687300;2,35218580
202400044729;9;1;2024;15:40;1;31;31555;2;1;1;3;PL JEANNE D ARC;43,60928000;1,44619000
202400007950;25;11;2024;10:27;1;49;49007;2;8;2;3;JEAN XXIII AVENUE;47,44700120; -0,56126565
202400038323;27;10;2024;14:10;1;84;84007;1;1;1;6;C.DE GAULLE (ROCADE);43,94696000;4,84060000
202400040781;9;12;2024;07:55;1;76;76484;1;1;1;4;D18E BRETELLE;49,34075900;1,07340700
202400001567;10;7;2024;19:10;1;2A;2A271;2;1;1;2;RT22;41,95282068;8,78693148
202400024895;14;11;2024;09:50;1;69;69387;2;1;1;6;Avenue Berthelot;45,74110000;4,85492000
202400038669;11;12;2024;18:15;3;61;61421;1;1;1;6;149 Route de la Sélune;48,56094500; -0,77472200
202400018467;7;9;2024;12:40;1;69;69266;2;2;1;3;Rue d'Inkermann;45,76809000;4,86578000
202400004047;16;9;2024;13:24;1;63;63075;2;1;1;2;ROYAT (AVENUE DE);45,77561000;3,06639000
202400048858;28;3;2024;14:00;1;54;54300;2;1;1;6;Rue Lucien Galtier;48,66147000;6,22235000
202400001976;7;7;2024;12:00;1;57;57556;1;1;1;7;D674;49,05861200;6,93645500
202400025172;7;3;2024;10:30;1;75;75114;2;3;1;3;AVENUE DU GENERAL LECLERC;48,82471100;2,32600800
202400005374;19;10;2024;18:13;1;84;84031;2;1;1;2;MISTRAL AVENUE FREDERIC;44,05077000;5,04154000
202400054255;24;10;2024;11:15;1;94;94001;2;3;7;6;Rue Bir Hakeim;48,72756100;2,41873900
202400029999;20;5;2024;08:15;1;31;31254;2;1;1;6;La Pyreneenne;43,54471953;1,50394142
202400007423;19;3;2024;15:00;1;83;83137;2;3;1;3;HERRIOT (AVE EDOUARD);43,12854895;5,89061661
202400005087;5;6;2024;21:35;1;78;78423;2;2;1;3;AUBISQUE (RUE DE L');48,77178000;2,04555000
202400032069;22;7;2024;22:30;5;51;51573;2;1;1;7;CROIX CORDIER (RUE DE LA);49,24613000;3,98914000
202400049569;3;12;2024;18:20;5;83;83029;2;1;1;2;Route de Fayence;43,62384800;6,75111200
202400003086;8;2;2024;21:29;5;57;57672;2;1;1;6;AMERIQUE (CHAUSSEE D');49,37156000;6,16456000
202400011873;12;9;2024;18:15;1;92;92019;2;1;1;2;QUATRE CHEMINS (AVENUE DES);48,77858000;2,27970000
202400009379;5;7;2024;16:30;1;75;75101;2;3;1;3;RUE SAINT HONORE;48,86251800;2,33813000
202400030706;3;7;2024;10:40;1;14;14322;1;2;1;6;Route des Flagues;49,23959700; -0,70353300
202400002495;7;8;2024;18:40;1;58;58185;1;1;1;7;D121;47,15439000;4,12353200
202400008271;26;4;2024;19:10;1;39;39154;2;3;1;3;61 Grande Rue;46,57440400;5,74866600
202400042014;27;9;2024;16:50;1;03;03098;2;1;8;6;Rue de Stalingrad;46,36407000;2,62082000
202400028339;25;7;2024;19:00;1;85;85191;2;9;1;6;Rue jacques cartier;46,67779000; -1,43083000
202400001812;20;3;2024;14:50;1;29;29019;2;2;1;3;rue du Onze Novembre 1918;48,37730600; -4,54363300
202400034363;22;6;2024;03:30;3;45;45166;1;1;3;1;D102 PR 8 + 420;48,01548500;1,79966600
202400053364;12;2;2024;15:00;1;35;35115;2;4;1;3;REPUBLIQUE (PLACE);48,35060000; -1,19568000
202400023790;14;4;2024;00:10;5;75;75102;2;2;1;2;PLACE DE L OPERA;48,87069000;2,33252300
202400038150;27;8;2024;07:35;1;974;97415;2;3;1;3;Rue Gabriel Martin; -20,97749500;55,32864600
202400047754;14;7;2024;04:10;5;75;75116;2;3;1;3;AVENUE DU PRESIDENT KENNEDY;48,85290000;2,28101800
202400017386;20;11;2024;19:30;5;31;31555;2;6;2;3;AV DE REYNERIE;43,56742000;1,40185000
202400016708;30;5;2024;06:30;2;83;83019;1;1;1;1;Avenue Lou Mistraou;43,15155000;6,31410000
202400014598;2;8;2024;07:10;1;974;97416;2;2;1;3;PIOR (RUE HYPOLITTE); -21,29870000;55,45371000
202400021610;17;4;2024;14:15;1;58;58112;1;1;2;1;Lieu Dit le Pont d?Isy;46,97633800;3,35329200
202400001040;11;2;2024;10:10;1;59;59581;1;1;1;4;AUTOROUTE A25;50,69879000;2,79834000
202400052189;29;11;2024;23:25;3;80;80571;1;1;9;6;D14;49,76429500;2,46945100
202400032799;16;12;2024;01:00;3;2A;2A041;1;1;1;6;1639 Cartarana;41,38949100;9,18593800
202400027958;26;7;2024;00:40;5;75;75115;2;1;1;3;BD PERIPHERIQUE EXTERIEUR;48,82579300;2,29959300
202400001373;6;6;2024;13:55;1;30;30347;1;1;1;6;A9 - PK 65+500;43,75090100;4,25406900
202400046493;29;10;2024;20:00;3;78;78646;1;1;1;1;RN12;48,78532400;2,15494900
202400050032;8;6;2024;22:00;1;80;80001;2;9;1;3;Rue Jean Mennesson;50,11561000;1,82616000
202400034438;8;11;2024;07:03;5;93;93030;2;1;2;6;HUIT-MAI-1945 (AVENUE DU);48,94953927;2,43902922
202400018160;23;12;2024;16:25;1;64;64445;2;1;2;2;LOUIS BARTHOU;43,29444000; -0,36993000
202400011401;4;7;2024;13:15;1;92;92049;2;1;1;6;BROSSOLETTE AVENUE PIERRE;48,82194000;2,31372000
202400031155;14;12;2024;11:20;1;69;69169;1;1;2;6;Route de Saint-Just-d'Avray;45,99177400;4,40320000
202400036273;26;8;2024;16:00;1;75;75117;2;1;1;2;BD PERIPHERIQUE INTERIEUR ;48,88332900;2,28432000
202400044641;1;11;2024;04:16;3;11;11332;1;1;1;6;;43,12773500;2,84442000
202400029133;5;3;2024;21:50;3;971;97118;1;1;1;6;route départementale 23;16,20275500; -61,63619800
202400022187;24;7;2024;16:45;1;59;59343;1;1;1;2;AUTOROUTE A1;50,58295075;3,09008033
202400005702;21;3;2024;09:00;1;35;35327;1;1;1;2;N157;48,10326200; -1,46134300
202400018835;12;10;2024;04:00;5;75;75116;2;1;1;5;BD PERIPHERIQUE EXTERIEUR;48,85464000;2,25471100
202400013912;21;11;2024;03:19;3;59;59462;1;1;1;2;AUTOROUTE A1;50,51021450;3,02857140
202400029625;21;1;2024;13:20;1;13;13102;2;1;1;3;CHARLES PEGUY (RUE );43,41455000;5,23410000
202400047790;28;10;2024;18:20;5;47;47027;2;9;1;6;BORDEAUX (avenue de);44,40326000;0,67651000
202400017124;29;6;2024;06:00;2;03;03126;1;6;5;6;d906;46,07340200;3,43608100
202400032448;5;10;2024;05:00;5;91;91425;2;1;1;6;Rue de Montlhéry;48,63928600;2,25356500
202400033012;14;12;2024;17:30;5;93;93050;2;1;1;1;PAUL ET CAMILLE THOMOUX (RUE) COTE IMPAI;48,87517000;2,53047000
202400019137;28;6;2024;18:00;1;29;29232;2;1;1;2;Route de Brest;48,01388000; -4,07987000
202400046165;6;12;2024;07:30;5;94;94022;2;1;1;3;91 Avenue d'Alfortville;48,77325200;2,41475600
202400013632;21;4;2024;20:35;2;37;37122;2;3;1;6;JAURES (BOULEVARD JEAN);47,34807000;0,65835000
202400029104;25;2;2024;22:30;3;36;36005;1;1;1;6;;46,76244300;1,82608000
202400010728;29;7;2024;12:15;1;65;65059;1;1;1;7;RD 29, route de Lesponne, PR 007.500, lieu-dit LESPONNE;42,98028100;0,10922000
202400048385;29;10;2024;18:40;3;91;91534;1;1;1;4;RN 118;48,72300000;2,16772000
202400031353;20;1;2024;00:25;5;75;75111;2;2;1;2;AVENUE DE LA REPUBLIQUE;48,86527800;2,37450100
202400039783;19;7;2024;22:45;3;24;24273;1;1;1;6;Route des Quatre Communes;44,81308000;0,80680800
202400038803;4;11;2024;11:15;1;73;73065;2;2;1;3;GAMBETTA LEON (BOULEVARD);45,57335097;5,91548815
202400005654;20;3;2024;18:20;1;94;94081;2;1;1;4;Avenue du Moulin de Saquet;48,78861000;2,37632000
202400046049;13;6;2024;09:15;1;988;98814;1;1;1;5;Luecila (Tribu); -20,88453000;167,23818000
202400033177;16;5;2024;14:30;1;94;94028;2;1;1;6;Rue de Brie;48,78441500;2,47002700
202400009635;3;7;2024;19:35;1;91;91549;2;1;1;2;CORBEIL (ROUTE DE);48,64639000;2,33520000
202400015014;14;10;2024;01:25;5;69;69034;2;1;1;1;Avenue Général Leclerc;45,80368000;4,86133000
202400034240;3;10;2024;14:02;1;51;51454;2;2;1;3;LEMOINE (RUE DE DOCTEUR) DU N°2 AU 78 (P;49,26834000;4,03523000
202400020580;30;7;2024;13:10;1;75;75114;2;1;1;4;BD PERIPHERIQUE INTERIEUR;48,82294800;2,31295100
202400021395;8;3;2024;15:56;1;75;75119;2;3;1;3;AVENUE JEAN JAURES;48,88612200;2,38308400
202400042666;1;11;2024;15:10;1;91;91097;2;1;1;3;AV DU GAL CHARLES DE GAULLE;48,68000000;2,53000000
202400010414;4;2;2024;09:30;1;974;97416;1;1;1;7;RN1 (ROUTE NATIONALE); -21,31220000;55,43688000
202400005730;7;7;2024;01:00;3;31;31036;1;1;2;1;Route de Revel;43,53150800;1,57574400
202400048898;28;3;2024;10:45;1;41;41018;2;1;1;6;MERMOZ (RUE JEAN);47,59913000;1,31854000
202400010675;6;8;2024;20:20;1;64;64391;1;1;1;1;Départementale 2 point repère 49+920;43,26825300; -0,81805800
202400048949;29;3;2024;14:50;1;29;29232;2;6;2;2;Rond-Point de Troyalac'h;47,97821030; -4,02114783
202400053218;20;9;2024;00:35;3;92;92072;2;4;1;7;GRANDE RUE;48,82756670;2,22539619
202400050502;26;10;2024;19:25;5;54;54395;2;1;1;6;Rue Molitor;48,68562000;6,19463000
202400005437;20;3;2024;21:12;5;45;45247;2;3;1;3;D94 PR 3 + 999;48,01043900;2,69315800
202400049705;5;6;2024;14:00;1;59;59497;1;1;1;2;131 Rue de Therouanne;50,72341600;2,38550300
202400016421;9;9;2024;12:20;1;44;44131;1;1;1;4;Route Bleue;47,12428600; -2,10421400
202400046768;7;1;2024;15:25;1;69;69388;2;1;1;3;Rue Saint Nestor;45,74353623;4,86486539
202400003929;17;9;2024;16:00;1;71;71176;2;3;1;2;11 Rue des Blattiers;46,49108800;4,00287500
202400011038;1;6;2024;15:10;1;94;94075;2;1;2;3;37 Route de la Grange;48,73336300;2,51579700
202400023802;26;1;2024;09:10;1;78;78672;1;1;8;4;A13;48,92982900;1,98424000
202400021348;9;7;2024;18:34;1;55;55122;1;1;1;6;D964;48,77626306;5,56852646
202400045645;21;2;2024;18:30;3;80;80500;2;1;2;3;;50,01285500;1,60988300
202400000709;30;4;2024;17:16;1;71;71153;2;1;8;6;MITTERRAND (AVENUE FRANCOIS);46,80664000;4,43050000
202400045444;9;5;2024;15:00;1;30;30130;1;1;1;7;Pont de Rastel;44,31770700;3,96635400
202400034662;21;6;2024;16:40;1;76;76463;1;1;1;7;D1;49,42737800;1,67935900
202400004265;28;4;2024;17:40;1;58;58086;1;1;1;2;A77 au PK 105+800;47,37347700;2,92330700
202400032157;29;8;2024;21:00;2;10;10387;2;6;1;3;GEORGES POMPIDOU (RUE);48,29639000;4,09480000
202400039742;25;8;2024;12:20;1;80;80415;2;3;1;3;Rue de la Tour;49,75287300;2,60691900
202400032498;22;6;2024;15:00;1;44;44007;1;1;1;6;rue de redon;47,64901200; -1,99569200
202400028202;27;7;2024;10:30;1;971;97118;1;1;1;5;Route de la Traversee;16,20989400; -61,62707800
202400018667;27;5;2024;18:00;1;84;84007;2;1;2;4;CHARLES DE GAULLE;43,93770000;4,83200000
202400000891;11;8;2024;01:08;5;67;67462;2;1;1;6;STRASBOURG (ROUTE DE);48,26320000;7,44983000
202400037463;14;1;2024;00:10;3;974;97407;2;6;1;6;ROND POINT CITE RN4; -20,95429849;55,30848630
202400037317;6;5;2024;21:15;3;61;61079;1;1;1;6;Voie Communale;48,22413600;0,72508600
202400020331;1;9;2024;23:35;5;30;30189;2;3;1;3;SAUVE (ROUTE);43,83660000;4,33760000
202400032966;8;11;2024;10:35;1;75;75120;2;2;8;6;RUE ORFILA;48,86666700;2,39710600
202400019305;11;3;2024;18:05;3;93;93072;2;3;2;3;Boulevard Maxime Gorki / Avenue Gaston Monmousseau;48,94767600;2,38637300
202400024703;8;10;2024;12:05;1;61;61006;2;6;1;3;Intersection D924 / D158;48,74150200; -0,02528400
202400018456;7;9;2024;19:45;1;77;77276;1;1;1;6;RD 360;48,91663000;2,88007000
202400011547;4;7;2024;22:30;3;26;26179;2;3;1;5;Route de Tain;45,10253702;4,88370180
202400007452;4;3;2024;10:40;1;55;55545;2;1;1;7;METZ ( AVENUE DE );49,15064051;5,39776593
202400044293;15;6;2024;05:20;2;86;86036;1;1;1;3;D39;47,08483800;0,06196700
202400031185;2;3;2024;21:00;3;75;75116;2;1;2;2;BD PERIPHERIQUE INTERIEUR;48,87357800;2,27529500
202400006986;4;2;2024;01:15;5;972;97209;2;1;1;1;BISHOP (Avenue Maurice);14,60555965; -61,05954708
202400030038;25;7;2024;10:45;1;65;65291;1;1;1;7;Route de Berbérust;43,06326000; -0,03672500
202400026861;26;6;2024;09:45;1;63;63096;2;2;1;6;rue Martagere / rue de la Côte;45,74946800;3,30243200
202400045639;12;2;2024;18:30;5;79;79208;1;1;1;7;;46,66537200; -0,15544500
202400007593;6;7;2024;16:00;1;973;97309;2;3;1;1;Route de Suzini;4,92240647; -52,29055032
202400007529;19;3;2024;16:10;1;75;75106;2;4;1;6;BOULEVARD RASPAIL;48,84522600;2,32847400
202400044076;22;8;2024;11:30;1;11;11439;1;1;1;1;D213;43,31753600;2,10212800
202400028266;26;7;2024;19:30;1;27;27312;2;2;2;3;rue des osiers/rue de l'ancienne abbaye;49,04535100;1,30896100
202400041488;10;5;2024;19:10;1;85;85128;2;3;7;1;Rue du président de gaulle;46,45705500; -1,18025200
202400042190;29;9;2024;19:30;3;83;83049;2;1;1;6;Avenue des Bousquets;43,22310900;6,07159000
202400019999;6;9;2024;20:48;5;93;93001;2;6;1;3;SAINT DENIS (RUE DE);48,92195018;2,37420896
202400012957;30;5;2024;18:15;1;83;83123;2;1;1;3;HUIDE (CHEMIN DE) N° IMPAIRS;43,12776000;5,79911000
202400004156;28;11;2024;13:35;1;51;51454;1;1;1;2;RN 44 (de Cambrai à Chalons);49,22472000;4,10859000
202400009135;17;10;2024;17:10;1;56;56121;2;6;1;3;Boulevard Eugène Cosmao-Dumanoir;47,75262000; -3,37742000
202400033856;17;1;2024;21:20;5;31;31555;2;6;2;2;RUE DU DR MARCEL BOUVIER;43,62312650;1,45430781
202400014479;27;12;2024;23:22;3;44;44108;1;1;1;6;25 Rue  Saint Martin;47,13560000; -1,27950600
202400043048;11;5;2024;06:00;2;12;12096;1;1;1;1;RD 920 - PK 004+300;44,49970400;2,73438300
202400031621;9;4;2024;08:40;1;92;92048;1;1;1;3;N118;48,79291841;2,21929169
202400014432;1;2;2024;17:00;1;35;35238;2;1;1;3;PATTON (AVENUE DU GENERAL SIR GEORGES);48,13727000; -1,65864000
202400031701;17;5;2024;18:51;3;988;98818;2;1;2;6;VE1; -22,26299000;166,44280000
202400026832;15;6;2024;18:25;3;974;97405;1;1;2;1;Rue Maxime Payet; -21,37030500;55,58176500
202400053700;1;1;2024;21:17;3;34;34032;1;1;1;2;A75;43,35897400;3,26702400
202400044147;27;9;2024;17:05;1;71;71433;1;2;1;4;D985;46,36942490;4,25541312
202400016146;26;12;2024;13:55;1;91;91064;1;1;1;6;RN 118;48,74376800;2,19001000
202400024148;25;1;2024;09:10;1;75;75108;2;2;1;3;RUE DE MONCEAU;48,87941400;2,31429500
202400038018;1;10;2024;18:25;1;06;06027;2;3;1;6;Rue Louis Négro;43,66460000;7,15150000
202400029720;11;4;2024;08:20;1;13;13005;1;2;1;3;D396;43,30874000;5,60804300
202400014145;28;12;2024;14:00;1;94;94038;1;1;1;3;A6B;48,77727970;2,34594496
202400038874;10;12;2024;12:30;1;75;75108;2;7;1;2;BOULEVARD DE COURCELLES;48,88051400;2,30974300
202400027539;12;4;2024;19:05;1;33;33529;2;1;1;7;;44,64616400; -1,16405073
202400017347;13;3;2024;17:10;1;71;71029;1;1;1;6;D73;46,85348200;5,35571200
202400036051;27;8;2024;08:11;1;67;67296;2;4;1;3;Rue Principale;48,61390842;7,69078642
202400042187;10;6;2024;19:35;2;81;81055;1;1;1;6;RD 629;43,42828380;2,05621810
202400045131;7;1;2024;02:55;3;50;50218;1;1;2;6;CRETE  (RUE DE LA);48,82252700; -1,57463430
202400041075;11;5;2024;17:50;1;69;69149;2;1;1;3;103 Rue Emile Zola;45,71970000;4,80061000
202400015915;26;12;2024;12:00;1;94;94058;2;1;1;6;Avenue Ledru-rollin;48,84085000;2,49790000
202400035374;16;1;2024;07:30;5;91;91521;2;2;8;6;COPERNIC (RUE);48,65001400;2,40091600
202400009063;16;10;2024;07:47;1;971;97101;1;3;1;3;ROUTE DE BOISVINS;16,26524780; -61,48090839
202400043156;9;1;2024;00:05;5;94;94028;1;1;4;6;RN406;48,77671246;2,44308921
202400033007;13;12;2024;16:50;1;94;94043;2;1;1;6;Avenue de Fontainebleau;48,81257188;2,36144149
202400014529;5;8;2024;09:05;1;71;71481;1;2;1;3;D906;46,19795000;4,76361900
202400012051;23;4;2024;18:30;1;76;76054;1;1;1;6;D149;49,90954700;1,38120900
202400043623;24;8;2024;13:50;1;68;68329;1;1;1;4;D417;48,06911800;7,04854000
202400020945;8;8;2024;17:36;1;38;38169;2;9;1;3;BOULEVARD PAUL LANGEVIN;45,19562000;5,67465000
202400042269;26;9;2024;21:15;3;70;70433;1;1;9;6;D76;47,56603700;6,23007400
202400043341;24;2;2024;14:45;1;26;26118;1;1;2;1;330 Route de Lapeyrouse;45,31097900;4,93620300
202400031665;17;5;2024;19:30;1;13;13015;1;1;1;2;A51-Sens Marseille vers Aix en Provence;43,42801022;5,38616758
202400021861;13;4;2024;18:06;1;51;51454;2;1;1;7;ESCAUT (RUE);49,24761700;4,06772400
202400042989;7;5;2024;17:00;1;02;02168;1;1;1;2;;49,05074000;3,38561000
202400022418;25;5;2024;20:00;1;63;63265;1;3;1;3;Puy Renard;45,84398400;3,42865200
202400011225;15;3;2024;10:40;1;40;40110;2;1;1;6;place de l'hotel de ville;43,63993724; -0,37827403
202400011709;22;4;2024;08:30;1;75;75114;2;3;1;6;RUE LIANCOURT;48,83502100;2,32406100
202400003228;21;10;2024;17:00;1;973;97302;2;3;1;3;SAINT ANTOINE (CHEMIN);4,93206000; -52,29717000
202400044023;23;8;2024;18:30;1;86;86001;1;1;1;6;Lieu Dit la Gigardeau;46,27700400;0,80545500
202400026538;8;10;2024;12:15;1;82;82187;1;1;1;6;Route de l’Aveyron;44,16389000;1,91810100
202400001640;24;3;2024;05:55;5;42;42279;2;2;2;3;Route de Saint-Étienne;45,51276400;4,26828500
202400021430;8;3;2024;16:40;1;59;59653;2;1;1;7;Rue du Marais de la Ville;50,56225300;2,92838100
202400022499;29;7;2024;08:28;1;92;92036;1;6;1;3;MARCEL PAUL (AVENUE) (52/102);48,93987656;2,30356264
202400050582;27;3;2024;07:55;1;29;29019;2;6;1;3;avenue Georges Clemenceau;48,39133000; -4,48838000
202400014280;10;9;2024;10:25;1;75;75114;2;7;1;6;BOULEVARD DU MONTPARNASSE;48,84354400;2,32467200
202400016760;29;5;2024;08:55;1;77;77517;1;1;2;2;A104.INT;48,90843855;2,63820456
202400044193;1;11;2024;21:40;4;973;97309;1;1;1;3;Route de la Matourienne;4,88190900; -52,29251300
202400052106;16;8;2024;17:00;1;29;29057;1;1;2;1;rue Neuve;47,91700319; -3,97045224
202400048473;23;9;2024;09:00;2;35;35281;2;3;2;7;MERMOZ (BOULEVARD JEAN);48,09657419; -1,69193881
202400023595;19;12;2024;18:25;1;974;97407;1;1;1;5;ROUTE NATIONALE N° 1; -20,94886000;55,32176000
202400024949;13;11;2024;15:20;1;62;62108;2;6;1;3;Rond Point du Marquenterre;50,40300000;1,59239000
202400022969;27;6;2024;20:00;1;2A;2A006;1;1;1;6;D81;41,97660100;8,78022200
202400050576;27;3;2024;17:30;1;30;30007;2;1;1;7;DUMAS (AVE JEAN-BAPTISTE);44,13178000;4,07836000
202400043960;14;6;2024;09:25;1;75;75115;2;3;2;3;RUE FALGUIERE;48,83711200;2,31066100
202400002593;28;4;2024;05:15;3;987;98714;2;1;1;6;nunue; -16,38800000; -151,76500000
202400012691;15;8;2024;09:47;1;84;84031;1;1;1;2;D942;44,04632000;5,02397000
202400027238;5;3;2024;22:20;3;78;78238;1;1;2;6;A13;48,97067100;1,87908200
202400017355;20;11;2024;09:47;1;45;45234;2;1;1;6;9 Avenue des Droits de l'Homme;47,91591000;1,92389000
202400024607;9;10;2024;17:45;1;34;34295;1;3;1;7;M5e3;43,56479000;3,80357100
202400029742;21;1;2024;15:00;1;31;31547;1;2;1;3;D50;43,50428600;1,24834300
202400049218;3;1;2024;12:40;1;67;67482;2;3;2;6;LAUSANNE (RUE DE);48,57639000;7,75707000
202400012052;11;9;2024;14:20;1;93;93066;1;1;1;7;AUTOROUTE A86;48,92418411;2,34161019
202400037427;6;4;2024;01:30;5;75;75116;2;1;1;6;AVENUE DU PRESIDENT KENNEDY;48,85704400;2,28676300
202400031414;10;4;2024;17:44;1;75;75102;2;2;1;2;BOULEVARD DES ITALIENS;48,87189500;2,34000000
202400048122;19;8;2024;14:23;1;92;92051;2;2;1;3;RICHARD WALLACE (BOULEVARD);48,87623949;2,24641353
202400050266;10;6;2024;19:30;1;30;30028;2;1;1;3;PONT SAINT ESPRIT (ROUTE DE);44,17480000;4,62001000
202400031928;19;1;2024;18:30;3;91;91547;1;2;5;3;ANGERVILLE (ROUTE D');48,41402000;1,96659600
202400046903;30;3;2024;15:05;1;77;77284;2;1;1;6;ALLENDE (AV.SALVADOR);48,95466900;2,89382900
202400031949;17;5;2024;07:35;1;17;17306;2;1;8;3;AMPERE;45,63180000; -1,00244000
202400050581;4;5;2024;12:20;1;57;57463;2;1;1;6;GEORGES CLEMENCEAU (BOULEVARD );49,10946500;6,16335300
202400030957;16;12;2024;19:26;3;31;31567;1;3;1;3;Route de Castres;43,59413000;1,66829100
202400034844;7;11;2024;20:20;5;75;75111;2;1;1;3;BOULEVARD VOLTAIRE;48,85132200;2,39097800
202400006559;6;2;2024;13:20;1;89;89024;2;1;1;3;HAUSSMANN (AVENUE);47,81038000;3,57134000
202400030974;9;11;2024;11:00;1;45;45234;2;3;7;6;2 Place Albert Camus;47,83523000;1,93586000
202400032723;14;12;2024;21:36;3;44;44153;1;1;1;7;;47,69449800; -1,44992200
202400041563;24;8;2024;05:40;2;59;59512;2;9;1;3;Boulevard de Fourmies;50,67651000;3,17972000
202400039756;19;7;2024;17:50;1;52;52271;1;1;1;7;D1;48,08058800;5,34963400
202400005937;10;6;2024;15:10;1;93;93063;2;1;1;3;Rue Gabriel Husson;48,88281566;2,43640427
202400011477;4;7;2024;18:45;1;03;03144;1;1;1;7;D15;46,39409800;3,76384500
202400029254;4;3;2024;11:30;1;78;78350;2;1;1;3;CONTI (QUAI);48,87656100;2,11682900
202400020322;6;9;2024;18:40;1;37;37261;2;1;1;6;ARSONVAL (AVENUE ARSENE D');47,35574000;0,70127000
202400049148;23;9;2024;07:10;2;75;75108;2;2;2;7;AVENUE DES CHAMPS ELYSEES;48,86880497;2,31015408
202400051103;12;7;2024;12:10;1;92;92044;2;2;8;3;ARISTIDE BRIAND(RUE)51A83  54A96;48,89361704;2,29112247
202400040327;10;12;2024;07:20;5;92;92023;2;9;5;3;PORTE DE TRIVAUX (RUE DE) N°57 A 197 ET;48,79110895;2,26016700
202400035853;7;4;2024;16:22;1;91;91689;1;1;1;2;AUTOROUTE A6;48,74023724;2,31816101
202400044386;30;10;2024;12:30;1;64;64445;2;2;1;3;STANISLAS LAVIGNE;43,31227000; -0,37316000
202400039661;19;7;2024;14:30;1;72;72183;1;9;1;3;lieu dit les petits bournais;47,71674934;0,56842446
202400026525;9;10;2024;10:40;1;15;15066;1;1;2;7;RD 17;45,10436000;2,66427500
202400029646;20;1;2024;17:25;5;75;75112;2;1;1;2;BD PERIPHERIQUE EXTERIEUR;48,83017100;2,40218800
202400006469;9;8;2024;04:15;5;47;47027;2;1;1;6;BORDEAUX (avenue de);44,40449000;0,66942000
202400019243;11;3;2024;10:30;1;75;75106;2;7;1;3;PLACE SAINT MICHEL;48,85377619;2,34426588
202400040713;3;11;2024;22:00;5;92;92024;2;6;1;6;GENERAL LECLERC (BD DU) (9 A 59)   (4 A;48,90295192;2,31326848
202400021938;30;7;2024;15:40;1;93;93064;2;1;1;6;Boulevard d'Alsace-lorraine;48,88589900;2,47679700
202400053388;13;2;2024;10:20;1;34;34172;2;1;1;3;MENDES FRANCE (AVENUE PRESIDENT PIERRE;43,60740200;3,91739700
202400038473;4;11;2024;09:30;1;13;13103;2;1;1;2;AVENUE MICHELET;43,64048400;5,08464357
202400032547;21;6;2024;12:26;1;973;97302;1;1;8;7;ROUTE NATIONALE 3;4,90379000; -52,31641000
202400006584;26;11;2024;11:20;1;69;69091;2;1;1;6;Rue Jean Ligonnet;45,59457000;4,76986000
202400007003;3;6;2024;08:55;1;62;62108;2;1;1;3;Rue Alfred Lambert;50,40928436;1,56674731
202400014166;27;12;2024;03:26;5;2B;2B033;2;9;1;2;11 - RT;42,66635000;9,44270000
202400022478;29;7;2024;08:50;1;94;94041;2;1;1;3;Boulevard Paul Vaillant Couturier;48,81951926;2,39637324
202400042184;15;6;2024;15:20;1;82;82113;1;1;1;3;Route Départementale 20;44,20391200;1,40041400
202400017283;30;6;2024;19:15;1;14;14117;2;1;1;7;90 Avenue Charles de Gaulle;49,28549600; -0,13912700
202400050287;21;9;2024;23:20;5;75;75105;2;4;1;3;RUE GAY LUSSAC;48,84122600;2,34363300
202400035433;15;1;2024;12:40;1;69;69290;2;2;2;1;Avenue de la Gare;45,69025000;4,93721000
202400038864;6;12;2024;05:00;5;75;75117;2;3;1;3;ECHANGEUR CLICHY;48,89640200;2,31032600
202400053453;2;12;2024;08:29;1;44;44094;1;2;1;3;Route de Saint-Mars-du-Désert;47,34106200; -1,40738700
202400036455;1;10;2024;00:20;5;72;72181;2;1;1;6;BARTHOLDI FRED AUGUSTE (AV) PAIRS;48,01800000;0,15300000
202400052837;1;12;2024;12:30;1;75;75115;2;3;1;3;AVENUE FELIX FAURE;48,84012600;2,28541500
202400022002;26;1;2024;18:25;1;973;97302;2;3;1;3;MANGO (ROUTE);4,93189027; -52,31772467
202400039770;10;6;2024;11:00;1;74;74081;2;3;1;3;19 Rue marcellin berthelot;46,06049400;6,57857900
202400010442;18;10;2024;19:15;5;74;74010;2;6;1;6;RHONE (AVENUE DU);45,89859000;6,11837000
202400009799;25;11;2024;07:25;4;62;62510;2;9;2;6;Rue Jules Ferry;50,42907000;2,74951000
202400006703;7;2;2024;19:20;5;06;06069;2;2;1;3;Boulevard Commandant Autran;43,66262000;6,93377000
202400024009;28;7;2024;11:30;1;05;05068;2;1;1;7;D211;44,50651051;6,11104050
202400003273;6;6;2024;19:20;1;75;75116;2;1;1;3;ALLEE DES FORTIFICATIONS;48,85133200;2,25901500
202400045613;12;6;2024;20:40;1;22;22278;2;1;1;6;CITE (PL. DE LA);48,51427000; -2,74082000
202400041819;17;7;2024;13:30;1;11;11262;2;1;1;5;;43,19906000;2,97145000
202400041387;19;7;2024;00:15;3;65;65288;2;1;1;6;6 CHEMIN DE CASTETS;43,31016700;0,29831500
202400005771;15;9;2024;21:15;3;93;93066;1;1;1;2;AUTOROUTE A1;48,90515615;2,35842786
202400054098;16;7;2024;17:15;1;29;29117;1;2;1;3;Lieu Dit Kerveur;48,56157000; -4,51318100
202400052356;25;10;2024;22:45;5;30;30007;2;1;2;7;GAGARINE (AVE YOURI);44,13110000;4,09705000
202400041719;24;2;2024;17:30;1;22;22305;1;1;2;1;Kergoet;48,27400900; -2,18268200
202400022154;26;1;2024;20:37;5;63;63113;2;5;2;6;JOUHAUX (BD LEON);45,79250000;3,11793000
202400042218;16;6;2024;18:20;1;25;25315;1;1;1;3;voie communale n°7;47,43237700;6,59216200
202400050191;3;12;2024;11:45;1;31;31555;2;1;2;2;BD PIERRE PAUL RIQUET;43,60654700;1,45582710
202400022086;15;4;2024;19:16;1;01;01374;1;1;1;1;Chemin du Pavillon;46,11855500;5,30112900
202400033962;29;8;2024;17:45;1;69;69387;2;1;1;5;Avenue Jean Jaurès;45,74331000;4,84055000
202400052064;13;2;2024;17:35;1;49;49007;2;1;1;3;PASTEUR;47,48130000; -0,52395000
202400006654;10;8;2024;20:09;1;76;76487;1;1;1;3;D1;49,80027700;1,31570400
202400026742;13;11;2024;20:13;5;2A;2A004;2;2;1;3;NAPOLEON COURS AVANT BEVERINI;41,91984000;8,73681000
202400053752;11;7;2024;00:40;3;93;93048;1;1;1;2;AUTOROUTE A86;48,86456714;2,48230399
202400045930;30;10;2024;22:05;3;78;78029;1;1;1;3;A13W;48,96558000;1,84914000
202400006479;6;2;2024;00:37;3;28;28364;1;1;1;1;D111;48,16904400;1,55091000
202400031163;2;3;2024;12:15;1;974;97409;2;1;1;2;Salazie (route de); -21,00146000;55,59060000
202400001389;30;11;2024;17:05;1;987;98729;1;1;2;1;PK 7.800 District de Patae - Afareaitu; -17,54535300; -149,77961500
202400022256;23;1;2024;17:45;5;06;06027;2;1;1;4;Promenade de la Plage;43,65230000;7,15440000
202400039494;21;2;2024;11:00;1;11;11069;2;1;1;6;;43,21110700;2,37619600
202400004837;31;8;2024;14:56;1;74;74099;2;2;1;1;106 Route de sallanches;45,86890800;6,62843000
202400000213;23;3;2024;18:44;2;27;27379;1;1;1;1;D14;49,37657800;1,67905300
202400028078;2;9;2024;11:25;1;93;93051;2;1;1;6;ARCADES (VOIE);48,83980000;2,54485000
202400000081;1;5;2024;18:05;1;69;69382;2;1;1;6;3 Rue de la Barre;45,75779000;4,83500000
202400035782;2;2;2024;16:55;1;74;74281;2;1;1;3;CORNICHE (BD DE LA) INFERIEUR N°20;46,37135000;6,47241000
202400024222;4;9;2024;21:30;3;2A;2A041;2;1;1;6;D60;41,41031900;9,18349200
202400044884;10;1;2024;08:05;1;973;97309;2;3;1;1;Route de Montjoly (rd1);4,91729101; -52,27683038
202400039194;13;1;2024;19:20;3;36;36018;2;4;9;3;Rue de la Trimouille;46,62263217;1,05278536
202400050579;28;3;2024;15:30;1;29;29232;2;1;2;6;Rue Saint Julien;47,99270000; -4,09142000
202400006289;25;11;2024;07:25;5;78;78089;2;3;2;3;Avenue Aristide Briand;49,03583800;1,57481000
202400002727;3;11;2024;16:00;1;88;88487;1;1;1;5;D157;47,95602600;6,45210700
202400034480;2;10;2024;18:11;2;77;77288;1;1;1;3;D 605;48,54286000;2,68061000
202400017966;25;12;2024;12:00;1;66;66217;2;7;1;3;avenue canterana;42,61121200;2,80803700
202400022782;27;8;2024;19:20;2;83;83126;2;6;1;6;MERLE (BD TOUSSAINT);43,10109000;5,88836000
202400048118;24;9;2024;16:10;1;24;24354;1;1;1;6;D730;45,12041621;0,06465465
202400024494;22;5;2024;16:20;1;75;75117;2;4;1;6;AVENUE DE LA PORTE DE CLICHY;48,89616100;2,31027800
202400002494;29;11;2024;15:30;1;42;42181;2;8;1;3;Rue Jean Jaurès;45,98789000;4,21605700
202400022241;5;9;2024;08:00;1;45;45234;2;6;2;1;Rue du Chapeau Rouge;47,87980000;1,88540000
202400052798;13;2;2024;07:20;1;974;97411;2;1;1;6;MONTHYON (RUE); -20,88685000;55,46183000
202400004673;10;8;2024;19:45;2;22;22135;1;1;1;6;Lieu Dit Kermaria;48,57505800; -3,37793600
202400014899;15;10;2024;09:00;1;33;33009;2;4;2;7;;44,65653880; -1,16414502
202400016649;13;4;2024;18:20;1;42;42218;2;2;1;3;Cours Victor Hugo;45,43270000;4,38820000
202400029453;11;4;2024;18:35;1;37;37195;2;1;1;6;PAGNOL (PLACE MARCEL);47,38948000;0,65986000
202400037474;14;5;2024;07:25;1;92;92036;1;1;3;7;AUTOROUTE A15;48,94917898;2,28036318
202400039724;26;8;2024;23:55;3;33;33519;1;1;1;2;;44,90206900; -0,68480000
202400052040;9;6;2024;03:15;4;22;22278;2;3;1;3;GAMBETTA (BD);48,51861000; -2,75685000
202400052551;20;9;2024;13:35;1;54;54395;2;2;1;3;Rue du Manege;48,69218000;6,18704000
202400036451;8;11;2024;04:20;3;03;03290;1;1;5;2;Nationale 7;46,64597500;3,27164100
202400040676;3;11;2024;13:00;1;13;13056;2;1;1;2;KLEBER QUAI JEAN BAPTISTE;43,40587094;5,05624795
202400039394;19;2;2024;18:00;1;16;16015;2;8;1;6;BORDEAUX (ROUTE DE N° IMPAIRS);45,63871000;0,12987000
202400028797;12;11;2024;17:20;5;92;92026;2;1;1;3;VERDUN (DE 62 A FIN);48,89921942;2,26198711
202400041508;25;2;2024;07:30;2;91;91225;1;1;2;2;N6;48,66353400;2,51416400
202400036643;19;6;2024;10:40;1;93;93005;1;1;1;3;A3;48,95091347;2,47454259
202400004129;16;9;2024;16:50;1;11;11262;2;1;1;2;63 Avenue de Bordeaux;43,18178000;2,98475000
202400029082;10;7;2024;14:50;1;13;13004;1;1;7;2;D570;43,64222100;4,56436900
202400038250;18;6;2024;22:30;5;75;75117;2;5;1;6;BOULEVARD GOUVION SAINT CYR;48,88223400;2,28629200
202400011459;4;7;2024;12:40;1;67;67463;1;1;1;7;D752;48,91350000;8,10794800
202400025729;23;1;2024;16:55;1;91;91027;2;1;1;3;RTE NATIONALE 7;48,70577500;2,37144900
202400051125;28;3;2024;06:51;2;09;09269;1;1;1;6;d117;42,99402100;1,54637900
202400031230;3;3;2024;00:01;5;987;98748;1;1;1;2;PK 2.300 TOAHOTU; -17,76498049; -149,31403398
202400028986;11;11;2024;15:00;1;01;01381;1;3;1;6;Saint-Nizier-le-Désert;46,03831200;5,14894000
202400020261;27;1;2024;23:55;5;83;83069;2;2;1;3;AVENUE RITONDALE LEOPOLD;43,11351000;6,12992000
202400035076;29;2;2024;17:50;2;988;98818;2;4;1;6;RUE DE PAPEETE/RUE HYPPOLITE EMILE LOISEAU; -22,24332000;166,44144000
202400012839;31;5;2024;17:30;1;75;75118;2;2;1;6;RUE DES POISSONNIERS;48,88827900;2,35148500
202400016755;29;5;2024;09:20;1;92;92025;1;1;1;3;A86;48,93500468;2,25929339
202400000645;13;8;2024;10:47;1;42;42187;2;5;1;6;Avenue de Paris;46,04203000;4,07302000
202400034335;3;10;2024;17:00;1;92;92012;2;1;1;2;JEAN JAURES (BOULEVARD) 2/68 - COTE PAIR;48,84421884;2,23759130
202400040794;10;12;2024;15:05;1;89;89380;1;1;1;2;autoroute A6 pk 110.500;48,05860000;3,09300000
202400013374;13;3;2024;15:05;1;973;97302;2;1;1;6;MOLE;4,93607727; -52,33240306
202400039565;12;5;2024;16:08;1;26;26138;1;1;1;4;Autoroute A7;44,38673800;4,73113800
202400014586;27;12;2024;08:50;1;93;93066;1;1;1;2;AUTOROUTE A1;48,92985457;2,36307976
202400030554;22;6;2024;01:00;5;06;06004;2;1;1;3;1422 Route de Grasse;43,59589910;7,09134570
202400004422;11;8;2024;08:05;1;94;94034;1;1;1;2;A6A;48,75120273;2,32960518
202400006162;15;9;2024;17:45;1;38;38412;2;3;1;5;D520;45,38858800;5,72425800
202400040593;5;11;2024;10:20;1;38;38565;1;1;1;7;D3;45,27942400;5,62461900
202400047310;20;8;2024;18:24;1;51;51263;1;1;8;1;chemin forestier;48,87394600;3,70461300
202400003654;7;7;2024;10:00;1;76;76473;2;1;1;6;Rue du Petit Pont;49,49666800;0,75962800
202400007221;20;10;2024;15:40;1;66;66215;1;1;1;6;D2;42,71060900;2,49694300
202400001139;6;6;2024;01:00;5;33;33063;2;3;1;6;;44,83511000; -0,56434000
202400017835;23;12;2024;17:40;5;75;75120;2;1;1;2;BD PERIPHERIQUE INTERIEUR;48,85724000;2,41402500
202400001487;23;10;2024;10:35;1;93;93001;2;1;1;3;LEOPOLD RECHOSSIERE (RUE)  (RESTE);48,91347442;2,39381594
202400009026;19;10;2024;15:25;1;17;17308;2;2;1;4;Avenue de Villeneuve;45,87137700; -0,96008300
202400010461;29;10;2024;13:20;1;42;42305;2;1;1;5;Rue Jean Rostand;45,47218000;4,43947000
202400047402;12;6;2024;10:09;1;38;38151;2;3;1;6;AVENUE DES F.T.P.F.;45,14803655;5,72420955
202400026961;12;11;2024;16:30;1;83;83143;1;1;1;1;D562;43,45013100;6,09492300
202400045820;12;6;2024;14:05;1;92;92025;2;1;1;1;VALMY (BD DE);48,93089940;2,25520442
202400018866;12;10;2024;14:15;1;21;21298;1;1;8;2;A6;47,32681000;4,48497500
202400027396;23;1;2024;06:30;5;59;59512;2;9;1;6;Boulevard de Fourmies;50,67617287;3,18052631
202400038656;5;11;2024;20:30;3;58;58215;1;1;5;6;D243;47,29442500;2,93918600
202400031989;17;5;2024;18:55;1;09;09013;1;1;8;4;20 (R.N.) TUNNEL;42,97406200;1,62273100
202400018387;31;7;2024;15:55;1;67;67482;2;1;1;3;ZURICH (RUE DE);48,58109000;7,75637000
202400019233;20;11;2024;06:00;1;973;97305;1;1;1;5;Macouria;4,94234200; -52,41457000
202400044774;3;4;2024;07:30;2;07;07339;1;1;2;1;D104;44,66301299;4,45153702
202400008851;5;2;2024;09:15;1;13;13203;2;1;1;6;MATHIEU STILATTI (RUE);43,30922065;5,37656959
202400038562;11;12;2024;08:00;5;35;35051;2;1;1;6;DOMLOUP (ROUTE DE);48,11377190; -1,59081690
202400012084;12;4;2024;19:30;5;973;97309;2;3;1;3;Route de Rémire;4,89889483; -52,27388665
202400049502;29;3;2024;19:30;1;33;33318;1;1;1;4;;44,78806000; -0,63244000
202400011484;1;6;2024;16:30;1;72;72126;1;2;1;3;Intersection D21 / C3;48,02942000; -0,09871100
202400032426;2;10;2024;16:55;1;94;94068;2;2;1;3;Quai du Petit Parc;48,81296600;2,47977100
202400041255;10;5;2024;17:00;1;13;13028;2;1;1;3;LAMARTINE (BOULEVARD JEAN);43,17889000;5,60807000
202400000999;9;2;2024;17:15;1;83;83087;1;1;2;5;D560;43,38540200;5,74900400
202400001166;7;6;2024;19:45;1;17;17274;2;9;1;3;GRANDE RUE   RUE;46,15200000; -1,10400000
202400028517;6;10;2024;19:20;2;27;27375;2;1;2;7;DUNANT (AVENUE HENRI);49,20997000;1,17089000
202400051778;27;3;2024;09:00;1;35;35238;2;1;2;2;ARMORIQUE (BD D');48,13127000; -1,67418000
202400046616;28;10;2024;15:30;1;67;67482;2;3;1;3;CHAMPS (RUE DES);48,59430000;7,72335000
202400043631;15;7;2024;20:25;1;59;59375;2;1;1;6;ORCHIES CD 957 (ROUTE D');50,41136000;3,27333000
202400010997;1;6;2024;22:30;5;13;13210;2;1;1;2;CAPELETTE (AVENUE DE LA);43,27911000;5,41349000
202400000730;13;8;2024;12:20;1;93;93066;2;1;1;3;Boulevard Carnot;48,93842700;2,35300800
202400001222;6;6;2024;20:30;1;94;94011;2;3;1;6;Mail de la Résistance / Rue Jean Macé;48,76598000;2,48521000
202400031868;8;4;2024;08:44;1;49;49007;2;3;1;3;LIONNAISE;47,47635000; -0,56311000
202400032701;9;11;2024;17:00;5;94;94034;1;1;1;2;A86;48,75858429;2,32546118
202400052408;30;11;2024;16:00;1;56;56098;2;1;8;2;Sortie parc des expos;47,77823800; -3,35326800
202400017769;30;1;2024;18:45;5;62;62193;2;1;1;6;D940;50,95245152;1,83180196
202400034495;8;11;2024;21:30;3;62;62748;1;1;1;1;D218;50,97189000;2,12267900
202400018484;1;8;2024;08:03;1;75;75116;2;5;1;6;CHAUSSEE LA MUETTE;48,85826200;2,27261100
202400020001;23;12;2024;18:23;5;42;42180;1;4;2;3;Route de Curraize;45,58952000;4,14659100
202400031169;2;3;2024;15:15;1;83;83069;2;1;1;6;OLBIA  (VOIE);43,11346000;6,12873000
202400047085;8;5;2024;17:50;1;60;60313;1;1;1;2;D12;49,36302828;2,24714184
202400044842;9;5;2024;22:25;3;07;07058;1;1;1;6;D5;44,55203800;4,28945300
202400037271;5;4;2024;17:30;1;45;45234;2;1;8;4;46 Rue du Faubourg Bannier;47,90969000;1,90083000
202400016752;29;5;2024;09:32;1;94;94076;1;1;8;3;A6B;48,79081730;2,34457243
202400025229;8;3;2024;06:10;2;2A;2A189;1;1;1;1;RT 40;41,69743000;8,90381800
202400007709;6;7;2024;00:45;5;63;63113;2;3;1;3;BARBUSSE (RUE HENRI);45,78269000;3,08657000
202400028878;8;11;2024;06:14;3;78;78506;1;1;2;3;D177;48,49122700;1,80630600
202400024654;8;10;2024;14:40;1;54;54197;1;1;8;6;A330;48,63380671;6,18197680
202400017478;20;11;2024;10:15;1;92;92036;2;1;1;2;FOSSE BLANC (RUE DU) (1/145);48,92542216;2,30751559
202400028028;22;1;2024;15:15;1;06;06069;2;1;1;6;Avenue Antoine de Saint Exupéry;43,66525000;6,93850000
202400038686;9;10;2024;14:10;1;78;78206;1;4;3;1;RUE DE LA REPUBLIQUE;48,95187400;1,91287600
202400032988;8;11;2024;10:40;1;75;75109;2;3;1;3;RUE HENRY MONNIER;48,88001500;2,33732400
202400026046;27;7;2024;13:30;1;37;37261;2;9;2;3;DESLONDAINS (RUE ADRIEN);47,39055000;0,67265000
202400013452;26;6;2024;17:00;1;976;97611;2;1;1;6;mamoudzou centre-Haladi Selemani ( rue ); -12,77956000;45,22752000
202400018276;23;12;2024;15:15;1;75;75116;2;1;1;5;ROUTE DE SEVRES A NEUILLY;48,85997000;2,23704000
202400006651;30;8;2024;18:10;1;13;13202;1;1;1;6;A55-Sens Marseille vers Martigues;43,33007200;5,35510400
202400019818;27;1;2024;14:30;1;972;97209;1;1;1;6;REDOUTE (ROUTE DE LA);14,63443000; -61,05472000
202400043438;18;8;2024;23:40;3;84;84099;1;1;1;2;5828 Route de Gordes;43,86675200;5,11803000
202400024732;8;10;2024;09:20;1;29;29232;2;1;1;2;Boulevard de Creac'h Gwen;47,97530100; -4,09776800
202400054306;24;3;2024;12:35;1;44;44184;2;2;1;3;52 Rue du Maine;47,27758000; -2,21096000
202400038908;13;1;2024;16:23;1;82;82037;2;1;1;6;Boulevard Léonce Granié;44,16154800;1,53601300
202400047885;12;7;2024;17:54;1;31;31547;1;2;1;1;Route de Saint Lys;43,50427400;1,24821400
202400035470;29;2;2024;16:46;1;38;38353;2;1;1;1;Chemin des acacias;45,41714100;4,75767000
202400032054;29;8;2024;16:10;1;987;98735;2;1;1;3;CLEMENCEAU (RUE BLOC CHIN LOY); -17,53551000; -149,55741000
202400016115;9;9;2024;20:30;5;77;77389;1;9;8;4;GENERAL LECLERC(AVENUE DU);48,51780000;2,65518000
202400019905;26;1;2024;15:50;1;59;59431;2;1;1;1;MOULIN  (RUE DU);50,70058000;2,84656000
202400035139;17;5;2024;12:10;1;34;34022;2;1;1;3;12 Allée de la Mésange;43,65626300;4,00888700
202400039809;19;7;2024;17:30;1;78;78133;1;1;1;4;A13;48,89117100;2,00946700
202400016414;8;9;2024;10:52;1;25;25367;2;2;1;3;43 Rue de Beaulieu;47,44460800;6,81658500
202400031738;25;7;2024;08:45;1;32;32107;1;1;1;5;Route d?Agen;43,96229500;0,38713400
202400054052;13;2;2024;14:45;1;971;97112;1;1;1;4;route des basses;15,87083400; -61,28511800
202400013833;23;11;2024;08:35;2;31;31587;2;3;1;1;1011 Route de Castelnau;43,76858700;1,39713000
202400029761;21;1;2024;12:50;1;76;76689;1;9;1;7;Route de Bois-Mare;49,72255100;0,52238700
202400053720;2;5;2024;16:50;1;94;94002;2;2;3;6;Rue Paul Vaillant Couturier / Rue du Mal de Lattre de Tassigny;48,80017000;2,42257000
202400040056;25;8;2024;19:40;1;07;07204;1;1;1;1;Départementale 21;44,97762900;4,43648600
202400017163;2;7;2024;00:15;5;06;06088;1;1;1;2;Bretelle Sortie N°50 A8 - Route de Grenoble (Provenance Cannes) sud;43,66975000;7,20127000
202400004061;28;4;2024;16:30;1;974;97416;1;1;1;6;CONCESSION CONDE(CHEMIN); -21,29832000;55,49826000
202400053691;1;5;2024;23:52;5;94;94003;2;3;2;6;Avenue Gabriel Péri / Rue de l'Etoile;48,80243159;2,34385264
202400034979;13;12;2024;18:55;3;79;79303;1;1;1;7;;46,37500700; -0,10028300
202400048668;5;5;2024;22:25;5;92;92023;2;9;1;3;GENERAL DE GAULLE (AV DU) N°130 A 340 ET;48,78343224;2,24666825
202400051506;14;2;2024;12:50;1;47;47252;1;9;1;2;D911l;44,39969000;0,61004400
202400053497;13;8;2024;13:10;1;56;56098;2;1;1;6;Rue Rouget de l'Isle;47,77859000; -3,34714000
202400045956;26;9;2024;20:35;3;77;77249;1;1;1;6;A104;48,72957631;2,60792961
202400006384;8;8;2024;09:00;1;84;84007;2;1;1;2;C.De GAULLE (Rocade);43,93859000;4,78379000
202400017040;10;3;2024;21:50;5;94;94028;2;2;1;3;Rue Pasteur Vallery Radot / Avenue des Petites Haies;48,78816000;2,44095000
202400025778;3;9;2024;20:00;1;80;80021;2;1;1;2;Place Alphonse Fiquet;49,89079000;2,30633000
202400042362;8;12;2024;18:39;5;76;76498;2;2;8;6;Avenue des Allies;49,42475000;1,05583000
202400006557;9;8;2024;18:45;1;75;75119;2;1;1;2;BD PERIPHERIQUE EXTERIEUR;48,90035500;2,38210300
202400027310;16;12;2024;17:40;5;44;44109;2;1;1;6;16 Rue Eugène Delacroix;47,22294000; -1,59034000
202400038820;10;12;2024;07:30;2;63;63113;2;3;1;6;rue de Chalonnax / rue de la Fontaine du Large;45,79218000;3,09171000
202400028450;7;10;2024;11:45;1;13;13041;1;1;1;1;D46a PK 0+450;43,46507900;5,46894900
202400009870;13;9;2024;09:00;1;93;93064;2;1;1;2;MAUNOURY (RUE DU MARECHAL);48,87141691;2,48316217
202400025387;6;3;2024;15:00;1;69;69034;2;1;1;6;Quai Clemenceau;45,79212000;4,82415000
202400029110;16;12;2024;14:00;1;91;91228;2;1;8;6;RUE DE L ECOLE;48,61826200;2,43290800
202400006632;8;8;2024;10:10;1;92;92050;2;2;1;3;JOILIOT CURIE F. ET IRENE AVENUE N°IMPAI;48,88881004;2,20320627
202400026940;24;6;2024;07:55;2;49;49023;1;2;1;1;La Croix qui Chante (Calvaire);47,16072300; -0,84058300
202400021525;21;12;2024;12:30;1;93;93074;1;1;1;2;Route Nationale 3;48,93459000;2,57978000
202400028984;18;9;2024;15:45;1;39;39494;1;1;1;3;;46,58887400;5,92092100
202400011276;16;3;2024;13:39;1;2B;2B120;1;1;1;2;11 - RT;42,65176000;9,44097000
202400006546;8;8;2024;11:00;1;08;08105;2;1;1;6;36 Rue de Warcq;49,76361000;4,69961000
202400022983;26;6;2024;15:42;1;39;39491;2;1;1;6;6 Route de Ravilloles;46,41613400;5,80832400
202400023767;26;1;2024;16:15;1;13;13014;1;1;1;1;D21B;43,51305660;5,12423587
202400049023;13;7;2024;19:41;5;973;97302;1;6;1;3;MARINGOUINS (ROND-POINT);4,90698000; -52,32233000
202400017964;19;4;2024;06:20;5;81;81081;2;1;1;6;D85;43,49544500;2,15132500
202400001585;9;7;2024;10:30;1;44;44069;2;1;2;6;3 avenue de la brière;47,33083800; -2,42370400
202400035205;5;4;2024;15:00;1;25;25057;2;1;1;6;Rue de la Vieille Eglise;47,53183400;6,79889500
202400009469;15;3;2024;18:45;5;88;88304;2;2;3;3;3 Rue de l’Abbe Germini;48,30364700;6,13436800
202400047001;8;5;2024;15:50;1;49;49138;1;1;7;7;A 85;47,44837710; -0,17704728
202400005372;19;10;2024;18:20;1;91;91521;2;1;2;1;LIBERATION (AVENUE DE LA) N°28 A 84;48,65182000;2,41387000
202400004245;28;11;2024;17:05;2;75;75115;2;1;1;1;RUE DE LA CONVENTION;48,84234900;2,28515300
202400049455;30;3;2024;10:00;1;80;80474;1;1;2;6;A29;49,83507600;2,92139800
202400047869;29;10;2024;16:40;1;22;22278;2;1;2;6;MER (BD DE LA);48,52102000; -2,74390000
202400046044;5;12;2024;11:15;1;07;07102;2;1;1;6;LANGUEDOC (Rue du);44,92756000;4,86312000
202400021378;9;3;2024;19:38;5;13;13215;2;1;3;1;MIMET (CHEMIN DE);43,38323000;5,35851000
202400023606;14;4;2024;16:45;1;63;63113;2;1;1;1;CHARTOIRE (BD LOUIS);45,80173972;3,14574838
202400031786;18;1;2024;23:30;5;93;93051;2;3;8;3;Rue des Hauts Roseaux / Rue Jules Ferry;48,84783600;2,57652700
202400041562;2;7;2024;21:40;3;988;98831;1;1;1;7;lieu dit bébé polo fatanaoué; -20,88944700;164,69137800
202400041196;27;2;2024;18:10;5;92;92020;2;1;1;3;PERI RUE GABRIEL;48,80276000;2,28802000
202400013376;13;3;2024;13:00;1;973;97302;2;1;2;3;HOMAT(CITE);4,92682000; -52,31935000
202400008977;3;6;2024;08:45;1;75;75115;2;1;1;3;RUE GASTON BOISSIER;48,82934100;2,29496900
202400048100;5;12;2024;17:34;3;35;35032;2;6;2;3;1 Allée de Belle Ile;47,99549455; -1,62146375
202400030370;6;10;2024;23:30;3;22;22081;1;1;1;6;D80;48,50851600; -2,66886200
202400029117;6;3;2024;05:25;3;42;42304;1;1;1;1;Chemin de la Petite Plaine à la Grande Plaine;45,53135000;4,19781800
202400011888;22;4;2024;23:00;5;69;69383;2;2;1;6;Avenue Félix Faure;45,75449000;4,86606000
202400024453;28;7;2024;00:20;5;69;69034;2;1;1;6;Rue de l'Avenir Croix-Roussien;45,79130000;4,84074000
202400034049;18;7;2024;15:00;1;06;06150;1;1;1;7;1801 Avenue de Cap d'Ail;43,72896400;7,39294100
202400035891;28;8;2024;10:20;1;59;59650;2;1;7;6;DELORY (RUE GUSTAVE);50,70247000;3,21542000
202400035885;28;8;2024;18:58;1;64;64024;2;6;1;3;BAB (Boulevard);43,49709000; -1,50856000
202400039912;18;7;2024;19:00;1;33;33063;2;4;1;2;;44,85177000; -0,59048000
202400032052;22;7;2024;16:45;1;64;64445;2;4;7;3;TRAN;43,29684000; -0,37389000
202400004230;15;9;2024;23:40;5;92;92007;2;3;1;6;PARTICIPATION (RUE DE LA);48,79600331;2,31853209
202400012404;31;12;2024;01:30;5;80;80799;1;6;1;7;aire de repos de VILLERS BRETONNEUX;49,85471100;2,51919500
202400024842;26;6;2024;14:00;1;75;75115;2;2;1;6;RUE DE LA CROIX NIVERT;48,84234900;2,29416000
202400013299;3;7;2024;00:20;5;93;93010;2;1;1;3;Chemin du Pont;48,90843187;2,48982942
202400051405;2;12;2024;20:05;5;38;38185;2;1;2;6;COURS DE LA LIBÉRATION ET DU GÉNÉRAL DE;45,16920000;5,71285000
202400006389;25;5;2024;18:50;1;93;93029;2;2;1;3;Rue Ambroise Thomas / Rue Jules Verne;48,92227720;2,42026538
202400033374;3;4;2024;17:30;1;17;17351;1;1;1;7;D123;45,82286300; -1,06887100
202400043657;13;6;2024;07:20;1;973;97302;2;1;2;3;MANDELA  (BOULEVARD);4,93815000; -52,32625000
202400049882;14;7;2024;04:40;2;89;89298;2;3;1;6;;48,05557300;3,14596300
202400030517;5;10;2024;16:00;1;03;03103;1;1;1;1;Chemin des Pinguelles;46,32508300;3,79780900
202400037436;26;2;2024;17:15;1;69;69290;2;1;1;2;Route d'Heyrieux;45,68367000;4,95169000
202400002778;9;2;2024;23:14;4;973;97302;1;1;1;6;ROUTE NATIONALE 3;4,90473002; -52,31870234
202400019662;24;12;2024;17:15;3;60;60589;1;1;2;4;Route departemental 44;49,20522000;2,46468200
202400048101;29;10;2024;08:20;1;93;93001;2;1;1;3;VICTOR HUGO (AVE)  => N° 129;48,91400000;2,38100000
202400003438;6;6;2024;19:40;1;62;62471;2;4;1;6;D198;50,67182900;2,24340000
202400036317;30;9;2024;08:50;1;06;06152;1;6;1;3;Route du Parc;43,61660800;7,03811900
202400023078;15;11;2024;13:50;1;54;54395;2;1;1;2;Avenue Général Leclerc;48,68236000;6,18406000
202400044126;6;6;2024;17:00;1;31;31410;2;1;1;1;Route de Saint-Loup-Cammas - RD77;43,70343200;1,46671800
202400051663;21;9;2024;14:15;1;29;29019;1;6;1;2;D112;48,41511000; -4,47976000
202400031834;1;9;2024;18:10;1;03;03212;2;1;1;1;Rue du Plan d'Eau;46,33118000;2,51355200
202400034219;29;8;2024;20:50;2;31;31424;2;1;1;1;Rue du Docteur Charcot;43,59155400;1,29590900
202400052474;20;9;2024;22:03;5;67;67218;2;8;1;6;STRASBOURG (AVENUE DE);48,54552000;7,73841000
202400034961;10;12;2024;17:10;5;26;26011;2;1;1;3;Rue Charles Chapoutat;44,71609600;5,05230700
202400032508;21;6;2024;16:45;1;64;64313;1;3;1;1;RD8;43,27626800; -1,10747300
202400018999;12;3;2024;07:30;1;13;13211;1;1;1;5;A50-Sens Marseille vers Aubagne;43,29207811;5,45266634
202400008344;26;11;2024;11:35;1;34;34113;2;3;1;6;Avenue de Montpellier;43,50142200;3,71527800
202400035452;16;1;2024;13:50;1;64;64269;1;6;1;3;BEARN DU;43,30176000; -0,30814000
202400023710;6;9;2024;08:14;1;45;45232;1;1;1;2;A71 PR 105 + 469;47,84440000;1,86617700
202400030924;16;12;2024;08:30;1;75;75118;2;2;2;3;BOULEVARD NEY;48,89760200;2,32901200
202400004610;17;8;2024;14:20;1;92;92064;2;1;3;3;MONT VALERIEN;48,85501448;2,21550548
202400006780;19;11;2024;10:30;1;75;75107;2;4;2;7;BOULEVARD SAINT GERMAIN;48,85978300;2,32204000
202400015278;14;3;2024;00:07;3;38;38565;1;1;1;6;3917 Avenue du 11 Novembre;45,26562600;5,65518600
202400005315;22;10;2024;19:20;3;68;68253;1;1;8;3;A 36 PK 114.000;47,78434574;7,47661652
202400047043;13;6;2024;09:35;1;94;94002;1;1;1;3;A86;48,77615440;2,42762751
202400039601;25;8;2024;00:38;3;58;58131;2;1;1;6;rue de plouzeau;47,08295200;3,20109800
202400010946;1;6;2024;22:20;5;78;78168;2;9;2;6;Route nationale 10;48,74898000;1,92582000
202400005564;7;7;2024;06:15;5;2B;2B033;2;1;1;1;TUNNEL;42,69457000;9,45245000
202400037285;15;5;2024;07:35;1;36;36034;2;1;1;2;Rue de Beauregard;47,25512042;1,64928282
202400013729;22;11;2024;11:30;1;92;92051;2;9;1;6;CHARLES DE GAULLE (AVENUE, N° 18 A 116);48,87988809;2,27668628
202400007064;20;10;2024;16:35;1;75;75109;2;2;1;3;RUE LA FAYETTE;48,87431040;2,33814240
202400017833;17;4;2024;22:30;5;75;75116;2;3;1;6;SQUARE ALBONI;48,85777300;2,28554100
202400009069;3;6;2024;06:00;2;92;92064;1;1;1;3;A13;48,83812303;2,19111804
202400024412;22;5;2024;19:55;1;76;76351;2;1;1;3;JULES GUESDE (RUE);49,51063400;0,11931600
202400004879;8;2;2024;08:55;1;73;73008;2;6;1;7;D991 Av Alsace Lorraine;45,69428703;5,90861499
202400010154;15;9;2024;11:05;1;74;74166;1;1;1;1;route de thonon;46,38128800;6,51288600
202400036483;6;11;2024;17:30;5;62;62318;2;2;1;3;Avenue du Vieux Moulin;50,51823600;1,65157000
202400032550;21;6;2024;19:15;1;69;69381;2;1;1;2;Rue de la Martinière;45,76822267;4,82928566
202400025895;23;1;2024;15:45;1;94;94080;2;1;2;6;Rue Diderot;48,85049881;2,44506113
202400043065;10;1;2024;13:30;1;973;97304;1;3;1;3;Route Degrad Saramaca;5,13793900; -52,71708800
202400015790;19;4;2024;16:55;1;54;54526;2;1;3;4;boulevard du millenaire;48,68165500;6,21592500
202400023059;6;11;2024;12:30;1;62;62510;2;1;1;6;Rue d'Artois;50,43712000;2,78457000
202400043497;16;7;2024;11:30;1;84;84031;2;1;1;6;COUBERTIN AVENUE PIERRE DE;44,03449000;5,05794000
202400008741;6;2;2024;09:05;1;91;91161;1;1;1;4;AUTOROUTE A6;48,69870000;2,31324000
202400000226;24;3;2024;05:00;3;93;93005;1;1;8;2;A1;48,95729336;2,46118963
202400043583;2;4;2024;15:35;1;92;92050;2;1;1;3;LIBERTE AVENUE DE LA;48,88862386;2,20906806
202400000665;1;5;2024;03:00;3;974;97411;1;9;1;6;VINH-SAN (BLD 1 DU PRINCE); -20,88550000;55,43986000
202400031300;10;4;2024;10:00;1;29;29232;2;1;2;6;Route de Douarnenez;47,99853441; -4,12689746
202400040375;7;12;2024;10:10;1;31;31045;1;1;3;3;D26;43,03837900;0,63534600
202400052707;12;2;2024;09:15;1;78;78322;1;1;1;4;RN12 EXT;48,78652102;2,15182364
202400025951;13;4;2024;00:02;5;974;97407;2;9;1;2;RUE SULLY PRUD'HOMME; -20,94023000;55,30811000
202400051286;15;2;2024;20:00;5;92;92062;2;1;1;7;BOULEVARD CIRCULAIRE;48,89386391;2,23597380
202400016947;13;10;2024;11:25;1;93;93053;2;1;1;6;ANATOLE FRANCE (RUE);48,88617613;2,44575763
202400009846;13;9;2024;10:20;1;75;75104;2;2;1;3;QUAI HENRI IV;48,85082534;2,36144632
202400012825;31;5;2024;12:55;1;25;25056;2;1;3;1;RIVOTTE  FAUBOURG;47,23137000;6,03578000
202400010017;24;4;2024;16:05;1;14;14543;1;1;1;6;Rue de Neuf Mer;49,22922900; -0,48263700
202400030403;14;7;2024;12:45;1;74;74278;2;3;1;3;25 Route du plan;46,08182700;6,53821700
202400026199;29;8;2024;18:30;1;48;48009;1;1;1;6;D3;44,65392500;3,29292100
202400026518;7;10;2024;08:35;1;92;92020;2;6;8;7;VERDUN AVENUE DE;48,80069652;2,28344589
202400020627;26;5;2024;17:35;1;92;92036;1;1;1;6;AUTOROUTE A86;48,93871924;2,30981521
202400018798;11;10;2024;16:55;1;54;54547;2;1;1;3;Rue de Norvège;48,66610000;6,18233000
202400016181;24;12;2024;10:00;1;59;59527;2;1;1;6;Rue Sainte-Hélène;50,65835700;3,05709000
202400039997;14;6;2024;16:25;1;80;80308;2;1;2;6;Rue Ferdinand Buisson;50,06073100;1,60823100
202400006514;6;8;2024;17:00;1;15;15014;2;6;1;3;RD 120;44,92227000;2,42778000
202400019254;29;6;2024;20:20;1;92;92032;2;1;1;3;LANGEVIN PAUL (AVENUE);48,78337000;2,28436000
202400018057;8;9;2024;19:30;3;974;97413;1;1;1;1;départementale 13 - ravine des poux; -21,17530300;55,30822300
202400046876;7;5;2024;21:40;5;92;92040;2;1;1;6;RODIN (BOULEVARD);48,82010811;2,26122057
202400026496;7;10;2024;17:15;1;75;75117;2;2;2;4;RUE GUERSANT;48,88310000;2,28752900
202400042825;10;1;2024;01:10;3;54;54091;1;1;1;2;Autoroute A 31;48,94617123;6,11172438
202400037637;19;7;2024;19:15;5;974;97415;2;1;1;3;route de l'éperon; -21,04391000;55,25764000
202400042774;11;1;2024;22:50;3;94;94073;2;2;1;2;Carrefour des Trois Communes / Avenue de la République;48,77313100;2,39859400
202400011869;23;11;2024;13:50;1;13;13209;1;1;8;7;COL DE LA GINESTE D559;43,23878000;5,47969000
202400029022;19;12;2024;04:10;3;66;66165;1;1;2;6;;42,65248800;2,54626400
202400029756;1;9;2024;16:05;1;75;75114;2;1;1;3;BOULEVARD BRUNE;48,82636100;2,31108600
202400006922;27;11;2024;16:15;1;19;19272;2;1;1;6;République (Quai);45,26637000;1,77069000
202400022571;23;5;2024;12:00;1;22;22278;2;1;1;1;MONGE;48,50203000; -2,73878000
202400003759;22;3;2024;01:04;5;06;06088;2;1;1;7;Promenade des Anglais;43,69427000;7,25771000
202400010254;22;4;2024;07:50;1;70;70550;2;3;8;3;Rue André Maginot;47,61940000;6,14806000
202400012688;17;8;2024;09:50;1;84;84031;2;1;1;3;NOTRE DAME DE SANTE AVENUE;44,06024000;5,04876000
202400044859;2;4;2024;07:47;2;91;91689;1;1;1;5;AUTOROUTE A6B;48,74620000;2,32570000
202400045449;12;6;2024;17:20;1;64;64129;2;1;2;7;JEAN MERMOZ;43,31902449; -0,37871316
202400036971;13;5;2024;17:25;1;87;87085;2;2;1;3;BERTHELOT (AVENUE);45,83753416;1,25266224
202400000382;19;9;2024;17:45;1;28;28032;1;2;1;1;D336;48,30003900;1,63619000
202400000463;2;5;2024;02:15;3;84;84007;1;1;2;7;C.De GAULLE (Rocade);43,94429000;4,83457000
202400023714;6;9;2024;17:15;1;45;45155;1;1;1;3;59 Mingotty;47,71481800;2,63736200
202400020736;9;10;2024;17:05;1;22;22278;2;1;2;1;PARIS (DE);48,50557000; -2,74455000
202400012441;30;12;2024;17:54;3;44;44052;1;1;1;3;Saint Lucien;47,34389700; -2,09710100
202400053401;11;7;2024;16:30;1;28;28422;1;2;8;3;D17;48,25275200;1,54368100
202400047730;16;2;2024;03:30;3;75;75117;2;1;1;7;PORTE MAILLOT;48,88098516;2,28183568
202400027032;12;11;2024;10:37;1;971;97101;2;9;1;6;CLARA BOURGAREL - ASSAINISSEMENT (RUE);16,24424000; -61,53092000
202400012215;3;2;2024;15:45;1;62;62261;2;1;1;3;D144;50,48619453;1,61743587
202400042130;14;6;2024;20:00;3;972;97232;2;9;1;3;RN 6;14,54637700; -60,84351100
202400009463;19;3;2024;17:10;1;84;84051;1;6;1;3;Rond pont de la mayette D900;43,85935900;5,26645300
202400012891;1;6;2024;00:01;3;24;24394;1;1;1;6;L?Echanleuil;45,43848000;0,40953000
202400000269;23;3;2024;13:00;1;56;56121;2;6;1;2;Rond-point de la Base de sous-marins;47,73530000; -3,37435000
202400016564;2;8;2024;18:40;1;75;75116;2;1;1;4;BD PERIPHERIQUE INTERIEUR;48,87694200;2,27952000
202400002609;11;8;2024;03:40;5;69;69383;2;1;1;3;Cours Richard Vitton;45,75312000;4,89460000
202400043402;9;5;2024;18:15;1;93;93005;2;1;7;1;Rue Louise Michel;48,93177500;2,49850800
202400038920;15;1;2024;10:30;1;978;97801;2;1;1;3;RN 7, la savane;18,09423100; -63,06595400
202400039545;12;5;2024;18:35;1;47;47048;2;4;8;3;N21;44,52801100;0,62611900
202400030239;24;7;2024;09:20;1;51;51172;2;1;1;3;GOISSES;49,21659000;4,05663000
202400015287;15;3;2024;12:40;1;81;81038;1;3;1;3;Route de Lavaur;43,89295200;1,89336100
202400008395;8;8;2024;12:50;1;35;35051;2;1;1;3;FONTAINE (RUE DE LA);48,10920000; -1,60900000
202400035190;8;4;2024;16:15;1;971;97116;1;1;1;1;Brion;16,32027800; -61,45559900
202400001282;23;10;2024;08:20;1;92;92025;1;1;5;3;A86;48,92201331;2,22672771
202400046900;8;5;2024;00:30;3;33;33014;2;1;1;6;;44,98044300; -0,11703700
202400032072;23;7;2024;10:10;1;49;49328;2;6;8;3;AMIOT (RUE JULES);47,26124100; -0,09857400
202400032493;23;6;2024;10:30;1;12;12090;1;1;1;7;Chemin du bois de l'Ours;44,33479200;2,49651400
202400032740;16;12;2024;15:10;1;90;90015;2;3;1;1;16 Route de Montbéliard;47,59606995;6,85999095
202400015055;4;10;2024;15:00;1;75;75106;2;2;1;7;BOULEVARD DU MONTPARNASSE;48,84308100;2,32640400
202400050721;9;6;2024;20:58;1;28;28134;2;1;1;1;LIEVRE D'OR (RUE DU);48,72982000;1,38328000
202400007183;4;6;2024;12:15;1;93;93066;1;1;1;2;A86;48,92618060;2,33837893
202400038243;30;9;2024;08:15;1;78;78208;1;1;2;3;RN12 INT;48,80001400;1,98155400
202400037241;15;1;2024;07:30;3;75;75117;2;1;1;3;BOULEVARD DE DOUAUMONT;48,89495200;2,30674900
202400000915;11;8;2024;12:55;1;13;13213;2;1;1;1;OLIVES (AVENUE DES);43,32357000;5,45035000
202400022753;9;10;2024;01:45;3;78;78423;1;1;1;6;RN12;48,79597000;2,03484000
202400003804;8;7;2024;09:50;1;75;75108;2;2;1;3;RUE DE COURCELLES;48,87503100;2,30919600
202400011266;16;3;2024;13:30;1;974;97416;1;1;1;3;PAVE(RUE); -21,34330000;55,48000000
202400035155;27;2;2024;19:15;5;971;97113;1;9;1;2;RN4 - SECTION RIVIERA;16,21764000; -61,49421000
202400043599;27;6;2024;12:05;1;62;62464;2;1;1;3;D947;50,49232000;2,80924000
202400013453;14;3;2024;22:00;5;41;41226;2;2;1;3;Route de Paris;47,80653943;1,07209301
202400005056;8;2;2024;14:15;1;62;62332;1;2;2;3;D919;50,21893993;2,76034309
202400002762;28;9;2024;15:40;1;2B;2B298;2;9;1;6;route de la cathérale;42,68050700;9,30256100
202400009791;24;11;2024;05:00;5;76;76351;2;3;1;3;FLEURUS (DE);49,49154000;0,13830000
202400007482;22;2;2024;20:20;2;40;40279;2;3;1;6;LIBERTE (AVE DE LA);43,72095889; -1,05221309
202400042649;7;12;2024;20:00;3;13;13005;1;1;1;2;A50-Sens Marseille vers Aubagne;43,28848507;5,54834252
202400050410;22;9;2024;07:05;5;92;92012;2;1;2;6;GENERAL LECLERC (AVENUE DU) 1/33 - 2/58;48,83337000;2,24272000
202400021203;28;6;2024;15:30;1;47;47058;1;2;1;3;Caubeyres;44,26890500;0,22066000
202400009392;18;3;2024;04:35;5;94;94022;2;2;2;4;Avenue de Newburn / Rue du Four;48,75489500;2,41155500
202400013206;14;3;2024;17:00;1;75;75114;2;2;1;6;BOULEVARD BRUNE;48,82618900;2,31280000
202400016592;2;8;2024;19:40;5;974;97415;1;1;1;6;Chemin Baillif; -21,04596900;55,31309900
202400050653;15;2;2024;02:03;3;95;95127;2;9;2;6;OISE (BOULEVARD DE L');49,03514000;2,08277000
202400053230;2;1;2024;18:45;5;85;85003;2;3;3;3;11 Rue georges clemenceau;46,74123900; -1,61062400
202400027486;6;3;2024;01:50;5;06;06088;2;2;1;1;Boulevard de l'Ariane;43,73468000;7,29666000
202400030232;31;8;2024;18:20;1;72;72181;2;1;1;3;HEUZE OLIVIER AV N° PAIRS 2 A 198;47,99499000;0,17725000
202400035121;17;1;2024;11:50;1;93;93005;2;3;2;3;Rue de Champagne;48,95008700;2,50340100
202400046413;4;12;2024;16:40;2;93;93007;1;1;1;4;AUTOROUTE A1;48,94674096;2,44241883
202400021446;9;3;2024;17:00;1;63;63276;1;1;6;1;Chez Vernieres;45,83044876;3,48325890
202400003271;22;10;2024;18:53;5;77;77284;2;9;8;6;TRINITAIRES (RUE DES);48,95657000;2,87393000
202400009150;17;10;2024;19:50;5;46;46042;2;9;3;6;GAMBETTA (BOULEVARD LEON) N° PAIR;44,44553000;1,44138000
202400021202;16;11;2024;21:30;3;05;05078;1;1;1;1;D942;44,38587100;5,92174900
202400004970;8;2;2024;18:30;5;08;08409;2;7;3;6;MARNE (AVENUE DE LA);49,69881000;4,92548000
202400004040;28;11;2024;15:00;1;971;97101;2;1;1;2;GRAND CAMP(SECTION);16,25388000; -61,53873000
202400034202;3;10;2024;23:00;5;69;69091;2;1;1;3;Rue Honoré Pététin;45,59310000;4,77293000
202400018251;3;8;2024;16:15;1;35;35166;1;1;1;6;lieu-dit La Fontenelle;48,14908700; -1,34781000
202400028269;21;5;2024;13:50;1;51;51607;2;9;1;2;Rue de la Verdonnelle;48,94849500;3,62112200
202400015666;21;11;2024;17:50;3;93;93064;1;1;4;2;AUTOROUTE A86;48,87916750;2,47634149
202400036703;6;11;2024;20:00;5;17;17415;2;9;1;3;Route Départementale N° 131;45,74687000; -0,63589000
202400047874;24;9;2024;21:52;5;94;94017;2;3;2;3;Rue Maurice Denis;48,81731700;2,49109000
202400041924;14;6;2024;23:30;5;971;97101;1;9;1;7;RN1 ROCADE DE CHAUVEL;16,23721000; -61,52305000
202400026272;22;5;2024;12:48;1;94;94016;2;6;1;7;Rue Emile Zola / Sentier des Goischères;48,79740000;2,34189000
202400049616;11;6;2024;13:30;1;52;52544;1;1;1;6;RD 123 PK 0+925;47,90705330;5,75441699
202400000430;19;9;2024;09:10;1;78;78322;1;1;1;2;A86 EXT;48,78049000;2,17614000
202400019827;28;1;2024;15:20;1;83;83009;2;3;1;3;DE GAULLE (QUAI CHARLES);43,13629000;5,75740000
202400018222;7;9;2024;14:40;1;09;09005;1;1;1;7;D618;42,90860100;1,29066800
202400017963;19;4;2024;08:20;1;59;59580;2;1;1;6;30 Lotissement le Noordmeulen;50,81072100;2,57321900
202400046393;31;10;2024;11:10;1;72;72276;1;1;1;1;lieu dit la petite vallee;48,27857300;0,43955000
202400000544;12;9;2024;17:30;1;12;12089;2;6;1;6;GIRATOIRE DES SOUFFLANTES;44,55509700;2,26315100
202400008894;7;6;2024;02:20;5;972;97213;2;6;1;6;ROUTE DEPARTEMENTALE 15;14,62220000; -61,00655200
202400009404;4;7;2024;21:45;1;93;93073;1;1;1;1;CHAPIT RE ( RUE DU);48,99012000;2,56982000
202400000411;19;9;2024;09:05;1;13;13210;1;1;1;2;A50-Sens Marseille vers Aubagne;43,28616401;5,42968295
202400017211;12;3;2024;11:50;1;38;38151;2;1;8;6;RUE DU BERRY;45,15576000;5,72113000
202400002580;9;8;2024;18:09;1;62;62894;1;1;1;6;A16;50,77568812;1,65384039
202400041117;4;4;2024;07:55;1;75;75112;2;1;2;3;QUAI DE BERCY;48,82945310;2,38739669
202400005276;22;10;2024;09:40;1;80;80680;2;3;1;1;2 Rue d'Hangest Dolez;49,81699100;2,70735700
202400007328;19;10;2024;16:20;1;75;75109;2;5;1;7;BOULEVARD HAUSSMANN;48,87200800;2,34004700
202400044073;22;8;2024;23:45;3;65;65054;1;1;1;1;D79;43,06192000;0,33817300
202400007679;5;7;2024;10:00;1;91;91103;2;4;1;3;RUE EDOUARD DANAUX;48,60274000;2,28715000
202400000813;14;8;2024;04:30;3;17;17101;1;1;1;7;D221;45,95797500; -0,35056500
202400026061;3;9;2024;19:41;1;93;93077;2;3;1;3;Avenue de Rosny / Place du Souvenir Français;48,88248000;2,49783000
202400035036;17;1;2024;12:45;1;04;04112;2;1;2;2;POMPIDOU (AV.GEORGES);43,82636000;5,78219000
202400045490;8;5;2024;19:34;1;76;76057;2;6;1;3;D67;49,52681900;0,96216700
202400015119;13;3;2024;05:50;5;75;75107;2;2;1;6;BOULEVARD SAINT GERMAIN;48,85606200;2,32590400
202400042019;24;9;2024;14:55;1;02;02659;1;1;2;5;;49,85010000;3,32857000
202400047534;17;2;2024;13:15;1;95;95585;2;1;1;5;D316;48,97920302;2,36852850
202400015215;14;3;2024;17:25;1;41;41164;1;1;1;4;D976;47,27171700;1,40706500
202400023935;5;1;2024;12:30;1;68;68166;2;6;1;2;Rue Claude Debussy;47,79434100;7,32407100
202400030728;22;6;2024;17:15;1;56;56121;2;1;1;1;Rue Jean Le Coutaller;47,74750000; -3,36905000
202400033304;1;3;2024;08:14;1;64;64545;1;1;1;1;BRETELLE DE SOCOA RD 913 (BRETELLE);43,38477000; -1,69673000
202400032608;20;6;2024;20:15;1;64;64102;2;1;2;7;BARTHES (CHEMIN DES);43,49884000; -1,49342000
202400025025;6;3;2024;17:14;1;50;50218;2;1;1;6;IMPASSE DES TREMAILLEURS;48,83322000; -1,55149000
202400020213;28;1;2024;06:50;3;93;93073;1;1;1;6;AUTOROUTE A104;48,96636000;2,55951000
202400000431;8;6;2024;00:20;3;93;93066;1;1;1;4;A1;48,91936344;2,35754643
202400049642;14;2;2024;23:40;3;56;56006;1;1;1;2;Gelard;47,93967600; -2,27655300
202400001732;22;3;2024;08:10;1;72;72181;2;1;1;2;TABACS (PONT DES);47,99847000;0,18830000
202400001478;22;10;2024;03:30;3;93;93073;1;1;2;6;CHAPIT RE ( RUE DU);48,99020628;2,54714967
202400041684;24;8;2024;19:15;1;01;01053;2;1;1;2;DE GAULLE ( BD GAL) IMPAIR;46,19863000;5,23997000
202400017938;19;4;2024;08:40;1;17;17010;1;1;1;1;D202;46,10849900; -1,08498600
202400039464;23;2;2024;07:45;1;13;13005;2;1;1;3;CANIERS (AVENUE DES);43,28901100;5,59392000
202400028297;25;7;2024;09:40;1;973;97302;2;3;1;3;MONT LUCAS 1 (CITE);4,92415000; -52,30198000
202400029545;9;4;2024;08:40;1;94;94068;2;1;8;3;25 Quai Winston Churchill;48,79222000;2,52156000
202400033253;16;5;2024;12:55;1;92;92036;2;1;1;3;GENERAL DE GAULLE (AVENUE) (PAIRS);48,93363889;2,31165218
202400008887;4;2;2024;06:10;5;93;93008;2;1;2;7;Avenue Paul Vaillant - Couturier;48,90849900;2,45163200
202400039022;13;5;2024;09:20;1;75;75110;2;3;1;3;BOULEVARD DE STRASBOURG;48,87384400;2,35671200
202400018237;3;8;2024;02:30;3;81;81020;1;1;1;7;Route de Marssac;43,86798200;2,03603300
202400041973;17;7;2024;17:00;1;42;42283;2;1;1;6;Route Pre Chevalier;45,55514900;4,54162400
202400045191;18;3;2024;16:00;1;30;30080;1;1;1;7;;44,30729000;3,97125000
202400016276;31;1;2024;07:40;1;31;31069;2;9;1;3;POTEZ (ALL HENRI);43,62594200;1,37840200
202400053850;1;1;2024;00:50;3;83;83056;2;1;1;6;chemin de la clue;43,56531196;6,51370972
202400047124;15;7;2024;01:20;3;13;13014;1;2;1;3;D113;43,53437000;5,19332500
202400027746;12;4;2024;17:45;1;39;39577;1;1;1;1;;46,80033900;5,48820700
202400038478;6;11;2024;00:21;5;13;13205;2;7;1;6;JEAN MOULIN (BOULEVARD);43,29000000;5,40000000
202400012429;5;8;2024;19:18;1;13;13005;2;9;1;3;CD 2 (CAMP MAJOR);43,28851000;5,54781000
202400023358;7;3;2024;16:15;1;13;13071;1;1;1;2;A7-Sens Lyon vers Marseille;43,40439894;5,31594824
202400019786;7;9;2024;18:45;1;33;33162;1;1;1;3;;44,87605000; -0,66058000
202400035001;11;12;2024;13:30;1;974;97411;2;2;1;3;RIVIERE DES PLUIES (ROUTE DE LA); -20,90120000;55,50118000
202400045346;22;8;2024;05:04;3;33;33080;1;1;1;6;;44,73467000; -0,53250000
202400000586;18;9;2024;08:16;1;75;75115;2;2;1;6;AVENUE EMILE ZOLA;48,84655400;2,28613800
202400041765;24;8;2024;17:31;1;68;68097;1;4;1;3;D11iii;48,16066500;7,20071200
202400015558;20;11;2024;16:30;5;75;75109;2;3;1;3;BOULEVARD DE LA MADELEINE;48,86977900;2,32651700
202400044802;1;4;2024;17:20;1;83;83115;2;4;1;1;bd jean moulin;43,30478513;6,62872863
202400048519;26;10;2024;21:45;5;29;29019;2;2;2;3;rue Coat ar Gueven;48,39351600; -4,48132900
202400030715;10;11;2024;06:35;2;2A;2A004;2;1;1;6;CONVENTIONNEL SALICETTI CHRISTOPHE;41,92766000;8,73525000
202400035042;28;2;2024;18:40;2;78;78423;1;1;1;6;A12 W;48,78419200;2,03427700
202400031762;19;1;2024;00:45;5;75;75103;2;2;1;6;RUE DES QUATRE FILS;48,85994400;2,36076700
202400025962;3;9;2024;19:45;1;16;16089;1;3;1;3;;45,67439000; -0,34132000
202400028032;22;1;2024;06:40;5;06;06069;2;1;1;7;Boulevard Emmanuel Rouquier;43,63409000;6,93934000
202400037458;15;1;2024;13:20;1;92;92078;1;1;1;6;AUTOROUTE A86;48,92830843;2,33162459
202400009434;4;7;2024;13:00;1;92;92025;2;7;7;3;GABRIEL PERI (RUE);48,91849892;2,23959891
202400050835;17;8;2024;04:20;3;69;69276;1;1;1;7;Autoroute 7  ;45,66742385;4,84481026
202400031257;9;4;2024;13:15;1;54;54482;2;1;1;6;Rue Wolfgang Amadeus Mozart;48,70418000;6,19913000
202400027225;13;12;2024;23:40;3;77;77186;1;1;8;7;D301;48,40589000;2,63898000
202400013612;19;4;2024;11:33;1;65;65286;2;1;1;3;Avenue Alexandre Marqui;43,10582000; -0,04106000
202400018608;1;8;2024;09:00;1;59;59249;2;6;2;3;Place Alfred Derigny;50,01685400;4,03996500
202400026773;25;6;2024;13:50;1;75;75116;2;7;1;3;AVENUE DE VERSAILLES;48,85129500;2,27836900
202400002758;22;10;2024;18:36;1;2B;2B307;2;1;1;1;Suaglione;42,38455800;9,53002500
202400046642;8;1;2024;18:55;5;92;92036;2;1;2;6;AGNETTES (RUE DES) (1/9);48,92224782;2,28825420
202400028825;12;11;2024;18:30;5;56;56013;2;1;2;6;Rue du Docteur Laennec;47,67573000; -3,17260300
202400027829;21;5;2024;00:25;5;75;75108;2;3;3;2;AVENUE DE FRIEDLAND;48,87400400;2,29728300
202400016248;9;9;2024;15:56;1;75;75119;2;2;1;2;BOULEVARD D INDOCHINE;48,88622300;2,39674400
202400006247;26;4;2024;15:23;1;49;49007;2;2;1;3;BIRGE BOULEVARD;47,47444000; -0,51963000
202400016189;13;1;2024;08:20;3;77;77350;1;1;1;5;N4;48,76137900;2,66298500
202400035254;6;4;2024;06:12;3;59;59459;1;1;1;2;AUTOROUTE A23;50,37822000;3,46990000
202400001183;21;10;2024;07:41;1;974;97408;1;1;1;6;Chemin Departemental 41; -20,92475400;55,36740800
202400027393;5;3;2024;09:55;1;51;51454;2;6;1;2;CHAMPAGNE   (  AVENUE DE);49,21367000;4,01560000
202400017075;14;3;2024;08:45;1;14;14100;2;1;1;6;30 Rue Camille Blaisot;49,04359400; -0,32138000
202400019549;17;4;2024;18:25;1;69;69383;2;2;1;3;Rue Paul Bert;45,75705988;4,85850589
202400010709;2;2;2024;13:10;1;94;94069;1;1;1;5;A4;48,81719761;2,42988825
202400036550;6;11;2024;23:55;5;69;69034;2;1;1;6;Montée de la Boucle;45,78081747;4,84002818
202400020921;28;6;2024;21:40;2;71;71270;2;1;1;6;GAMBETTA (RUE);46,30212000;4,83113000
202400034225;3;10;2024;14:00;1;59;59360;2;2;1;3;DOUMER PAUL RUE;50,59675000;3,03723000
202400025720;14;4;2024;03:40;5;26;26325;2;1;1;6;16 Avenue de Lyon;45,29881300;4,81133300
202400048712;29;3;2024;09:55;1;973;97302;1;1;2;3;MARINGOUINS (ROND-POINT);4,90772665; -52,32258081
202400003074;24;10;2024;07:36;2;08;08491;1;1;5;6;RD5;49,74245100;4,85748600
202400010735;3;2;2024;12:10;1;91;91471;2;2;2;3;MONTJAY (AVENUE DE);48,68575000;2,18380000
202400016073;27;12;2024;00:10;3;27;27554;1;1;5;2;Autoroute A.13;49,08264700;1,38166200
202400044568;28;11;2024;00:40;3;78;78168;2;1;1;6;Route nationale 10;48,74982900;1,92760400
202400009285;17;10;2024;03:10;5;974;97407;1;1;1;6;BOUVET (AVENUE); -20,95110000;55,29889000
202400007163;21;10;2024;08:15;3;29;29167;1;1;3;5;Kermatheanou Bras;47,96861129; -4,28582668
202400022250;5;9;2024;07:00;2;44;44184;2;1;3;3;38 Rue Gabriel Fauré;47,26976000; -2,23895000
202400044281;14;6;2024;16:30;1;13;13014;2;3;1;2;Boulevard Henri Wallon, intersection avec bd Barbusse;43,49550300;5,16316100
202400001170;7;6;2024;08:00;1;09;09225;2;3;8;3;RIJOLE AVENUE DE LA;43,12411000;1,62092000
202400035749;12;5;2024;08:20;1;69;69266;1;1;1;2;Route Départementale 383 ;45,75769465;4,90895763
202400001609;23;3;2024;20:00;5;30;30202;2;3;1;1;Avenue André de Philip;44,25855500;4,64139100
202400015143;2;7;2024;09:10;1;75;75112;2;2;1;2;RUE DE PICPUS;48,84554900;2,39523000
202400017299;19;11;2024;16:10;1;79;79191;2;1;2;7;;46,30224000; -0,46584000
202400019292;10;8;2024;23:10;3;14;14305;1;1;1;1;Route de Lisieux;49,27345700; -0,05162200
202400015939;28;1;2024;22:10;3;974;97414;1;1;3;7;Rue Evariste de Parny; -21,25384200;55,43534300
202400017073;30;6;2024;13:20;1;92;92049;2;2;1;7;REPUBLIQUE AVENUE DE LA N°1 A 79;48,81532817;2,31762725
202400020565;30;7;2024;22:10;5;13;13004;2;2;1;3;RUE MAURICE BONNAFOUX;43,68215000;4,63821000
202400025149;6;3;2024;10:53;1;10;10387;2;1;1;6;LOMBARDS (AVENUE);48,27800000;4,06740000
202400035528;7;4;2024;18:00;1;94;94081;2;3;1;6;Rue Verte / Parking;48,78226000;2,38001000
202400033754;16;1;2024;17:58;3;71;71076;2;1;5;6;SAINTE MARIE (PROMENADE);46,78502000;4,86164000
202400013506;6;3;2024;13:29;1;59;59350;2;9;1;6;Rue Desaix;50,62080329;3,07721325
202400007127;4;6;2024;16:30;1;24;24087;1;1;1;5;D703;44,85671300;1,06951500
202400003155;22;10;2024;10:20;1;35;35015;1;1;5;1;RD 178;48,17176700; -1,18598700
202400003594;22;3;2024;15:50;1;59;59611;1;1;2;1;Rue de Lambersart;50,67225800;3,00318900
202400042133;24;8;2024;00:25;5;06;06069;1;1;1;1;88 Route de Draguignan;43,64328000;6,90485000
202400018447;1;8;2024;12:40;1;17;17306;2;2;1;3;ANSALDI;45,63475000; -1,02325000
202400037939;18;7;2024;19:00;1;51;51454;2;1;1;3;NOIROT (BOULEVARD MAURICE);49,25174000;4,02139000
202400039233;27;2;2024;18:30;2;31;31555;2;1;2;3;AV PIERRE G LATECOERE;43,55526000;1,48161000
202400033447;18;1;2024;08:40;5;93;93066;2;1;4;7;Avenue du Président Wilson;48,91871108;2,35711992
202400023177;8;3;2024;07:59;1;63;63113;2;1;1;6;PONT NATUREL (RUE DU);45,78327000;3,07919000
202400032990;14;12;2024;20:20;5;75;75113;2;3;1;3;BOULEVARD DE L HOPITAL;48,83889200;2,36087900
202400026151;3;9;2024;19:30;1;76;76146;1;1;1;3;D919;49,57894300;1,29314700
202400012511;2;2;2024;16:20;1;69;69199;2;3;1;3;Rue Mathieu Dussurgey;45,71227000;4,86251000
202400020278;31;7;2024;11:55;1;92;92007;2;1;1;3;TURIN (RUE DE);48,80499182;2,31537603
202400047311;6;5;2024;19:50;1;81;81065;2;2;7;3;WAKEFIELD (ROND POINT);43,60067000;2,23544000
202400034512;2;10;2024;07:00;3;64;64445;2;1;3;4;MARTYRS DU PONT LONG DES;43,34060000; -0,37974000
202400011197;29;7;2024;16:15;1;74;74196;1;1;1;7;119;46,01645200;6,56110400
202400020486;25;5;2024;07:40;1;13;13043;2;3;1;3;MEDITERRANEE (AV DE LA );43,38509249;5,21722108
202400031261;9;4;2024;12:42;1;54;54547;2;1;1;3;parking magasin Leclerc;48,65379900;6,17775340
202400041085;26;2;2024;19:00;3;95;95572;1;1;2;2;A15;49,03117012;2,12085638
202400024506;23;5;2024;16:45;1;94;94080;2;1;1;6;Rue Diderot;48,85069897;2,44174361
202400036801;7;11;2024;09:20;1;45;45328;1;1;8;3;Rue du Grand Chemin;48,07071000;2,68675800
202400001813;8;7;2024;08:30;1;56;56121;2;6;3;3;Boulevard Léon Blum;47,74724000; -3,37657000
202400006503;8;2;2024;13:15;1;59;59126;1;6;3;1;D643;50,30485900;3,13405100
202400047187;6;1;2024;06:00;3;25;25024;1;1;2;6;Route Départementale 437;46,93918000;6,37486000
202400016948;11;10;2024;19:20;5;92;92062;2;1;1;6;REPUBLIQUE (RUE DE LA) N° 100 A 14;48,88479475;2,23964015
202400016759;26;5;2024;18:05;1;93;93005;1;1;1;3;A1;48,96072159;2,46789896
202400030844;10;11;2024;01:50;3;93;93077;2;3;5;3;RAINCY (AVENUE DU);48,88664000;2,50887000
202400046057;16;7;2024;06:00;2;40;40273;2;1;1;6;Avenue du Quartier-neuf;43,52555700; -1,39607900
202400019438;18;11;2024;20:00;5;33;33281;2;6;1;2;;44,81350000; -0,71364800
202400034106;29;8;2024;12:10;1;75;75115;2;3;1;7;RUE CLODION;48,85150600;2,29203400
202400010013;25;4;2024;07:12;2;39;39470;1;3;1;4;;46,46684700;6,07358900
202400011717;23;4;2024;13:00;1;75;75111;2;4;1;6;AVENUE LEDRU ROLLIN;48,85446600;2,37805800
202400048542;3;12;2024;19:00;5;92;92050;2;2;1;3;CLEMENCEAU GEORGES AVENUE N° PAIR;48,88577000;2,21924000
202400004476;23;1;2024;18:00;3;84;84129;1;3;1;1;1951 Avenue d'Orange;44,02479800;4,87264000
202400009721;16;11;2024;05:10;2;988;98818;2;1;1;1;AVENUE JAMES COOK; -22,26808000;166,42998000
202400034456;8;11;2024;20:40;5;93;93001;2;9;8;2;ADRIEN AGNES (QUAI);48,91599432;2,37091541
202400017053;12;3;2024;12:15;1;92;92060;2;1;2;6;PIERRE BROSSOLETTE (AVENUE);48,77721000;2,25953000
202400041219;10;5;2024;10:48;1;14;14304;1;3;1;2;D579;49,37393000;0,22983000
202400051647;10;6;2024;01:15;3;83;83069;1;1;1;3;A570;43,12490732;6,09316671
202400046501;4;12;2024;15:30;1;71;71270;2;6;8;3;EUROPE (CARREFOUR DE L');46,29917000;4,82756000
202400025473;20;12;2024;08:00;3;85;85008;1;6;1;3;RD80;46,64164000; -1,45058000
202400009632;4;7;2024;13:05;1;2A;2A004;2;6;1;3;ROUTE DU STILETTO;41,94617000;8,77221000
202400022930;16;11;2024;13:25;1;94;94043;2;1;1;6;Rue Benoit Malon;48,80570000;2,35096300
202400004131;28;11;2024;12:30;1;66;66136;2;1;1;6;SAINT-ASSISCLE (BOULEVARD DE);42,69725000;2,87811000
202400030151;31;8;2024;19:20;1;93;93027;1;1;1;4;AUTOROUTE A86;48,92773456;2,40988970
202400051200;10;6;2024;16:27;1;30;30191;1;1;1;3;D765a;44,13364700;4,67727900
202400029285;4;3;2024;09:45;1;59;59508;2;9;1;6;Rue du Dronckaert;50,73894500;3,13024400
202400006770;9;8;2024;12:20;1;68;68063;2;1;1;2;Faubourg de Belfort;47,79477500;7,17222000
202400001737;21;3;2024;16:10;1;72;72181;2;1;1;2;BROSSOLETTE PIERRE (BD) N° IMP;47,97887600;0,20505200
202400030376;23;9;2024;09:20;1;62;62103;2;1;2;1;D917;50,14182512;2,83297888
202400023838;11;4;2024;14:40;1;57;57620;1;1;1;3;A4;49,19784944;5,98284960
202400041010;4;4;2024;08:10;1;29;29039;1;1;2;2;RD 70 (route départementale);47,92210462; -3,89978478
202400004029;15;9;2024;14:10;1;80;80674;1;1;1;6;ROCADE NORD EST RN 25;49,91160663;2,34365197
202400045095;5;1;2024;17:05;1;76;76341;2;1;1;2;FRIEDRICH ENGELS;49,51312000;0,19329000
202400052499;1;1;2024;07:55;1;971;97101;1;1;2;2;RN1 ROCADE DE CHAUVEL;16,24099000; -61,52263000
202400021862;20;12;2024;10:50;1;31;31555;2;1;1;6;BD LAZARE CARNOT;43,60045000;1,45217000
202400028069;2;9;2024;16:45;1;94;94038;2;1;1;6;1 Rue Léon Blum;48,76801000;2,32398000
202400030780;10;11;2024;14:20;1;29;29232;2;6;1;3;Rond-Point de Ludugris;47,97952351; -4,12191647
202400034678;20;6;2024;08:11;1;47;47127;1;1;2;6;D666;44,34648801;0,40381569
202400007786;11;9;2024;19:10;1;62;62133;2;1;1;3;D46;50,41258292;2,91069468
202400023673;19;12;2024;16:15;1;82;82121;2;2;1;3;DE SAINT PIERRE (CHEMIN);44,03083000;1,34300000
202400048627;6;5;2024;17:00;1;75;75110;2;3;1;3;BOULEVARD DE MAGENTA;48,88211100;2,35106700
202400018315;9;9;2024;06:35;3;06;06085;1;1;1;5;A8 PK 164.450 direction Marseille;43,58576038;6,99715837
202400007704;5;7;2024;18:30;1;64;64129;2;6;1;3;PIEDMONT DU;43,30523000; -0,40124000
202400025338;18;12;2024;15:55;1;75;75105;2;1;1;3;RUE MONGE;48,83933500;2,35511400
202400001604;24;3;2024;03:50;3;60;60380;2;1;2;6;Avenue du Grenier à Sel;49,13850900;3,08644000
202400046909;19;2;2024;17:20;1;56;56013;2;1;1;6;19 Rue Marchelan;47,67748500; -3,19541800
202400052333;10;7;2024;16:08;1;46;46042;2;3;1;1;CHURCHILL  (RUE WINSTON);44,46272000;1,43256000
202400022711;10;10;2024;10:20;1;38;38263;1;1;1;7;568 chemin des collines;45,28214900;5,45643000
202400017109;2;7;2024;07:15;1;27;27148;1;1;8;2;A 28  PK 223.990;48,97442900;0,43481800
202400022501;24;5;2024;09:35;1;974;97411;1;6;1;7;GARE ROUTIERE (DE LA); -20,87830000;55,45847000
202400043038;10;5;2024;23:35;3;41;41167;2;1;1;7;42 Rue d'Asnières;47,50300600;1,19200100
202400048472;28;10;2024;20:40;5;77;77449;2;9;5;6;CRS DE LA GARONNE;48,85451000;2,78549000
202400042045;23;8;2024;18:57;1;59;59367;2;2;2;3;FRESNOY (RUE DU);50,67403000;3,22682200
202400005254;21;10;2024;08:50;1;47;47145;1;1;1;6;N21;44,14045700;0,64941600
202400046107;22;7;2024;16:05;1;59;59002;1;1;1;6;CD 957;50,32784400;3,28085900
202400050683;5;1;2024;15:40;1;44;44025;2;1;1;6;22 rue de bretagne;47,41408100; -1,97247900
202400028859;10;11;2024;20:00;5;14;14542;2;2;1;3;8 Route de Gruchy;49,22763800; -0,45775700
202400019043;19;11;2024;18:15;5;44;44109;2;6;3;6;3 Route de Carquefou;47,25884222; -1,51949420
202400008041;26;11;2024;23:40;5;13;13208;2;1;1;3;PRADO (AVENUE DU);43,26380000;5,37780000
202400032711;20;6;2024;20:40;1;94;94042;2;2;1;3;Boulevard de l'Europe / Avenue du President Kennedy;48,81491600;2,46318100
202400035266;29;2;2024;22:00;5;59;59599;2;3;1;3;Rue de Paris;50,72145000;3,14385000
202400036836;12;12;2024;11:00;1;47;47003;1;3;1;3;D19;44,64328500;0,34761400
202400011752;23;4;2024;13:40;1;92;92044;2;1;1;2;ANA. FRANCE(RUE)1A75 ET 2A72;48,89205000;2,28509000
202400012901;31;5;2024;19:00;1;87;87059;1;1;1;6;D675;46,19682400;1,06853800
202400023330;9;3;2024;06:45;2;25;25193;1;1;1;6;D201 pk 7;47,21828600;6,85993200
202400016531;1;8;2024;17:30;1;29;29019;2;1;1;2;D112;48,42257538; -4,47700816
202400006068;15;9;2024;12:00;1;14;14520;1;1;1;4;55 Route des Monceaux;49,13425500;0,14842300
202400004466;21;2;2024;09:41;1;74;74002;1;3;1;3;D1201;45,82002600;6,02622600
202400016277;25;12;2024;20:50;5;93;93073;2;3;2;3;CHAPIT RE ( RUE DU);49,00804569;2,55750242
202400007206;20;10;2024;10:30;1;34;34032;1;1;1;2;GARE DE PÉAGE DE BEZIERS CABRIALS;43,34331200;3,28909400
202400040354;17;6;2024;12:20;1;63;63430;2;1;1;6;;45,83933303;3,50203961
202400001320;8;6;2024;12:37;1;71;71516;1;3;1;6;5 Rue du Mont;46,76587300;5,22658700
202400044511;26;9;2024;16:45;1;75;75116;2;1;2;6;AVENUE DE VERSAILLES;48,84773700;2,27371700
202400054335;8;6;2024;22:02;3;01;01274;1;1;1;6;Autoroute A40 - PK 115+500 - direction GENEVE;46,15808600;5,65041100
202400015013;13;10;2024;22:50;5;972;97209;1;1;2;7;AUTOROUTE (A1);14,61621000; -61,04361000
202400011273;16;3;2024;20:58;5;2B;2B120;2;1;1;2;11 - RT;9,44085000;42,65160000
202400032373;4;10;2024;23:55;5;54;54395;2;2;1;3;Rue de Tomblaine;48,68673443;6,20112777
202400028502;6;10;2024;06:00;5;59;59488;2;1;1;6;ROUTE D'ARRAS;50,19104000;3,16541000
202400021230;28;6;2024;21:16;2;07;07010;1;9;1;6;Route de la Roche Péréandre;45,23134700;4,67719000
202400013710;20;4;2024;14:45;1;11;11148;1;3;1;3;D6113;43,18049000;2,67933400
202400025049;14;11;2024;07:45;1;06;06069;2;3;1;3;2 Avenue de l'Oliveraie;43,64858000;6,93096000
202400009264;18;10;2024;19:45;5;33;33075;1;1;1;4;;44,88992200; -0,61164400
202400013601;22;11;2024;19:30;5;38;38563;2;1;2;3;SAND (RUE G.);45,36522000;5,58467600
202400009166;2;6;2024;13:00;1;93;93031;2;9;2;3;Avenue du 18 Juin 1940;48,95237545;2,30722278
202400048878;29;3;2024;12:30;1;49;49007;2;1;1;6;SAINT LEONARD;47,45872000; -0,51768000
202400032542;21;6;2024;19:45;1;78;78217;1;1;1;2;A13;48,96511700;1,81888100
202400016398;9;9;2024;16:05;1;65;65169;2;1;1;6;8 route du lac;42,93732300; -0,17839900
202400008994;19;10;2024;05:30;1;987;98715;2;1;1;3;RT 1 PK 6.100; -17,56458600; -149,61217800
202400001176;12;2;2024;19:30;1;974;97401;2;1;1;1;route départementale 11; -21,25105200;55,34173400
202400011579;29;4;2024;00:10;3;974;97404;1;1;2;7;D17; -21,25840100;55,34351000
202400005755;21;8;2024;08:41;2;72;72244;2;7;1;6;Place Saint Pierre;47,76635900; -0,32476200
202400044335;26;9;2024;12:45;1;83;83062;1;2;1;3;NEOULIERS (CHEMIN DES);43,12367000;6,04228000
202400034629;20;6;2024;17:59;1;94;94017;2;2;1;3;Avenue Marx Dormoy / Rue de Bry;48,80631000;2,53024000
202400012987;30;5;2024;07:30;1;64;64102;2;1;2;7;ARITXAGUE (BD D');43,47907000; -1,49233000
202400040342;11;12;2024;00:30;4;974;97422;2;1;1;6;Rue des Poinsetias; -21,24408700;55,52727300
202400002073;27;2;2024;07:55;1;93;93001;2;2;1;3;Rue Achille Domart / Rue du Docteur Pesqué;48,91379600;2,38293500
202400030666;22;6;2024;22:30;3;95;95675;1;1;1;3;A1;49,06061000;2,55110000
202400040291;29;9;2024;18:45;2;92;92073;2;1;1;4;PONT DE SURESNES;48,86704997;2,22877711
202400044407;8;12;2024;07:15;2;67;67291;2;2;1;3;14 Rue de Bitche;48,86910800;7,68675000
202400030900;16;12;2024;05:20;3;95;95604;1;1;1;6;A1;49,10548000;2,55192000
202400013512;2;7;2024;17:40;1;51;51573;2;1;8;1;COUTURIER (RUE PAUL VAILLANT);49,24775000;4,00628000
202400010509;3;2;2024;08:30;1;75;75120;2;4;2;7;BD PERIPHERIQUE INTERIEUR;48,86314315;2,41344631
202400027232;5;3;2024;10:00;1;33;33080;1;1;2;4;;44,74278000; -0,53705000
202400019733;22;12;2024;06:17;5;2B;2B037;2;9;1;5;TOUTES RUES;42,62868000;9,43776000
202400015094;13;3;2024;18:17;1;03;03185;2;1;1;1;Route de Villebret;46,32454000;2,60982000
202400043187;18;7;2024;07:45;1;44;44117;2;2;1;3;55 Zone d'activité des roitelieres;47,15073500; -1,34779400
202400013154;15;10;2024;07:35;5;56;56260;2;9;1;3;Rue de Bilaire;47,66998000; -2,74529000
202400038904;15;1;2024;07:45;1;83;83086;2;1;1;6;Dn7;43,47074200;6,56293700
202400009842;24;4;2024;15:20;1;42;42044;2;2;1;6;Rue de la République;45,39572000;4,31793000
202400038104;25;8;2024;20:35;1;75;75116;2;1;1;2;BD PERIPHERIQUE EXTERIEUR;48,84408500;2,25468100
202400018267;8;9;2024;01:00;3;27;27367;2;3;2;6;Rue de l'Ancienne Gare;49,23097300;0,49909500
202400030656;11;11;2024;16:15;1;13;13110;2;9;1;3;boulevard de l'europe;43,45056700;5,68374000
202400049307;5;5;2024;16:44;1;07;07034;1;3;1;3;D290;44,33910100;4,52560500
202400004033;28;11;2024;01:00;3;972;97209;1;1;1;6;Chateauboeuf  (Pont de);14,61764000; -61,03967000
202400048011;17;2;2024;02:00;3;84;84138;1;1;6;1;D941;44,38886400;4,97004900
202400025436;13;4;2024;14:40;1;2A;2A004;1;1;1;3;T21;41,92863000;8,76568000
202400022568;23;5;2024;20:15;2;31;31555;2;1;1;3;NARBONNE (ROUTE DE);43,56635000;1,45883000
202400038905;11;1;2024;07:27;2;57;57192;1;1;1;3;Rue de Rohrbach;49,02435078;7,33050095
202400028728;21;6;2024;21:30;1;56;56061;1;1;1;7;Roussimel;47,74585300; -2,13230500
202400015598;19;11;2024;17:45;5;44;44069;2;6;3;3;Route de Saint-André-des-Eaux;47,32509100; -2,41050700
202400025714;14;4;2024;05:40;3;81;81147;1;1;1;6;RD 71 PK 002+5000;43,82507040;2,16761420
202400035233;9;1;2024;18:40;3;33;33351;1;9;1;6;A10 PK497.400;45,25528300; -0,54296500
202400031267;10;4;2024;06:55;2;49;49007;2;2;1;3;BIRGE BOULEVARD;47,48215000; -0,52217000
202400001622;10;7;2024;14:17;1;21;21581;1;1;2;6;A36 PK 179+800 sens BESANCON/BEAUNE;47,09529600;5,35344800
202400012053;23;4;2024;17:10;1;91;91666;1;1;1;1;D35;48,66759700;2,19933600
202400051216;15;2;2024;12:55;1;93;93048;2;2;1;2;Rue des Rigondes / Rue Raspail;48,87371859;2,43376493
202400019131;29;6;2024;20:10;1;33;33009;2;1;2;2;;44,66010000; -1,16780000
202400012341;11;9;2024;09:47;1;75;75113;2;2;8;4;AVENUE D ITALIE;48,82221400;2,35861700
202400042873;3;4;2024;15:30;1;75;75107;2;2;1;3;RUE DU BAC;48,85770800;2,32796400
202400008973;1;6;2024;10:12;1;75;75120;2;5;2;6;RUE DES PYRENEES;48,85627500;2,40489400
202400030776;8;11;2024;15:50;1;34;34116;2;1;1;6;COMTE DE NICE (AVENUE DU);43,64237000;3,81416000
202400000177;14;8;2024;09:35;1;93;93006;1;1;1;2;AUTOROUTE A3;48,86690246;2,42530059
202400018863;13;10;2024;02:33;3;35;35108;1;3;1;6;Lasjambe;47,94965300; -1,40049900
202400006129;25;11;2024;08:50;1;14;14271;2;1;2;3;24 Route d'Harcourt;49,15234000; -0,37090000
202400016508;1;2;2024;17:23;2;57;57144;1;1;7;4;a320 pk 2+450;49,15180500;6,83732600
202400050902;29;3;2024;12:30;1;81;81146;1;1;1;2;Chemin d?Arquières;44,05073800;1,99202300
202400049384;26;5;2024;01:06;5;92;92048;2;1;1;3;TRIVAUX (AVENUE DE) N° 9;48,78931315;2,23544168
202400034185;21;7;2024;14:40;1;61;61001;2;2;1;3;D26 PR0+1;48,43804200;0,08645900
202400018584;5;7;2024;19:30;1;84;84064;1;1;1;7;D204;44,31657100;4,70754500
202400042248;9;12;2024;09:00;1;94;94028;1;1;2;2;N406;48,77146602;2,44722292
202400041688;17;7;2024;14:05;1;93;93066;1;1;1;2;AUTOROUTE A1;48,93338949;2,37872257
202400010743;3;2;2024;14:25;1;84;84007;2;3;1;6;QUAI DE LA LIGNE (Boulevard du);43,95352000;4,81165000
202400029450;21;1;2024;23:10;5;94;94033;2;6;1;6;Avenue de Lattre de Tassigny / Rue Carnot;48,85403000;2,49312000
202400038975;13;5;2024;08:20;1;35;35238;2;2;1;3;FREVILLE (AVENUE HENRI);48,08372000; -1,67448000
202400002477;29;11;2024;05:00;3;67;67435;1;2;9;3;Route de Fénétrange;48,90052600;7,07497800
202400012725;28;12;2024;19:02;5;91;91228;2;9;1;3;BD DE L EUROPE;48,63084000;2,43412000
202400020121;19;1;2024;23:25;3;05;05162;1;1;1;6;La Saulce;44,43920400;6,02941300
202400027093;5;3;2024;16:15;1;13;13207;2;3;1;3;SAUVEUR TOBELEM (RUE);43,28803000;5,36348000
202400050508;26;10;2024;19:58;4;31;31555;2;1;2;6;SAINT SIMON (RTE DE) DU 276 AU 389;43,58654924;1,40625671
202400028772;25;6;2024;14:35;1;48;48178;1;1;1;1;RN 106;44,26439763;3,87273459
202400006840;9;8;2024;15:20;1;94;94028;1;1;1;3;A86;48,79449381;2,44220497
202400020732;11;10;2024;02:20;5;29;29173;2;1;1;7;Route de Douarnenez;48,00757881; -4,17766803
202400032664;18;6;2024;08:42;1;18;18033;1;9;8;7;;47,05767000;2,33932000
202400044894;10;5;2024;19:15;1;84;84138;1;1;1;5;Route de Baume-de-transit;44,37226400;4,96546800
202400023786;13;4;2024;13:50;1;75;75107;2;1;1;6;PONT ALEXANDRE III;48,86345500;2,31352200
202400033675;24;7;2024;07:50;1;45;45296;1;3;1;3;D955 PR 17 + 691;47,99478100;1,71445500
202400004244;27;4;2024;12:35;1;22;22182;1;2;1;3;la Ville Richard;48,54336300; -2,96127700
202400010839;2;6;2024;06:20;2;41;41002;1;1;2;7;D976;47,33425700;1,23557600
202400000041;3;5;2024;00:15;3;76;76116;2;2;1;6;202 Rue du Trou du Puits;49,38101100;1,19775700
202400002859;9;2;2024;18:00;5;13;13209;2;1;2;3;EMILE ZOLA (RUE);43,24798000;5,39959000
202400033575;1;3;2024;10:10;1;92;92020;2;3;2;1;REPUBLIQUE AV. N°27 A 105 ET 26 A 178;48,80929646;2,30097574
202400003699;21;3;2024;12:20;1;56;56260;2;1;1;3;Rue de Normandie;47,64811000; -2,78556000
202400029061;5;3;2024;15:52;1;35;35239;2;4;8;3;2 Rue Anatole le Braz;47,91453000; -1,38064600
202400035673;28;2;2024;06:55;1;987;98735;2;1;1;2;POMARE (BVD STADE BAMBRIDGE); -17,52897207; -149,55812769
202400041981;28;9;2024;19:45;2;13;13209;2;1;1;6;BARTHELEMY (BOULEVARD);43,26773861;5,41295731
202400041055;12;1;2024;08:00;1;94;94004;1;1;1;3;RN19;48,75940121;2,50031751
202400053178;3;1;2024;13:45;1;73;73179;1;2;1;3;Route de l'école du tremblay;45,62802489;5,87370649
202400034895;13;12;2024;12:25;1;75;75114;2;4;1;2;BD PERIPHERIQUE EXTERIEUR;48,81930736;2,32868314
202400005786;28;4;2024;19:00;1;93;93027;2;2;8;1;Rue Pierre Curie / Boulevard Pasteur;48,92095000;2,38327000
202400047287;18;4;2024;15:30;1;74;74237;2;1;1;1;Route nationale lieu-dit Bret;46,39822700;6,76895700
202400019335;11;3;2024;11:00;1;92;92024;2;1;1;6;LEON GAMBETTA (ALLEES);48,90306934;2,31065798
202400039097;13;1;2024;15:05;1;94;94052;2;5;1;4;Boulevard de Strasbourg / Grande Rue Charles de Gaulle;48,83570000;2,47433000
202400005371;20;10;2024;20:10;4;95;95219;2;9;1;3;D502;48,99806727;2,25360571
202400043714;14;6;2024;18:10;1;80;80164;1;1;1;1;CORBIE (RUE DE);49,90368000;2,37561000
202400008373;26;4;2024;17:30;1;50;50139;1;9;2;3;N174;49,05385200; -1,00482000
202400041823;17;7;2024;11:40;1;11;11069;2;1;1;2;34 Avenue du Général Leclerc;43,21011000;2,36435000
202400046060;27;10;2024;17:59;1;80;80021;1;3;1;3;Rue de Cagny;49,87067000;2,33326000
202400008090;26;11;2024;08:40;1;75;75107;2;3;8;3;QUAI BRANLY;48,85747400;2,29105300
202400019892;28;1;2024;15:40;1;59;59648;1;1;1;6;CLEMENCEAU RUE;50,59202600;3,05165800
202400048871;10;6;2024;17:47;1;64;64125;2;1;1;2;BAYONNE (AVENUE DE);43,44973000; -1,56938000
202400047105;12;6;2024;09:55;1;976;97611;2;1;1;1;tsoundzou-Cadjifouteni ( rue ); -12,80558000;45,20914000
202400036998;17;1;2024;17:00;2;07;07009;2;1;3;6;Route du Saint Joseph;45,24052400;4,79853800
202400029550;19;5;2024;20:45;1;69;69266;1;1;1;3;Route Départementale 383   ;45,76319122;4,90937814
202400034191;3;10;2024;14:00;1;74;74012;2;1;1;1;GARE (RUE DE LA);46,19803300;6,23618700
202400000200;21;3;2024;14:57;1;34;34142;2;1;1;7;Avenue Paul Teisserenc;43,73446200;3,31291400
202400048787;28;3;2024;18:45;1;76;76270;1;1;1;6;RD 6382;49,52606000;0,15323000
202400045889;26;9;2024;23:19;4;59;59323;1;6;1;1;D934;50,31570600;3,62443700
202400018662;27;5;2024;06:00;3;974;97407;1;9;1;3;BOUVET (AVENUE); -20,95293000;55,29516000
202400035704;7;4;2024;13:33;3;33;33296;1;3;1;7;;44,83470100; -0,03860800
202400041620;18;7;2024;23:05;3;69;69197;1;1;1;1;Route du Terrier;46,05323500;4,67445700
202400045196;16;7;2024;07:35;1;13;13213;2;1;1;4;A507 sens Marseille - Aubagne;43,32598000;5,42156000
202400017996;19;4;2024;17:15;1;35;35039;2;2;1;3;Rue de Rennes;48,10565100; -1,48556800
202400024442;27;7;2024;07:55;1;987;98735;2;4;1;3;TIPAERUI (CV); -17,54973000; -149,57762000
202400030283;30;8;2024;16:15;1;13;13001;1;1;1;2;RD9;43,45262000;5,30803000
202400012482;25;1;2024;11:05;1;73;73008;2;1;1;2;VERDUN AVENUE DE;45,69078000;5,91052000
202400005733;25;6;2024;07:55;1;45;45254;2;1;1;3;Allée de Vieux Cours;47,66741000;2,60837300
202400045389;24;3;2024;16:45;1;69;69018;2;1;1;1;Rue Général Leclerc;46,15176386;4,59336825
202400018340;28;1;2024;01:35;5;37;37261;2;1;1;3;WAGNER (BOULEVARD RICHARD);47,37708000;0,71437000
202400030228;24;7;2024;13:15;1;68;68376;2;6;1;3;SOULTZ(ROUTE DE);47,79666000;7,31425000
202400023418;18;2;2024;19:15;5;91;91027;2;1;2;4;L'INDUSTRIE (QUAI DE) ;48,69596000;2,39277000
202400021215;28;6;2024;16:00;1;14;14570;1;1;1;6;363 Chemin des Cahottes;49,06401500;0,32344900
202400036267;27;8;2024;16:22;1;01;01289;1;1;7;7;Route de Saint André sur Vieux Jonc;46,16953000;5,18498000
202400018577;27;5;2024;18:30;1;92;92044;2;1;1;3;VIC. HUGO(RUE)091A113 ET 112A146;48,89692259;2,29560748
202400036122;2;10;2024;08:50;1;41;41018;2;3;8;3;MORIERS (RUE DES);47,56070000;1,29219000
202400018862;12;10;2024;23:10;3;60;60338;1;6;1;6;route départementale 932A;49,37612354;2,79817700
202400000781;30;4;2024;14:30;1;17;17306;2;6;1;3;ROCHEFORT (DE)  (AVENUE);45,64891300; -1,02450300
202400029280;4;3;2024;06:55;5;64;64102;2;3;1;2;SOULT (AVENUE MARECHAL);43,48776000; -1,48276000
202400014522;4;8;2024;20:40;1;30;30010;1;1;1;6;Route de Generargues;44,06285600;3,98157000
202400011360;15;3;2024;23:30;5;75;75109;2;1;1;7;RUE NOTRE DAME DE LORETTE;48,87961100;2,33609200
202400010853;2;6;2024;16:30;1;50;50412;1;1;1;7;Hameau Bosqueville;49,35372800; -1,69777400
202400000455;6;6;2024;16:30;1;13;13056;2;6;1;3;ISTRES ROUTE D';43,42977000;5,04702000
202400017438;28;6;2024;09:50;1;35;35297;1;1;1;6;N164 pk11;48,17782900; -2,19360700
202400016712;29;5;2024;17:30;1;56;56248;2;1;2;3;39b Rue Général Henri de Virel;47,58489600; -2,62886200
202400002808;9;2;2024;16:50;1;77;77438;2;1;2;6;COURTILLIERE (AVENUE DE LA );48,86810000;2,67610000
202400009710;2;2;2024;12:45;1;93;93029;2;2;1;3;Rue des Travailleurs / Avenue de la Concorde;48,91620000;2,46504000
202400007252;2;6;2024;21:40;1;80;80021;1;1;1;7;SAVEUSE (RUE DE);49,90353000;2,24866000
202400053769;24;10;2024;16:15;1;53;53130;2;2;1;6;CHANZY ( AVENUE DE );48,06987000; -0,74964000
202400033671;1;3;2024;21:45;3;07;07343;2;6;1;2;Route d'Alès;44,54126500;4,35151900
202400002529;12;8;2024;12:25;1;27;27498;2;3;1;1;1 Rue Dupont de l?Eure;49,14995600;0,83036400
202400011078;17;10;2024;21:20;5;37;37271;2;2;2;1;54 Rue de la Galandiére;47,23139300;0,49785600
202400036841;10;12;2024;23:15;3;31;31516;2;1;1;6;route des Pyrenées;43,75247800;1,40692600
202400051738;21;9;2024;16:00;1;13;13213;2;1;1;2;Marie Louise (Bd);43,34000000;5,41369000
202400040423;4;11;2024;08:45;1;43;43157;2;1;7;4;Rue Antoine Valette;45,02108000;3,89224000
202400000477;1;5;2024;20:10;1;62;62262;2;1;1;6;D166;50,52271555;2,74748079
202400042654;27;9;2024;10:00;1;94;94068;2;1;1;3;Rue de la Varenne;48,80857982;2,47277033
202400012496;31;1;2024;17:45;2;72;72181;2;3;1;2;LAIGNE RUE DE N° PAIRS 260 ET >;47,96036000;0,20813000
202400023336;8;3;2024;18:50;2;16;16353;1;1;2;7;RD 06;45,68825500;0,44159900
202400047624;31;3;2024;01:00;5;987;98738;2;1;1;6;pk 15 au niveau du rond point du méridien; -17,61730013; -149,61434305
202400006516;9;8;2024;19:56;1;14;14557;2;1;1;2;105 Avenue Ox and Bucks;49,33862000;0,09716000
202400004525;10;8;2024;06:20;2;79;79259;1;3;5;3;;46,94454400; -0,23400000
202400042204;15;6;2024;11:34;1;22;22015;1;1;8;2;la ville marque;48,39436900; -2,59063800
202400021968;6;9;2024;08:30;1;06;06048;2;1;1;2;1906 Route Rd 15 la Roseyre;43,78314000;7,33626000
202400032298;5;10;2024;14:30;1;44;44066;1;1;1;7;chanais;47,35023375; -1,66470050
202400007344;19;10;2024;09:25;1;14;14061;1;2;2;3;Route du Désert;48,90482300; -0,83380200
202400020341;28;7;2024;19:10;1;60;60572;1;1;1;1;D335;49,37270500;3,00057600
202400012712;2;2;2024;07:05;2;06;06004;2;3;1;6;Chemin de Saint Claude;43,59490740;7,10715580
202400037776;27;8;2024;17:00;1;75;75108;2;3;1;3;PLACE HENRI BERGSON;48,87617800;2,31951200
202400042237;7;12;2024;13:05;1;93;93008;1;1;1;6;AUTOROUTE A86;48,90615841;2,46109169
202400037394;24;2;2024;14:30;1;72;72181;2;1;3;2;RHIN ET DANUBE (AV) N° IMP 271 A 339;48,02170000;0,18321000
202400049617;4;12;2024;16:20;1;61;61213;1;3;5;3;D909;48,47315900; -0,13096600
202400031528;2;3;2024;14:32;1;92;92033;2;6;2;3;GARE;48,83847492;2,18671560
202400053629;1;1;2024;07:15;5;93;93077;2;1;1;5;Rue de Neuilly;48,87749000;2,52332000
202400028597;6;10;2024;17:30;1;28;28215;1;2;2;2;D939;48,34874500;1,81218100
202400041948;15;6;2024;19:45;1;77;77372;1;3;1;1;D 934;48,88141000;2,66091000
202400052810;12;2;2024;18:25;1;974;97411;2;2;1;3;CHAUDRON  (BLD 1 DU); -20,89873000;55,49649000
202400026395;26;7;2024;18:10;1;95;95527;1;1;3;7;A1;49,00473404;2,52582663
202400015166;30;6;2024;19:30;1;94;94028;2;5;1;3;Rue René Arcos / Rue du Jeu de Paume;48,77766289;2,46049279
202400053861;7;2;2024;15:55;1;2A;2A271;2;1;1;3;#Caldaniccia#;41,95104900;8,80794500
202400022551;23;5;2024;20:05;1;58;58194;2;3;1;3;AMIRAL JACQUINOT;46,98401000;3,18366000
202400017842;30;1;2024;15:13;1;38;38169;2;3;1;3;Boulevard Joliot Curie;45,19704000;5,69376000
202400049239;11;6;2024;14:30;1;75;75108;2;3;1;4;PLACE HENRI BERGSON;48,87619000;2,31946400
202400009686;23;9;2024;11:37;1;82;82033;1;3;8;6;Chemin de Peyrat;44,03414427;1,17438868
202400022401;28;7;2024;06:52;2;54;54395;2;1;1;6;boulevard du 21ème RA;48,69248000;6,19284000
202400032620;8;11;2024;20:00;3;49;49261;1;1;8;5;D69;47,30673500; -0,24654900
202400027986;25;7;2024;14:15;1;75;75120;2;1;1;4;BD PERIPHERIQUE INTERIEUR;48,85634400;2,41392300
202400001165;12;2;2024;18:56;5;91;91235;2;2;2;6;Rue de l'Ecoute S'Il Pleut;48,64118400;2,36389800
202400015445;30;6;2024;22:05;5;33;33063;2;3;1;3;;44,86582000; -0,56110000
202400015108;14;3;2024;15:50;1;75;75116;2;1;1;7;ROUTE DE LA SEINE A LA BUTTE MORTEMART;48,85206100;2,23197500
202400027228;6;3;2024;18:30;2;59;59268;1;1;1;1;3155 Rue du Grand Chemin;50,61450200;2,74779300
202400053859;14;8;2024;16:15;1;93;93007;2;2;1;3;Rue Saint Saens / Rue Charles Gounod;48,93882000;2,46789000
202400002192;29;11;2024;11:00;1;64;64445;2;1;1;6;PEBOUE;43,30835000; -0,33772000
202400046441;4;12;2024;18:55;5;91;91345;2;1;1;4;RUE MICHEL DE GAILLARD;48,69747000;2,29001000
202400005349;21;10;2024;19:30;3;91;91689;1;1;1;3;AUTOROUTE A6;48,72355000;2,31218000
202400017929;30;1;2024;18:40;5;75;75111;2;3;1;1;RUE LOUIS BONNET;48,87025198;2,37648332
202400001181;23;10;2024;20:05;3;17;17157;1;1;1;2;A10;45,89967000; -0,59373400
202400050381;10;7;2024;16:55;1;55;55043;2;1;1;2;DE GAULLE (GENERAL);49,17429000;5,38093000
202400054249;29;11;2024;19:07;5;04;04112;2;1;1;1;EN DESSOUS (RUE D');43,82906000;5,78911000
202400037445;14;1;2024;10:46;1;92;92050;1;1;1;6;A86;48,89399306;2,18968636
202400043219;9;1;2024;07:00;5;91;91228;2;2;4;2;CHAMPS ELYSEES (BOULEVARD DES);48,62610000;2,42376000
202400051492;26;3;2024;20:18;5;84;84007;2;9;2;3;MONCLAR (AVENUE);43,93282000;4,80285000
202400018587;1;8;2024;18:50;1;05;05178;1;1;1;7;Impasse du Roussi;44,38069500;5,91129900
202400051017;10;6;2024;12:30;1;92;92062;2;4;1;2;DE DION BOUTON (QUAI) DU 29 AU 65;48,88053713;2,24511623
202400018634;29;5;2024;14:30;1;19;19085;1;1;8;6;;45,30580847;1,82465649
202400006891;16;1;2024;18:00;2;986;98611;2;1;1;7;RT1, Poi roaume d'Alo ; -14,29312100; -178,09438700
202400014575;26;12;2024;17:20;2;83;83137;1;1;1;2;A57;43,12213900;5,95594954
202400033460;1;3;2024;01:40;5;75;75119;2;2;2;6;AVENUE JEAN JAURES;48,88878100;2,39307500
202400007402;20;3;2024;12:55;1;13;13216;1;1;1;2;A55-Sens Marseille vers Martigues;43,35557748;5,34706133
202400026938;25;6;2024;20:45;1;69;69116;1;1;1;1;814 Route du Mont Verdun;45,84017700;4,77907500
202400014030;28;12;2024;14:45;1;86;86244;2;1;1;1;16 Rue du Four;46,35980100;0,05320400
202400022041;14;4;2024;14:30;1;51;51425;1;1;1;7;D980;49,13211000;3,68153600
202400041291;11;5;2024;20:30;1;75;75116;2;2;1;7;RUE DE BOULAINVILLIERS;48,85423600;2,27551400
202400050303;3;12;2024;13:17;1;75;75116;2;1;1;2;BD PERIPHERIQUE INTERIEUR;48,86016400;2,26355400
202400009070;18;10;2024;11:05;1;91;91657;2;1;8;3;AV HENRI BARBUSSE;48,69977000;2,41852000
202400028675;24;6;2024;18:00;1;75;75109;2;2;1;6;RUE DE MAUBEUGE;48,87725800;2,34269100
202400040411;1;11;2024;16:50;1;49;49099;2;3;8;6;GIRARDIERE (RUE DE LA);47,04288000; -0,90611000
202400030632;23;6;2024;18:58;1;2B;2B034;1;9;1;2;rt30;42,63643700;9,01253100
202400005091;4;6;2024;18:25;1;72;72003;2;1;1;2;CROIX GEORGETTE (RTE DE LA);47,98368000;0,15185000
202400049035;13;7;2024;10:20;1;973;97302;2;3;1;1;FLAMBOYANTS (RUE DES);4,92370548; -52,31952935
202400021461;21;12;2024;10:45;1;85;85191;1;1;1;1;RD37;46,69354000; -1,42491000
202400005708;21;3;2024;16:20;1;03;03188;1;3;1;1;D987;46,28859600;3,25363800
202400052054;22;9;2024;05:50;3;62;62647;2;1;1;6;D94;50,39347082;2,09644799
202400047571;14;8;2024;09:35;1;81;81271;2;1;2;6;Avenue Pasteur;43,77327500;1,68550600
202400031392;10;4;2024;09:00;1;75;75118;2;2;1;6;RUE DE CLIGNANCOURT;48,89406400;2,34924500
202400012348;5;8;2024;19:45;1;51;51454;2;1;1;7;COURCELLES (RUE DE) DU 1 AU 97 ET 2 A 22;49,25782000;4,02176000
202400009355;14;3;2024;17:15;1;22;22113;2;1;1;3;CORDIERS (RUE DES);48,73110000; -3,44668000
202400020555;20;7;2024;12:35;1;14;14117;2;1;1;6;24 Avenue Georges Clémenceau;49,29130000; -0,12072000
202400001119;9;2;2024;11:10;1;75;75117;2;1;8;2;PORTE DE CHAMPERRET;48,88527700;2,28712300
202400031208;3;3;2024;19:45;3;32;32301;1;1;1;3;Route Nationale 124, PK 71+580;43,71079600;0,44239300
202400043078;11;5;2024;09:55;1;63;63268;1;2;1;3;RD 996 /rue de la Coste;45,55885100;3,16617100
202400007626;7;7;2024;02:45;3;80;80541;1;1;1;1;D930;49,63592500;2,52496700
202400034041;28;8;2024;12:00;1;49;49007;2;2;1;1;MILLOT BOULEVARD JACQUES;47,45305000; -0,53858000
202400001415;30;11;2024;15:15;1;34;34169;2;1;1;1;ROUTE M112;43,66382800;3,86348600
202400052979;24;10;2024;07:55;2;61;61043;2;2;1;5;D955;48,34528300;0,74602400
202400015383;9;3;2024;15:20;1;68;68166;2;1;1;7;NOYER (RUE DU);47,79144000;7,33229000
202400016085;9;9;2024;14:45;1;83;83137;2;9;1;1;BRIAND (AVE ARISTIDE PROLONGEE);43,11996000;5,88774000
202400036772;6;11;2024;17:30;2;72;72176;2;5;1;1;2 Avenue de la Libération;47,64707300;0,15277700
202400017248;30;6;2024;09:30;1;91;91161;2;1;1;1;RUE PIERRE MENDES FRANCE;48,69529000;2,31157000
202400026122;3;9;2024;15:00;1;31;31467;2;3;1;3;Avenue de Fronton;43,67964900;1,42233000
202400044196;7;12;2024;18:00;5;33;33063;2;3;2;6;;44,89184000; -0,56531000
202400002711;10;8;2024;07:50;1;13;13058;1;1;1;3;D5;43,74744400;4,83125900
202400054175;19;9;2024;13:00;1;81;81004;2;6;1;3;Route de Cordes;43,94252000;2,13590000
202400024500;23;5;2024;16:20;1;75;75112;2;5;1;6;AVENUE DU DOCTEUR ARNOLD NETTER;48,84480000;2,40549000
202400016676;29;5;2024;09:20;2;75;75114;2;3;2;7;BOULEVARD BRUNE;48,82383900;2,32324700
202400053690;1;1;2024;12:45;1;01;01434;1;1;1;1;D22b;45,97504900;5,12629800
202400053839;25;3;2024;17:00;1;67;67137;1;1;1;6;M83;48,50517000;7,69504000
202400042580;26;9;2024;07:24;5;27;27229;2;2;2;3;LEPOUZE (RUE);49,02731000;1,15546000
202400012791;22;5;2024;13:10;1;77;77468;2;1;2;6;LAGNY (ROUTE DE);48,85934000;2,65019000
202400029354;11;4;2024;07:55;1;88;88160;2;6;1;3;CEDRES (AV. DES);48,18582000;6,46434000
202400009445;5;7;2024;22:00;2;62;62767;2;1;1;1;Rue de Bethune;50,38305900;2,33754900
202400043916;22;8;2024;03:50;5;25;25462;2;1;1;6;MOULIN PARNET DU;46,90741600;6,35318300
202400019747;28;1;2024;18:00;3;13;13093;2;3;1;3;D561;43,68702800;5,39488300
202400040304;29;9;2024;12:20;1;62;62706;2;1;1;6;D166;50,57895200;2,73891900
202400047128;18;2;2024;00:30;5;93;93055;2;2;1;3;Avenue Anatole France / Avenue Jean Lolive;48,89536100;2,42567200
202400008181;26;11;2024;12:00;1;92;92012;2;2;1;6;YVES KERMEN (RUE) 51/FIN - 40/FIN;48,82846518;2,23869771
202400031650;19;1;2024;19:10;5;53;53130;2;6;1;3;CROSSARDIERE ( RUE );48,07342000; -0,76792000
202400038786;10;12;2024;18:10;3;77;77276;1;1;2;4;RD 360;48,92091071;2,88023472
202400010332;5;2;2024;07:50;1;34;34183;1;1;1;1;d162;43,29726900;3,13121100
202400026005;23;1;2024;18:15;5;22;22183;2;3;8;3;Rue Jéhan Crès;48,14223300; -2,60571800
202400004829;7;12;2024;09:20;1;88;88268;1;1;2;1;N159;48,28597200;7,06886400
202400027561;18;12;2024;19:25;5;92;92012;2;1;1;3;PIERRE LEFAUCHEUX (AVENUE);48,82432287;2,24194765
202400025058;7;3;2024;13:00;1;34;34172;2;4;1;3;BOUISSON-BERTRAND (AVENUE);43,61710000;3,87332000
202400029652;19;5;2024;15:25;1;63;63113;2;2;1;3;rue de la Cerisiere /  rue de Marmillat;45,79410148;3,11244607
202400031494;20;1;2024;17:15;1;64;64010;1;1;1;3;RD 29;43,35517200; -1,02228600
202400000386;19;9;2024;17:40;1;89;89441;1;1;1;7;A6;47,70031800;3,81025500
202400028082;2;9;2024;07:30;1;93;93031;2;6;1;3;Avenue Joffre / Avenue Galliéni;48,96173000;2,29510000
202400004986;8;2;2024;23:00;5;75;75118;2;1;2;5;BOULEVARD BARBES;48,89101500;2,34961400
202400032686;20;6;2024;06:00;2;75;75119;2;1;1;6;AVENUE DE LA PORTE DU PRE SAINT GERVAIS;48,87917600;2,40176800
202400048743;29;3;2024;13:25;1;83;83126;2;6;1;3;LA SEYNE A OLLIOULES (CHEMIN DE);43,10976000;5,85748000
202400019673;30;1;2024;12:55;1;69;69070;2;1;1;1;4 Rue des Marronniérs;46,01342700;4,37174300
202400017955;18;4;2024;20:17;3;21;21406;1;1;1;6;D9;47,30868000;4,72243700
202400028448;3;10;2024;13:15;1;83;83023;1;1;1;1;D43;43,35377750;6,08967131
202400044692;27;10;2024;00:10;3;60;60045;1;1;1;2;RD1324;49,21752000;2,68567400
202400030048;1;9;2024;20:50;2;27;27246;2;3;1;6;Rue Augustin Leonard;49,36538700;1,36456800
202400018398;9;9;2024;10:10;1;60;60446;1;1;2;6;N2;49,13353900;2,79780400
202400029343;11;4;2024;19:24;1;91;91425;2;2;1;6;RUE DU MAILLE;48,64050000;2,26846000
202400024116;24;1;2024;21:30;5;75;75115;2;1;1;1;BD PERIPHERIQUE EXTERIEUR;48,83331700;2,27821600
202400012473;29;12;2024;10:50;1;973;97302;2;1;2;6;14 ET 22 JUIN 1962;4,93453000; -52,32710000
202400001485;23;10;2024;16:30;1;93;93005;2;3;1;6;CHARLES FLOQUET (BOULEVARD);48,93709094;2,49870443
202400013540;2;7;2024;15:20;1;13;13202;2;1;1;3;CAMILLE PELLETAN (AVENUE);43,30329000;5,37373000
202400051117;26;10;2024;20:35;5;93;93078;2;2;1;1;DAMBEL (AVENUE EMILE);48,95371000;2,54922000
202400022472;29;7;2024;21:30;1;75;75111;2;2;1;6;AVENUE PARMENTIER;48,86502536;2,37467462
202400026880;13;11;2024;12:35;1;92;92050;2;1;1;6;SADI CARNOT RUE;48,88896193;2,20414303
202400025510;13;4;2024;04:52;3;51;51168;1;1;1;2;Route Départementale 977;48,90002000;4,30274000
202400029706;20;1;2024;16:20;1;94;94073;2;2;1;3;Avenue de Versailles / rue simone veil;48,75825000;2,39294000
202400005212;21;10;2024;23:05;5;31;31555;2;1;1;6;MINIMES (BD DES) DU 1AU 76;43,61553000;1,44479000
202400009313;18;3;2024;19:10;2;974;97407;2;1;1;7;COMPAGNIE DES INDES (BD DE LA) ; -20,94485000;55,31648000
202400047314;29;3;2024;08:20;1;94;94002;2;1;8;3;Rue Paul Vaillant Couturier;48,81256000;2,41613000
202400020207;6;9;2024;04:40;4;971;97113;1;1;1;2;RN4 - SECTION RIVIERA;16,21797000; -61,49827000
202400006955;19;11;2024;21:10;3;63;63414;1;1;2;2;;45,73345852;3,56062040
202400048040;30;3;2024;16:18;1;19;19031;2;1;1;4;MENDES FRANCE (AVENUE PIERRE);45,14348131;1,47169161
202400038873;10;12;2024;08:26;1;75;75109;2;3;2;3;RUE SAINT LAZARE;48,87573700;2,32778700
202400026511;8;10;2024;12:25;1;93;93051;2;1;2;3;GABRIEL PERI (AVENUE);48,83288159;2,56633548
202400025723;3;9;2024;14:55;1;988;98818;2;1;8;4;RUE FERNAND FOREST; -22,24121000;166,45293000
202400002323;27;4;2024;20:45;3;973;97302;1;1;1;2;ROUTE NATIONALE 1;4,90199348; -52,32483387
202400043985;14;6;2024;10:03;1;75;75104;2;2;1;6;RUE SAINT MERRI;48,86017400;2,35092200
202400019834;22;12;2024;03:00;5;75;75112;2;3;2;1;BOULEVARD DIDEROT;48,84608100;2,37600700
202400033154;9;4;2024;11:40;1;75;75111;2;3;8;6;AVENUE PARMENTIER;48,86934600;2,37163600
202400049230;16;2;2024;16:55;1;51;51454;2;9;2;6;VESLE (RUE);49,25405400;4,03041100
202400009926;25;11;2024;08:55;1;92;92040;2;1;2;6;RODIN (BOULEVARD);48,81887541;2,25817144
202400048682;29;3;2024;16:45;1;91;91161;1;1;2;2;AUTOROUTE A6;48,70061031;2,31006861
202400003781;8;7;2024;11:45;1;13;13117;1;1;1;2;CD 9 ESTROUBLANS;43,42761000;5,26172000
202400032512;23;6;2024;01:50;3;85;85051;2;6;1;7;RD949B;46,68449000; -1,03601700
202400040900;13;1;2024;18:05;5;86;86174;1;6;8;3;D161;46,78101900;0,53039100
202400041353;5;4;2024;16:20;1;51;51097;1;1;2;7;Autoroute A4 - PK187.200;49,02988560;4,54248130
202400020076;31;7;2024;12:05;1;974;97407;2;9;1;3;BELLEAU REMI(RUELLE); -20,94074000;55,29748000
202400013905;21;11;2024;07:23;1;13;13212;2;1;1;2;A507 sens Aubagne- Marseille;43,29655000;5,42453000
202400042180;15;6;2024;18:25;1;56;56154;1;1;1;1;Le Pont d'Oust;47,72851700; -2,21449700
202400015693;21;4;2024;04:30;3;26;26058;1;1;1;7;Autoroute A7 PK 65.050 N/S;44,97943200;4,88333700
202400045964;21;8;2024;18:20;1;36;36025;2;1;1;6;Rue du Château;46,55743127;2,02327509
202400047618;30;3;2024;15:50;1;10;10084;1;1;1;6;A26;48,40520000;4,14870000
202400048261;10;6;2024;12:45;1;67;67482;2;1;1;3;DOUBS (RUE DU);48,55862000;7,73400000
202400038063;1;10;2024;20:45;5;93;93005;2;9;1;6;MAXIMILIEN ROBESPIERRE (RUE);48,94809419;2,50186764
202400019028;12;3;2024;09:45;1;77;77495;1;1;8;2;A5B;48,57960300;2,63802500
202400006248;25;4;2024;20:10;1;49;49007;2;1;1;7;MOULIN BOULEVARD;47,49228000; -0,55441000
202400034631;20;6;2024;08:20;1;94;94071;2;1;2;2;Avenue Georges Pompidou;48,77123261;2,52320123
202400037040;15;1;2024;00:15;3;35;35256;1;1;1;2;D603;48,61512300; -2,11435300
202400027179;16;12;2024;18:15;5;91;91421;2;2;1;3;AV HENRI BARBUSSE;48,70548000;2,43878000
202400042993;10;5;2024;13:30;1;75;75119;2;3;1;3;RUE DE CRIMEE;48,89016100;2,37739700
202400018747;12;10;2024;12:00;1;971;97113;2;1;1;3;MONTAUBAN (SECTEUR);16,21621000; -61,50363000
202400023167;27;6;2024;09:13;1;94;94018;1;1;1;3;A4;48,82253799;2,39690691
202400020284;26;1;2024;08:15;5;60;60057;2;6;2;1;Avenue Nelson Mandela;49,43391000;2,06207000
202400030853;10;11;2024;19:40;5;92;92049;2;1;1;2;VERDIER AVENUE AUTRES N°;48,81616205;2,30917141
202400029463;22;1;2024;21:10;5;93;93008;2;9;1;6;Avenue Paul Vaillant - Couturier;48,90558000;2,46718000
202400019080;11;3;2024;03:40;3;91;91161;2;1;1;1;RTE DE MASSY;48,71206000;2,30837000
202400033901;15;5;2024;13:50;1;92;92012;2;9;1;5;PONT DE SEVRES (ROND POINT DU);48,82892350;2,22856826
202400046195;6;12;2024;10:00;1;93;93047;2;9;1;6;JEAN JAURES (AVENUE);48,89823794;2,55561360
202400030318;23;7;2024;18:30;1;94;94028;2;1;1;3;Avenue Francois Mauriac;48,78594915;2,45441222
202400039439;11;5;2024;15:00;1;33;33063;2;1;1;3;;44,83549000; -0,56932000
202400013296;16;3;2024;01:03;3;06;06088;1;1;1;6;autoroute A8;43,73203400;7,27844200
202400035471;16;1;2024;19:30;5;59;59009;2;2;9;3;Rue des Fusilles;50,61895517;3,14222287
202400039058;13;5;2024;17:00;1;93;93066;2;1;1;6;Rue du Docteur Delafontaine;48,93623324;2,37351036
202400013950;28;12;2024;18:30;5;94;94041;2;1;1;1;Avenue Jean Jaurès;48,81111000;2,40321000
202400033016;14;12;2024;01:45;5;93;93029;2;1;1;6;JOFFRE (PLACE);48,93123349;2,45677975
202400003026;28;12;2024;23:45;3;28;28229;1;3;2;2;D939;48,46402600;1,42826800
202400010689;31;12;2024;14:56;1;69;69290;2;1;1;6;Rue Henri Maréchal;45,69400212;4,94108781
202400002669;10;8;2024;17:40;1;92;92012;2;1;1;3;JEAN JAURES (BOULEVARD) 1/61 - COTE IMPA;48,84331808;2,23804379
202400038989;13;1;2024;10:51;1;47;47032;2;1;8;6;NOGUES (avenue du);44,18690000;0,66062000
202400034614;20;6;2024;05:15;1;75;75118;2;3;1;3;RUE MARX DORMOY;48,88450900;2,35943200
202400016871;27;5;2024;09:25;1;10;10387;2;2;1;6;Rue d'Alsace - Lorraine;48,28592000;4,08277000
202400037649;12;5;2024;11:21;1;50;50147;2;1;1;2;ALSACE LORRAINE (BOULEVARD);49,04949000; -1,44763000
202400012083;10;9;2024;07:25;2;95;95323;2;2;1;6;OISE (BOULEVARD DE L');49,02102920;2,02187955
202400037145;13;5;2024;09:40;1;75;75117;2;1;1;4;BD PERIPHERIQUE INTERIEUR;48,88457800;2,28630100
202400032742;21;6;2024;02:30;5;93;93064;2;6;1;6;Boulevard Gabriel Péri / Rue Jules Ferry;48,87739800;2,47533300
202400045068;2;4;2024;16:45;1;76;76177;1;2;8;1;D151;49,60010300;1,17752200
202400021363;16;11;2024;12:00;1;2B;2B037;2;9;1;3;TOUTES RUES;42,63272000;9,43512000
202400012893;31;5;2024;09:15;1;04;04094;1;1;1;1;D4;43,75042000;5,80395700
202400036482;1;10;2024;08:01;1;64;64260;2;2;1;3;GAULLE CHARLES (RUE DE);43,35871000; -1,77601000
202400054189;10;7;2024;18:50;1;34;34172;2;1;1;7;LODEVE (AVENUE DE;43,61214000;3,84584000
202400011548;15;3;2024;12:00;1;76;76108;2;1;2;3;Chemin de Clères;49,45787130;1,09428227
202400009126;2;6;2024;01:26;3;33;33529;1;1;1;1;;44,64300000; -1,15410000
202400014705;3;8;2024;23:45;5;63;63233;2;2;1;1;11 Rue des Fossés;46,18100000;2,80667400
202400032109;22;7;2024;17:00;1;19;19031;2;2;1;3;Avenue Jacques Et Bernadette Chirac;45,16676640;1,54552567
202400052937;10;7;2024;16:55;1;93;93070;2;1;1;6;ALBERT-DHALENNE (RUE);48,91407400;2,33280300
202400015760;22;1;2024;18:00;2;78;78646;2;4;1;7;REMONT (RUE);48,79042000;2,15455000
202400025599;19;12;2024;01:16;4;94;94042;1;1;2;6;A4;48,82818677;2,47432101
202400034359;22;6;2024;19:30;1;50;50260;2;1;1;6;Rue des Ecoles;48,67653900; -1,01906700
202400045817;19;2;2024;18:25;5;75;75112;2;1;2;3;RUE DE BERCY;48,84387400;2,37315800
202400019470;13;11;2024;08:00;2;06;06029;2;1;1;7;81 Boulevard Carnot;43,56091000;7,01675000
202400038280;5;11;2024;11:30;1;974;97411;1;1;1;3;BERNARD (RUE SAINT-); -20,89927000;55,40097000
202400041582;2;4;2024;15:15;1;54;54395;2;3;1;6;Rue des Brice;48,67933928;6,18195266
202400003426;23;10;2024;12:24;1;12;12021;1;1;1;5;D648;44,29523500;2,10717600
202400038999;13;1;2024;12:11;1;35;35238;2;6;8;3;BIGOT DE PREAMENEU;48,09806000; -1,66688000
202400004449;28;5;2024;10:30;1;74;74104;1;1;1;3;Route d'Annecy;45,79510600;6,21316600
202400006436;27;4;2024;14:10;1;07;07317;2;1;6;7;Chemin de Chardenos;45,22990900;4,77157500
202400019533;18;11;2024;06:44;3;59;59263;1;6;3;2;D643;50,32596000;3,10965700
202400002099;30;4;2024;18:10;1;93;93006;2;2;8;6;Rue Raymond Lefebvre / Rue Auguste Blanqui;48,87220934;2,42632627
202400011648;22;11;2024;15:30;1;76;76692;1;2;1;3;D5;49,69398300;0,63847300
202400040528;27;10;2024;00:10;5;2A;2A139;2;2;1;3;#Strada Sampieru Corsu#;41,63628600;9,34372700
202400052870;1;1;2024;09:30;1;94;94017;2;1;1;2;Avenue de la République;48,81887000;2,51147000
202400035175;12;5;2024;08:35;1;33;33517;2;1;2;1;;45,05618600; -0,69986900
202400032385;4;10;2024;08:45;1;44;44109;2;9;1;1;20 Quai Henri Barbusse;47,22616000; -1,55309000
202400041699;4;5;2024;10:15;1;74;74123;1;4;1;2;Route d'annecy;45,75533600;6,27302400
202400036885;12;12;2024;17:40;3;60;60106;1;1;1;1;D37;49,38673100;2,45604500
202400048076;20;9;2024;08:17;1;29;29061;2;6;1;3;rue Gaston Planté;48,42853611; -4,46120024
202400038379;5;11;2024;19:05;5;54;54395;2;3;5;6;Place Carnot;48,69363000;6,17802000
202400007268;10;8;2024;14:20;1;74;74140;1;3;7;3;Route du Col de Terramont;46,24481500;6,47755600
202400017793;7;9;2024;12:20;1;93;93029;1;1;1;5;AUTOROUTE A86;48,92256332;2,42727135
202400042551;7;12;2024;16:00;1;29;29215;1;1;6;1;D784;47,99668115; -4,37612321
202400027629;24;1;2024;08:00;2;41;41233;2;1;2;1;43 Rue du Bourg Neuf;47,43498400;1,29147500
202400038625;11;12;2024;18:45;2;94;94019;2;3;1;6;Avenue Georges;48,79961298;2,54020858
202400037659;17;7;2024;15:00;1;56;56017;1;1;1;6;kermoël;47,89104300; -2,79202900
202400013794;22;4;2024;07:20;1;62;62817;2;1;1;2;D939;50,27861230;2,82000320
202400015814;18;4;2024;18:15;1;49;49328;1;1;1;6;ROCADE N 347;47,28860000; -0,04523000
202400033405;8;4;2024;06:20;4;92;92072;1;1;1;6;N118;48,82701466;2,22422590
202400013152;15;10;2024;09:20;2;59;59043;2;1;5;3;LILLE (ROUTE DE);50,71959000;2,80488000
202400016108;23;12;2024;14:45;1;83;83042;2;1;6;6;59 Rue Marceau;43,24552800;6,53322300
202400034859;13;12;2024;20:05;5;33;33075;2;3;1;3;;44,87798000; -0,62387000
202400019547;17;4;2024;12:20;1;974;97411;2;6;1;2;JAURES (BOULEVARD JEAN); -20,90090000;55,48717000
202400049389;13;7;2024;18:15;1;31;31555;2;1;1;3;BD GRIFFOUL DORVAL;43,58899908;1,46061838
202400040664;9;12;2024;18:10;5;75;75116;2;7;2;3;PLACE VICTOR HUGO;48,86943300;2,28518900
202400037563;22;2;2024;14:35;1;63;63113;2;1;1;6;CLEMENTEL (BD ETIENNE);45,81099500;3,10943395
202400006876;27;11;2024;22:00;3;28;28134;1;9;5;6;D 152 (MESNIL SUR L'ESTREE);48,76300000;1,36860000
202400030039;19;5;2024;21:39;3;71;71086;1;1;1;1;Route de Tourny;46,40800440;4,25285236
202400052549;26;3;2024;20:20;5;95;95252;1;9;3;3;A115;48,98430558;2,24152258
202400028249;27;7;2024;14:10;1;81;81104;1;1;1;7;D87;43,77703600;1,82709900
202400048673;5;1;2024;19:00;3;59;59284;1;9;2;3;CD 40;50,41963000;3,40700000
202400006897;6;2;2024;16:05;1;28;28015;1;1;1;3;RD 19.4;48,44763600;1,77706500
202400043736;21;8;2024;14:20;1;974;97411;2;3;1;3;MANES (RUE EDOUARD); -20,89561000;55,49493000
202400053287;11;7;2024;17:50;1;38;38073;2;2;1;1;Route du Grand Armet;44,98711100;5,96964200
202400026964;23;6;2024;21:20;1;59;59636;1;1;1;2;ROUTE METROPOLITAINE 652;50,67225000;3,03998000
202400004169;28;4;2024;11:20;1;13;13054;1;6;8;3;BRICARD (QRT );43,39370000;5,19342000
202400001098;7;6;2024;08:45;1;50;50218;1;1;1;4;AVRANCHES (ROUTE D');48,82593000; -1,55997000
202400039947;17;6;2024;19:00;1;94;94046;2;1;1;6;12 Avenue Gambetta;48,80999900;2,43612200
202400010211;24;11;2024;16:00;1;64;64189;2;1;6;2;BENOIT PIERRE (BOULEVARD);43,38826068; -1,67316198
202400046796;7;5;2024;17:40;1;75;75117;2;1;1;6;BOULEVARD PEREIRE;48,87854400;2,28502600
202400050411;4;12;2024;18:25;4;01;01007;2;3;1;5;D36;46,01007400;5,36368800
202400030471;5;10;2024;00:30;5;75;75107;2;2;1;3;RUE VANEAU;48,85168500;2,31904200
202400034875;6;11;2024;12:37;1;93;93007;2;1;1;6;"""PIERRE SEMARD (RUE """"COTE IMPAIRS"""")""";48,93254000;2,47766000
202400004919;20;12;2024;15:35;1;74;74081;2;9;1;6;Gare routière;46,06172800;6,58251600
202400053589;26;3;2024;14:30;1;29;29111;1;1;1;1;Trofagan;48,57701200; -4,22749400
202400013677;20;4;2024;15:15;1;75;75117;2;4;1;2;BOULEVARD BESSIERES;48,89499100;2,31553600
202400024980;7;3;2024;06:15;5;76;76498;2;3;1;6;Allée Raoul Dufy;49,42670000;1,06213000
202400052576;14;2;2024;22:30;3;66;66148;1;1;1;1;D914;42,51203200;3,09610600
202400001391;30;11;2024;15:30;1;47;47293;1;1;5;7;Route du Fleuve;44,15553022;0,70334548
202400025335;7;3;2024;07:00;1;95;95154;1;1;1;4;A1;49,04321551;2,54423985
202400031159;12;1;2024;08:30;1;44;44162;2;1;8;6;1 Rue de la Gironde;47,21081842; -1,61357032
202400031162;3;3;2024;11:45;1;974;97416;1;1;2;2;RN02; -21,34330000;55,49650000
202400026669;7;10;2024;16:30;1;75;75118;2;3;8;3;RUE DE LA CHAPELLE;48,89085400;2,35992100
202400042672;23;8;2024;12:15;1;73;73256;1;1;1;4;D902 Route du Télégraphe;45,19879140;6,46272379
202400048742;5;1;2024;19:35;4;17;17300;2;1;1;6;Avenue Carnot;46,16471900; -1,18257200
202400014096;2;2;2024;13:55;1;62;62393;1;1;1;1;D229;50,92049278;2,00112306
202400010596;6;8;2024;20:15;1;42;42069;2;3;1;7;Rue Victor Hugo;45,99164300;4,06520400
202400005877;15;9;2024;06:15;2;95;95450;1;1;1;6;HAUTIL (BOULEVARD DE L');49,02486000;2,06055000
202400052098;27;3;2024;19:55;5;59;59252;2;1;1;7;Rue d?Armentieres;50,70625000;2,92759400
202400047812;13;6;2024;10:20;1;07;07010;1;1;1;6;D121;45,23687262;4,61958766
202400031198;3;3;2024;03:45;5;94;94041;2;1;2;6;76 Avenue Maurice Thorez;48,81447071;2,37879392
202400034803;13;12;2024;19:35;5;78;78146;2;7;1;6;GUY DE MAUPASSANT (AVENUE);48,90401700;2,15687200
202400006529;11;11;2024;14:30;1;50;50626;1;1;1;6;La Croix au Gros;48,91431400; -1,38807000
202400054292;25;3;2024;12:46;1;47;47001;2;1;1;3;JAURES (AV. JEAN);44,20318000;0,62887000
202400020702;25;5;2024;01:25;3;33;33550;2;1;1;1;;44,77322000; -0,53733000
202400014500;5;8;2024;09:30;1;976;97602;1;1;1;2;Route Nationale 1; -12,71517900;45,12636400
202400033751;8;4;2024;07:00;1;27;27229;2;1;2;2;GAMBETTA (BOULEVARD);49,01917000;1,14869000
202400032249;23;7;2024;15:55;1;63;63178;2;6;1;3;D996-Route de Perrier-giratoire rue colonnel Buret;45,54359200;3,22442300
202400037882;28;8;2024;10:50;1;30;30284;1;6;1;3;Avenue de Ladrecht;44,14568500;4,06837500
202400050233;27;10;2024;13:50;1;29;29162;1;3;1;3;Lieu Dit Croas Diben;48,20629910; -3,98272106
202400021570;22;12;2024;12:50;1;39;39017;2;2;8;3;14 Rue Honore Chapuis;46,76038100;5,53078300
202400037597;19;7;2024;22:20;3;92;92022;1;1;1;7;PAVE DE MEUDON (RUE DU);48,80446096;2,19516680
202400012355;7;12;2024;20:25;3;79;79157;1;1;6;7;;47,00771300; -0,17252000
202400014130;13;12;2024;13:33;1;13;13213;1;1;1;3;A507 sens Aubagne- Marseille;43,33001000;5,40668000
202400018046;24;12;2024;15:55;2;95;95365;1;1;2;3;N104;49,05773707;2,42088314
202400008319;4;8;2024;15:15;1;62;62188;1;1;1;3;D916;50,54248676;2,45844980
202400051712;27;3;2024;16:20;1;51;51172;2;1;1;2;ALSACE LORRAINE (BOULEVARD);49,21970000;4,03965000
202400035873;21;7;2024;19:35;1;50;50487;1;1;1;6;Boulevard Willy Stein;48,52871300; -1,33904500
202400023735;19;12;2024;05:00;5;66;66136;2;9;1;6;POUDRIERE (CHEMIN DE LA);42,71629000;2,89580000
202400011666;23;11;2024;18:00;3;04;04116;1;2;1;3;D4;44,00016200;5,93890400
202400017803;17;4;2024;17:00;1;13;13028;2;6;1;3;ROVARCH (AVENUE PIERRE);43,19229187;5,60894914
202400024109;3;9;2024;19:30;2;92;92025;2;9;8;4;GENERAL LECLERC (PLACE DU);48,92302000;2,25250000
202400008474;6;2;2024;18:32;5;47;47001;2;1;1;3;CARTOU (RUE DE);44,18735000;0,61802000
202400050060;2;12;2024;07:00;5;57;57672;2;1;2;6;PERCEE SUD CD 1;49,35258000;6,17499000
202400024389;28;7;2024;15:25;1;08;08202;1;3;1;2;47 grand'rue;49,94720200;4,53164600
202400003598;10;7;2024;11:30;1;06;06120;1;9;1;7;route de la bonette;44,30570100;6,90495000
202400048432;28;10;2024;18:45;2;974;97409;2;1;1;2;DU CENTRE(IMPASSE); -20,94786000;55,65361000
202400032655;10;11;2024;05:20;5;52;52423;2;1;5;6;Rue de la Gare;48,26388700;5,33206100
202400032424;4;10;2024;03:00;5;75;75104;2;2;1;1;QUAI DE GESVRES;48,85675100;2,34895900
202400052417;25;10;2024;08:30;1;13;13001;1;1;1;3;LEDOUX CLAUDE NICOLAS (RUE);43,47988952;5,39170826
202400004773;27;9;2024;18:25;1;03;03310;2;1;2;6;Rue Marechal Foch;46,12354000;3,42128000
202400003789;20;3;2024;18:35;1;94;94081;2;3;1;6;Avenue Jean Jaurès / Rue Désiré Granet;48,79376100;2,39886700
202400027272;17;12;2024;00:40;3;61;61497;1;1;2;6;D501;48,45633300;0,10416700
202400034277;2;10;2024;14:05;1;33;33063;2;1;8;6;;44,83260000; -0,56020000
202400004305;29;4;2024;08:20;2;14;14371;1;1;1;6;Route de Meulles;48,98641000;0,31967600
202400006430;27;4;2024;00:30;3;34;34223;1;1;1;6;D909 PK10+500;43,43226000;3,22131200
202400036575;8;6;2024;05:15;3;66;66037;1;1;1;2;D617;42,70544500;2,99416100
202400024350;28;7;2024;20:30;1;34;34284;1;1;1;7;D907;43,50140600;2,74905000
202400025439;13;4;2024;12:20;1;95;95019;2;9;1;6;ALBERT LEFEBVRE (RUE);48,99425700;2,42045200
202400037097;22;2;2024;14:50;1;91;91570;2;1;3;3;LIERS (RUE DE);48,63434000;2,31471000
202400002523;12;8;2024;15:00;1;24;24516;1;1;1;7;RD60 Route de Brive;44,97531800;1,33121300
202400038693;5;11;2024;19:40;5;83;83042;2;1;1;1;43 Rue Marceau;43,24829000;6,53322300
202400046238;19;8;2024;13:30;1;69;69259;2;2;1;3;Avenue Viviani;45,72345000;4,87448000
202400021709;16;12;2024;20:10;3;84;84007;2;1;1;3;MADAME DE SÉVIGNÉ (RUE);43,92955000;4,82900000
202400015297;2;7;2024;17:40;1;05;05181;1;1;1;3;Rd 1091;45,03297100;6,39657500
202400050458;18;8;2024;14:25;1;39;39387;1;1;3;7;;46,98221224;5,50612308
202400046742;31;3;2024;18:20;1;38;38500;1;1;1;1;D1092;45,18095200;5,38076900
202400054024;15;8;2024;15:30;1;80;80633;1;1;7;5;D940;50,19911820;1,68895483
202400020227;6;9;2024;10:35;1;80;80021;2;1;1;3;Rue Saint-Fuscien;49,87076000;2,30726000
202400012458;4;8;2024;19:50;1;75;75116;2;5;1;6;AVENUE VICTOR HUGO;48,86785400;2,28107100
202400041023;4;4;2024;10:35;1;27;27681;1;3;2;3;IVRY (ROUTE D');49,07207000;1,47302000
202400023347;9;3;2024;16:29;1;83;83066;1;1;3;6;D23;43,65654542;5,84700511
202400051331;3;5;2024;07:45;1;973;97302;2;1;1;6;14 ET 22 JUIN 1962;4,93451000; -52,32728000
202400044217;15;5;2024;20:20;1;45;45098;2;2;1;3;32 Rue des Maisons Rouges;47,81807700;1,75635900
202400032932;13;12;2024;13:20;1;43;43157;2;1;4;3;Avenue Marechal Foch;45,02946000;3,88474000
202400027892;12;4;2024;17:45;1;77;77034;1;3;7;6;D215;48,57677000;2,78119300
202400029084;6;3;2024;08:40;1;61;61093;2;1;1;6;RD229;48,72946400; -0,67464100
202400039458;10;5;2024;18:20;1;22;22113;2;1;1;7;TROROZEC (RUE DE);48,72463000; -3,46256000
202400034886;25;11;2024;21:15;5;08;08043;2;1;1;1;38 Avenue Charles de Gaulle;49,69213800;4,96068000
202400017027;6;10;2024;16:43;1;44;44009;1;1;1;2;;47,23039832; -1,46985985
202400020263;31;7;2024;15:00;1;93;93048;2;1;1;6;Avenue Jean Moulin;48,86089000;2,45270000
202400004690;9;2;2024;14:40;1;92;92064;2;1;1;6;REPUBLIQUE;48,85080645;2,21330217
202400020475;24;5;2024;19:10;1;29;29151;2;3;1;3;Rue de Brest;48,57096951; -3,83786291
202400044306;14;6;2024;23:00;3;76;76503;1;2;8;3;Route d'Eslettes;49,54446400;1,02060200
202400028693;23;6;2024;16:19;1;92;92050;2;3;1;3;HEBERT CELESTIN RUE;48,89605726;2,22343603
202400015781;19;4;2024;13:30;1;62;62099;2;1;8;6;Rue Pierre Curie;50,26257000;2,78516000
202400009888;13;9;2024;01:00;5;93;93014;2;9;1;6;FOSSE MAUSSOIN (ALLEE DE LA);48,90660940;2,53207602
202400050261;1;7;2024;19:00;1;91;91161;2;1;1;1;RTE DE LONGJUMEAU;48,71317000;2,29802000
202400038100;2;10;2024;05:15;5;57;57628;2;1;2;6;Rue Jean Moulin;48,99938400;7,02508600
202400008442;5;2;2024;18:00;2;69;69290;1;1;1;4;Chemin de Grande Vigne;45,69048152;4,99027669
202400002009;12;9;2024;14:30;1;33;33051;2;6;1;1;;44,64029200; -0,97348100
202400023736;26;1;2024;18:15;2;63;63193;1;1;1;4;A712;45,78454700;3,20306200
202400029674;21;1;2024;15:45;1;75;75110;2;1;1;6;RUE DU FAUBOURG SAINT MARTIN;48,87667000;2,36089300
202400012916;31;5;2024;17:30;1;13;13030;1;1;1;1;D8n;43,26858900;5,73607600
202400046956;20;2;2024;08:30;1;24;24026;1;3;1;7;Route de Hautefort (Bassillac);45,21010100;0,89782400
202400012170;11;9;2024;19:19;1;49;49007;2;1;1;3;CHALOUERE;47,47939000; -0,54203000
202400026530;8;10;2024;19:25;2;40;40036;2;1;2;7;Chemin du Brana;43,62877200; -1,40000000
202400034012;28;3;2024;16:50;1;41;41148;1;1;6;1;D951;47,64185600;1,42448900
202400019211;29;6;2024;10:56;1;94;94044;2;1;1;6;27ter Avenue de la Sablière;48,75365000;2,49364000
202400004885;13;11;2024;07:20;5;44;44114;2;1;1;3;14 Route du Croisy;47,25485142; -1,62908193
202400035321;15;5;2024;14:00;1;84;84007;1;2;1;3;MARSEILLE (Route de );43,91059400;4,88350900
202400007892;25;11;2024;17:30;1;71;71076;2;1;1;6;SAINT COSME (GRANDE RUE);46,77857000;4,84841000
202400000111;24;3;2024;17:20;1;69;69383;2;2;1;3;Rue Louis;45,75256000;4,88829000
202400051477;3;1;2024;18:10;3;17;17142;2;1;2;6;Rue Pierre Francois Parfaix;46,18943500; -1,07151600
202400019036;23;2;2024;05:00;3;44;44190;1;1;8;3;;47,21167952; -1,48457518
202400017417;13;3;2024;08:37;1;49;49007;2;1;1;6;D323;47,46796300; -0,56588200
202400047327;20;8;2024;17:30;1;56;56185;1;1;1;2;Kergrenn;47,78862300; -3,43674700
202400009837;13;9;2024;10:41;1;75;75108;2;1;1;6;RUE DE ROME;48,87612200;2,32363900
202400003650;8;7;2024;18:30;1;44;44037;1;2;1;3;Les Landes Bernard;47,12681900; -1,45045300
202400024129;5;9;2024;05:20;3;12;12131;1;1;2;1;D888;44,38162700;2,65704500
202400008493;6;2;2024;09:00;1;33;33063;2;4;5;3;;44,85900000; -0,58950000
202400050618;4;1;2024;08:55;1;92;92012;2;2;1;6;REINE (ROUTE DE LA) 1/37- 6/80;48,84026584;2,23390326
202400047887;12;6;2024;17:20;1;03;03102;1;9;1;1;D15;46,55303600;3,69223200
202400043305;17;7;2024;17:20;1;34;34289;2;1;1;1;D13e15;43,38942500;3,42021300
202400019593;23;12;2024;13:11;1;89;89460;2;2;1;3;D103;48,33523800;3,06419600
202400016719;24;5;2024;18:15;1;25;25258;1;1;1;7;Chemin de la Dinde;47,21921800;5,92253200
202400050745;15;2;2024;18:05;2;54;54323;2;1;1;3;Avenue de la Paix;49,53226000;5,76432000
202400028157;27;7;2024;03:30;3;09;09174;2;1;1;6;Chemin de la Peyrade;43,00691900;1,60553800
202400016170;9;9;2024;15:40;1;51;51454;2;1;1;3;FOURIAUX (RUE MARIE-CLEMENCE);49,26366300;4,02449000
202400012118;3;2;2024;13:57;1;16;16102;2;1;1;6;MONNET (PLACE JEAN);45,69303400; -0,32681300
202400044113;15;6;2024;02:55;3;80;80151;1;1;2;2;D929;49,98124000;2,57862700
202400032296;2;10;2024;12:25;1;13;13027;2;1;1;1;650 Boulevard Ernest Genevet;43,88794600;4,85324800
202400036717;11;12;2024;18:30;5;33;33063;2;3;2;6;;44,86179600; -0,58596600
202400028426;7;10;2024;08:50;1;92;92032;2;3;8;3;CHEVREUSE (VOIE DE);48,78447970;2,29180992
202400025640;13;4;2024;12:45;1;75;75101;2;3;1;3;QUAI FRANCOIS MITTERRAND;48,86018100;2,33338000
202400011837;23;11;2024;15:30;1;45;45286;2;1;1;6;D951 PR 90 + 908;47,89315000;1,91619000
202400024526;23;5;2024;15:35;1;92;92012;2;1;8;2;QUATRE SEPTEMBRE (QUAI DU);48,84170000;2,22533000
202400049920;1;12;2024;11:05;1;83;83123;2;3;1;6;PRATS (AVENUE DES);43,12096000;5,81602000
202400021127;17;11;2024;17:55;2;973;97309;2;6;1;3;D2;4,88761690; -52,28503847
202400024096;25;1;2024;15:00;1;12;12013;2;3;1;3;CERONS LIEU-DIT;44,54293000;2,24691000
202400022047;14;4;2024;16:55;1;35;35193;1;1;1;6;D82;48,24556800; -1,71845900
202400040087;27;9;2024;03:15;3;59;59459;1;1;1;2;AUTOROUTE A23;50,38072000;3,46642000
202400044705;8;1;2024;18:30;3;72;72181;1;4;1;2;ISAAC (RUE) N° IMP 241 ET >;48,01721000;0,24278000
202400043457;2;4;2024;08:30;1;25;25056;2;1;2;6;KENNEDY  BOULEVARD J.F.;47,23513000;5,98465000
202400017021;12;10;2024;02:00;3;93;93005;1;1;1;5;AUTOROUTE A3;48,95384453;2,47352068
202400023006;27;6;2024;16:10;1;50;50582;2;1;1;6;14 Rue General Millet;48,72462900; -0,91964900
202400028264;1;9;2024;19:46;1;88;88321;2;1;1;1;Rue du Moulinot;48,35707600;5,68827900
202400049396;11;6;2024;19:05;1;92;92035;2;1;1;3;République ( boulevard de la );48,90723740;2,24162507
202400001315;7;6;2024;14:40;1;77;77242;1;2;1;3;route départementaler 209;48,48701400;3,21240700
202400003121;6;6;2024;19:45;2;72;72181;2;1;1;6;CUGNOT NICOLAS (BD);47,99130000;0,22754000
202400044967;1;4;2024;16:30;1;75;75117;2;2;8;3;AVENUE DE LA PORTE DE CLICHY;48,89534800;2,31213200
202400006668;7;2;2024;18:55;2;30;30007;2;1;1;3;pont neuf;44,12029000;4,08473000
202400017463;30;6;2024;17:00;1;15;15021;1;1;1;7;RD 51;44,76520100;2,25939600
202400012937;31;5;2024;12:55;1;33;33096;1;1;1;2;;44,90322000; -0,49330000
202400031118;5;3;2024;18:30;1;83;83068;1;1;1;1;Route de Collobrieres;43,27233100;6,50304800
202400010553;31;12;2024;12:44;1;19;19031;2;1;1;7;COURTELINE (RUE);45,15332768;1,54903114
202400028568;7;10;2024;04:30;5;80;80620;2;1;8;6;D1017;49,93440000;2,94723300
202400000183;24;3;2024;16:00;1;76;76146;1;2;7;1;RD919;49,57306400;1,27569600
202400010523;31;12;2024;14:45;1;89;89402;1;1;1;6;D61;48,01833400;3,82421300
202400048294;14;7;2024;02:00;3;95;95351;1;9;1;1;N104;49,04193041;2,48119264
202400030003;31;8;2024;14:12;1;54;54518;1;1;1;7;RD 3;48,94670675;5,88294268
202400020480;21;5;2024;12:03;1;22;22113;2;1;1;2;RESISTANCE (AVENUE DE LA);48,73711000; -3,46807000
202400024608;10;10;2024;14:00;1;974;97415;2;1;1;1;Route de Savannah; -20,98789200;55,29555700
202400022859;26;6;2024;14:20;1;25;25388;2;9;1;6;LAMARTINE (RUE);47,51925000;6,78018000
202400026372;23;7;2024;19:50;1;13;13202;2;1;1;4;A55-Sens Martigues vers Marseille;43,31327000;5,36628000
202400048132;13;7;2024;14:30;1;971;97106;1;1;8;1;Rue Valerius Paulimius;16,12234100; -61,77356400
202400030158;1;9;2024;11:14;1;77;77083;1;1;1;4;A4.W;48,83227200;2,59931000
202400019792;16;1;2024;17:30;1;44;44152;1;1;8;7;La Renais;47,47474646; -2,00682949
202400042376;27;9;2024;14:35;1;13;13212;1;1;1;2;A507 sens Aubagne- Marseille;43,30317709;5,42537105
202400033662;17;1;2024;18:05;2;974;97411;1;1;1;6;JAURES (BLD 1 JEAN); -20,89431000;55,47168000
202400000509;17;9;2024;15:59;1;56;56098;2;3;1;3;101 Rue Marcel Sembat;47,76776000; -3,34501000
202400020577;30;7;2024;13:25;1;04;04112;2;1;1;6;MOULIN (AV. J.);43,82885000;5,77924000
202400028742;25;6;2024;11:20;1;61;61079;1;1;1;6;RD136;48,21572200;0,73674900
202400036625;5;11;2024;15:15;1;60;60057;2;1;8;6;Avenue Paul-Henri Spaak;49,44759000;2,10114000
202400031539;20;1;2024;03:35;5;54;54397;2;1;1;6;95 Rue Jean Jaures;48,62076500;6,10646700
202400015034;13;10;2024;11:00;1;51;51454;2;1;1;6;KENNEDY (AVENUE DU PRESIDENT);49,23513000;4,00785000
202400017988;15;3;2024;16:38;1;34;34150;2;3;1;7;1 Rue Montgolfier;43,35795000;3,52820000
202400005035;20;3;2024;14:10;1;44;44162;2;1;1;7;121 Boulevard François Mitterand;47,21492200; -1,64764100
202400026312;3;9;2024;11:05;1;77;77450;1;1;2;3;RN104;48,71829600;2,59905200
202400018779;13;10;2024;23:43;5;71;71270;2;1;2;6;LAMARTINE (QUAI);46,30290000;4,83294000
202400012180;2;2;2024;20:24;5;92;92050;2;2;1;3;PROVINCES FRANCAISES BD DES;48,90084037;2,21494925
202400002516;29;11;2024;14:45;1;64;64147;1;1;1;3;D21;43,44042500; -1,32247400
202400042214;23;8;2024;12:15;1;05;05161;2;1;1;6;2 Chemin de Rivo;44,94398700;6,57425500
202400032460;4;10;2024;17:30;1;18;18108;2;1;1;3;22 Rue de la Libération;46,95119800;2,94102300
202400011343;4;7;2024;09:00;1;75;75116;2;2;1;6;RUE SPONTINI;48,86762000;2,27702000
202400043989;17;7;2024;20:15;1;63;63250;1;1;1;6;D978;45,59700409;3,15646112
202400033722;15;5;2024;08:00;1;34;34032;1;3;1;2;MAUREILHAN (ROUTE DE);43,34624000;3,16619000
202400000293;19;9;2024;17:50;1;75;75112;2;1;1;2;BD PERIPHERIQUE INTERIEUR;48,82758100;2,39214500
202400053679;1;1;2024;04:10;3;51;51224;1;1;1;7;N4;48,69334000;4,70468000
202400027055;5;3;2024;16:25;1;59;59368;2;9;8;6;REPUBLIQUE AVENUE DE LA;50,65183000;3,08199000
202400029727;19;5;2024;13:45;1;01;01053;2;3;1;6;SEMARD (AVENUE PIERRE);46,20226000;5,21496000
202400052705;1;12;2024;19:10;3;09;09225;1;1;1;1;MIREPOIX ROUTE DE;43,10176885;1,63518995
202400052536;14;2;2024;17:45;2;42;42235;1;1;1;7;D104;45,37013200;4,07652900
202400002730;25;12;2024;04:06;5;28;28149;1;1;1;6;D941;48,60762200;0,91496900
202400045821;26;9;2024;18:35;1;34;34157;2;1;1;6;Chemin de l?Etang;43,42633700;3,61092400
202400011500;5;7;2024;15:09;1;87;87126;2;1;1;6;7 Rue Charles de Gaulle;45,82062600;0,82572600
202400039368;11;1;2024;10:20;1;83;83098;1;9;2;1;FOUX (CHEMIN DE LA);43,11684740;6,02781202
202400052441;25;10;2024;10:30;1;75;75117;2;3;1;7;RUE DE COURCELLES;48,88745900;2,29483000
202400019416;18;11;2024;17:45;5;50;50147;2;1;3;6;DIVISION LECLERC;49,06022000; -1,43500000
202400019434;7;3;2024;19:00;5;73;73089;2;2;1;6;D204 / D31;45,52874957;6,14860223
202400003768;21;3;2024;08:10;1;75;75117;2;1;1;2;BD PERIPHERIQUE INTERIEUR;48,87927300;2,28152900
202400009147;2;6;2024;03:00;5;75;75120;2;2;1;2;RUE DES PYRENEES;48,86754300;2,39639700
202400003841;9;7;2024;17:30;1;19;19252;1;2;1;6;la crouzade;45,42087787;2,45662196
202400015599;21;11;2024;08:10;2;44;44058;1;1;2;6;La Fromiere;47,78944500; -1,34847500
202400016232;31;1;2024;08:25;1;63;63113;2;3;1;2;BREZET (AVENUE)/inra;45,77899000;3,14491000
202400051971;30;4;2024;17:00;1;75;75116;2;2;1;3;RUE JEAN GIRAUDOUX;48,87078800;2,29453600
202400012605;2;2;2024;02:10;5;29;29019;2;2;2;3;boulevard de l'Europe;48,41306400; -4,48669000
202400012548;4;8;2024;04:10;3;35;35235;1;4;1;6;D463;47,90551500; -1,18817800
202400030411;7;7;2024;01:00;5;74;74263;1;1;1;1;route de bonnatrait;46,33570600;6,39853800
202400052600;14;2;2024;21:45;3;28;28052;1;1;2;6;D26.1;48,56725100;1,49738100
202400036692;12;12;2024;16:48;2;50;50532;2;1;1;1;MARIGNE (AVENUE JOZEAU);48,81631000; -1,57098000
202400001902;17;9;2024;22:05;5;93;93077;2;3;1;3;GRANDE RUE;48,88264000;2,52548000
202400046933;7;5;2024;20:10;2;32;32054;1;1;3;6;RN 124;43,71627900;0,42164300
202400053256;7;6;2024;16:30;1;69;69092;2;3;1;3;Avenue Laurent Bonnevay;45,98522000;4,70857000
202400025515;13;4;2024;06:55;1;45;45302;1;1;1;6;D2701 PR 0 + 1;47,94913000;1,85985000
202400003280;6;6;2024;09:35;1;75;75111;2;2;1;6;AVENUE LEDRU ROLLIN;48,85659700;2,37922100
202400048025;5;12;2024;16:50;2;42;42267;1;2;2;1;Route de Charlieu;46,15438900;4,15021400
202400050229;12;7;2024;13:50;1;972;97213;2;1;1;3;ROUTE DEPARTEMENTALE 14;14,62071000; -61,02031000
202400034226;2;10;2024;07:32;5;59;59273;2;1;1;6;ENROCHEMENTS (ROUTE DES);50,99730000;2,12318000
202400028516;6;10;2024;14:10;1;33;33529;2;3;1;3;;44,62216700; -1,14014300
202400007603;19;3;2024;17:45;1;12;12053;1;2;1;2;D24;44,43294500;1,94432300
202400020789;11;10;2024;17:35;1;83;83131;2;1;1;5;Route Départementale 554;43,20304500;6,02859700
202400008452;8;8;2024;08:50;1;75;75105;2;3;1;3;RUE DU SOMMERARD;48,85028200;2,34456300
202400016658;29;5;2024;13:05;1;22;22106;2;4;1;3;LANDES (RUE DES);48,50036000; -2,73595000
202400018529;27;5;2024;08:40;1;75;75112;2;3;1;6;AVENUE DAUMESNIL;48,83662400;2,40411200
202400016028;26;12;2024;18:45;3;14;14762;1;4;5;7;Route de Tesson;48,86302100; -0,83330900
202400049654;18;8;2024;17:05;1;18;18209;2;3;1;3;5 Route des Epourneaux;46,67840900;2,49169700
202400042747;1;11;2024;18:55;3;26;26160;1;3;8;3;Avenue de Champblain;45,21198300;4,81553900
202400046439;31;10;2024;05:50;3;95;95535;1;1;1;5;D28;49,05522871;1,96114341
202400054389;30;11;2024;18:20;5;93;93027;2;9;1;6;VAILLANT-COUTURIER (AVENUE PAUL);48,92156000;2,41165000
202400024694;8;10;2024;10:20;1;77;77374;1;1;8;1;D471;48,79372151;2,71476023
202400040578;5;11;2024;09:30;1;34;34058;2;1;1;6;Avenue de Montpellier;43,67774800;3,98379400
202400026886;25;6;2024;20:40;1;72;72180;1;1;1;7;lieu dit les veaux guillaume;48,36065000;0,36851000
202400032432;4;10;2024;17:25;1;93;93070;2;2;1;3;CHARLES SCHMIDT(RUE) : APRES 49;48,90371355;2,33366220
202400032795;12;12;2024;19:00;5;77;77426;2;3;1;6;9 Rue des Mortiers;48,57551000;2,82678500
202400003157;3;2;2024;19:35;3;30;30028;2;9;1;7;;44,15692000;4,61499000
202400044275;15;6;2024;19:30;1;84;84019;1;1;1;6;Route de Saint Restitut;44,30074000;4,76995500
202400052568;27;1;2024;20:30;3;22;22282;1;1;1;7;Boulevard de l'Arguenon;48,57807600; -2,21429200
202400035483;16;1;2024;09:50;1;51;51454;2;2;1;3;JAURES (AVENUE JEAN) DU N° 74 A FIN (PAI;49,26163000;4,05102000
202400008714;8;8;2024;07:55;1;22;22093;1;2;1;7;La Suette Maroué;48,44800600; -2,55373100
202400002886;9;2;2024;06:48;5;93;93064;2;9;2;6;Avenue du Général de Gaulle / A86;48,88173200;2,47635100
202400010952;1;6;2024;17:20;1;67;67482;2;3;2;3;SAINT JEAN (QUAI);48,58455000;7,74075000
202400000333;12;2;2024;10:15;1;95;95280;2;2;1;3;ALBERT SARRAUT (AVENUE);49,03091846;2,45953202
202400037351;15;1;2024;18:05;3;14;14654;1;1;1;3;3689 Route de Saint-Pierre sur Dives;48,97626300; -0,00796100
202400005712;19;3;2024;18:20;1;66;66015;2;1;1;7;;42,56246200;2,87840700
202400045721;12;6;2024;23:20;5;75;75108;2;2;1;3;AVENUE DE FRIEDLAND;48,87439000;2,30103700
202400000275;19;9;2024;11:45;1;27;27229;2;1;1;6;OURSEL (RUE DU DOCTEUR);49,02650000;1,14784000
202400022131;25;7;2024;14:00;1;13;13015;1;1;1;1;CD6;43,43149700;5,41587400
202400026547;7;10;2024;13:45;1;86;86211;1;2;2;3;Lieu-dit La Cosse;46,24889500;0,27893900
202400041529;19;7;2024;12:00;1;88;88165;2;1;7;3;Avenue Charles de Gaulle;48,37301300;6,87732600
202400051575;11;6;2024;04:31;3;04;04245;1;1;1;1;RD 4096;43,85588300;5,83013500
202400031144;2;3;2024;19:50;3;78;78423;1;1;2;4;RN12;48,79327300;2,05246800
202400011068;1;6;2024;14:30;1;62;62289;2;3;1;3;D138;50,45607156;1,76067434
202400011807;11;9;2024;13:55;1;75;75113;2;1;1;3;AVENUE D ITALIE;48,82376700;2,35791200
202400052555;15;8;2024;15:22;1;93;93073;2;1;1;1;Avenue Pierre Colongo;48,93964588;2,58732677
202400044431;31;10;2024;19:00;5;44;44162;2;1;1;3;138 Boulevard François Mitterrand;47,21170000; -1,64884000
202400010242;23;4;2024;02:00;5;76;76351;2;1;2;6;LAMBLARDIE (QUAI);49,48964489;0,11393234
202400039691;12;7;2024;16:38;1;21;21567;1;1;1;7;D 36;47,10631800;4,49139100
202400051964;3;12;2024;14:30;1;77;77524;1;2;1;3;D213;48,44973800;3,17746800
202400021042;28;6;2024;13:55;1;75;75108;2;2;1;3;BOULEVARD HAUSSMANN;48,87504900;2,30917800
202400001318;11;2;2024;02:15;3;93;93051;1;1;2;2;A4;48,83617975;2,54134798
202400038691;10;12;2024;16:55;1;13;13049;1;1;1;3;A7, PK 227+400 (direction LYON);43,68808043;5,09617588
202400049121;29;3;2024;18:55;2;02;02665;1;2;3;3;D1;49,23373700;3,37018000
202400025178;7;3;2024;22:10;5;75;75111;2;2;1;3;RUE AMELOT;48,86079400;2,36786700
202400043541;2;4;2024;16:45;1;75;75111;2;3;8;3;RUE PETION;48,85976900;2,38070900
202400018127;22;12;2024;02:03;3;77;77118;1;1;3;6;ROUTE NATIONALE 3;48,94518000;2,67691000
202400044148;14;6;2024;20:25;1;72;72058;1;1;2;7;lieu dit le grand verger;47,96539347;0,27991019
202400032419;4;10;2024;23:10;5;75;75116;2;3;1;3;AVENUE DU PRESIDENT KENNEDY;48,85272000;2,28066400
202400019016;12;3;2024;04:15;3;33;33080;1;1;1;6;;44,73218000; -0,53101000
202400038545;30;9;2024;18:00;2;64;64160;1;1;1;1;RD 932;43,34872800; -1,40828800
202400025488;20;12;2024;16:55;2;13;13051;1;1;6;5;D113;43,55850100;5,16554800
202400024621;10;10;2024;18:18;1;63;63229;1;1;1;2;goele;45,78748700;3,36353300
202400048065;22;9;2024;22:35;3;29;29133;2;1;8;6;Route de Plestin;48,68796261; -3,65260260
202400020125;21;12;2024;12:20;1;974;97411;2;1;1;2;MONTHYON (RUE); -20,88746000;55,46339000
202400009786;24;11;2024;20:35;5;77;77373;2;2;1;6;CHE D 21;48,78158000;2,61832000
202400015518;20;11;2024;10:38;1;57;57491;2;1;7;6;THOREZ (AVENUE MAURICE);49,25285000;6,04440000
202400011769;12;9;2024;17:25;1;75;75112;2;1;1;3;BOULEVARD PERIPHERIQUE INTERIEUR NORD  ;48,84135700;2,41355200
202400048121;19;11;2024;18:30;3;64;64300;1;1;1;5;a64 pk 78.600;43,42506930; -0,61653853
202400049030;16;2;2024;12:45;1;91;91657;2;1;2;6;HENRI CHARON (AVENUE);48,70369000;2,43017000
202400053671;4;9;2024;17:00;1;43;43205;1;1;2;1;D500;45,35246191;4,31719800
202400040551;28;9;2024;10:55;1;91;91027;2;1;1;3;AV MARCEL SEMBAT;48,70613000;2,37263000
202400027672;14;8;2024;16:30;1;44;44109;2;1;1;7;Boulevard Albert Einstein;47,26192133; -1,56556655
202400010090;13;9;2024;07:45;1;33;33096;1;1;1;2;;44,90097950; -0,49427748
202400002961;11;2;2024;15:07;1;06;06070;1;1;1;7;Route de Gentelly;43,80206400;6,90200900
202400019067;19;11;2024;18:45;5;33;33550;2;3;2;2;;44,76388000; -0,56051000
202400007169;4;6;2024;20:10;1;83;83090;1;1;1;6;A50;43,12671297;5,82361989
202400004806;8;2;2024;10:50;1;59;59271;1;1;3;6;AUTOROUTE A16;51,00768000;2,32408000
202400031893;24;7;2024;17:00;1;70;70220;1;1;7;1;D70;47,39727400;5,43904800
202400045924;12;7;2024;15:05;1;35;35272;1;2;1;3;Lieu Dit la Peuterie;48,00940600; -1,19634000
202400024804;26;6;2024;22:45;5;13;13204;2;1;1;3;HAITI (AVENUE D');43,29766000;5,40632000
202400007278;18;10;2024;17:10;1;91;91027;2;2;1;3;AV PASTEUR;48,70582000;2,36768000
202400038437;30;9;2024;13:04;1;08;08105;2;1;2;3;;49,74122000;4,71378000
202400029344;29;2;2024;12:20;1;02;02738;2;2;1;5;107 Rue de Grasse (Vouël);49,65910000;3,27920000
202400047438;24;9;2024;20:16;5;71;71270;2;6;2;3;JUIN (AVENUE DU MARECHAL);46,32473000;4,83850000
202400048452;22;9;2024;23:10;5;51;51454;2;1;2;3;JUIN (AVENUE DU MARECHAL);49,22607000;4,01638000
202400044185;13;6;2024;14:45;1;68;68240;2;1;1;6;9 Rue Principale (Henflingen);47,57146700;7,28992100
202400003246;17;10;2024;09:25;1;87;87085;2;3;2;7;MAUVENDIERE (RUE DE LA);45,83313000;1,24849000
202400013625;22;11;2024;12:35;1;29;29019;2;6;1;2;Pen ar Ch'leuz;48,42257538; -4,47700816
202400017690;17;4;2024;22:15;5;67;67482;2;5;1;3;SEBASTOPOL (RUE DE);48,58580000;7,74337000
202400027164;17;12;2024;08:35;1;971;97101;2;1;1;3;ACHILLE RENE BOISNEUF (RUE);16,26813000; -61,50725000
202400048664;31;3;2024;07:30;2;53;53094;1;6;1;7;RD 910;48,00215600; -0,72343500
202400025956;27;7;2024;22:30;5;84;84087;2;1;1;6;CARISTIE (RUE);44,13754400;4,80846600
202400048445;4;12;2024;07:30;2;62;62178;2;4;1;3;D302;50,47882773;2,53281283
202400036889;11;12;2024;13:15;1;13;13043;1;1;1;2;A55-Sens Martigues vers Marseille;43,38686629;5,24190442
202400016285;25;12;2024;12:30;1;92;92063;2;9;2;3;GALLIENI (RUE);48,87028118;2,20340788
202400024964;7;3;2024;18:35;2;78;78551;1;1;1;6;RD 190;48,91635000;2,06509000
202400039718;20;7;2024;12:30;1;35;35238;1;1;1;3;173 Route de Lorient;48,10521000; -1,73481000
202400018327;1;8;2024;02:10;3;973;97302;2;1;1;7;REPUBLIQUE (BD DE LA);4,93762202; -52,32429242
202400011083;2;6;2024;04:38;2;55;55348;1;1;8;7;VOIE COMMUNALE N°4 DE MONTIERS SUR SAULX À COUVERTPUIS;48,57219900;5,29202000
202400035067;1;3;2024;22:08;3;94;94073;1;1;2;6;A86;48,76884600;2,37919993
202400037875;28;8;2024;05:45;3;36;36171;2;1;1;6;Route de Chéry;47,09134900;2,04565900
202400016116;31;1;2024;20:50;3;83;83027;1;1;1;5;A50;43,20283306;5,73623121
202400035944;26;8;2024;12:00;1;11;11069;2;9;1;2;;43,22601000;2,32851000
202400015332;2;7;2024;08:00;1;92;92036;1;1;1;2;AUTOROUTE A15;48,94067835;2,29263081
202400015937;2;2;2024;00:01;3;42;42284;1;1;2;6;Route Nationale 7;46,09658900;3,98965700
202400003610;14;6;2024;18:10;1;85;85108;2;3;1;3;17 Rue georges clemenceau;46,90678100; -1,37768700
202400050692;18;8;2024;16:35;1;70;70446;1;1;8;1;D70;47,48806600;5,61960200
202400002550;13;8;2024;11:20;1;974;97417;2;1;1;1;21 Rue Leconte de Lisle; -21,36039400;55,76442900
202400051047;4;5;2024;13:30;1;28;28405;1;1;1;7;Route Nationale 12;48,74182800;1,30256700
202400006200;26;4;2024;12:40;1;72;72181;2;6;1;3;LECOUTEUX LIONEL (PL) A PARTIR DU N° 4;48,00558000;0,20161000
202400001794;9;7;2024;16:25;1;64;64122;2;1;1;4;DASSAULT MARCEL (BD);43,45295000; -1,55459000
202400043929;27;9;2024;13:05;1;94;94028;2;1;1;6;Boulevard John Kennedy;48,78100000;2,46140000
202400030694;22;6;2024;05:55;1;88;88160;2;2;1;3;BOULAY-DE-LA-MEURTHE (RUE);48,17913000;6,44460000
202400053151;2;12;2024;14:30;1;58;58184;2;1;1;6;D977bis;47,19064600;3,45103700
202400034852;13;12;2024;11:45;1;47;47001;2;6;1;3;SERRES (AVENUE MICHEL);44,18631000;0,62467000
202400051500;15;2;2024;09:15;2;12;12109;1;1;5;6;D92;43,86064300;2,94258700
202400007647;19;3;2024;15:30;1;987;98722;1;1;2;1;PK 25.500 C/MONT TIAREI; -17,59200000; -149,39100000
202400008358;7;8;2024;09:55;1;51;51172;2;7;1;3;LANGUEDOC (AVENUE);49,21957000;4,04138000
202400007707;4;7;2024;15:10;1;64;64122;2;1;1;3;IMPERATRICE (AVENUE DE L');43,48912000; -1,55283000
202400017290;12;3;2024;19:50;2;92;92004;2;1;2;3;AULAGNIER ( QUAI );48,91222128;2,30225301
202400048946;4;5;2024;16:00;1;37;37261;2;1;2;2;MALRAUX (QUAI ANDRE);47,39743000;0,70164000
202400029525;22;1;2024;12:20;1;71;71506;1;1;2;6;A39;46,64815956;5,40563822
202400038690;6;11;2024;17:20;1;83;83042;2;3;1;3;Avenue Saint Maur;43,25631500;6,52747200
202400027669;15;8;2024;17:05;1;44;44109;2;1;1;6;6 Place du Sanitat;47,21015160; -1,56876267
202400027148;6;3;2024;18:10;1;92;92050;2;1;1;6;PROVINCES FRANCAISES BD DES;48,90113141;2,21632040
202400015739;19;4;2024;21:25;3;974;97409;1;1;3;5;RN2 SENS ST BENOIT ST DENIS; -20,94217753;55,64726615
202400032398;4;10;2024;10:40;1;33;33063;2;2;1;3;;44,86042000; -0,55379000
202400044468;8;12;2024;10:01;1;61;61074;1;1;2;2;2 Route de l'Augrumière;48,56769400; -0,15753100
202400003190;5;6;2024;18:25;1;51;51058;2;3;1;3;SACY (RUE);49,21977000;3,99286000
202400023204;15;11;2024;01:05;5;75;75110;2;7;1;3;PLACE DE LA BATAILLE DE STALINGRAD;48,88324100;2,36925300
202400052781;30;11;2024;20:30;5;75;75113;2;1;1;3;BOULEVARD KELLERMANN;48,81993100;2,35690200
202400005170;3;6;2024;15:40;1;94;94052;2;2;1;3;Rue du Général Chanzy / Rue de l’Amiral Courbet;48,83929300;2,47551100
202400026165;26;7;2024;23:00;5;75;75110;2;2;2;3;RUE DU FAUBOURG SAINT MARTIN;48,88159700;2,36572000
202400018770;12;10;2024;18:50;5;83;83137;2;3;2;6;JANVIER (RUE);43,13424000;5,91349000
202400010407;26;10;2024;03:25;5;28;28404;1;1;9;1;LIBERTE (AVENUE DE LA);48,73483900;1,32709900
202400041519;10;5;2024;10:30;1;78;78455;2;1;1;6;30 Residence de l?Oree de Marly;48,84317300;2,06852000
202400043972;14;7;2024;13:00;1;56;56258;2;2;1;3;Rue de Kervourden;47,57744400; -3,03078500
202400001054;10;2;2024;20:40;3;92;92036;1;1;1;3;AUTOROUTE A86;48,93788873;2,31490731
202400027058;2;3;2024;19:35;5;59;59350;2;2;3;3;Rue Winston Churchill;50,63264000;3,01752000
202400024413;22;5;2024;12:25;1;71;71270;2;1;1;6;Rue de l'Europe;46,30011000;4,82493000
202400000950;12;2;2024;17:00;1;69;69266;2;2;1;3;Rue Jean Bertin;45,76049328;4,92047029
202400005502;21;3;2024;12:40;1;91;91228;1;1;1;2;RN 104;48,62480800;2,41779200
202400027199;16;12;2024;18:00;5;83;83069;2;1;1;1;ROUTE DEPARTEMENTALE 98;43,12626929;6,08586037
202400006991;25;12;2024;12:45;1;50;50419;1;2;2;4;RUE DU MONT ST MICHEL;48,95450900; -1,47828300
202400026398;22;5;2024;18:20;1;94;94065;1;1;2;3;A106;48,74745783;2,35851545
202400001591;10;7;2024;18:10;1;38;38184;1;1;1;1;Communale 7;45,65370800;5,08263600
202400019589;14;10;2024;11:35;1;2A;2A271;2;1;1;1;T22;41,95427200;8,79251700
202400046727;29;3;2024;19:10;2;01;01357;1;1;1;7;D1084;46,17695800;5,73664000
202400025478;19;12;2024;23:35;3;48;48140;1;1;4;6;D809;44,81817500;3,26988100
202400053214;11;7;2024;23:00;4;63;63040;2;1;1;7;Rue des Fossés;45,72199300;3,34511700
202400007687;4;7;2024;15:04;1;87;87038;1;3;1;3;RN520 (COUZEIX);45,90184000;1,22867000
202400027558;23;1;2024;11:45;1;75;75108;2;2;2;3;BOULEVARD HAUSSMANN;48,87494300;2,31848200
202400051657;2;12;2024;12:05;1;75;75116;2;1;1;3;BD PERIPHERIQUE INTERIEUR;48,82562300;2,30096500
202400019389;12;3;2024;02:40;4;43;43025;1;1;8;6;Route de Bas;45,26240414;4,10395846
202400032720;21;6;2024;07:10;1;94;94065;1;2;2;3;Rue des Claires / Quai de Lorient;48,75554000;2,35276000
202400042195;23;8;2024;00:40;5;93;93057;2;1;1;3;Avenue Aristide Briand;48,90856345;2,49828333
202400023207;15;11;2024;17:10;5;75;75117;2;2;7;3;BOULEVARD BESSIERES;48,89438600;2,31362600
202400028193;20;5;2024;14:15;1;06;06030;2;3;1;2;171 Avenue Michel Jourdan;43,56516630;6,96488760
202400031491;18;5;2024;14:40;1;93;93031;2;2;1;6;Avenue Joffre / Avenue Galliéni;48,96171000;2,29543000
202400028506;5;10;2024;16:50;1;51;51108;2;1;1;6;MENARD (RUE MICHEL);48,94142500;4,40094600
202400034599;20;6;2024;16:30;1;06;06104;2;1;1;6;1 Avenue Profondeville;43,76200000;7,48131000
202400037548;6;4;2024;15:30;1;14;14390;1;1;1;3;Route des Valettes;49,06288600; -0,54536800
202400006109;14;9;2024;13:30;1;85;85047;1;1;1;1;Route de nantes;46,86144700; -1,86408100
202400041747;24;8;2024;12:45;1;93;93066;2;1;1;4;Avenue du Général de Gaulle;48,92505785;2,36515509
202400002248;1;5;2024;01:30;3;57;57620;1;1;1;1;D181a;49,20561200;5,99460800
202400024392;23;5;2024;16:35;1;91;91223;2;1;1;2;HENRI IV (BOULEVARD);48,43557000;2,15737000
202400032036;22;7;2024;18:25;1;71;71270;1;1;1;7;GROSNE (RUE DE LA);46,28200000;4,81381000
202400039213;12;5;2024;14:31;1;73;73008;1;1;1;5;A41;45,70336700;5,92840000
202400007299;19;10;2024;06:00;5;54;54395;2;1;2;6;Rue du Haut Bourgeois;48,69795000;6,17707000
202400036009;28;8;2024;21:30;3;71;71014;1;1;1;6;Rte de la Chicolle et de Montjeu;46,93216400;4,29682400
202400001125;25;10;2024;15:50;1;03;03176;1;1;1;5;12 Route du Bourbonnais;46,36723900;3,28722400
202400043103;10;5;2024;13:29;1;85;85084;1;1;1;2;A87;46,77457000; -1,26305600
202400020439;6;9;2024;16:35;1;94;94079;2;1;1;1;Chemin des Lyonnes;48,81970000;2,54867000
202400032136;23;7;2024;08:25;1;75;75120;2;1;2;3;BD PERIPHERIQUE INTERIEUR;48,86350200;2,41340800
202400029447;21;1;2024;02:00;5;94;94068;2;6;9;7;Avenue Gambetta / Avenue Victoria;48,79416000;2,49579000
202400014945;15;10;2024;22:30;5;92;92024;2;3;1;3;VICTOR HUGO (BD);48,89887867;2,31278211
202400049343;4;12;2024;15:40;1;47;47168;2;9;7;6;2 Boulevard de Lattre de Tassigny;44,60059000;0,36290300
202400014559;4;8;2024;07:30;1;13;13214;1;1;1;3;A507 sens Marseille - Aubagne;43,33077644;5,38780715
202400032619;20;6;2024;10:30;1;59;59350;2;1;1;2;Boulevard Montebello;50,62261000;3,04438000
202400002900;28;11;2024;16:30;1;84;84031;2;3;1;3;COUBERTIN AVENUE PIERRE DE;44,03261000;5,05803000
202400011876;12;9;2024;09:20;1;92;92012;2;1;1;3;ALPHONSE LE GALLO (QUAI) 1/34;48,83508700;2,22570844
202400053161;20;9;2024;20:30;2;93;93071;2;2;1;5;AULNAY (RUE D');48,93968816;2,51275778
202400023401;20;12;2024;12:20;1;75;75111;2;3;1;6;RUE DE LA ROQUETTE;48,85791300;2,38103000
202400040292;29;9;2024;20:50;5;92;92050;2;7;2;2;FOCH MARECHAL PLACE DU;48,88839188;2,19408285
202400020061;16;4;2024;17:40;1;75;75109;2;1;1;3;RUE BLANCHE;48,87887500;2,33154500
202400020328;5;9;2024;02:05;5;33;33063;2;1;1;7;;44,86005000; -0,56868000
202400007569;4;7;2024;08:45;1;26;26063;2;3;7;6;Avenue Boissy d’Anglas;44,27512000;5,27225700
202400004725;25;4;2024;08:50;1;972;97213;1;1;1;4;AUTOROUTE A1;14,61812000; -61,02189000
202400054049;20;5;2024;14:50;1;01;01209;1;4;1;2;D1206;46,12021300;5,89015200
202400042456;7;12;2024;23:50;5;75;75114;2;3;2;3;AVENUE DU GENERAL LECLERC;48,82958200;2,32837900
202400012782;31;5;2024;05:11;5;87;87085;2;3;1;3;ALLENDE (QUAI SALVADOR);45,81742000;1,25276000
202400022528;24;5;2024;17:50;1;85;85194;2;2;1;6;Avenue d'anjou;46,50396000; -1,77418000
202400000148;24;3;2024;16:44;1;75;75112;2;3;1;6;RUE DE BERCY;48,83860800;2,38127900
202400040526;9;12;2024;08:05;1;2A;2A004;2;1;8;1;#Route de Mezzavia#;41,94635000;8,76102000
202400019989;15;4;2024;14:10;1;29;29019;2;2;2;6;quai de la Douane;48,38157900; -4,48799600
202400046640;8;1;2024;07:08;5;92;92048;2;6;1;2;GIRATOIRE;48,78664337;2,22392857
202400011328;15;3;2024;15:45;1;25;25462;1;1;1;3;VOIE COMMUNALE DE L'AVIATION;46,89981000;6,32258000
202400022200;26;1;2024;06:40;5;38;38185;2;1;1;3;RUE DES ALLIÉS;45,17056000;5,72764000
202400025771;23;1;2024;15:10;1;64;64102;2;1;1;1;Pont du Génie;43,48795000; -1,47531000
202400025551;13;4;2024;03:00;5;13;13210;2;1;1;2;CAPELETTE (AVENUE DE LA);43,28079381;5,40717262
202400026492;8;10;2024;14:00;1;75;75105;2;1;1;6;QUAI DE MONTEBELLO;48,85160000;2,35003700
202400023030;25;6;2024;16:45;1;973;97303;1;1;2;2;N1;5,52661000; -53,38645200
202400037435;11;1;2024;23:30;3;59;59205;1;1;1;5;AUTOROUTE A 21;50,32901000;3,33321000
202400033000;8;11;2024;21:00;5;93;93072;2;1;1;1;NELSON MANDELA (AVENUE);48,95115500;2,37619400
202400033129;7;4;2024;00:01;5;75;75112;2;1;1;5;ECHANGEUR CHARENTON;48,83025825;2,40253508
202400039548;12;5;2024;18:45;1;41;41167;1;1;1;7;D952;47,46523600;1,09314000
202400001573;23;3;2024;08:35;1;92;92075;2;1;8;2;MARY BESSEYRE (RUE);48,82172495;2,28945681
202400038130;1;10;2024;20:20;3;68;68139;1;1;3;1;D432;47,60718814;7,22286007
202400031745;24;7;2024;10:45;1;11;11045;1;1;1;7;Route départementale 52;43,00254400;2,16256900
202400042795;11;1;2024;18:57;3;24;24372;1;1;1;1;RD 6089;45,12841000;0,53159200
202400020197;30;7;2024;19:43;1;49;49007;2;1;1;1;SAUMUROISE IMPASSE ET RUE;47,45759000; -0,53306000
202400052799;4;5;2024;15:17;1;01;01320;2;1;1;6;68 Voie des Rontaz;46,30817600;4,87554000
202400037253;6;4;2024;18:41;1;51;51172;2;4;1;6;LOUVOIS (ROUTE DE) CORA;49,21431000;4,05081000
202400020920;28;6;2024;22:35;5;72;72181;2;6;1;3;CHANZY (RUE)  N° IMP 1 A 71 BIS;47,99913000;0,20975000
202400006272;26;4;2024;14:10;1;34;34172;2;1;2;3;NIMES (AVENUE DE);43,61936000;3,88790000
202400022042;31;7;2024;12:37;1;02;02184;2;1;1;6;25 Avenue Frédéric Viefville;49,75268700;3,56973600
202400046373;4;12;2024;08:46;1;13;13202;1;1;1;5;TVPCM-Sens Saint Victor vers Les Ports;43,29860000;5,36360000
202400045325;16;7;2024;16:55;1;94;94018;1;1;1;4;A4;48,82397290;2,39430684
202400051119;22;7;2024;12:50;1;12;12145;2;2;1;6;LILAS;44,10436000;3,07957000
202400005577;21;2;2024;15:30;1;49;49099;2;1;2;6;CLEMENCEAU (RUE GEORGES);47,06185000; -0,87883000
202400018128;31;1;2024;05:30;3;62;62793;2;1;1;6;D75;50,41377997;2,64318020
202400011100;1;6;2024;22:00;3;02;02060;2;1;2;1;11 Rue de l'Eglise;49,83756000;3,10350400
202400015775;19;4;2024;10:50;1;66;66136;2;3;1;6;JOFFRE (AVENUE DU MARECHAL CD 88);42,70952000;2,89062000
202400006330;26;4;2024;18:04;1;75;75116;2;1;1;6;AVENUE FOCH;48,87261900;2,27939200
202400040406;14;6;2024;17:10;1;31;31254;2;1;1;6;L?Occitane;43,55011100;1,50160800
202400036986;11;1;2024;12:00;1;38;38389;1;1;8;3;172 Route de Lafayette;45,56453000;5,07156400
202400053499;2;12;2024;16:00;2;22;22389;2;1;7;5;Avenue Georges Pompidou;48,48168700; -2,68320700
202400050412;31;7;2024;08:31;1;88;88383;2;1;1;1;ROUTE D'HERIVAL;48,00902995;6,58500016
202400031723;25;7;2024;20:15;1;2B;2B050;2;1;1;1;Route de la pinède;42,55418700;8,76452600
202400037724;18;7;2024;16:00;1;14;14191;1;1;1;3;Route de Caen;49,30999400; -0,44269300
202400048290;29;10;2024;21:25;3;37;37206;1;5;8;3;D602;47,48636700;0,65285500
202400036384;30;9;2024;11:44;1;973;97302;1;6;1;3;MARINGOUINS (ROND-POINT);4,90791000; -52,32262000
202400006931;14;6;2024;20:20;2;93;93032;2;1;2;6;Allée de Montfermeil;48,89904177;2,54383922
202400043447;8;5;2024;17:40;1;01;01002;1;1;1;6;D63;45,98612300;5,43007900
202400004581;27;4;2024;23:20;3;36;36228;2;1;8;6;;47,15512170;1,56865782
202400028997;12;11;2024;15:00;1;51;51516;1;1;1;3;D9;48,61683900;3,90923400
202400040568;27;9;2024;17:30;1;77;77333;2;1;2;3;AV DU ROCHER VERT;48,26661000;2,70361000
202400045931;15;7;2024;16:15;1;72;72231;1;1;1;1;D250 à hauteur du lieu-dit Le Pavillon;47,94171900;0,29986000
202400012929;30;4;2024;15:30;1;13;13211;1;1;1;2;A50-Sens Marseille vers Aubagne;43,29412401;5,45835278
202400049551;16;2;2024;10:45;1;93;93070;2;3;1;3;Boulevard Victor Hugo / Rue des Bateliers;48,90985000;2,33030000
202400052727;24;10;2024;13:00;1;93;93027;2;2;1;1;PASTEUR (BOULEVARD) DE 40 A +;48,92176767;2,38339710
202400009745;25;11;2024;19:40;5;69;69152;2;2;8;3;Boulevard de l'Europe;45,69765000;4,82477000
202400027662;16;1;2024;18:44;3;91;91179;1;1;1;4;RN 337;48,55623000;2,49696000
202400015444;11;3;2024;16:40;1;75;75117;2;1;2;2;BD PERIPHERIQUE INTERIEUR;48,88398100;2,28527900
202400027740;21;5;2024;15:30;1;13;13028;2;1;1;2;FONTSAINTE (AVENUE DE);43,19102000;5,63886000
202400053446;2;5;2024;13:30;1;31;31555;2;1;1;6;SUISSE (BD DE) DU 7AU 162;43,62017000;1,42389000
202400052512;2;3;2024;17:05;1;38;38565;2;1;1;7;Avenue du 11 Novembre;45,28740900;5,64218200
202400036556;29;9;2024;18:56;1;42;42095;2;2;1;6;Rue Jean Jaurès;45,38809000;4,28580000
202400002955;11;2;2024;03:15;3;977;97701;1;1;2;6;Route de St Jean;17,90297600; -62,83209800
202400046230;3;12;2024;17:10;5;92;92004;2;1;1;5;PONT DE GENNEVILLIERS;48,91524989;2,30962470
202400024430;28;7;2024;16:35;1;93;93078;1;1;1;5;AUTOROUTE A104;48,96779609;2,50939444
202400005997;27;11;2024;14:30;1;81;81163;2;1;1;6;TOURNIER (ALPHONSE);43,49459000;2,37919000
202400049613;17;2;2024;06:10;3;57;57211;1;1;1;6;pk 306 A4;49,18163793;6,06406689
202400033507;17;5;2024;07:05;1;93;93078;1;1;1;5;A104;48,96803426;2,50944335
202400029891;10;4;2024;17:35;1;78;78224;2;3;1;3;GUERINES (RUE DES);48,86571000;2,06962000
202400011394;16;3;2024;16:05;1;23;23101;1;1;1;3;Le Breuil;46,28945300;1,92547700
202400006624;9;8;2024;08:44;1;92;92050;2;5;1;3;VAILLANT COUTURIER PAUL RUE;48,87867603;2,21073478
202400047655;12;6;2024;14:35;1;47;47083;1;1;1;3;D250;44,65442800;0,68741800
202400009024;4;6;2024;20:00;1;55;55010;1;1;1;6;Chemin de Chancenay;48,64269000;5,02147600
202400035621;15;5;2024;19:50;1;22;22309;1;1;1;5;Saint-Launeuc;48,23643600; -2,33989500
202400002332;29;4;2024;09:30;1;971;97101;1;1;1;6;RN11;16,27670042; -61,52475178
202400005861;6;7;2024;14:50;1;38;38053;2;3;8;3;Boulevard F. et I. Joliot Curie;45,58870000;5,26259000
202400006976;4;6;2024;08:00;1;77;77449;2;1;1;3;CRS DU DANUBE;48,85670000;2,77947000
202400006492;9;2;2024;10:45;1;13;13035;1;1;3;1;D17;43,69313000;4,99712100
202400016876;11;10;2024;21:10;5;33;33249;1;1;1;2;;44,87885000; -0,52789000
202400026611;5;10;2024;09:10;3;44;44131;2;1;1;7;37 Boulevard de l'Océan;47,11158080; -2,12378473
202400020258;27;1;2024;19:45;5;83;83129;2;1;1;6;MER (AVENUE DE LA) N°IMPAIRS;43,09607000;5,83167000
202400011762;22;4;2024;17:50;1;92;92036;2;1;1;1;CABOEUFS (RUE DES) (103/291);48,92392563;2,30982685
202400031598;18;1;2024;14:15;1;83;83137;2;1;1;6;DEMOCRATIE (BD DE LA);43,12597000;5,93887000
202400032499;22;6;2024;14:30;1;29;29047;2;3;1;1;rue de Landouzen;48,53557500; -4,37301900
202400021642;2;4;2024;08:04;1;67;67300;2;1;1;3;Avenue de la Gare;48,53905300;7,49575500
202400022947;27;6;2024;18:36;1;60;60152;1;1;1;7;D111;49,37243300;2,58911500
202400014512;3;8;2024;09:35;1;988;98829;1;1;1;1;RPS4 à hauteur de la tribu de KOUERGOA; -21,73355000;166,10328200
202400050476;22;9;2024;18:52;1;07;07319;1;3;3;3;intersection  D86 et bas Frayol;44,54271549;4,69122211
202400019039;22;2;2024;10:30;1;44;44109;2;1;8;6;6 Boulevard René Cassin;47,26438106; -1,57573847
202400047159;6;1;2024;22:56;5;45;45234;2;3;1;3;62 Rue Émile Zola;47,91163000;1,90865000
202400050307;3;12;2024;17:40;5;75;75115;2;2;1;3;BOULEVARD DE GRENELLE;48,85091500;2,29258900
202400040763;3;11;2024;14:50;1;90;90052;2;1;1;7;Faubourg de France;47,74084400;6,81593600
202400001901;7;12;2024;22:40;3;35;35291;1;1;6;1;Lieu Dit Colombel;48,59097600; -1,63493500
202400029968;19;1;2024;03:53;5;91;91552;1;1;1;2;RN20;48,61367000;2,25474000
202400046103;13;6;2024;13:20;1;35;35004;1;2;1;3;Intersection RD155/RD313;48,45852300; -1,49429100
202400001031;13;2;2024;13:25;1;07;07324;2;1;1;3;Avenue du 8 Mai 1945;45,05534700;4,83638500
202400002908;10;2;2024;20:05;3;11;11069;1;1;1;2;A61;43,19632300;2,29640000
202400023616;25;1;2024;16:35;2;33;33036;2;3;7;1;;44,42694400; -0,21858900
202400045033;7;1;2024;01:15;5;971;97120;2;1;1;3;RUE EUVREMONT GENE;16,24742000; -61,53898000
202400025307;7;3;2024;13:35;1;19;19041;1;3;1;1;;45,25090132;1,79229252
202400005922;14;9;2024;19:35;1;13;13028;2;6;1;3;CD 141 ( CH PUITS DE BRUNET);43,18787000;5,60225000
202400051792;27;3;2024;08:35;1;34;34003;2;9;1;6;SAINT-LOUP (CHEMIN DU MONT);43,30475000;3,48754000
202400033199;16;5;2024;17:05;1;94;94002;2;1;1;2;Quai Blanqui;48,81412000;2,41139000
202400019710;2;12;2024;09:00;2;44;44162;2;1;1;1;Rue de la Porchellerie;47,22385550; -1,67045482
202400049777;26;3;2024;20:15;5;69;69290;2;2;3;3;Rue de la Croix Rousse;45,69914474;4,94711787
202400024234;4;9;2024;12:10;1;67;67154;1;1;1;7;RD 468;48,37379800;7,68751100
202400011911;12;9;2024;11:20;1;14;14475;1;1;1;2;A84;49,13193500; -0,56496400
202400002983;1;12;2024;17:30;1;972;97217;1;1;1;3;La Duprey;14,46863300; -60,88204600
202400048131;17;9;2024;18:19;5;973;97307;1;3;1;3;route nationale 1;4,89233700; -52,34845600
202400011093;31;5;2024;11:51;1;29;29212;2;2;1;2;rue des Myosotis;48,37287900; -4,58962400
202400043707;15;7;2024;22:30;5;29;29019;2;2;1;2;rue de Quimper;48,40145300; -4,45636200
202400034806;13;12;2024;12:40;1;78;78551;1;1;1;4;RN 184;48,90837000;2,07427000
202400010609;4;2;2024;01:50;3;01;01320;1;1;1;6;A40;46,30511706;4,89702702
202400050187;3;12;2024;20:00;5;31;31555;2;1;1;6;SEJOURNE (AV PAUL) DU 1AU 16;43,60537000;1,42788100
202400029423;5;3;2024;04:30;3;49;49183;1;1;2;6;D57 ;47,54420300; -1,03588000
202400046452;31;10;2024;08:45;1;52;52037;1;1;5;6;54;47,91081900;5,40169000
202400047725;24;9;2024;09:39;1;75;75118;2;4;2;3;RUE CAULAINCOURT;48,88464800;2,32967300
202400008480;6;2;2024;05:15;5;44;44109;2;3;1;3;9 Rue Charles Perron;47,22470845; -1,60139258
202400029641;18;5;2024;12:30;1;69;69266;2;2;3;1;Boulevard Laurent Bonnevay;45,78757888;4,88125870
202400048824;18;2;2024;06:30;3;08;08400;1;1;1;6;;49,64978600;4,78019500
202400021547;21;12;2024;08:00;2;38;38239;1;1;1;2;D1092;45,33322500;5,55774100
202400045923;12;6;2024;18:15;1;46;46170;2;1;1;3;Rue Principale;44,78480142;1,90079063
202400046406;30;10;2024;11:50;1;52;52377;1;1;1;6;D139;48,02795826;5,67732902
202400041894;24;8;2024;19:50;1;69;69121;1;1;1;6;Route de la Tour de Salvagny;45,84186600;4,68929500
202400015743;19;4;2024;19:40;1;69;69388;2;2;1;5;Boulevard des Etats-Unis;45,73115331;4,86637055
202400001289;10;2;2024;21:20;3;91;91136;1;1;2;6;AUTOROUTE A10;48,71060000;2,28740000
202400000885;4;8;2024;20:30;1;77;77083;2;1;1;6;GARENNE (RUE DE LA);48,85176000;2,59843000
202400053249;14;8;2024;13:20;1;972;97213;1;1;1;5;AUTOROUTE A1;14,60556000; -61,00312000
202400004098;28;11;2024;18:00;5;77;77132;2;1;1;3;AV ROBERT SCHUMAN;48,87046200;2,79575100
202400001619;23;3;2024;16:45;1;51;51171;1;1;2;7;Rue de l'église (Gernicourt);49,39394500;3,86813700
202400008429;5;8;2024;17:10;1;12;12013;1;1;1;6;MAS DE L'HORT (LE)  LIEU-DIT;44,51489500;2,23831000
202400034848;13;12;2024;14:11;1;49;49007;2;1;1;3;COUBERTIN BOULEVARD;47,46734000; -0,52990000
202400026497;8;10;2024;17:54;1;75;75116;2;3;3;6;AVENUE VICTOR HUGO;48,86643200;2,27766300
202400003289;21;10;2024;16:45;1;64;64348;2;1;1;3;EUROPE DE L';43,32014000; -0,39253000
202400045838;15;2;2024;19:15;5;94;94078;2;2;1;6;Avenue des Fusillés / Rue de Balzac;48,72872049;2,44786003
202400052567;13;9;2024;11:10;1;52;52448;2;9;1;6;LACHATS (RUE DES);48,63567000;4,96078000
202400007428;19;3;2024;10:25;1;80;80021;2;1;1;2;Rue Saint-Fuscien;49,89759000;2,29526000
202400045438;22;2;2024;13:00;1;974;97422;2;1;2;1;16 Rue Jean de Fos du Rau; -21,22813200;55,55122000
202400033024;14;12;2024;11:40;1;92;92048;2;1;1;6;ONZE NOVEMBRE 1918 (AVENUE DU);48,81889484;2,22312490
202400051866;22;3;2024;10:30;1;16;16271;1;6;1;6;;45,62650000;0,15471000
202400018553;12;7;2024;19:30;1;07;07334;2;3;7;3;145 avenue du général de gaulle (Les Vans);44,40557500;4,12693500
202400005978;15;9;2024;15:00;1;2A;2A357;1;1;1;6;D69;41,73833600;9,05809900
202400041726;16;7;2024;15:09;1;987;98736;2;2;1;1;CHARLES DE GAULLE (AV); -17,53099000; -149,55316000
202400014184;2;2;2024;10:10;1;987;98715;1;1;1;6;Route de St Hilaire; -17,56934500; -149,59962800
202400029682;12;4;2024;09:16;1;73;73010;2;1;1;3;D991C - Rue de la Chambotte;45,78580200;5,94508700
202400002464;29;4;2024;17:20;1;75;75105;2;3;1;3;BOULEVARD SAINT MARCEL;48,85041500;2,34734500
202400052959;8;6;2024;19:44;1;77;77121;1;1;1;6;A104;48,83382000;2,66520000
202400053481;14;8;2024;04:44;4;56;56121;2;6;1;6;Cours Louis de Chazelles;47,75710000; -3,36460000
202400015807;19;4;2024;10:45;1;54;54280;2;2;2;3;avenue Saint-Maurice;49,22681000;6,01257000
202400050206;11;7;2024;19:40;5;974;97411;2;1;1;6;MACE (BOULEVARD GABRIEL); -20,87390000;55,44661000
202400048485;4;12;2024;13:20;1;33;33281;2;1;1;3;;44,84075000; -0,64155000
202400029122;16;12;2024;20:15;3;84;84031;1;3;1;5;MIRABEAU AVENUE;44,06932000;5,04278000
202400013502;1;7;2024;16:15;1;64;64132;2;3;1;7;YSER DE L';43,28696000; -0,35463000
202400052206;22;9;2024;05:50;3;85;85108;1;1;5;6;D7 PK 57+930;46,90367700; -1,39455600
202400028111;27;7;2024;06:00;2;17;17010;1;1;8;2;D137;46,09763800; -1,09073600
202400004270;28;4;2024;15:35;1;51;51212;1;1;1;2;D12;48,77413574;4,29193284
202400051462;12;7;2024;20:50;2;21;21408;1;1;7;7;D7;47,42230600;4,97333500
202400035473;1;3;2024;02:00;3;95;95436;1;1;9;6;D922;49,13350140;2,26535863
202400008471;5;2;2024;07:20;5;49;49007;2;1;8;6;CHATEAU D'ORGEMONT RUE ET SQU;47,44534000; -0,54119000
202400006543;7;2;2024;11:00;1;91;91122;2;3;2;1;DOCTEUR COLLE (RUE DU);48,69814000;2,15797000
202400005740;4;7;2024;19:15;1;73;73178;1;1;1;7;D61 Route de la Motte;45,72872778;6,13000004
202400022644;25;5;2024;16:35;1;76;76528;1;2;1;3;D407;49,90406440;1,58699584
202400032057;30;8;2024;04:55;5;974;97411;2;3;2;3;NICE (RUE DE); -20,87414000;55,44756000
202400026622;7;10;2024;07:08;2;69;69383;2;2;1;3;Rue Mazenod;45,75912000;4,85092000
202400026609;27;6;2024;15:50;1;14;14473;1;3;1;6;1070 Route de Lisieux;49,11466600;0,04010400
202400022570;24;5;2024;10:00;1;22;22360;2;1;1;3;VERNE (RUE JULES);48,48647000; -2,72927000
202400039596;28;2;2024;15:10;1;94;94028;2;1;1;2;Avenue Bernard Alpern;48,77971000;2,45910000
202400027463;5;3;2024;08:00;1;17;17299;2;1;1;2;HUIT MAI 1945 AVENUE DU;45,95275000; -0,96872000
202400003835;9;7;2024;15:25;1;50;50546;1;1;1;6;Route du Manoir (La Mancellière-sur-Vire);49,05844300; -1,09728600
202400001537;23;3;2024;10:10;1;34;34172;2;1;1;3;FONT FROIDE (RUE DE LA);43,64752000;3,84304000
202400014340;24;12;2024;17:30;5;13;13203;2;1;1;1;ROGER SALENGRO (AVENUE);43,31080000;5,37314000
202400018973;27;6;2024;11:15;1;56;56005;2;1;1;3;Rue de Bilouris;47,55324800; -2,88273600
202400050723;3;1;2024;17:00;2;52;52060;1;1;4;7;D26;47,93459914;5,72170138
202400013268;3;7;2024;08:25;1;75;75117;2;1;1;7;PORTE DE SAINT OUEN;48,89944700;2,31828400
202400026616;7;10;2024;16:32;1;973;97302;2;1;1;7;MANDELA  (BOULEVARD);4,93642000; -52,32597000
202400001279;23;10;2024;19:00;3;78;78322;1;1;1;4;A86 EXT;48,78140100;2,16750200
202400035538;28;2;2024;19:00;3;44;44194;1;1;1;5;L'Ebeaupin;47,27988400; -1,66505100
202400036852;5;11;2024;16:40;1;93;93066;1;1;1;3;AUTOROUTE A1;48,91977000;2,35723243
202400010950;1;6;2024;19:46;1;69;69259;2;2;1;1;Rue des Martyrs de la Résistance;45,69245000;4,87300000
202400051545;8;7;2024;12:15;1;77;77333;1;1;1;6;A6, PK 76+100, direction PARIS;48,25131200;2,73499500
202400036761;11;12;2024;22:25;5;75;75120;2;3;1;3;RUE DE BELLEVILLE;48,87339500;2,38262900
202400053047;11;7;2024;15:00;1;42;42120;2;2;1;6;160 Rue des Vernes;45,99478118;3,98096859
202400021957;15;4;2024;14:55;1;75;75105;2;3;1;2;RUE LINNE;48,84571700;2,35466700
202400003181;23;10;2024;17:30;1;77;77146;1;1;1;3;A4.W;48,83151000;2,64542000
202400036845;13;12;2024;17:10;5;70;70171;2;4;1;6;64 Rue Henri Duhaut;47,89018500;6,32514400
202400027967;21;5;2024;18:00;1;41;41237;1;2;1;1;D956;47,40213300;1,45108600
202400024529;8;10;2024;07:55;2;50;50129;2;1;8;2;SALINE (BOULEVARD DE LA);49,64841000; -1,64357000
202400016517;2;8;2024;21:45;5;34;34172;2;1;2;2;RIMBAUD (RUE PAUL);43,61804000;3,84387000
202400051878;20;9;2024;14:15;1;94;94077;2;3;1;3;Rue Paul Bert;48,73235900;2,44217800
202400011575;4;7;2024;17:45;1;94;94073;1;1;1;2;A86;48,77111483;2,39012767
202400049943;17;2;2024;05:45;3;13;13066;1;1;1;7;D7n;43,86572300;4,91363500
202400021350;16;11;2024;20:25;3;974;97416;2;1;1;6;L'ENTRE DEUX(ROUTE DE); -21,30598000;55,42720000
202400052085;14;8;2024;23:00;3;09;09316;1;2;2;1;D625;43,01633700;1,89060300
202400021729;15;4;2024;10:15;1;976;97611;2;1;1;3;kaweni-Kaweni nord ( Z I ); -12,76682000;45,22478000
202400041701;30;4;2024;23:10;3;74;74116;1;1;1;7;1133 Route de Cruseilles;46,05152500;6,24858100
202400000673;30;4;2024;16:10;1;972;97213;2;1;1;7;ROUTE NATIONALE 1;14,61970000; -60,99459000
202400041597;23;8;2024;21:55;3;42;42305;1;1;1;6;Rue Jean Rostand;45,46713000;4,43137000
202400030765;22;6;2024;03:00;5;13;13208;2;1;1;5;PRADO (AVENUE DU);43,26932000;5,38602000
202400018193;21;12;2024;18:00;5;54;54116;2;3;2;6;rue nationale;48,59149000;6,52749000
202400028447;4;10;2024;18:35;2;01;01033;1;1;1;3;A 40, PK 104+200;46,16043100;5,77845500
202400051769;16;8;2024;06:30;2;22;22328;1;1;2;7;D31;48,40779600; -3,34870600
202400024340;29;7;2024;09:30;1;79;79351;1;2;1;6;;46,43932800; -0,56104200
202400020651;8;10;2024;17:10;1;62;62250;2;1;1;6;Place Jean Tailliez;50,45895000;2,94528000
202400051682;3;5;2024;21:45;5;35;35238;2;2;1;3;SAINT-MALO (RUE DE);48,12066026; -1,68176383
202400050312;3;12;2024;09:30;1;75;75114;2;2;8;3;AVENUE DU GENERAL LECLERC;48,82959100;2,32840500
202400016905;12;10;2024;11:50;1;91;91347;2;1;8;1;RUE DE LORMOY;48,64133000;2,29153000
202400030157;24;7;2024;22:15;2;33;33063;1;9;1;7;;44,88488300; -0,56010800
202400023949;30;8;2024;17:59;1;60;60057;2;1;1;6;Rue de Clermont;49,43210929;2,10617995
202400049597;11;6;2024;19:25;1;05;05054;2;1;1;6;21 Route des Allards;44,67750300;6,06521000
202400050944;3;1;2024;11:20;1;91;91326;2;9;2;2;COUR DE FRANCE (AVENUE DE LA);48,68454000;2,37524000
202400017691;24;12;2024;17:00;2;91;91457;2;1;2;3;RTE DE LA FERTE ALAIS;48,58239800;2,25602400
202400020252;6;9;2024;07:19;1;69;69275;2;8;1;6;Rue Emile Bertrand;45,77202000;4,95617000
202400036873;19;8;2024;18:20;1;22;22113;2;1;1;2;MARECHAL FOCH (QUAI DU);48,73105000; -3,46231000
202400006096;26;11;2024;10:35;1;37;37261;2;6;1;6;PARCAY (RUE DE);47,41023367;0,72095391
202400020771;11;10;2024;09:52;1;92;92064;2;1;1;6;DAILLY;48,84479000;2,22032000
202400026053;25;1;2024;13:20;1;08;08173;2;1;2;3;17 rue de sedan;49,69814400;4,77740600
202400040669;2;11;2024;18:10;5;19;19031;2;1;1;1;BUY (PONT DU);45,16449462;1,54075479
202400039528;16;7;2024;02:25;3;06;06140;2;6;1;6;355 Route de Draguignan;43,63523400;6,85595560
202400029736;21;1;2024;16:40;1;43;43189;1;1;1;2;D9;45,28125511;3,89380834
202400040860;12;1;2024;10:20;1;26;26198;2;1;1;1;Avenue du Marechal Juin;44,55979000;4,76015000
202400039510;23;2;2024;17:57;1;09;09122;2;1;1;6;FAURE (COURS GABRIEL);42,96392600;1,60704000
202400049957;3;12;2024;09:20;1;73;73065;2;2;2;3;LYON (AVENUE DE);45,56291654;5,90816505
202400005842;14;3;2024;14:35;1;93;93027;2;3;1;3;Rue Rateau / Rue Voltaire;48,92491279;2,40540147
202400029029;16;12;2024;14:45;1;07;07245;2;1;1;6;1 Impasse des Iles;45,07713900;4,81692900
202400009621;4;7;2024;19:15;3;973;97302;1;1;1;2;GIRATOIRE MARINGOUINS;4,90716000; -52,32267000
202400047337;24;9;2024;18:24;1;91;91479;1;1;8;4;RTE NATIONALE 7;48,72874691;2,36848712
202400010454;4;2;2024;17:00;1;84;84007;2;3;1;6;C.De GAULLE (Rocade);43,92949000;4,81893000
202400049032;4;1;2024;07:40;3;92;92064;1;1;1;4;A13;48,83783000;2,18999000
202400017663;17;4;2024;17:40;1;83;83137;2;1;6;6;FOCH (AVE DU MARECHAL);43,12786151;5,91771593
202400020407;6;9;2024;08:15;1;75;75108;2;7;1;3;PLACE DE L ALMA;48,86473358;2,30136216
202400034386;21;6;2024;12:30;1;37;37110;1;3;1;6;Route de Tours;47,32125850;1,05381158
202400017365;20;11;2024;16:45;1;35;35055;2;6;8;3;RD 463;48,08829000; -1,62500000
202400025314;18;12;2024;21:40;5;13;13205;2;9;1;3;BERCEAU (RUE);43,28817000;5,39520000
202400031613;19;1;2024;13:00;1;72;72181;2;1;1;6;DURAND GEORGES (AV) N° PAIRS 166 A 310;47,97293000;0,21658000
202400053171;15;8;2024;23:30;3;02;02495;2;1;1;6;5 Rue de l?Abbatiale;49,96200500;4,05549500
202400043500;22;8;2024;18:45;1;39;39421;1;1;1;1;;46,70794100;5,57993900
202400031406;18;5;2024;22:55;5;05;05023;2;6;1;6;SOIE (RUE DE LA);44,89405900;6,63335600
202400041916;17;7;2024;00:45;5;92;92062;2;1;1;2;BELLINI (RUE);48,88614228;2,25033157
202400032916;14;12;2024;17:00;5;62;62193;2;3;1;1;Quai de la Tamise;50,95476007;1,85229081
202400011918;20;4;2024;14:45;1;88;88087;2;3;1;3;LECLERC (RUE GENERAL-);48,16781000;6,43482000
202400048028;5;12;2024;14:22;1;47;47203;2;1;1;2;Route du Lacay;44,39987000;0,83141000
202400019499;19;11;2024;07:25;2;61;61405;1;1;2;6;D286;48,29923900;0,75668300
202400024706;8;10;2024;15:00;1;56;56260;2;1;1;6;Rue Francis Decker;47,65871000; -2,75522000
202400045822;19;2;2024;09:29;1;75;75112;2;1;1;7;RUE DE REUILLY;48,84164300;2,39345100
202400019454;10;3;2024;23:27;3;13;13005;1;1;2;2;A50-Sens Marseille vers Aubagne;43,28629000;5,56839000
202400014970;16;10;2024;10:00;1;30;30284;1;6;3;2;N106;44,14584700;4,06837500
202400022479;29;7;2024;03:10;5;94;94041;2;1;1;6;Avenue de Verdun;48,81291000;2,37030000
202400051501;27;10;2024;14:40;1;988;98817;1;3;1;6;Route de la corniche/Rue du Vallon Dore; -22,27080900;166,56984200
202400007162;4;6;2024;17:45;1;13;13212;1;1;1;2;A507 sens Marseille - Aubagne;43,29317000;5,42490000
202400047282;6;5;2024;07:30;1;95;95277;2;1;1;6;D370;48,98561167;2,43839253
202400044712;8;1;2024;07:40;5;62;62041;2;6;1;2;Place de Tchécoslovaquie;50,29699747;2,76917732
202400038061;1;10;2024;11:50;1;93;93008;2;1;1;6;HUIT MAI 1945 (RUE DU);48,90963896;2,43627548
202400027537;18;12;2024;11:20;1;93;93047;2;1;8;6;LAVOIR (RUE DU);48,90126029;2,57203150
202400035252;28;2;2024;20:50;5;67;67447;2;3;1;3;BISCHWILLER (ROUTE DE);48,60989200;7,75060400
202400027466;17;12;2024;16:30;2;06;06004;2;5;1;6;19 Avenue de Guy Maupassant;43,56871000;7,11109000
202400007218;3;6;2024;20:10;1;69;69388;2;2;1;6;Avenue des Frères Lumière;45,74332000;4,87430000
202400040491;8;8;2024;09:20;1;13;13004;1;1;1;7;D36b;43,59128600;4,62359200
202400000822;13;8;2024;12:45;1;974;97408;2;1;1;2;Rue Leconte de Lisle; -20,93713700;55,33254500
202400000893;12;8;2024;23:45;5;64;64102;2;1;2;7;AVRIL (AVENUE DU 14);43,50351000; -1,46750000
202400032130;30;8;2024;14:45;1;29;29019;2;1;1;1;rue Matthieu Gallou;48,39844900; -4,50915800
202400026361;23;7;2024;17:30;1;81;81105;2;6;1;3;Avenue du Pont de Saint Pierre;43,76114100;2,00381400
202400033433;18;5;2024;14:25;1;83;83053;1;1;1;1;Dn8;43,15897200;5,84059600
202400005713;25;6;2024;08:15;1;38;38029;2;1;1;6;97 Rue des Canuts;45,57889200;5,52652800
202400007979;26;11;2024;08:15;1;35;35238;1;1;1;2;PORTE DE NANTES;48,08051000; -1,67652000
202400007133;23;5;2024;23:35;3;37;37099;1;1;1;6;RD 751;47,30551300;0,56420800
202400017076;30;6;2024;22:17;5;92;92035;2;2;1;3;National ( boulevard );48,90462415;2,23941565
202400029422;5;3;2024;15:55;1;71;71543;2;2;1;1;18 Rue de Beausoleil;46,55576200;4,90714400
202400050810;25;10;2024;15:55;1;13;13098;1;1;2;7;ARNAUD  CHEMIN DE LA COLLE D';43,44243201;5,02732078
202400052204;14;8;2024;17:44;1;972;97209;2;1;1;3;PROFESSEUR RAYMOND GARCIN (RUE DU);14,61315000; -61,07846000
202400034649;20;6;2024;11:00;1;41;41144;2;1;1;6;Rue de la Vallée;47,48609200;1,11400500
202400050055;13;7;2024;09:55;1;13;13051;1;1;1;4;Autoroute A7 - PK 241,000 - sens MARSEILLE / LYON;43,59261500;5,17868000
202400048740;3;1;2024;16:20;1;21;21166;2;1;2;2;Avenue Roland Carraz;47,29010300;5,01426600
202400019689;21;12;2024;18:06;3;78;78217;1;1;2;6;A13;48,96358966;1,82797822
202400041192;26;2;2024;18:00;5;92;92051;2;2;8;6;BINEAU (BOULEVARD, N°133 A 217 ET 134 A;48,89067926;2,27040660
202400028533;6;10;2024;21:45;5;75;75111;2;1;2;3;BOULEVARD DE MENILMONTANT;48,85908900;2,38901700
202400022804;9;10;2024;13:05;1;64;64445;2;6;2;3;PEYROULET;43,30388000; -0,35605000
202400030913;8;6;2024;18:45;5;974;97411;2;1;1;6;MAHY (FRANCOIS DE); -20,89749000;55,48496000
202400013048;16;10;2024;18:35;3;49;49329;1;1;2;7;D106;47,37873700; -0,65315000
202400010446;3;2;2024;20:45;5;95;95280;2;6;2;3;D47;49,01254666;2,47038134
202400023910;24;1;2024;18:45;5;72;72181;2;3;2;3;MALTE (RUE DE);47,99532000;0,22513000
202400017688;24;12;2024;05:15;5;69;69382;1;1;1;6;30 Cours de Verdun Perrache;45,74851937;4,82820615
202400006926;18;11;2024;23:50;5;75;75116;2;1;2;7;ALLEE DE LA REINE MARGUERITE;48,85325700;2,24154800
202400003736;21;3;2024;16:37;1;29;29039;1;2;1;3;Rue de Kerambec;47,89426000; -3,88981300
202400030089;24;7;2024;12:40;1;01;01128;1;1;1;2;D2;46,46625200;5,10184000
202400013313;3;7;2024;01:00;4;974;97415;2;1;1;7;165 Chemin des Combavas; -20,99027400;55,32642900
202400042623;2;11;2024;14:38;1;95;95277;1;1;1;2;A3;48,97638481;2,49132859
202400022157;29;7;2024;20:30;1;22;22008;1;2;1;1;Rue de la Croix Jean Gicquel;48,41817900; -2,07993500
202400043081;6;1;2024;00:55;5;69;69143;2;1;1;6;6 Avenue Carnot;45,88036500;4,83564700
202400041156;26;2;2024;15:50;1;93;93073;1;1;2;6;Rue du Chapitre;49,00185565;2,53702104
202400031039;17;10;2024;07:20;2;69;69290;1;1;3;2;Autoroute 43;45,70546061;4,96039247
202400030206;31;8;2024;18:20;1;95;95388;1;1;8;1;CÔTE DU PARC;49,02383000;1,97441000
202400017364;1;7;2024;20:25;3;974;97415;1;1;1;1;Rue Gabriel Guisthau; -21,01554600;55,27092700
202400015240;2;7;2024;08:40;1;61;61168;2;1;2;6;VC15;48,60088400; -0,34287200
202400014836;30;5;2024;17:30;1;13;13117;1;1;1;2;A7-Sens Lyon vers Marseille;43,42468796;5,26516861
202400030720;10;11;2024;13:52;1;80;80021;2;1;1;3;Rue de Paris;49,88637000;2,28823000
202400011501;15;3;2024;19:30;5;69;69383;2;1;1;3;Avenue Lacassagne;45,75275906;4,86970556
202400024927;26;6;2024;19:00;1;59;59580;1;1;1;1;523 Chemin du Bois des Religieuses;50,79648200;2,61956300
202400029821;10;4;2024;15:30;1;974;97411;2;4;1;3;GAULLE (DU GENERAL DE); -20,88542000;55,45790000
202400032773;14;12;2024;02:25;3;79;79048;1;1;1;2;;46,33978800; -0,31229500
202400015728;20;11;2024;10:15;1;972;97213;1;1;8;2;ROUTE DEPARTEMENTALE 15;14,63582200; -61,00857300
202400049252;11;6;2024;19:45;1;75;75107;2;1;1;5;QUAI D ORSAY;48,86284000;2,31242600
202400008162;26;11;2024;18:40;5;92;92051;2;1;1;7;GENERAL GOURAUD (PLACE);48,88628801;2,26156130
202400035288;15;5;2024;11:30;1;69;69387;2;1;2;3;Avenue Jean Jaurès;45,73466000;4,83564000
202400052311;20;9;2024;12:35;1;40;40184;1;3;1;3;794 Route d'Escource;44,18245700; -1,18160300
202400048238;24;9;2024;16:05;1;01;01259;2;1;1;6;Route de Buellas;46,21254000;5,11499700
202400011772;23;4;2024;20:30;2;31;31423;1;1;1;6;Vieille Route de Rieumes;43,41086721;1,08015239
202400036639;19;6;2024;18:23;1;91;91161;1;1;1;3;AUTOROUTE A6;48,69536068;2,31806159
202400019210;11;3;2024;14:00;1;13;13047;2;1;1;2;JEAN JACQUES PRAT BOULEVARD;43,50643000;4,98535000
202400038203;17;6;2024;15:50;1;37;37261;2;1;2;2;HEURTELOUP (BOULEVARD);47,39049000;0,69158000
202400044333;25;9;2024;08:45;1;84;84035;2;9;1;7;DAUDET (RUE ALPHONSE);43,83085700;5,02844400
202400048146;4;12;2024;18:35;5;978;97801;2;1;1;3;R DE LA REPUBLIQUE;18,06908000; -63,08554500
202400003503;22;3;2024;13:17;1;75;75104;2;3;1;7;QUAI DE L HOTEL DE VILLE;48,85443400;2,35502100
202400038956;13;1;2024;21:13;5;2B;2B120;2;3;1;-1;VILLAGE (Route du) D364;42,65512000;9,43598000
202400003661;21;3;2024;13:55;1;78;78133;2;1;1;3;MANTES (ROUTE DE);48,91000000;2,03943000
202400053987;8;6;2024;15:40;1;72;72051;1;1;1;6;Lieu-dit Le Bordage;47,80717800;0,07207100
202400030477;4;10;2024;18:20;1;94;94071;2;1;1;6;Route de Bonneuil;48,77048000;2,50812000
202400049806;17;8;2024;22:30;3;13;13117;1;1;1;5;A7-Sens Marseille vers Lyon;43,46292794;5,23481274
202400022879;16;11;2024;11:55;1;28;28220;2;1;1;6;RIBOUCHES;48,41953000;1,46491000
202400022780;8;10;2024;07:40;2;84;84007;2;6;3;6;PONT DES DEUX EAUX (CHEMIN DU);43,94311000;4,84194000
202400052133;16;8;2024;18:15;2;94;94043;1;1;1;2;A6B;48,81347209;2,35472471
202400001164;25;10;2024;13:53;1;85;85039;1;1;1;6;Rue de la minée;47,00757700; -1,21429000
202400009382;5;7;2024;09:30;1;75;75103;2;1;1;7;RUE MICHEL LE COMTE;48,86233600;2,35606300
202400052180;21;9;2024;19:25;2;05;05009;1;1;1;7;RN 85 - PR 0 + 250;44,80559000;5,95570600
202400023684;5;9;2024;06:25;4;27;27286;1;1;2;7;RD29;49,17993600;0,57418600
202400023522;21;1;2024;18:15;5;74;74010;2;1;1;5;ROCADE (BOULEVARD DE LA);45,91200000;6,12200000
202400022854;27;6;2024;15:42;1;33;33281;2;1;1;6;;44,82670000; -0,66400000
202400021721;15;2;2024;18:40;5;59;59574;2;2;1;3;DRAGUIGNAN(RUE DE);50,37140000;3,26502000
202400026835;25;6;2024;13:30;1;27;27507;1;1;1;1;départementale 53;48,88848000;1,26439300
202400012552;6;8;2024;16:50;1;22;22018;2;2;1;1;intersection RD15/RD20;48,66011000; -3,22110100
202400010422;4;2;2024;12:23;1;973;97302;2;1;1;1;SAINT ANTOINE (CHEMIN);4,93529875; -52,29521424
202400006905;8;2;2024;17:00;1;83;83088;1;1;1;7;D5;43,30997200;5,98838600
202400023671;5;9;2024;18:30;1;85;85026;1;1;2;6;la chapeliere;46,54986000; -1,40527000
202400025202;7;3;2024;17:09;1;94;94017;2;1;1;2;Avenue François Mitterrand;48,81560000;2,51450000
202400012545;28;12;2024;18:15;5;75;75109;2;2;1;3;RUE DU FAUBOURG MONTMARTRE;48,87585500;2,34035900
202400014234;27;12;2024;11:30;1;59;59378;2;2;1;3;Boulevard Clémenceau;50,66222000;3,09635000
202400045786;21;8;2024;17:45;1;92;92024;2;3;1;3;PUITS BERTIN (PASSAGE);48,90119333;2,29354665
202400017412;20;11;2024;13:20;1;06;06029;2;1;1;6;ParcPANTIERO;43,55106980;7,01327180
202400024815;26;6;2024;13:06;1;06;06088;2;1;1;3;62 Avenue des Arènes de Cimiez;43,70849650;7,27581250
202400012054;12;9;2024;14:30;1;77;77517;1;1;1;2;A104.INT;48,90666500;2,63983300
202400026896;13;11;2024;15:45;1;37;37072;1;1;1;1;D8;47,15276327;0,28137946
202400035618;15;1;2024;16:40;1;13;13215;2;4;1;3;SAINT ANTOINE (AVENUE DE);43,36578133;5,35685661
202400017610;20;4;2024;06:25;2;83;83097;1;1;1;2;autoroute A8 point kilométrique 46.500 sens Ouest-Est;43,47893859;5,75277229
202400005955;27;11;2024;18:10;5;69;69383;2;1;1;6;Avenue Félix Faure;45,75313146;4,85506445
202400039818;24;8;2024;15:07;1;95;95572;2;3;1;1;D922;49,05536192;2,13621318
202400004811;22;12;2024;14:30;1;88;88440;1;1;4;6;"A31 - PK 182+350 - sens ""vers NANCY""";48,26769800;5,86206400
202400045673;21;2;2024;05:50;3;85;85252;1;1;1;7;RD89;46,63264800; -0,81916900
202400053841;25;10;2024;00:10;5;38;38151;2;1;1;1;HUGO (AVENUE V.);45,15643000;5,71280000
202400042514;30;10;2024;13:35;1;15;15096;1;1;1;6;RD 60;45,02220700;2,56598400
202400025330;9;12;2024;07:15;2;04;04112;1;1;1;4;D907;43,81113000;5,81033000
202400011968;24;11;2024;11:15;1;49;49261;2;1;1;3;Route de Saumur;47,33971400; -0,22575600
202400021093;17;11;2024;05:00;3;50;50431;1;1;2;3;Route de la Libération;49,18174500; -1,23303800
202400041346;18;7;2024;08:10;1;52;52535;2;1;1;6;63 Grande Rue;48,10500200;5,06288600
202400016422;1;8;2024;15:20;1;84;84007;2;3;1;3;JEAN BOCCACE (AVENUE);43,94800000;4,82900000
202400007531;19;3;2024;20:20;5;75;75120;2;7;1;6;PLACE GAMBETTA;48,86462500;2,39876200
202400026031;27;7;2024;17:15;1;51;51454;2;2;3;5;GERUZEZ (RUE);49,26385600;4,01794900
202400002136;29;11;2024;13:05;1;81;81004;2;1;1;6;TEMPORALITE (DE LA);43,92887000;2,14283000
202400045158;8;5;2024;14:40;1;92;92036;2;2;1;1;GRESILLONS (AVENUE DES) (141/215);48,91758715;2,30816495
202400048717;29;3;2024;13:35;1;972;97209;2;1;1;3;ARAWAKS (AVENUE DES);14,61912000; -61,04070000
202400003132;6;6;2024;09:30;1;69;69256;2;4;1;6;Avenue du 8 Mai 1945;45,78784125;4,91436534
202400049117;4;5;2024;13:15;1;11;11270;1;1;1;7;RD 14 Route de Cucugnan;42,86786900;2,65152500
202400049409;23;9;2024;18:00;1;62;62134;1;1;1;6;D128;50,55123766;1,89315554
202400047944;11;6;2024;12:55;1;33;33281;1;1;1;2;;44,81497000; -0,67279100
202400014932;14;10;2024;12:05;1;94;94068;2;5;1;3;Rue Danton;48,79263000;2,49742000
202400006810;7;2;2024;12:44;1;92;92009;2;1;2;2;MOULIN BAILLY ( RUE );48,90859548;2,25768583
202400031466;21;1;2024;18:30;2;47;47239;1;1;1;6;1260 route de miramont de guyenne;44,42783342;0,54649906
202400054174;10;7;2024;09:20;1;35;35238;2;2;1;3;LERAY (ADOLPHE);48,09590000; -1,66147000
202400043795;21;2;2024;18:20;5;92;92025;2;1;2;6;BOURNARD (RUE DU);48,92288923;2,25568128
202400030197;24;7;2024;21:50;3;973;97302;2;1;3;6;TERRASSE DES CALIMBES (Lot);4,92076388; -52,31714594
202400014305;4;8;2024;05:15;5;29;29232;2;1;1;7;Rue de Benodet;47,98520000; -4,10620000
202400047439;30;3;2024;13:46;1;92;92024;2;1;1;6;JEAN JAURES (BD) DE 47 A 109)   (56 A 14;48,90098013;2,30543339
202400050323;22;9;2024;08:00;2;75;75115;2;2;2;7;RUE PAUL BARRUEL;48,83861500;2,30522700
202400050318;22;9;2024;21:00;5;75;75115;2;1;3;1;QUAI ANDRE CITROEN;48,84401600;2,27543400
202400026320;22;5;2024;15:50;1;14;14579;1;1;1;6;Route de Cahagnes;49,05214500; -0,71401700
202400049097;5;5;2024;18:20;1;62;62134;2;1;2;1;D216;50,53463566;1,91849879
202400014732;30;5;2024;16:56;1;33;33529;2;1;1;3;;44,62407000; -1,13521500
202400007181;4;6;2024;08:50;1;95;95491;1;1;1;4;A115;49,00479000;2,24522000
202400031935;17;5;2024;15:58;1;27;27229;2;1;1;6;JOSEPHINE (RUE);49,02359000;1,14310000
202400006401;21;5;2024;09:32;1;93;93029;2;2;1;3;Avenue Henri Barbusse / Avenue Jean Jaures;48,91967696;2,45105267
202400042106;15;6;2024;01:20;5;93;93005;2;1;1;2;Boulevard Georges Braque;48,96030900;2,47513700
202400045811;15;7;2024;18:28;1;75;75107;2;2;1;6;BOULEVARD RASPAIL;48,85443400;2,32589600
202400018811;12;10;2024;10:30;1;33;33318;2;1;1;6;;44,79786400; -0,64447500
202400044222;10;6;2024;19:15;1;73;73188;1;3;1;3;D925;45,61722700;6,32946600
202400019403;29;6;2024;10:00;1;971;97111;1;1;1;1;RN2, Bas-vent;16,34333600; -61,77199800
202400020714;11;10;2024;21:00;5;42;42095;2;5;1;6;Boulevard Saint-Charles;45,38503000;4,28409000
202400039834;17;7;2024;21:00;1;85;85194;2;1;1;6;Route du tour de france;46,48413000; -1,75598000
202400006789;6;2;2024;09:20;1;92;92050;2;3;1;4;NATIONAL (BOULEVARD);48,88772735;2,18565559
202400032228;30;8;2024;23:55;3;23;23217;1;1;1;6;Cheyroux;45,94064600;1,57143100
202400022342;25;5;2024;14:10;1;93;93079;2;3;1;6;Rue Étienne Fajon / Rue du 19 Mars 1962;48,96076000;2,34271000
202400043343;9;5;2024;05:45;4;16;16358;2;1;1;7;;45,68371200;0,11299610
202400021956;29;7;2024;07:56;1;22;22093;1;1;1;3;N12;48,45783868; -2,51960846
202400014147;27;12;2024;23:39;3;77;77251;1;1;5;7;AUTOROUTE A5A;48,62094138;2,54771357
202400044504;7;12;2024;09:25;1;988;98818;2;1;1;6;Parking du Kuendu Beach; -22,26076000;166,39044000
202400024030;3;9;2024;17:30;1;75;75114;2;1;1;6;AVENUE PAUL APPELL;48,82153700;2,32795500
202400025968;27;7;2024;10:30;1;83;83137;2;1;1;6;BAZEILLES (BD / ROND POINT DE);43,11210000;5,93760000
202400050877;10;6;2024;11:03;1;75;75107;2;2;1;3;BOULEVARD DE LA TOUR MAUBOURG;48,85993578;2,31017321
202400036816;13;12;2024;14:30;1;12;12230;1;3;2;3;D903;44,03765800;2,51925900
202400019272;18;6;2024;12:05;1;35;35166;2;1;1;6;11 rue de l'école;48,14182800; -1,33778400
202400047951;12;6;2024;15:45;1;91;91363;1;4;1;5;AUTOROUTE A10;48,59336217;2,04539993
202400042792;11;1;2024;06:50;5;62;62770;2;6;9;1;D937;50,61797400;2,54783600
202400044530;26;9;2024;15:20;1;75;75110;2;1;3;7;RUE DES VINAIGRIERS;48,87315700;2,36254600
202400042404;2;11;2024;21:20;5;33;33063;2;3;1;6;Place de la Ferme de Richemont;44,83602000; -0,57214000
202400031419;21;1;2024;00:05;3;63;63116;1;1;8;6;D19;45,98996589;3,04112232
202400017504;20;11;2024;21:50;3;29;29054;1;3;1;6;Croas An Herry;48,38181691; -3,84502784
202400041959;22;8;2024;18:56;5;987;98736;2;5;1;3;CHARLES DE GAULLE (AV); -17,53093700; -149,55316500
202400017888;30;1;2024;13:30;1;07;07316;1;1;1;5;Route de Lyon;44,90501000;4,85346000
202400024158;4;9;2024;22:19;5;11;11397;2;4;2;3;22 Rue d'Anjou;43,20621600;2,44222200
202400016098;8;9;2024;19:10;2;80;80021;1;1;2;7;SAVEUSE (RUE DE);49,90120000;2,23819000
202400013252;15;3;2024;00:30;3;974;97410;2;1;1;6;Chemin Grand Fond; -21,02830500;55,68610800
202400031250;2;3;2024;05:30;3;69;69149;1;1;1;3;Route de Métropole 7;45,71810000;4,81920000
202400011635;24;11;2024;00:20;5;92;92075;2;3;1;3;MARY BESSEYRE (RUE);48,82195167;2,28924282
202400012436;5;8;2024;21:10;2;10;10387;2;1;1;3;Rue des Sénardes;48,29169000;4,09308000
202400021632;13;4;2024;21:00;3;51;51058;1;1;1;3;Autoroute A4 137+300;49,21485000;3,99044000
202400036120;2;10;2024;08:50;1;42;42044;2;1;1;2;Rue de la République;45,39541000;4,31419000
202400017105;2;7;2024;16:55;1;50;50487;1;1;1;6;A84;48,52842900; -1,34394800
202400023142;7;3;2024;17:30;1;80;80489;2;1;1;7;Avenue Henri Barbusse;49,86930000;2,36067000
202400039422;6;4;2024;14:45;1;14;14326;1;1;1;1;Route de Cormeilles;49,17487200;0,29952800
202400053644;13;7;2024;02:20;3;55;55072;1;1;2;7;D908;49,16442702;5,63290781
202400028126;26;7;2024;20:11;1;56;56082;1;1;1;6;Bois de Digouet;47,96762900; -2,48947600
202400035822;14;5;2024;19:30;1;69;69388;2;1;2;4;Boulevard des Etats-Unis;45,73833483;4,86046860
202400000315;12;2;2024;04:25;3;974;97407;1;1;1;3;ROUTE NATIONALE N° 1; -20,95051000;55,31940000
202400049159;6;5;2024;02:20;5;31;31197;2;1;2;6;40 Route de Pinas;43,13290400;0,52161600
202400030111;18;5;2024;03:00;5;77;77058;2;1;1;6;EUROPE (AVENUE DE L' );48,83083000;2,71101000
202400038362;30;9;2024;18:25;1;80;80021;2;2;8;3;Avenue de l'Europe;49,91166600;2,30250400
202400043231;17;7;2024;09:00;1;50;50550;1;3;1;3;D53;49,12509000; -1,38328000
202400013459;14;3;2024;09:35;1;37;37261;2;1;1;2;POMPIDOU (AVENUE GEORGES);47,38358000;0,71110000
202400037270;15;1;2024;15:15;1;93;93051;2;5;7;6;Rue Rouget de Lisle / Avenue du Général de Gaulle;48,84340635;2,55952549
202400042389;2;11;2024;20:11;5;42;42187;2;3;1;3;Rue Mulsant;46,03810500;4,06006565
202400013371;14;3;2024;16:50;1;974;97411;2;1;1;4;JAURES (BLD 1 JEAN); -20,88966000;55,45208000
202400022754;8;10;2024;23:15;3;78;78217;1;1;1;2;A13;48,96532500;1,81636700
202400046214;20;8;2024;21:33;5;81;81163;2;3;1;3;JUIN (MARECHAL);43,50711000;2,37820000
202400016691;29;5;2024;16:05;1;92;92064;2;9;2;3;DAILLY;48,84458187;2,22039053
202400013151;15;10;2024;16:40;1;59;59033;2;6;1;6;PARMENTIER (RUE);50,20270000;3,83584000
202400015122;2;7;2024;15:40;1;75;75117;2;1;1;4;BD PERIPHERIQUE INTERIEUR;48,88398100;2,28527900
202400025301;7;3;2024;15:30;1;42;42041;1;1;1;2;Route de Feurs;45,71028500;4,18943900
202400022559;24;5;2024;13:25;1;51;51454;2;1;1;6;JEANNE D'ARC (RUE');49,25302000;4,02659000
202400039657;25;8;2024;23:00;5;987;98725;1;1;1;1;RT.2 à hauteur du PK11+800; -17,50672800; -149,47238800
202400017279;12;3;2024;08:10;1;92;92077;2;1;1;3;ST CLOUD (RUE DE);48,82854905;2,19203174
202400043232;10;5;2024;11:45;1;94;94038;1;1;1;3;A6B;48,78289290;2,34713213
202400049170;6;5;2024;08:30;1;02;02571;2;1;1;6;6 Rue Marécat;49,88091200;3,31391500
202400038535;16;6;2024;02:10;5;76;76351;2;1;1;6;GUILLEMARD;49,49814000;0,09424000
202400005188;19;10;2024;19:30;5;50;50129;2;6;8;5;ROND POINT DE CAPEL;49,65778000; -1,66797400
202400053200;23;10;2024;04:38;3;42;42237;1;1;8;5;N88;45,44266000;4,46362000
202400022914;25;6;2024;16:00;1;94;94081;2;1;1;6;Rue Gabriel Péri;48,79603034;2,39996499
202400012734;3;8;2024;02:53;3;77;77495;1;1;1;2;A5B;48,57525736;2,63912291
202400010418;4;2;2024;18:10;1;974;97407;1;3;1;3;OWENS JAMES; -20,93687313;55,32449019
202400017875;7;9;2024;14:40;1;45;45068;2;1;2;6;12 Rue Marcel Paul;48,01200000;2,72237000
202400019376;11;3;2024;17:45;1;29;29097;2;1;1;3;Rue du Stade;48,48688900; -4,03815200
202400016113;9;9;2024;13:50;1;77;77083;2;1;1;6;GENERAL DE  GAULLE (AVENUE DU);48,85088442;2,59099356
202400051604;27;8;2024;23:15;3;69;69187;1;3;1;7;Chemin des Alouettes;45,76633700;4,42121900
202400029938;2;9;2024;16:40;1;82;82132;2;1;1;1;route de caussade;44,07807900;1,61635300
202400015319;1;7;2024;01:10;3;13;13215;1;1;1;2;A7-Sens Lyon vers Marseille;43,36183000;5,36044000
202400050559;4;1;2024;12:25;1;75;75106;2;3;8;6;RUE DU CHERCHE MIDI;48,84923000;2,32583600
202400043070;3;4;2024;09:45;1;73;73064;2;1;2;2;D1006;45,55176068;5,98182732
202400041615;23;2;2024;14:45;1;77;77273;1;1;2;6;D41;49,04885500;2,76311000
202400041368;11;2;2024;18:45;2;974;97417;2;1;2;3;Route Nationale 2 Baril; -21,36960682;55,72331643
202400046243;6;12;2024;23:30;3;28;28425;1;1;1;2;A11 au PK042.200;48,50426500;1,70728000
202400031182;3;3;2024;01:19;5;13;13208;2;1;2;6;MENDES FRANCE (AVENUE);43,24949000;5,37508000
202400007415;19;3;2024;10:42;1;2A;2A004;2;1;1;6;1 Bd Dominique Pugliesi Conti;41,91320000;8,72625000
202400039673;12;5;2024;18:00;1;54;54084;1;1;7;7;D952;49,31544316;5,82927704
202400050164;3;12;2024;12:20;1;34;34172;2;2;1;7;GANGES (ROUTE DE;43,63852000;3,84726000
202400045703;14;7;2024;02:20;5;25;25056;2;9;1;6;MONTBOUCONS VOIES CITE DE;47,24950000;6,00115000
202400004465;26;4;2024;11:30;1;69;69266;2;3;2;3;9 Rue Léon Blum;45,75954022;4,89191398
202400005568;7;7;2024;13:30;1;91;91377;2;1;1;6;RUE GAMBETTA;48,73021000;2,27640000
202400043982;21;8;2024;17:00;1;75;75108;2;2;1;2;AVENUE GEORGE V;48,86842000;2,30116200
202400022803;9;10;2024;11:55;1;66;66136;2;1;1;6;BOULES;42,70471000;2,87977000
202400044234;6;12;2024;17:15;5;75;75106;2;7;1;3;BOULEVARD SAINT MICHEL;48,84779600;2,34103200
202400046297;6;12;2024;17:30;5;14;14348;1;3;1;3;23 Route de Caen;49,16241600; -0,61488800
202400002645;27;4;2024;23:25;5;988;98818;2;1;1;6;RUE JACQUES IEKAWE; -22,24068000;166,47050000
202400034923;12;12;2024;22:10;5;94;94071;2;9;8;7;Place Sainte Bernadette;48,76706000;2,53298000
202400011842;23;4;2024;19:27;1;78;78208;1;1;1;6;RN12 EXT;48,80000000;1,96925000
202400019045;11;3;2024;07:40;1;987;98735;2;1;1;3;PRINCE HINOI (AVENUE); -17,53408000; -149,56133000
202400052661;14;2;2024;16:50;1;69;69228;2;1;1;6;1292 Route de Villette;45,57983600;4,63138100
202400047634;24;9;2024;16:01;1;33;33063;2;1;1;3;;44,81388000; -0,56727000
202400051715;10;6;2024;08:10;1;92;92036;1;1;1;3;AUTOROUTE A15;48,94067835;2,29263081
202400043798;20;8;2024;08:35;1;86;86194;2;3;1;2;Boulevard des Rocs;46,59240000;0,33444000
202400024557;9;10;2024;20:05;5;33;33192;2;1;2;4;;44,78529000; -0,60560000
202400026138;3;9;2024;14:00;1;58;58059;1;9;1;3;A77, PK 129+000;47,18291300;3,03859400
202400030508;5;10;2024;14:25;1;25;25029;1;1;1;7;D41;47,03639463;6,34284496
202400016888;14;10;2024;09:25;1;95;95060;1;1;1;2;A115;49,03632652;2,19483097
202400013368;15;3;2024;03:45;5;974;97411;2;9;2;3;DESBASSYNS (CHEMIN); -20,89097000;55,48016000
202400034945;13;12;2024;18:25;2;19;19028;1;6;2;3;D979;45,41156800;2,49782300
202400041652;2;4;2024;20:15;1;07;07281;2;1;1;7;COUBERTIN (RUE PIERRE DE);44,94730000;4,85210000
202400034996;12;12;2024;20:40;3;93;93066;1;1;1;5;AUTOROUTE A1;48,90515615;2,35842786
202400046979;20;2;2024;04:30;3;60;60369;1;9;1;2;A1;49,32024551;2,68725157
202400008619;9;8;2024;16:50;1;16;16295;1;1;1;7;;45,81822000;0,14473200
202400015159;1;7;2024;14:20;1;75;75101;2;3;1;7;QUAI DE L HORLOGE;48,85692300;2,34347500
202400015712;21;11;2024;00:30;5;974;97407;2;1;1;6;AXE MIXTE (ROND-POINT); -20,95332000;55,29431000
202400024702;3;10;2024;18:45;1;62;62765;2;1;1;2;Rue Eugene Delacroix;50,74480708;2,26325208
202400039296;13;1;2024;00:05;5;69;69142;1;1;1;2;Route de Métropole 7;45,72768000;4,81657000
202400034200;2;10;2024;18:00;1;69;69290;2;8;1;3;Rue Jules Ferry;45,69426000;4,94618000
202400012758;28;12;2024;07:45;3;13;13213;2;1;1;1;ALBERT EINSTEIN (RUE);43,49260000;5,37348000
202400032101;22;7;2024;18:15;1;29;29232;2;1;1;6;Boulevard des Frères Maillet;48,00018000; -4,08906000
202400009562;5;7;2024;19:50;2;38;38087;2;1;1;2;D4;45,58707000;4,78611000
202400004897;4;8;2024;00:05;5;44;44109;2;1;1;6;58 Rue des Renards;47,25739740; -1,56627778
202400013589;21;11;2024;10:40;1;54;54395;2;3;1;3;avenue Raymond Pinchard;48,70320000;6,15481900
202400011703;21;11;2024;09:45;1;69;69242;1;1;2;1;Route de Dracé;46,13653645;4,76174144
202400018620;29;5;2024;10:40;1;84;84020;1;1;1;5;D900;43,86573800;5,30904700
202400040826;18;10;2024;01:00;5;44;44162;2;6;1;6;Rond Point de la Porte d'Armor;47,22497547; -1,62117072
202400036341;3;10;2024;06:30;3;59;59289;1;1;1;1;Route de Valenciennes;50,23013200;3,50438100
202400017553;19;11;2024;12:30;1;974;97409;1;1;1;6;CHAMP BORNE (ROUTE DE); -20,93500000;55,66900000
202400047671;17;2;2024;16:50;1;44;44162;2;1;1;6;50 Boulevard François Mitterrand;47,21922684; -1,64059818
202400051095;15;2;2024;14:00;1;75;75116;2;3;1;7;RUE ALFRED BRUNEAU;48,85542200;2,27665500
202400035816;13;5;2024;14:50;1;973;97302;2;1;3;7;DE GAULLE (AVENUE);4,93888000; -52,33144000
202400049970;17;8;2024;20:42;5;91;91161;2;1;2;6;AV CHARLES DE GAULLE;48,70400000;2,32100000
202400005628;20;3;2024;19:15;2;75;75115;2;3;1;6;RUE VASCO DE GAMA;48,83525100;2,28546600
202400033703;2;3;2024;00:16;5;971;97128;1;1;1;6;D102;16,26610100; -61,33741600
202400002211;17;9;2024;18:00;1;38;38185;2;2;1;3;BERRIAT (COURS)             1 A 55-72;45,18784000;5,72160000
202400029831;18;5;2024;17:15;1;92;92012;2;1;1;6;BONTEMPS (rue Marcel);48,82785534;2,23636678
202400043519;16;7;2024;01:00;5;83;83137;2;1;1;6;RIVIERE (QUAI COMMANDANT);43,13992000;5,90996000
202400041755;17;7;2024;19:50;1;83;83137;2;3;1;3;PICOT (AVE DU COLONEL);43,12752000;5,96297000
202400045532;7;5;2024;19:00;5;974;97407;2;9;1;6;ROUTE DU SACRE COEUR; -20,95674000;55,31345000
202400030149;18;5;2024;14:16;1;56;56121;2;6;1;2;Avenue Simone Veil;47,76360000; -3,37020000
202400040947;4;4;2024;14:10;1;42;42275;2;1;1;6;Rue de la Piot;45,47847000;4,36762000
202400039204;14;1;2024;11:00;1;45;45247;1;1;8;7;A77 PR 24 + 600;48,02704500;2,67637300
202400044403;8;12;2024;11:15;1;85;85024;2;1;1;6;RD28 ;46,92911200; -1,88982500
202400039854;17;7;2024;12:45;1;64;64445;2;3;1;3;CHATEAU D'ESTE DU;43,30789000; -0,37748000
202400041666;21;8;2024;16:45;1;12;12176;1;1;1;5;D888;44,37301300;2,63490300
202400029206;19;1;2024;14:00;5;44;44143;2;6;8;2;Boulevard Victor Schoelcher;47,19536030; -1,56230579
202400000880;7;8;2024;12:00;1;84;84007;2;2;1;3;AULNES(Avenue des)-MONTFAVET;43,94320000;4,86570000
202400038340;29;9;2024;14:54;1;87;87050;2;1;1;6;BUXEROLLES (ROUTE DE);45,86999000;1,25731000
202400037872;26;8;2024;17:50;1;73;73010;2;3;1;3;D54;45,79441400;5,93267100
202400042396;2;11;2024;04:20;5;37;37261;2;2;2;3;HEURTELOUP (BOULEVARD);47,39214000;0,70041000
202400001575;23;3;2024;21:00;5;92;92072;2;1;1;2;EUROPE (AVENUE DE L');48,82321577;2,21002239
202400037904;26;8;2024;14:40;1;56;56007;2;1;1;3;102 Avenue du Général de Gaulle;47,67588100; -2,99449900
202400050181;11;6;2024;01:50;3;54;54323;2;1;1;3;Avenue de la République;49,52317000;5,77153000
202400049578;16;2;2024;09:20;1;93;93001;2;6;1;2;Rue Charles Tillon / Rue Léopold Réchossière;48,91462600;2,39187100
202400041570;3;4;2024;10:38;1;56;56260;2;6;1;6;MONSABERT(BOULEVARD DU GENERAL DE);47,66440000; -2,78060000
202400022335;26;1;2024;13:45;1;93;93005;2;2;1;7;Boulevard de Strasbourg / Rue de Reims;48,92343600;2,48556600
202400031795;19;1;2024;02:20;5;93;93005;2;1;4;1;Rue Robert Brémond;48,95744882;2,46337116
202400001986;18;9;2024;18:00;1;73;73059;2;1;1;6;25 Chemin des combettes;45,72664921;5,89140138
202400013610;22;11;2024;10:05;1;34;34172;2;2;1;3;SOULAS (AVENUE DU PERE;43,62071000;3,85786000
202400006419;6;8;2024;10:00;1;71;71153;2;2;1;3;HOCHE;46,79949000;4,44487000
202400015613;21;11;2024;17:50;2;30;30249;1;1;1;6;D40a;43,80201900;4,21732800
202400021754;27;1;2024;11:40;1;93;93031;2;1;1;6;Rue Alfred de Musset;48,96049000;2,30159000
202400041369;26;2;2024;17:00;1;75;75117;2;2;2;3;RUE DES DAMES;48,88328600;2,31928400
202400049427;29;10;2024;07:30;2;03;03102;2;1;5;1;Rue de la Tour;46,52474500;3,67887000
202400049909;13;7;2024;23:00;3;39;39470;1;3;1;1;;46,50289000;6,02982000
202400015663;19;4;2024;12:20;1;03;03052;1;3;1;2;RD39;46,33904300;2,70999400
202400053391;24;10;2024;12:30;1;974;97411;2;1;1;2;AMARYLLIS (DES); -20,89744000;55,47681000
202400046544;24;9;2024;12:03;1;33;33063;1;1;2;6;;44,88064400; -0,54089300
202400015074;14;10;2024;18:00;2;93;93051;2;1;8;6;AUGUSTE RODIN (ALLEE);48,83229462;2,55420685
202400016145;9;9;2024;19:30;2;64;64445;2;1;2;2;BIZANOS DE;43,29264000; -0,36010000
202400026086;29;8;2024;20:20;2;92;92050;2;1;1;6;LORRAINE ALLEE DE;48,89936738;2,21792310
202400021398;16;11;2024;18:15;5;76;76540;2;3;1;3;Route de Neufchâtel;49,45200000;1,09800000
202400028557;6;10;2024;17:28;1;31;31418;2;6;1;6;85 Route d'Aufrery;43,61143800;1,53190300
202400016163;31;1;2024;14:00;1;2A;2A004;2;6;1;6;16 Avenue Marechal Juin;41,94178000;8,74988000
202400005346;5;6;2024;17:00;1;94;94028;1;1;1;2;A86;48,78988004;2,44029159
202400037398;23;2;2024;17:05;1;72;72181;2;9;1;1;GAMBETTA (RUE) N° PAIRS 60 A 142;48,00641000;0,19110000
202400011379;4;7;2024;11:00;1;93;93070;2;1;1;2;DOCTEUR BAUER(RUE DU) :N° 1 AU 73;48,91155282;2,33666539
202400042364;12;4;2024;16:00;1;69;69290;1;1;1;4;Autoroute 43;45,70568000;4,95985000
202400043571;23;2;2024;18:40;5;10;10262;2;2;2;3;D971;48,03900000;4,41560000
202400036713;6;11;2024;12:35;1;13;13005;2;1;1;3;GOUMS (AVENUE DES);43,29190000;5,56159000
202400016791;28;5;2024;20:30;1;84;84087;1;1;7;7;CAMARET (ROUTE DE);44,14428200;4,82511400
202400029741;11;4;2024;12:15;1;64;64422;2;1;1;1;24 Avenue Sadi Carnot;43,19387100; -0,61130200
202400049818;27;3;2024;13:05;1;63;63245;1;3;1;2;ROCADE RD 446 / chemin des Batignoles;45,88339551;3,08207813
202400011961;22;4;2024;14:15;1;54;54096;1;1;1;6;Lieu dit Thiery;49,44313800;5,86954800
202400024547;22;5;2024;19:00;1;56;56129;1;1;3;6;Le verger;48,12701200; -2,48890900
202400016779;26;5;2024;19:20;5;971;97113;1;1;1;6;RN4 - SECTION RIVIERA;16,21781326; -61,48640692
202400015962;24;12;2024;08:15;2;47;47164;1;1;5;1;Route d'Issigeac;44,67329900;0,70448800
202400031651;18;5;2024;08:00;1;33;33056;1;3;1;1;;44,89897600; -0,63984100
202400035089;9;4;2024;10:25;1;46;46284;1;1;1;7;Route de Durand;44,88914500;1,85034300
202400040987;12;5;2024;15:25;1;83;83035;1;1;1;6;A50;43,16327267;5,76704550
202400049867;3;12;2024;08:50;1;95;95018;1;1;2;5;D48;48,96076000;2,22433000
202400024933;14;11;2024;18:50;3;73;73065;1;1;1;2;N201;45,58714000;5,90368000
202400045174;2;4;2024;08:45;1;34;34172;1;1;1;5;A709;43,59009000;3,89789300
202400034858;7;11;2024;07:50;1;94;94019;2;1;1;3;Avenue du Maréchal Leclerc;48,79660000;2,53060000
202400001228;11;2;2024;20:45;3;43;43153;1;1;8;7;RN 88 ;45,32758608;4,23968500
202400012571;29;12;2024;01:35;5;92;92024;2;1;2;2;CLICHY (QUAI DE) DE (104 A 202);48,91064000;2,30548000
202400034934;13;12;2024;16:55;5;92;92024;2;1;1;6;GENERAL LECLERC (BD DU) (9 A 59)   (4 A;48,90077000;2,31615000
202400029129;6;3;2024;04:10;3;60;60254;1;1;1;2;Autoroute A1 - PK 073.000 sens PARIS-LILLE;49,45483202;2,70045233
202400032905;13;12;2024;17:50;5;77;77288;2;1;1;6;PATTON  (AVENUE GENERAL);48,54746000;2,64911000
202400003264;5;6;2024;12:10;1;75;75114;2;1;1;2;BD PERIPHERIQUE EXTERIEUR;48,81869000;2,33175100
202400054161;10;7;2024;01:30;3;37;37195;2;1;1;6;RD 37;47,38126933;0,65004659
202400025348;7;3;2024;13:25;1;94;94052;1;1;1;2;A86;48,84027522;2,49328165
202400045916;31;10;2024;08:33;1;91;91161;1;1;1;3;AUTOROUTE A6;48,69734000;2,31556000
202400007273;19;10;2024;06:19;5;2B;2B033;2;3;8;3;PAOLI DU NR 21 AU 45 -BLD;42,70128000;9,45041000
202400018684;27;5;2024;12:44;1;54;54323;1;6;1;2;D618;49,51753780;5,74823678
202400005921;28;6;2024;08:30;1;93;93063;2;3;1;6;Rue Normandie Niemen / Sente Giraud;48,88285955;2,42820382
202400006498;9;2;2024;05:50;3;38;38484;1;1;2;1;Route de Villette;45,56404100;4,90887200
202400035135;13;5;2024;22:25;5;11;11076;2;4;1;3;261 Avenue des Pyrénées;43,31151000;1,95937500
202400053106;1;12;2024;15:45;1;86;86149;1;1;1;6;D52;46,92132927;0,06148579
202400042493;27;9;2024;16:25;1;78;78551;2;2;1;3;BERLIOZ (BD HECTOR);48,89369000;2,06700000
202400042724;1;11;2024;21:00;5;01;01053;2;2;5;3;MERCIER (AVENUE AMEDEE DU 45 AU FIN);46,20358000;5,24227000
202400026488;7;10;2024;11:33;1;10;10387;2;1;1;7;Rue Thenard;48,27447000;4,08382000
202400002680;11;8;2024;13:00;1;2B;2B354;1;8;1;6;RT20;42,13646200;9,14604300
202400042067;14;6;2024;12:45;1;75;75119;2;1;1;7;BD PERIPHERIQUE EXTERIEUR;48,90035500;2,38210300
202400043155;26;2;2024;08:25;2;33;33268;2;1;3;1;;45,04261900; -0,67749500
202400033531;1;3;2024;19:50;5;94;94028;2;2;2;6;Avenue Pierre Brossolette;48,79154500;2,46179200
202400003169;5;6;2024;17:20;1;59;59512;2;3;1;3;Rue Turgot;50,70326000;3,17378000
202400016990;13;10;2024;22:50;3;77;77333;1;1;1;1;Autoroute A6 PK 70+900 vers PARIS;48,28534900;2,69525500
202400006235;25;11;2024;15:00;1;974;97415;2;1;8;7;Chemin du Tour des Roches; -21,00596700;55,29976300
202400047750;28;10;2024;13:56;1;54;54578;2;3;1;1;Boulevard Valtriche;48,65543000;6,11309000
202400036925;26;7;2024;20:30;1;54;54256;1;2;1;3;RD112;48,52976400;6,31038000
202400024750;18;6;2024;17:40;1;69;69381;2;1;1;2;Tunnel de la Croix-Rousse;45,77273000;4,83618000
202400039335;27;2;2024;20:10;5;25;25056;2;1;1;1;LEDOUX RUE DOCTEUR EMILE;47,25229000;6,02790000
202400010916;16;10;2024;10:20;1;69;69264;2;9;2;6;Avenue Theodore Braun;45,97792000;4,73891000
202400014936;15;10;2024;19:13;5;94;94041;2;2;2;1;Quai Jean Compagnon;48,81944649;2,39793777
202400036514;6;11;2024;08:30;1;95;95277;1;1;1;2;A104;48,97421456;2,48930476
202400033772;8;4;2024;02:50;5;75;75117;2;1;2;7;BD PERIPHERIQUE EXTERIEUR;48,88191100;2,28272700
202400049226;18;8;2024;07:15;1;34;34129;2;1;1;1;MONTELS L' EGLISE (RUE DE);43,57964000;3,88001000
202400024440;27;7;2024;09:00;1;95;95572;1;1;2;6;N184;49,03385084;2,11134575
202400032455;3;10;2024;10:15;1;47;47143;2;1;1;1;avenue du pont de bordes;44,17255100;0,29004300
202400037461;14;1;2024;04:00;3;94;94028;1;1;1;2;A86;48,77630937;2,43517187
202400038696;11;12;2024;17:00;5;68;68063;2;1;1;3;3 Rue Gustave Eiffel;47,80347800;7,17161600
202400023060;10;3;2024;17:00;1;13;13103;1;1;1;2;A54 - PK 072.000 - SENS EST-OUEST;43,62738600;5,12373800
202400045484;21;2;2024;05:00;3;13;13005;1;1;1;6;A501-Sens Aubagne vers Pont de l'Etoile;43,29205000;5,55596000
202400024629;10;10;2024;05:15;3;36;36021;1;1;2;3;Bois des Tomeris;46,97231062;1,95410141
202400043978;22;8;2024;08:13;1;75;75110;2;1;1;7;RUE DU FAUBOURG SAINT DENIS;48,88072403;2,35781729
202400052894;12;8;2024;14:30;1;40;40261;1;1;1;1;D17;43,71140500; -1,24363800
202400002531;28;4;2024;19:45;2;33;33144;2;2;1;3;;44,38915100; -0,22085300
202400011403;4;7;2024;11:45;1;92;92024;2;1;1;3;PIERRE BEREGOVOY (RUE);48,90284273;2,29689693
202400031026;8;11;2024;19:28;5;75;75115;2;1;1;2;RUE FALGUIERE;48,83870000;2,31160000
202400046546;25;6;2024;16:25;1;84;84146;1;1;2;6;Route de Mirabel;44,28997800;5,03707600
202400047917;11;6;2024;12:55;1;14;14663;1;2;7;3;Route d'Arromanches;49,29893100; -0,68616800
202400028812;13;11;2024;12:35;1;62;62634;1;1;1;7;Rue Flament;50,94477400;1,99483400
202400004827;15;12;2024;19:55;4;88;88415;2;6;1;1;Grande Rue;48,02136000;6,61003000
202400027178;7;3;2024;20:55;4;79;79202;2;2;1;1;;46,64508000; -0,24744200
202400020277;27;1;2024;18:40;5;69;69259;2;1;1;3;Avenue Charles de Gaulle;45,71630072;4,89329442
202400011204;1;8;2024;22:30;5;74;74275;2;1;1;3;14 Route de l'égalité;45,84271000;6,21346700
202400004253;17;9;2024;15:00;1;34;34270;2;1;1;6;35 Avenue Georges Clemenceau;43,57970300;3,82289400
202400053105;26;10;2024;05:30;2;988;98815;1;1;8;6;Cengeite (Tribu); -21,59157200;167,86321900
202400045767;26;9;2024;12:25;1;87;87028;1;1;2;3;Fressoneix;46,22016800;0,92366700
202400039270;27;2;2024;08:55;1;29;29232;2;1;1;6;Avenue Pierre Mendes-France;47,97493700; -4,12868400
202400043548;15;7;2024;16:20;1;77;77284;2;1;2;6;ROOSEVELT (AV.DU PDT);48,95708700;2,89894000
202400041928;23;8;2024;18:44;1;78;78158;1;1;1;6;A13;48,83185000;2,14328000
202400001407;30;11;2024;11:45;1;26;26138;1;1;1;2;Aire de Pierrelatte (Aire de repos);44,40548700;4,72906700
202400002400;29;11;2024;12:03;1;93;93047;2;2;1;3;CHARMILLES    (AVENUE DES);48,88847096;2,54766378
202400037422;15;1;2024;09:45;1;13;13028;1;1;1;7;A50;43,20382500;5,63287100
202400030911;17;8;2024;15:20;1;974;97411;2;1;1;7;TECOMAS (RUE DES); -20,89674000;55,46619000
202400041147;4;4;2024;12:30;1;94;94081;2;1;2;4;Avenue Jean Jaurès;48,79395000;2,39983000
202400007782;18;7;2024;08:20;1;13;13212;1;1;1;2;A507 sens Aubagne- Marseille;43,29570000;5,42480000
202400043581;24;8;2024;10:30;1;24;24282;1;1;1;3;;44,74112472;0,58948517
202400020156;6;9;2024;01:05;3;69;69296;1;1;1;2;Autoroute 7 ;45,64207779;4,82741833
202400050102;15;2;2024;16:35;1;974;97416;2;1;1;3;CASABONA (CHEMIN); -21,33339000;55,46743000
202400008565;6;2;2024;16:00;1;75;75115;2;3;1;6;BOULEVARD DE VAUGIRARD;48,84157000;2,31832900
202400034578;20;6;2024;19:20;1;26;26008;1;1;1;7;Route de Rochemaure;44,57588000;4,72053000
202400022566;24;5;2024;08:05;1;33;33063;2;6;1;3;;44,86565000; -0,57592000
202400005875;29;11;2024;02:31;3;73;73040;1;1;9;6;D902;45,35556100;7,02963500
202400039694;19;7;2024;18:05;1;21;21360;1;1;1;7;Route de Montceau;47,08192900;4,67077700
202400014193;3;2;2024;14:25;1;85;85178;1;1;1;6;sainte-anne;46,77920900; -1,48375500
202400030663;23;6;2024;04:55;2;95;95582;1;9;1;6;D170;48,96627777;2,27253290
202400023016;24;6;2024;16:50;1;24;24517;1;1;1;7;D710;44,72010300;1,00310300
202400013915;10;9;2024;23:00;5;94;94028;1;9;1;2;A86;48,78013200;2,44108100
202400054356;9;6;2024;15:20;1;60;60142;2;6;1;7;D1017;49,13582700;2,53555800
202400017213;11;3;2024;15:15;1;37;37122;2;1;1;4;DOUZILLIERE (RUE DE LA);47,33827000;0,65342000
202400032107;23;7;2024;14:52;1;25;25204;2;2;1;3;Grande rue;46,92773000;6,34920000
202400046645;9;1;2024;05:00;3;47;47225;1;1;1;6;D656e;44,17817300;0,57198700
202400007025;3;6;2024;08:30;1;29;29039;1;2;1;3;rue de Penanguer;47,90854395; -3,91872392
202400016112;27;12;2024;16:30;1;73;73150;1;1;1;3;D224 Route de Belle Plagne;45,51587137;6,68580617
202400025032;6;3;2024;13:09;1;49;49007;2;1;1;6;PATTON AVENUE;47,47371000; -0,58005000
202400027768;22;1;2024;11:15;1;971;97120;2;1;1;7;Amitié des peuples;16,24883000; -61,54646000
202400039315;12;5;2024;04:00;5;91;91223;2;1;1;6;NEUVE ST-GILLES (RUE);48,43138000;2,15072000
202400050210;20;9;2024;16:35;1;22;22113;2;2;1;3;KER AR FAOUT (CHEMIN DE);48,76164000; -3,47913000
202400013562;22;11;2024;14:57;1;91;91691;2;3;1;6;RENE COTY(RUE);48,71845000;2,48854000
202400026032;3;9;2024;23:20;5;75;75113;2;2;1;3;BOULEVARD DU GENERAL JEAN SIMON;48,82571600;2,38193700
202400034031;28;8;2024;11:41;1;56;56121;2;1;1;6;Avenue Chenailler dit colonel Morice;47,73507000; -3,38922000
202400008376;26;11;2024;04:15;3;83;83027;1;1;1;6;A50;43,17283847;5,77007432
202400023877;14;4;2024;12:55;1;47;47273;1;1;1;1;lamouroux;44,24749300;0,78149400
202400039417;12;5;2024;19:26;2;45;45234;2;1;7;6;41 Boulevard Guy-Marie Riobé;47,91296000;1,91194000
202400037300;25;2;2024;16:29;1;77;77449;1;1;3;6;AV PAUL SERAMY;48,85818000;2,79625000
202400052823;25;10;2024;18:55;5;92;92002;2;1;2;3;ARISTIDE BRIAND (AVENUE);48,74735186;2,30379045
202400041749;23;8;2024;23:10;5;93;93077;2;1;1;6;Rue Marcel Douret;48,88089000;2,50923000
202400036620;6;11;2024;18:09;5;63;63300;2;2;1;3;REPUBLIQUE (BOULEVARD DE LA);45,89395591;3,10934007
202400044942;9;1;2024;10:10;1;91;91161;1;1;4;4;AUTOROUTE A126;48,71093000;2,29795000
202400009987;23;4;2024;15:34;1;971;97109;2;1;1;5;Avenue du General de Gaulle;15,99694400; -61,69427300
202400020525;26;5;2024;10:40;1;93;93007;2;3;1;6;Rue de Petrodvoretz / Avenue des Cosmonautes;48,94946900;2,45555900
202400035934;21;7;2024;08:40;1;65;65145;1;1;8;7;RD 921;42,93438200; -0,04786700
202400006753;6;2;2024;12:15;1;75;75101;2;1;8;2;BOULEVARD DE SEBASTOPOL;48,86173800;2,35001200
202400002297;29;11;2024;10:15;1;17;17415;2;1;1;2;PORT D'ENVAUX ROUTE DE;45,76474000; -0,64145000
202400052630;11;7;2024;16:10;1;13;13063;2;2;1;3;QUENOUILLE RUE DE LA;43,58779000;4,99438000
202400046381;6;12;2024;18:15;3;33;33143;1;1;1;4;;44,96843000; -0,43689000
202400012617;2;2;2024;01:30;5;28;28085;2;1;5;6;COURTILLE (BOULEVARD DE LA);48,44221000;1,49353000
202400006226;4;7;2024;16:05;1;74;74012;2;3;1;1;SALEVE (RUE DU);46,19280000;6,22860000
202400011473;5;7;2024;11:00;1;31;31232;1;3;1;6;3878 Route de Larra;43,74889000;1,24960900
202400025479;13;4;2024;19:50;1;69;69092;2;2;7;3;Route de Tarare;45,98105000;4,69369000
202400029183;14;12;2024;12:03;1;51;51108;2;1;8;6;DE GAULLE (AVE GENERAL);48,94916000;4,37091000
202400050761;18;8;2024;15:30;1;65;65031;1;1;1;7;D113 ;42,92689900;0,29331600
202400022873;26;6;2024;14:10;1;75;75112;2;1;1;5;BD PERIPHERIQUE EXTERIEUR;48,82952500;2,40122800
202400033525;19;1;2024;16:15;1;50;50394;2;1;1;6;Route de Lessay;49,18733500; -1,41453300
202400003941;1;8;2024;20:30;1;35;35206;2;3;1;2;D837;48,06259586; -1,69932157
202400008782;2;11;2024;14:55;1;74;74035;1;2;1;1;D910;45,81416000;5,95098500
202400033185;17;5;2024;08:03;1;94;94059;2;3;1;6;avenue ardouin / allée de wagrowiec;48,80906353;2,57376328
202400030579;22;6;2024;16:45;1;2A;2A017;1;1;1;1;D161;41,98128128;8,78854028
202400005748;15;9;2024;17:05;1;26;26235;2;6;6;2;D59;44,36016800;4,69562500
202400008787;31;10;2024;08:37;1;74;74225;2;1;1;1;Avenue de l'Arcalod;45,84457500;5,95511600
202400024238;4;9;2024;17:30;1;31;31451;2;2;1;3;17 Boulevard de la République;43,46019900;2,00320800
202400001823;22;3;2024;12:10;1;13;13210;2;1;1;3;ROMAIN ROLLAND (BOULEVARD);43,27508000;5,41594000
202400054127;9;6;2024;16:50;1;65;65363;1;3;1;3;3 Chemin de Tirebi;43,11839100;0,42810200
202400006416;25;7;2024;01:39;3;13;13005;1;1;1;7;A501-Sens Aubagne vers Pont de l'Etoile;43,29385952;5,55725008
202400048558;28;10;2024;07:50;2;94;94022;2;1;5;2;Avenue de Lugo;48,77090000;2,40900000
202400016179;31;1;2024;17:50;1;82;82121;2;1;1;3;VOLTAIRE (RUE);44,03493000;1,37166000
202400049960;9;6;2024;14:30;1;95;95427;2;3;1;6;VILLETANEUSE (RUE DE);48,97170068;2,34783232
202400038148;28;9;2024;01:18;3;72;72044;1;1;8;3;D 12;47,77697300; -0,05008200
202400031488;18;5;2024;00:40;5;93;93049;2;2;1;3;Avenue des Fauvettes / Avenue de Rosny;48,87231200;2,50777400
202400054265;9;7;2024;13:25;1;27;27229;1;1;3;7;ALLENDE (BOULEVARD DU PRESIDENT);49,00433000;1,14758300
202400033438;1;3;2024;15:00;1;06;06088;1;1;1;1;Avenue Jules Romains;43,73766000;7,25389000
202400050354;17;8;2024;16:40;1;12;12138;2;3;1;1;Avenue Gustave Bessiere;44,47724400;2,45457500
202400025133;5;11;2024;12:23;1;80;80373;2;1;1;1;Rue Charles de Gaulle;49,98887000;1,55316000
202400030733;10;11;2024;16:15;1;74;74298;2;3;1;3;LIVRON (ROUTE DE);46,18576000;6,25153000
202400039577;12;5;2024;18:25;1;69;69283;2;1;1;1;Route d'Heyrieux;45,67806100;4,96390000
202400052884;3;5;2024;21:40;3;42;42173;1;1;1;1;A89;45,83654400;4,09579800
202400031149;15;12;2024;19:30;5;57;57038;2;1;2;6;31 Rue du General Leclerc;49,47118800;5,95719200
202400031707;9;4;2024;14:44;1;84;84007;2;1;8;6;LIMBERT (Boulevard);43,94784000;4,81829000
202400004860;19;11;2024;14:30;1;91;91659;1;1;3;3;AUTOROUTE A6;48,57707100;2,46415500
202400006748;25;12;2024;21:04;5;34;34123;2;1;1;2;Allee de l?Europe;43,61372200;3,80746500
202400053471;2;5;2024;09:20;1;26;26198;2;1;1;6;Avenue du Teil;44,55830000;4,74707000
202400034125;3;10;2024;07:20;2;69;69387;2;5;1;2;Cours Gambetta;45,75524000;4,84281000
202400028046;2;9;2024;13:30;1;75;75115;2;7;1;3;PLACE DE LA PORTE DE VERSAILLES;48,83293200;2,28724100
202400011043;31;5;2024;19:40;1;93;93047;2;1;1;2;Avenue des Rosiers;48,89487303;2,54829025
202400004640;11;8;2024;16:15;1;79;79057;2;3;1;7;;46,15445600; -0,23026900
202400000104;25;3;2024;06:15;2;93;93070;2;3;1;3;Rue Raspail / Avenue Gabriel Péri;48,90438000;2,33128000
202400020815;12;10;2024;17:30;1;11;11014;1;1;1;1;;43,17485200;3,08226800
202400004158;28;4;2024;15:00;1;33;33318;2;1;1;7;;44,77157700; -0,72631000
202400049663;13;7;2024;13:50;1;94;94077;2;1;1;3;Rue Honoré Oursel;48,72874900;2,44309500
202400013543;2;7;2024;09:15;1;13;13028;2;1;1;3;CAPORAL CHEF ALAIN DERUY (AVENUE DU);43,19027000;5,60400000
202400027439;23;1;2024;13:50;1;37;37261;2;6;1;3;DANEMARK (AVENUE DU);47,43057302;0,67319494
202400031550;21;1;2024;10:15;1;80;80421;1;1;1;2;pk 117;49,76722700;2,79599900
202400048538;3;10;2024;19:25;2;12;12202;2;1;1;2;DENYS PUECH (BOULEVARD);44,35010000;2,57809000
202400014278;1;2;2024;08:30;1;95;95197;2;1;2;6;D928;48,96643031;2,31826255
202400037141;26;2;2024;08:25;1;91;91433;1;1;2;6;RN 20;48,45933000;2,17795000
202400042508;3;11;2024;00:25;4;38;38413;2;1;1;6;N85;44,87612640;5,83513138
202400044139;12;6;2024;16:43;1;79;79338;1;2;1;3;;46,22085300;0,12624000
202400009729;25;4;2024;07:50;1;93;93005;1;1;1;2;A3;48,93850214;2,47965223
202400006130;27;11;2024;13:00;1;13;13208;2;9;1;6;MICHELET (BOULEVARD);43,27009000;5,39268000
202400035440;29;2;2024;12:00;1;92;92062;2;1;2;2;DE DION BOUTON (QUAI) DU 1 AU 28;48,87687466;2,24056649
202400040569;9;12;2024;08:40;2;76;76429;2;1;8;6;Route de Paris;49,41255000;1,13885000
202400019984;6;9;2024;20:50;5;93;93032;2;9;1;3;PAUL VAILLANT COUTURIER (RUE);48,87696000;2,54912000
202400000445;16;9;2024;22:45;3;94;94069;1;1;1;4;A4;48,81730019;2,42507684
202400005930;15;9;2024;19:10;1;75;75119;2;2;1;5;AVENUE RENE FONCK;48,87817300;2,40937500
202400009962;14;9;2024;03:50;3;56;56067;1;1;1;6;Moulin de Kerbervet;47,78582600; -2,89664600
202400008571;5;2;2024;09:55;1;75;75114;2;3;8;6;RUE DU FAUBOURG SAINT JACQUES;48,83585955;2,33773604
202400041111;11;5;2024;21:50;2;80;80021;2;1;1;7;Avenue Roger Dumoulin;49,93912000;2,28195000
202400030529;5;10;2024;19:30;2;85;85047;2;3;2;7;route de nantes;46,85281800; -1,87341600
202400038448;18;6;2024;06:45;1;83;83069;1;1;1;6;A570;43,12574728;6,08765323
202400032447;5;10;2024;10:20;1;91;91363;1;1;1;2;Route d?Orsay;48,66547900;2,19796300
202400007916;23;4;2024;13:41;1;87;87085;2;1;1;6;BAUDIN ( AVENUE) (VC);45,82681000;1,26029000
202400002433;26;4;2024;14:40;1;34;34032;2;1;1;6;SOEURS GRISES (RUE DES);43,34552000;3,21228000
202400015191;1;7;2024;20:30;1;93;93057;2;1;1;2;Impasse Pierre Simon Girard;48,91644352;2,50490644
202400040606;3;11;2024;18:15;3;35;35347;1;2;1;5;la Grande Haie d'Izé;48,17430700; -1,29602700
202400007321;18;10;2024;17:50;2;75;75119;2;1;1;2;BD PERIPHERIQUE INTERIEUR;48,88566000;2,39745400
202400013254;16;3;2024;13:50;1;83;83049;1;1;1;5;D43;43,24915009;6,07277009
202400019731;18;4;2024;14:30;1;27;27425;1;3;1;3;D438;49,14929300;0,66512300
202400007475;5;7;2024;16:50;1;06;06029;2;9;1;3;56 Boulevard Carnot;43,55941000;7,01699000
202400027814;22;1;2024;08:45;1;83;83126;2;1;1;6;LAMARQUE (AV JEAN ALBERT);43,10901000;5,86134000
202400021539;20;12;2024;19:52;3;28;28161;1;1;2;6;Autoroute A11;48,24052700;1,08819900
202400020306;31;7;2024;22:32;3;57;57100;1;1;1;7;Camp La Horie (Aérodrome);48,77508500;7,20374800
202400012693;6;8;2024;16:50;1;05;05136;1;1;1;3;RN94;44,69217028;6,61212902
202400036263;20;6;2024;07:45;1;91;91692;1;1;1;2;RN 118;48,67188000;2,19403000
202400031627;18;1;2024;14:50;1;66;66136;1;6;1;2;;42,67970752;2,91733608
202400006391;25;4;2024;13:50;1;92;92022;2;1;1;3;JOUY (RUE DE);48,79994272;2,18606266
202400047067;6;1;2024;19:20;5;84;84007;2;1;1;6;MONCLAR (AVENUE);43,93023000;4,80012000
202400035825;14;5;2024;10:35;1;972;97209;1;3;1;3;MARTIN LUTHER KING (RUE);14,60731000; -61,07504000
202400034140;28;8;2024;13:05;1;92;92036;2;1;1;6;GRESILLONS ( AVENUE DES  );48,91932903;2,31266606
202400043875;21;8;2024;17:09;1;50;50129;2;1;1;2;ABBAYE (RUE DE L');49,64622000; -1,64135000
202400029042;5;3;2024;08:40;1;94;94017;2;1;1;3;Avenue du Général de Gaulle;48,82326648;2,49508055
202400012863;24;5;2024;16:17;1;45;45187;1;1;1;1;D88 PR 11 + 627;47,87378500;2,46351200
202400024447;23;5;2024;17:20;1;59;59328;2;1;1;2;HIPPODROME AV DE L N°237 AU389;50,64690000;3,02658000
202400015351;25;6;2024;10:00;1;44;44109;2;1;1;6;1 Rue Président Edouard Herriot;47,21782923; -1,55938736
202400030896;17;12;2024;19:00;3;95;95351;1;1;1;2;N104;49,03158928;2,49319292
202400039732;29;2;2024;08:37;1;11;11188;1;9;1;2;Autoroute A9 - PK 215.938 - Sens FRANCE / ESPAGNE;42,97105700;2,97017100
202400046332;30;10;2024;19:44;5;972;97204;2;1;1;3;Grande Anse Nord;14,71248100; -61,18416500
202400009933;3;4;2024;09:45;1;94;94058;2;1;1;6;Avenue Pierre Brossolette;48,83486100;2,50475700
202400046508;26;9;2024;07:00;5;06;06048;2;5;3;6;61 route de Chateauneuf Villevieille;43,80850200;7,31488300
202400050442;17;8;2024;18:25;2;973;97307;1;3;1;1;carrefour route de la Distillerie / La Matourienne;4,86614700; -52,31123000
202400022997;24;6;2024;16:40;1;01;01195;2;1;1;6;Rue Charles Robin;46,21185300;5,32300700
202400018216;29;1;2024;09:00;1;91;91421;2;7;1;2;RN 6 (PARTIE FORET);48,68318100;2,49024900
202400005976;28;4;2024;16:30;1;25;25240;1;1;3;6;D461;47,04898100;6,64212000
202400036041;19;7;2024;14:50;1;76;76540;2;1;7;3;N31;49,43625000;1,13635000
202400038896;14;1;2024;16:10;1;93;93048;2;5;8;3;Boulevard Henri Barbusse / Rue Ernest Savart;48,86841000;2,44147000
202400026707;24;6;2024;19:00;1;67;67482;2;3;1;5;PREMIERE ARMEE (RUE DE LA);48,57830000;7,74962000
202400004092;16;9;2024;08:30;1;34;34172;2;1;1;6;EUROPE (AVENUE DE L');43,63587000;3,82248000
202400042831;10;1;2024;17:33;1;973;97302;2;3;1;3;SOURCE DE BADUEL (CHEMIN DE LA);4,92545000; -52,30846000
202400026608;28;6;2024;22:00;2;14;14494;1;1;1;3;Route Départementale 49;49,26106900; -0,09454300
202400010086;18;11;2024;18:00;3;33;33550;1;1;1;2;;44,78130400; -0,58146000
202400016349;30;1;2024;23:25;5;75;75109;2;3;1;6;BOULEVARD HAUSSMANN;48,87378833;2,32702902
202400017010;12;10;2024;18:10;1;67;67152;1;9;1;7;Autoroute A.35;48,52468000;7,65725000
202400026126;27;7;2024;02:30;3;04;04070;2;1;1;6;NOEL (AV. DU COL.);44,08274000;6,20184000
202400046833;30;3;2024;14:00;1;13;13211;1;1;1;2;A50-Sens Marseille vers Aubagne;43,29465900;5,46429924
202400017205;11;3;2024;21:15;5;50;50129;2;1;1;7;LUCET (RUE);49,62234000; -1,61273000
202400025892;2;9;2024;15:12;1;51;51454;2;1;1;7;MARTIN PELLER (RUE);49,24871000;4,01490000
202400033463;18;1;2024;22:00;5;92;92025;2;9;8;3;STALINGRAD (AV DE);48,93078879;2,26727929
202400003185;23;10;2024;11:40;1;77;77169;1;1;1;2;RN104;48,82051241;2,61575004
202400016417;30;7;2024;17:00;1;84;84007;2;1;1;3;PIERRE SEMARD (avenue);43,93628000;4,82795000
202400026090;18;2;2024;11:10;1;13;13208;2;1;1;5;PRADO (AVENUE DU);43,26766985;5,38383365
202400037912;19;7;2024;13:20;1;71;71076;2;2;7;6;NIEPCE (AVENUE NICEPHORE);46,77918000;4,84990000
202400025748;13;4;2024;23:00;5;89;89345;2;2;1;5;Avenue de l’Europe;48,00060500;3,71994500
202400046535;3;12;2024;19:22;5;57;57672;2;1;1;6;LE KEM (CHEMIN) - PAIR;49,35310000;6,13437000
202400047630;17;2;2024;19:00;5;62;62193;2;9;1;6;Avenue Georges Guynemer;50,95294888;1,89180797
202400000867;17;8;2024;16:35;1;988;98818;2;2;1;3;RUE DE METZ/RUE DE MAUBEUGE; -22,27744000;166,44986000
202400031719;18;1;2024;23:00;5;13;13213;2;1;1;3;JEAN PAUL SARTRE (AVENUE);43,32345000;5,41930000
202400048618;5;1;2024;13:50;1;93;93005;1;1;1;4;AUTOROUTE A3;48,95280378;2,47375002
202400035663;28;2;2024;08:10;1;95;95582;1;1;1;3;A15;48,97195611;2,24798145
202400024351;13;3;2024;15:16;1;29;29232;2;1;1;6;Boulevard de Creac'h Gwen;47,97953000; -4,10308000
202400036820;6;11;2024;19:50;5;971;97103;2;2;2;3;Boulevard de Destrellan;16,25237100; -61,58784800
202400010676;4;2;2024;19:15;5;59;59035;2;9;2;1;Route de Landrecies;50,11916200;3,92787300
202400024873;14;11;2024;22:35;3;95;95306;1;1;1;2;A15;49,00685223;2,16266973
202400014687;30;5;2024;19:10;1;59;59220;2;2;1;6;Rue Roger Salengro;50,60292617;3,06910605
202400048135;5;12;2024;14:15;1;987;98714;1;1;1;7;quartier revatua, faanui; -16,48637000; -151,74317400
202400035771;25;2;2024;22:08;3;973;97302;2;1;1;3;FELIX EBOUE(ROCADE);4,92753000; -52,31922000
202400016930;13;10;2024;01:15;5;07;07019;2;1;2;5;JEAN MATHON(BOULEVARD);44,61990000;4,38710000
202400040431;4;11;2024;08:40;1;35;35238;2;6;5;3;GERARD (MICHEL);48,09277000; -1,64003000
202400019425;12;3;2024;06:45;1;972;97228;2;1;1;2;Rue du Pave;14,79410000; -61,01541100
202400003790;8;7;2024;09:43;1;75;75119;2;2;1;3;AVENUE DE FLANDRE;48,88577600;2,37095700
202400043205;10;5;2024;20:15;1;50;50422;1;1;1;6;d971;49,20758200; -1,36617200
202400014300;25;12;2024;18:05;5;33;33063;2;7;1;3;;44,83368000; -0,58478000
202400013288;16;3;2024;11:00;1;48;48092;2;1;1;6;Avenue Théophile Roussel;44,55516900;3,29113200
202400033344;24;2;2024;20:00;5;50;50129;2;2;2;3;PAIX (RUE DE LA);49,65291000; -1,65394000
202400014652;3;8;2024;17:40;1;14;14366;2;9;2;1;337 Rue Augustin Fresnel;49,14495000;0,26713000
202400004977;28;11;2024;15:40;1;13;13021;1;1;1;2;D9;43,33344700;5,15817100
202400027949;22;1;2024;14:20;1;35;35238;2;1;1;6;VEYETTES (DES);48,10183000; -1,63328000
202400025443;13;4;2024;12:15;1;95;95428;2;2;1;6;ALOUETTES (RUE DES);48,97082033;2,31541827
202400005489;21;3;2024;14:45;1;64;64230;1;1;1;7;D24;43,22785800; -0,43459300
202400022995;27;6;2024;05:00;2;01;01319;1;2;1;3;RD27;46,06078400;4,94685700
202400040706;3;11;2024;16:00;1;93;93070;2;1;1;3;DOCTEUR BAUER(RUE DU) :N° 1 AU 73;48,91076000;2,33750000
202400021161;9;3;2024;15:50;1;976;97609;2;1;1;7;CCD 4, Kani bé; -12,97881400;45,11588800
202400002673;12;8;2024;10:51;1;22;22164;1;1;1;7;RN12 PR 100+000;48,56878400; -3,28638000
202400018296;7;1;2024;22:20;5;62;62774;2;1;1;2;D243E3;50,94334000;1,74752000
202400042450;8;12;2024;19:10;5;75;75116;2;7;2;6;PLACE DE LA PORTE MAILLOT;48,87812053;2,28106320
202400038224;18;6;2024;11:56;1;33;33063;2;3;1;3;;44,87422000; -0,57165000
202400052496;15;8;2024;14:10;1;75;75119;2;2;1;6;AVENUE JEAN JAURES;48,88773100;2,38932300
202400002450;29;4;2024;11:30;1;13;13214;2;1;1;7;GIBBES (CHEMIN DE);43,32742000;5,38469000
202400050770;5;1;2024;11:05;1;73;73034;1;1;4;7;Rte de la Picherie;45,69586969;6,55838703
202400025246;19;12;2024;15:35;1;56;56121;1;1;2;4;D465 Desserte Portuaire;47,73707000; -3,37787000
202400015812;10;9;2024;03:10;3;72;72363;1;1;1;6;pk 143 A11;48,10154400;0,53999900
202400016125;23;12;2024;13:40;1;69;69298;2;2;2;5;Route de Givors;45,64922500;4,99023100
202400025772;29;8;2024;13:45;1;83;83061;2;1;1;2;AVENUE LOUIS CASTILLON;43,39057000;6,71968000
202400020625;25;5;2024;01:05;3;92;92064;1;1;1;1;A13;48,83793332;2,19049695
202400040782;24;10;2024;02:00;3;01;01276;1;1;1;2;A432;45,81224500;5,05868900
202400025207;7;3;2024;14:00;1;93;93013;2;1;1;3;Rue de Verdun;48,93038314;2,41644233
202400030534;4;10;2024;15:20;1;30;30263;2;3;1;7;Cours Gambetta;43,96521000;3,85597600
202400017806;6;9;2024;17:05;1;93;93007;1;1;2;4;AUTOROUTE A1;48,94841681;2,44555052
202400043427;9;5;2024;12:40;1;92;92012;2;2;1;3;JEAN JAURES (BOULEVARD) 63/215 - 70/208;48,83680072;2,24171412
202400045510;21;8;2024;15:51;1;976;97611;2;1;1;3;m'tsapere-Nationale 2 (route); -12,79325000;45,21711000
202400018922;12;10;2024;07:50;2;91;91161;2;1;1;6;AUTOROUTE A6;48,69902415;2,31238604
202400035300;12;5;2024;06:40;1;971;97113;1;1;1;6;RN4-ROND POINT SAINT FELIX;16,20791975; -61,45282030
202400034654;8;11;2024;16:00;1;93;93007;1;9;1;2;AUTOROUTE A3;48,93542559;2,48038210
202400008036;15;9;2024;07:00;1;10;10063;1;1;5;1;D396;48,37559400;4,53608800
202400021346;8;7;2024;11:40;1;55;55008;1;3;1;1;D618;49,26618248;5,66272662
202400045637;10;6;2024;17:45;1;11;11069;1;1;1;2;;43,23163000;2,37431000
202400024991;26;6;2024;20:00;1;07;07330;1;1;1;3;Route de Bourg Saint Andéol;44,40649300;4,42222200
202400015573;21;11;2024;10:50;2;92;92040;2;1;4;2;ARISTIDE BRIAND;48,82138317;2,25349344
202400002565;13;8;2024;08:40;1;55;55410;1;1;1;1;Rue Haute;49,49353900;5,32053700
202400024899;13;11;2024;11:20;1;972;97209;2;3;1;3;REDOUTE (ROUTE DE LA);14,62796000; -61,05709000
202400002570;30;4;2024;13:35;1;64;64273;1;1;1;7;CD 22;43,26559700; -1,22779700
202400019991;7;9;2024;18:50;1;93;93048;2;2;1;3;STALINGRAD AV.;48,87106000;2,43115000
202400042243;16;6;2024;06:15;2;18;18028;1;1;1;7;;47,10896100;2,29630400
202400007674;4;7;2024;12:30;1;971;97101;1;1;1;2;CARAQUE;16,24102000; -61,49571000
202400024038;25;1;2024;12:20;1;35;35206;1;1;1;6;PORTE DE BREQUIGNY;48,07952000; -1,68503000
202400042152;10;12;2024;07:45;3;31;31004;2;1;1;6;Route de Ticaille;43,44174700;1,59966100
202400032169;30;8;2024;08:45;1;75;75115;2;2;8;3;RUE PEGOUD;48,83538600;2,26676000
202400019883;6;9;2024;10:15;1;04;04070;2;9;1;5;BRET (BD MARTIN);44,09317000;6,23553000
202400040303;26;9;2024;15:15;1;81;81299;1;1;1;6;Route de Viterbe;43,66217184;1,93214321
202400000336;18;9;2024;13:50;1;94;94034;2;1;1;4;Avenue de la Division Leclerc;48,75902000;2,32476000
202400020353;6;9;2024;13:25;1;10;10325;1;1;1;6;ROCADE OUEST (RD 610);48,26286508;4,08156037
202400018675;27;5;2024;19:55;2;64;64335;1;9;1;1;D945;43,35464000; -0,44054000
202400045708;20;8;2024;20:45;2;06;06155;2;1;1;6;48 Boulevard du Docteur Jacques Ugo;43,57656930;7,05631630
202400043320;25;2;2024;08:45;1;38;38198;1;2;1;3;D519f;45,33850400;4,95378300
202400034138;28;8;2024;23:45;5;92;92007;2;1;1;6;PASTEUR (AVENUE LOUIS) N° 1 A 39 ET 2 A;48,79794567;2,31746390
202400013041;16;10;2024;15:30;1;92;92026;2;1;1;2;VERDUN (DE 62 A FIN);48,90113294;2,26003647
202400029407;2;3;2024;23:20;5;92;92024;2;2;8;3;DOCTEUR DERVAUX  ( QUAI DU );48,90852293;2,30012298
202400013890;20;4;2024;12:00;1;974;97416;1;1;1;1;RN3 (ANCIENNE ROUTE); -21,30358162;55,49908841
202400031783;17;5;2024;21:45;5;78;78297;2;1;1;6;HAUSSMAN (RUE GEORGES);48,76610600;2,07873900
202400012832;31;5;2024;10:30;1;13;13001;2;1;1;2;JUVENAL MAX (AV);43,52564307;5,43864151
202400048167;21;5;2024;10:45;1;978;97801;2;1;1;7;R DE CONCORDIA;18,06575500; -63,07953200
202400034523;1;10;2024;20:30;5;56;56121;2;2;1;2;Cours Louis de Chazelles;47,75359000; -3,36226000
202400014701;2;8;2024;16:03;1;71;71290;1;1;1;6;Route de Clermain;46,38846700;4,61526600
202400019790;20;12;2024;13:10;1;49;49099;1;1;1;1;SARTHE (RUE DE LA);47,08696000; -0,85086000
202400006757;27;12;2024;23:50;5;44;44162;2;3;1;7;Boulevard Marcel Paul;47,23946221; -1,62791620
202400050218;26;10;2024;19:50;3;44;44081;1;1;1;5;1 la Nouette ;46,90744500; -1,55936100
202400022359;5;9;2024;00:30;5;75;75115;2;4;1;6;BOULEVARD PERIPHERIQUE INTERIEUR SUD;48,82606989;2,29887307
202400003956;27;11;2024;12:40;1;38;38276;2;1;1;6;D 1085;45,56425900;5,30343000
202400036402;8;11;2024;15:00;1;31;31377;1;3;1;2;RD 813 intersection RD 97B;43,41606800;1,69418500
202400044520;25;9;2024;15:45;1;75;75114;2;3;2;6;BOULEVARD DU MONTPARNASSE;48,84053800;2,33371700
202400035993;27;8;2024;23:00;5;92;92036;2;1;1;6;GRESILLONS (QUAI DES);48,92063164;2,32429314
202400020776;11;10;2024;07:30;1;92;92025;2;1;8;1;STALINGRAD (AV DE);48,93205847;2,26628289
202400051832;26;10;2024;07:00;3;94;94044;1;1;2;6;N406;48,75720257;2,47547507
202400048003;26;10;2024;22:45;3;61;61096;1;1;2;1;D848;48,53384200; -0,45996100
202400012209;11;9;2024;23:55;3;22;22360;1;1;1;6;ROND POINT DE BREZILLET;48,49335000; -2,76294000
202400014669;3;8;2024;13:00;1;94;94018;2;2;1;3;Rue Camille Mouquet;48,82376300;2,40749100
202400017209;11;3;2024;17:00;1;45;45147;2;3;1;3;23 Rue des Fosses;47,92507000;1,92212000
202400024798;26;6;2024;11:30;1;33;33318;2;2;1;3;;44,80767000; -0,66203000
202400001277;5;6;2024;18:30;1;50;50541;1;1;1;4;6 Les Pas;48,83690600; -1,48530000
202400013083;16;10;2024;10:35;1;91;91174;1;1;1;3;RN 104;48,61045039;2,44425416
202400033795;14;5;2024;21:45;5;75;75120;2;2;2;3;AVENUE GAMBETTA;48,86653000;2,39989300
202400009460;18;3;2024;10:20;1;31;31100;1;1;1;3;D11;43,31716100;1,61979700
202400036206;20;6;2024;06:00;2;33;33483;2;1;1;1;;44,90848200; -0,39028600
202400038747;4;11;2024;06:20;1;974;97411;2;6;1;3;JAURES (BOULEVARD JEAN); -20,90065000;55,48722000
202400006497;9;2;2024;01:40;3;73;73285;1;1;2;6;D902;45,61740341;6,81195305
202400034047;23;7;2024;08:00;1;03;03292;1;1;1;7;chemin départemental 33, carrefour de la route communale de la savrière;46,41875600;3,11116400
202400050806;28;3;2024;18:45;1;92;92007;2;1;1;6;FONTAINE (RUE DE LA);48,78680000;2,30425000
202400036320;19;6;2024;18:40;1;64;64545;1;1;1;3;CORNICHE (ROUTE DE LA);43,39230615; -1,69582396
202400022431;29;7;2024;10:05;1;29;29232;2;1;1;4;Route de Pont l'Abbe;47,97941133; -4,12250636
202400046780;7;1;2024;15:25;1;2B;2B033;2;6;2;6;11 - RT;42,67109000;9,44289000
202400046083;29;10;2024;18:50;3;76;76447;1;1;2;6;Rue Raoul Dufy;49,55594808;0,16705871
202400000854;12;8;2024;17:20;1;13;13214;1;1;1;2;A507 sens Marseille - Aubagne;43,33439187;5,38303265
202400027639;21;1;2024;15:58;1;72;72290;1;1;2;6;lieu dit tete de loup;48,16543662;0,11095047
202400017161;2;7;2024;09:15;1;90;90011;1;1;1;3;A36;47,57929800;6,85764700
202400038450;30;9;2024;11:30;1;75;75117;2;7;1;3;PLACE DU MARECHAL JUIN;48,88534500;2,29709400
202400041375;12;5;2024;17:50;1;67;67063;1;1;1;2;D57;48,38397900;7,27205300
202400003036;6;12;2024;07:30;3;84;84095;1;1;1;2;Jas de Puyvert;43,75022600;5,33262800
202400023181;5;3;2024;17:50;1;60;60057;2;1;3;6;HECTOR BERLIOZ (RUE);49,41664302;2,07714115
202400004213;28;4;2024;21:30;5;94;94043;2;6;1;2;Avenue de Fontainebleau / Rue Edmond Michelet;48,80950000;2,36245000
202400018103;30;1;2024;10:20;1;65;65042;1;1;1;1;30 Rue des Fréres Ferrère;43,04411500;0,16535300
202400045710;21;9;2024;02:22;4;29;29215;2;1;1;6;Chemin de la Corniche;47,97989700; -4,43470000
202400045622;12;2;2024;18:25;3;35;35195;1;1;1;6;Le Stand;48,30451100; -1,68258700
202400042178;16;6;2024;13:30;1;56;56123;1;1;1;1;la ville clero;47,69235300; -2,33261000
202400052761;1;12;2024;12:30;1;75;75115;2;2;1;3;RUE DE LA CONVENTION;48,84383600;2,28195100
202400040010;24;8;2024;11:50;1;39;39501;2;1;1;6;8 Rue de Dole;47,12681900;5,45455600
202400036281;3;10;2024;08:45;1;72;72241;2;1;1;6;72 Grande Rue;48,04879000;0,40965400
202400003800;7;7;2024;09:00;1;75;75120;2;1;1;6;BOULEVARD MORTIER;48,86996000;2,40878000
202400051177;28;3;2024;14:10;1;83;83144;1;1;1;2;A57;43,13398268;5,98674088
202400017285;19;11;2024;10:55;1;84;84007;2;1;1;6;RÉPUBLIQUE (RUE DE LA);43,94557000;4,80545000
202400017349;30;6;2024;09:30;1;92;92024;2;1;1;4;MARTRE (RUE) DE (111 A 119)   (122 A 144;48,90820725;2,30038190
202400049406;9;2;2024;18:10;2;22;22077;1;3;1;3;Le Guihourde;48,55229300; -2,43289200
202400017533;19;11;2024;19:55;5;38;38344;2;1;1;3;Avenue Gabriel Péri;45,36602900;4,80017100
202400050296;11;7;2024;17:20;1;80;80379;2;1;1;7;Rue des Indes Noires;49,86623000;2,37348000
202400026104;22;5;2024;19:15;1;69;69388;2;3;2;3;Avenue Jean Mermoz;45,73371447;4,87775192
202400049242;2;12;2024;15:15;1;18;18249;1;3;2;7;;47,32098500;2,67260700
202400026147;16;5;2024;09:03;1;77;77251;1;6;1;1;AV PAUL DELOUVRIER;48,62649000;2,55301000
202400046624;29;10;2024;08:30;1;63;63113;2;1;1;3;LAFAYETTE (BD);45,77364000;3,08803000
202400043174;2;4;2024;06:30;1;976;97611;2;1;1;5;kaweni-Mangrove (route de la); -12,77600000;45,22600000
202400045628;14;6;2024;01:25;3;13;13047;1;8;1;7;FOS (ROUTE DE) - RN 569;43,48832000;4,96360000
202400009184;18;10;2024;10:50;1;14;14220;2;2;1;6;89 Avenue de la République;49,35691000;0,07240000
202400021131;28;2;2024;17:40;1;17;17116;1;1;1;7;RD 148;45,42226200; -0,56874100
202400048270;1;12;2024;17:48;3;13;13015;1;1;1;2;A51-Sens Marseille vers Aix en Provence;43,42800000;5,38600000
202400032591;6;11;2024;16:30;1;06;06161;2;1;1;6;2575 Boulevard Nationale 7;43,62700500;7,13250700
202400033053;15;12;2024;00:30;3;95;95678;1;1;8;3;D9;49,08066610;2,25467048
202400042327;8;12;2024;21:20;5;91;91691;2;1;9;6;MARECHAL JUINI(RUE);48,71102700;2,48692900
202400036171;27;9;2024;17:50;1;02;02722;2;2;1;3;16 Rue Debordeaux;49,38462000;3,31947000
202400004145;28;4;2024;08:50;1;54;54367;1;1;1;7;RN52;49,50251000;5,79246000
202400010075;25;11;2024;19:26;3;83;83090;1;1;1;7;A50;43,12580000;5,88005240
202400012262;4;2;2024;09:45;1;42;42092;1;1;1;1;Route des Brossettes;45,49854900;4,38369000
202400016732;30;5;2024;14:15;1;09;09239;1;3;5;3;Col des Hares;42,68318500;2,12463100
202400042210;23;8;2024;10:20;1;60;60553;1;1;1;7;D1017;49,46354700;2,65873100
202400049249;4;12;2024;20:10;3;62;62736;2;1;2;6;Rue Bataille;50,64790994;2,79219648
202400015365;1;7;2024;17:45;1;69;69034;2;1;1;3;Montée de la Boucle;45,78288000;4,83653000
202400041464;26;2;2024;12:49;1;92;92035;2;1;2;3;Général de Gaulle  ( avenue du );48,91052627;2,25481689
202400038939;14;1;2024;16:05;2;44;44037;1;1;2;6;2 Chantegrolle;47,13535190; -1,44173294
202400050064;26;10;2024;16:40;1;92;92048;2;1;1;6;TRIVAUX (AVENUE DE) N° 1;48,80412000;2,23463000
202400014091;9;9;2024;09:05;1;64;64102;2;9;2;7;PONT MAYOU;43,49232099; -1,47408307
202400003427;6;6;2024;16:25;1;44;44103;1;1;1;3;32 Rue de la Chalandière;47,32995600; -2,18227200
202400051505;12;7;2024;15:41;1;973;97307;1;1;1;2;N1;4,89295700; -52,35137700
202400044810;8;1;2024;07:00;5;92;92064;2;1;1;4;MARCEL DASSAULT;48,85621980;2,22318810
202400021053;10;3;2024;22:34;3;86;86153;1;1;1;2;Route Nationale N°147;46,41565200;0,68299500
202400050176;3;12;2024;08:30;1;33;33075;2;1;2;6;;44,88087000; -0,61510000
202400012059;22;4;2024;17:00;1;95;95026;1;1;1;6;GOURDEAUX (RUE DES);49,13074500;2,36079500
202400046140;28;10;2024;19:00;5;67;67482;2;3;1;3;CLEMENCEAU (BOULEVARD);48,59218000;7,75506000
202400000374;20;9;2024;01:15;3;01;01179;2;1;1;1;Route de Pont de Veyle;46,26274300;4,85694200
202400033274;18;5;2024;05:11;2;95;95116;1;1;5;1;D924;49,15997996;2,31983369
202400052364;24;10;2024;17:40;1;29;29019;2;3;1;3;boulevard de Plymouth;48,38666000; -4,52847000
202400014530;14;12;2024;12:50;1;988;98822;1;1;3;6;Ina (Tribu); -20,93805400;165,36011700
202400037811;5;4;2024;18:25;1;974;97411;2;3;1;3;JOFFRE (BOULEVARD); -20,87501000;55,45399000
202400044449;25;9;2024;22:39;4;37;37214;2;1;3;2;VOISIN (BOULEVARD ANDRE-GEORGES);47,42751000;0,65853000
202400023691;13;4;2024;10:14;1;18;18033;2;1;1;7;2 Rue de Gionne;47,07271000;2,40713000
202400050931;12;7;2024;11:15;1;75;75119;2;3;2;7;QUAI DE LA SEINE;48,88883150;2,37888068
202400002183;29;11;2024;10:00;1;66;66136;2;2;7;6;Avenue Docteur Jean-Louis Torreilles;42,69413000;2,87225000
202400040178;25;8;2024;08:58;1;78;78133;1;1;1;6;A13;48,89024900;2,00984200
202400024780;25;6;2024;13:20;1;59;59178;2;1;1;3;TOURNAI (ROUTE DE);50,40723680;3,12740688
202400021392;9;3;2024;02:00;5;75;75119;2;7;1;3;PLACE AUGUSTE BARON;48,90045000;2,38687400
202400017378;30;6;2024;23:15;5;11;11148;2;1;1;6;1 Avenue de Carcassonne;43,16973300;2,68589300
202400030468;5;10;2024;14:35;1;75;75117;2;1;1;6;RUE POUCHET;48,89225600;2,31908200
202400013178;13;3;2024;16:57;1;31;31555;2;1;1;6;RUE JULES AMILHAU;43,58206053;1,41487867
202400042765;11;1;2024;20:30;5;75;75115;2;3;1;6;RUE DE LA CONVENTION;48,84067500;2,28885700
202400034691;20;6;2024;19:05;1;90;90021;1;1;1;1;D29;47,58548200;6,95783800
202400011790;23;11;2024;04:30;5;84;84035;2;1;1;6;JAUFFRET (AVENUE ALPHONSE);43,83315000;5,02773000
202400004801;27;12;2024;19:59;3;32;32013;1;1;5;5;AGEN (ROUTE D');43,65683998;0,59712946
202400031742;19;1;2024;02:50;5;75;75118;2;2;1;1;RUE DU MONT CENIS;48,89252100;2,34431000
202400034045;19;7;2024;04:30;3;84;84050;1;1;1;7;D103;43,87358100;5,19664000
202400007279;18;10;2024;17:48;1;91;91228;2;3;2;1;CHEMIN DE FER (RUE DU);48,63545000;2,45079000
202400019793;22;12;2024;21:20;3;35;35334;1;1;2;6;ROCADE 16-17;48,14494745; -1,58997595
202400025768;3;9;2024;19:40;1;83;83137;2;1;1;7;JOFFRE (BD MARECHAL);43,12384000;5,95293000
202400005677;8;7;2024;05:35;2;28;28085;1;1;1;6;A11 PK 056+500 vers PARIS;48,43802700;1,52435300
202400028222;27;7;2024;16:10;1;73;73290;1;1;1;7;D1006;45,22854100;6,96218800
202400038118;1;10;2024;15:40;1;63;63372;1;1;2;1;pk 16 D224;45,90500077;3,29945064
202400020869;10;10;2024;09:17;1;78;78498;1;1;1;5;RD30;48,89511200;1,99366000
202400003752;21;3;2024;17:00;1;13;13028;2;1;1;1;Puits de brunet (Chemin);43,18648000;5,60002000
202400017517;20;7;2024;17:15;1;37;37101;1;2;1;3;D29;47,67454800;0,63340900
202400041732;24;8;2024;11:03;1;75;75109;2;3;1;6;RUE DU FAUBOURG MONTMARTRE;48,87269000;2,34317000
202400014033;20;12;2024;10:30;1;34;34317;2;1;1;6;29 Route de Saint Maurice;43,79078300;3,45943300
202400014468;26;12;2024;13:15;1;61;61092;1;1;8;1;D926;48,75495000;0,72088600
202400035558;15;5;2024;14:50;1;92;92032;2;1;1;7;VAL CONTENT (RUE DU);48,79238808;2,28293431
202400036768;6;11;2024;18:34;5;92;92012;2;6;1;3;JEAN BAPTISTE CLEMENT (AVENUE) 1/47 - 2/;48,84790750;2,24182203
202400038237;1;10;2024;08:00;1;94;94016;1;1;1;4;A6B;48,79212029;2,34415015
202400024142;24;1;2024;15:45;1;75;75110;2;3;1;3;BOULEVARD DE BONNE NOUVELLE;48,87035600;2,35143700
202400027230;6;3;2024;16:10;1;83;83144;1;1;1;3;A57;43,13525855;5,99079429
202400019459;11;3;2024;02:24;3;91;91521;1;1;1;7;RN 449;48,63201000;2,40076000
202400031065;14;12;2024;15:30;1;2A;2A004;2;6;8;2;STEPHANOPOLI NICEPHORE  DE COMENE BD;41,90877000;8,71145000
202400000660;19;2;2024;06:06;5;37;37261;2;6;2;7;ROND POINT EMMAUS;47,43021000;0,70530000
202400031070;15;12;2024;04:40;5;91;91286;2;1;1;6;ROUTE NATIONALE 7;48,66500900;2,39800000
202400005149;3;6;2024;11:30;1;75;75118;2;1;1;2;BD PERIPHERIQUE EXTERIEUR;48,90094200;2,35755300
202400007754;5;7;2024;13:15;1;75;75114;2;3;1;6;RUE DU GENERAL HUMBERT;48,82686800;2,30674700
202400034345;3;10;2024;18:50;2;84;84039;1;3;1;1;D950;44,09894300;4,90267300
202400001091;11;2;2024;13:05;1;54;54382;1;1;1;6;RD618;49,54661000;5,79952000
202400023255;16;11;2024;08:30;1;34;34069;1;1;1;6;départementale 14;43,38114800;3,12124400
202400027720;23;1;2024;09:45;1;78;78545;1;1;8;4;A12 Y;48,81035000;2,05563400
202400011399;2;7;2024;13:30;1;92;92050;2;9;1;3;GUILLERAIES AVENUE DES;48,89434630;2,18481839
202400014105;28;12;2024;20:50;5;2A;2A247;2;6;1;3;#Avenue de Bastia#;41,60285334;9,27668810
202400003468;22;10;2024;18:40;1;22;22326;1;1;1;6;L'Hotier;48,44404500; -2,41039400
202400039482;20;7;2024;00:13;3;68;68188;1;1;1;7;D430;47,93717600;7,06330800
202400006167;16;9;2024;18:30;1;69;69047;1;2;1;3;Montée du Chevronet;45,90213941;4,67639974
202400023311;8;3;2024;12:25;1;92;92035;2;2;1;3;Verdun 1916 ( avenue de );48,90581796;2,23598984
202400045738;27;9;2024;16:30;1;05;05017;1;3;1;1;route nationale 94;44,56112800;6,21120200
202400042378;2;11;2024;19:05;5;51;51454;2;3;1;6;VAILLANT COUTURIER (RUE PAUL) N°1 A 103;49,26620000;4,02498000
202400036124;2;10;2024;13:20;1;37;37214;2;1;8;6;PRENEY (RUE DE);47,41831000;0,65157000
202400022603;24;5;2024;17:00;1;94;94068;2;3;1;6;Rue du Pont de Créteil / Rue du Chemin Vert;48,80079201;2,47179615
202400004208;15;9;2024;22:25;3;93;93007;2;1;1;6;"""PAUL VAILLANT COUTURIER (AVENUE """"DU 13";48,92615000;2,46747000
202400052617;3;5;2024;13:00;1;92;92049;2;1;1;1;MARNE AVENUE DE LA;48,81480314;2,30584610
202400015125;13;3;2024;23:40;5;94;94078;2;3;1;3;Avenue du 8 Mai 1945 / Pont de Villeneuve le Roi;48,72760000;2,44544000
202400034195;20;7;2024;19:05;1;59;59244;2;1;1;3;ROUTE NATIONALE;50,16000000;3,16000000
202400049405;11;6;2024;19:05;1;92;92026;2;2;1;6;GAMBETTA;48,89279917;2,24525928
202400043971;14;6;2024;01:00;3;75;75112;2;3;2;6;BOULEVARD DE REUILLY;48,83958008;2,39753544
202400020175;6;9;2024;15:45;1;77;77083;1;1;1;6;A4.W;48,83345700;2,59320200
202400010312;22;4;2024;12:05;1;34;34301;2;1;1;6;QUILLES (CHEMIN DES);43,39413000;3,66493000
202400010823;30;12;2024;06:25;1;974;97411;2;1;1;6;JAURES (BLD 2 JEAN); -20,90004000;55,48231000
202400041532;19;7;2024;15:00;1;24;24331;1;1;1;6;1772 Route de Cyrano;44,79477200;0,43123500
202400045907;25;9;2024;16:30;1;83;83137;1;1;1;4;A50 SORTIE TUNNEL TUBE SUD;43,12783311;5,92513960
202400032065;22;7;2024;17:40;1;59;59122;2;1;1;3;SAINT LADRE (RUE);50,15924000;3,25213000
202400037457;6;4;2024;21:05;5;94;94077;2;1;8;2;Pont de Villeneuve-le-Roi;48,72817500;2,44370400
202400040335;28;9;2024;12:35;1;76;76619;1;2;1;3;Route du Viaduc;49,99317400;1,35432200
202400036838;2;11;2024;17:00;1;64;64067;1;1;1;1;D938;43,25782300; -0,28811200
202400003266;6;6;2024;19:15;1;75;75119;2;1;1;6;RUE ANDRE DANJON;48,88582100;2,38462000
202400004414;11;8;2024;16:30;1;94;94021;1;1;1;2;A106;48,76360182;2,34384403
202400054341;30;11;2024;01:55;5;75;75116;2;7;1;2;AVENUE DE VERSAILLES;48,83809800;2,25775800
202400011894;22;4;2024;15:40;1;69;69383;2;3;2;3;Route de Genas;45,75452244;4,88131939
202400020738;11;10;2024;13:15;1;17;17415;2;3;1;3;ARC DE TRIOMPHE RUE DE L' 2-68 1-57;45,74551000; -0,62517000
202400034778;13;12;2024;14:40;1;91;91027;2;1;1;2;RUE EDOUARD VAILLANT;48,70972000;2,39998000
202400039151;13;1;2024;21:10;3;76;76367;1;1;1;6;D121;49,49020400;1,09314000
202400000115;20;3;2024;22:35;5;95;95176;2;1;1;7;15 GEORGES MELIES (RUE);48,95155000;2,19613300
202400044385;26;9;2024;07:35;3;63;63032;2;3;2;3;AUBIERE (ROUTE D');45,74870000;3,09474000
202400024207;20;1;2024;11:10;1;11;11164;1;1;1;3;D607;43,28261800;2,87625600
202400020039;28;1;2024;15:30;1;63;63267;1;1;1;7;D64;45,91123704;3,64526153
202400042863;2;4;2024;23:17;5;75;75112;2;1;2;6;RUE DE BERCY;48,84504700;2,37163600
202400011743;23;4;2024;05:00;5;93;93046;2;1;1;6;Avenue Aristide Briand;48,91348900;2,52455900
202400040837;10;1;2024;14:05;1;58;58194;2;1;1;7;SAULAIES (ROUTE);46,96791000;3,12501000
202400006182;22;4;2024;16:50;1;80;80021;2;1;1;3;Port d'Amont;49,89495000;2,30829000
202400019842;28;1;2024;02:45;5;971;97113;1;1;1;3;RN4 - SECTION RIVIERA;16,21806000; -61,49880000
202400009952;14;9;2024;11:05;1;30;30151;1;3;6;3;Départementale D406;44,15011900;4,36869600
202400006374;6;8;2024;17:05;1;87;87085;2;1;1;6;COMBES (RUE DES);45,83228000;1,25855000
202400000726;30;4;2024;10:10;1;59;59350;2;1;1;6;Rue de la Halle;50,64480000;3,06044000
202400052059;24;10;2024;14:30;1;76;76351;2;4;1;7;AMERIGO VESPUCCI ( RUE );49,48469000;0,14515000
202400003420;23;10;2024;17:25;2;83;83073;1;1;1;7;Dn7;43,39578700;6,29164700
202400028149;29;8;2024;17:15;1;33;33506;2;1;1;6;;44,69397700; -0,08879700
202400024664;7;8;2024;15:20;1;74;74305;2;1;1;6;DAVID (RUE FERNAND);46,20908000;6,25456000
202400008961;3;6;2024;13:05;1;13;13117;1;3;1;3;LONDRES (AVENUE DE);43,42723000;5,23544000
202400031304;1;3;2024;23:22;3;65;65440;2;9;8;3;ALSACE LORRAINE (AVENUE);43,25351061;0,07248711
202400054367;10;7;2024;01:25;5;75;75119;2;2;2;6;BOULEVARD DE LA VILLETTE;48,88433400;2,36686500
202400032436;3;10;2024;20:50;5;93;93033;2;1;1;1;CHAMPS (AVENUE);48,86014000;2,58038000
202400033642;5;4;2024;16:10;1;56;56098;2;8;2;7;Avenue Victor Schoelcher;47,75122000; -3,33025000
202400022494;25;5;2024;04:25;5;78;78321;1;1;1;6;RN12 INT;48,79661500;1,90753800
202400015487;1;7;2024;21:19;2;94;94078;2;2;1;5;Avenue Carnot;48,73304000;2,45081000
202400042510;27;9;2024;21:38;5;73;73011;2;1;8;6;HOTEL DE VILLE (COURS DE);45,67542000;6,39297000
202400015388;30;6;2024;16:00;1;80;80021;2;1;1;6;Rue de l'Abbé Hénocque;49,90983000;2,29387000
202400015542;21;11;2024;10:00;1;15;15014;2;1;3;3;RD 120;44,91607000;2,42967000
202400042635;7;12;2024;01:15;3;27;27196;1;6;2;3;D77;49,29734400;1,17521700
202400007380;10;3;2024;13:50;1;04;04091;1;1;4;5;A51 PK 092.350;43,98550500;5,91262900
202400030781;22;6;2024;20:05;1;75;75115;2;2;1;6;BOULEVARD PASTEUR;48,84299700;2,31279600
202400034050;28;8;2024;12:15;1;41;41212;2;3;1;3;NATIONALE (ROUTE);47,56601000;1,36621000
202400052708;2;1;2024;17:20;4;06;06069;2;1;1;3;Route de Cannes;43,63635000;6,95137000
202400035346;15;1;2024;06:20;2;971;97113;1;1;2;7;SECTION GRANDE RAVINE;16,24756000; -61,45942000
202400021007;28;6;2024;14:30;1;06;06069;2;3;1;3;93 Boulevard Emmanuel Rouquier;43,63638100;6,94072500
202400000688;29;4;2024;10:55;1;87;87085;2;1;1;7;DUSSOUBS (PLACE DENIS);45,83295000;1,25582000
202400021838;6;9;2024;17:00;1;68;68338;1;2;7;3;Route des Trois Epis;48,08381300;7,25835800
202400001865;8;7;2024;17:15;1;10;10387;2;1;7;6;Rue de la Marne;48,27965000;4,06962000
202400026434;24;7;2024;21:20;5;971;97113;1;4;1;1;SECTION LEROUX;16,23438000; -61,46771000
202400006889;7;2;2024;12:45;1;987;98745;1;1;2;6;RT 143; -16,63605600; -151,46748900
202400013638;22;11;2024;07:50;1;15;15014;1;1;1;6;RD 117;44,92418049;2,47152637
202400029788;17;1;2024;11:00;1;72;72054;2;1;2;6;24 Rue Jacques Guède;48,02383665;0,33367217
202400053466;13;2;2024;09:50;1;26;26058;2;3;1;3;Rue Hubert Chapon;44,94176700;4,90352869
202400030941;9;11;2024;09:30;1;84;84007;2;1;1;6;JARDINS NEUFS (CHEMIN DES);43,95570000;4,83099000
202400029038;15;12;2024;01:13;3;13;13043;1;1;1;2;A55-Sens Marseille vers Martigues;43,39129821;5,26458933
202400013326;4;7;2024;16:40;1;69;69100;2;1;1;7;Route de Brignais;45,67279800;4,79624000
202400024725;8;10;2024;06:05;3;37;37195;2;1;2;6;PROUDHON (AVENUE);47,38974664;0,64776617
202400047861;9;6;2024;06:30;1;971;97129;1;1;1;7;Morne Rouge;16,30362000; -61,65728900
202400013619;22;11;2024;01:45;5;33;33063;2;2;2;2;;44,82792000; -0,59334000
202400001559;23;3;2024;07:00;2;94;94068;2;1;1;6;Avenue de l’Alma;48,78553000;2,49526000
202400047381;6;1;2024;09:30;1;87;87038;1;1;2;6;Rue Saint-eloi;45,90817800;1,26490300
202400019037;28;6;2024;13:51;1;2A;2A004;2;3;1;3;NAPOLEON COURS AVANT BEVERINI;41,92583000;8,73823000
202400036242;16;6;2024;17:40;1;01;01275;1;1;1;2;A46N 25.180 A 25.680;45,80825500;4,91925500
202400049821;10;6;2024;17:15;1;77;77495;1;1;1;2;A5B;48,57773900;2,63816700
202400034941;13;12;2024;16:00;1;65;65131;1;4;1;1;D632;43,27639100;0,18943600
202400051842;2;5;2024;05:35;5;14;14118;2;3;2;7;Rue Alfred Kastler;49,19992600; -0,39302800
202400029886;20;5;2024;06:15;2;62;62306;1;1;1;7;D917;50,17711800;2,82215600
202400023873;14;4;2024;22:10;3;46;46214;1;1;1;6;Route des Landes;44,48716100;1,31422900
202400052465;14;2;2024;17:15;1;92;92051;2;1;1;1;CHARCOT (RUE);48,88434949;2,25831699
202400015405;27;6;2024;10:10;1;69;69286;2;1;1;6;Rue du Capitaine Julien;45,82295675;4,88995922
202400043515;21;8;2024;17:50;1;44;44131;1;1;7;6;;47,09949219; -1,99215500
202400033082;3;3;2024;09:40;1;66;66028;2;1;1;3;Avenue André Ampère;42,68840700;2,91993400
202400006809;6;12;2024;14:00;1;74;74124;1;1;1;6;Route de saint-julien;46,12891300;6,07940900
202400034922;13;12;2024;14:10;1;94;94073;2;9;1;6;Avenue René Panhard;48,76302000;2,40111000
202400027603;12;4;2024;18:00;1;75;75116;2;7;1;2;AVENUE DE VERSAILLES;48,84729800;2,27359200
202400030300;31;8;2024;15:00;1;75;75113;2;3;1;6;BOULEVARD MASSENA;48,82112100;2,36888100
202400046495;29;10;2024;09:45;1;92;92036;1;1;1;6;RN315 W;48,91987444;2,30667989
202400014767;29;5;2024;10:10;1;75;75102;2;3;2;7;BOULEVARD DE SEBASTOPOL;48,86706400;2,35295600
202400022916;27;6;2024;08:20;1;94;94078;2;9;1;6;Rue Gustave Flaubert;48,74028000;2,46700000
202400003662;21;3;2024;10:35;1;78;78172;2;1;1;6;AMBASSADEUR (RUE DE L');49,00711300;2,11559700
202400035096;15;5;2024;16:40;1;04;04024;1;1;3;6;D900;44,19536700;6,36789700
202400035625;16;5;2024;16:25;1;29;29160;2;1;1;6;rue jean breton;48,50546400; -4,41962000
202400022021;31;7;2024;08:40;1;34;34008;1;1;1;7;Route de Gatinie;43,58115300;3,07360800
202400016471;2;8;2024;13:00;1;71;71118;2;9;1;3;PONT DE PIERRE (RUE DU);46,79247000;4,82858000
202400002966;2;11;2024;20:15;3;14;14227;1;1;1;5;Route de Lisieux;49,27343300; -0,02215500
202400025733;11;1;2024;13:05;1;89;89387;2;3;1;1;BELLOCIER (RUE);48,20150000;3,26930000
202400036867;15;10;2024;17:30;1;75;75108;2;4;1;6;7 Boulevard Malesherbes;48,87088200;2,32288200
202400021750;15;4;2024;14:00;1;971;97101;2;4;1;3;ACHILLE RENE BOISNEUF (RUE);16,27060514; -61,50548011
202400053025;1;1;2024;17:52;3;12;12270;1;1;2;7;ex RN88 Saint Amans de Varès;44,35116600;2,94198600
202400024758;12;6;2024;12:28;1;91;91687;2;2;1;6;GENERAL DE GAULLE (AVENUE DU);48,68153000;2,37884000
202400014528;28;1;2024;10:20;1;10;10387;2;2;1;2;Mail des Charmilles;48,29668000;4,08531000
202400042422;2;11;2024;18:40;5;75;75111;2;1;1;6;RUE JEAN PIERRE TIMBAUD;48,86642400;2,37255400
202400031215;2;3;2024;18:45;2;14;14716;1;1;1;3;Route de l'Aurette;49,20214900; -0,72089500
202400044652;29;10;2024;14:00;1;38;38150;1;6;1;3;D11k;45,21025200;5,83460900
202400012158;20;4;2024;11:30;1;971;97120;1;1;1;6;HANNE (BOULEVARD);16,24067000; -61,53356000
202400041826;17;6;2024;17:00;1;60;60700;2;1;1;4;D1001;49,38837600;2,14437800
202400011355;16;3;2024;01:30;5;75;75116;2;2;1;3;RUE GALILEE;48,86784200;2,29187900
202400033831;23;7;2024;12:05;1;93;93027;1;1;1;4;AUTOROUTE A86;48,92583836;2,39888728
202400046412;25;9;2024;15:30;1;92;92007;2;3;2;3;DE GAULLE (AVENUE CHARLES);48,79770302;2,29686767
202400032958;14;12;2024;14:27;1;25;25462;2;6;2;3;VUILLECIN (RUE DE);46,91790000;6,34363000
202400021172;11;3;2024;16:41;3;2A;2A041;1;1;2;7;T40;41,45443500;9,11092800
202400053192;22;1;2024;07:20;2;28;28085;2;1;1;6;SOURS (RUE DE);48,43967270;1,51150920
202400051767;13;7;2024;05:28;2;62;62845;1;1;1;1;A16;50,63270100;1,66508800
202400003174;8;2;2024;07:55;2;27;27229;2;9;2;6;QUATORZE JUILLET (BOULEVARD);49,01007000;1,16745000
202400000278;19;9;2024;15:15;1;25;25056;2;3;1;4;EDISON RUE THOMAS;47,23185000;5,97057000
202400033180;9;4;2024;09:30;1;75;75104;2;1;1;7;VOIE GEORGES POMPIDOU;48,85112000;2,36112000
202400011533;14;3;2024;18:47;2;88;88160;2;1;1;3;POISSOMPRE (FG DE);48,18160000;6,46890000
202400026314;17;5;2024;08:50;1;47;47084;1;1;1;6;lieu-dit sept homes;44,63355900;0,55987400
202400047520;20;8;2024;18:30;3;971;97115;2;1;1;3;Bréfort;16,26430900; -61,64298400
202400023218;9;3;2024;00:25;3;17;17028;2;1;1;2;Avenue Simone Veil;46,14328000; -1,12350000
202400015651;21;11;2024;11:35;1;27;27279;2;9;4;6;Route de Fourges;49,09661800;1,60977600
202400049932;22;9;2024;04:15;5;59;59462;1;1;1;6;AUTOROUTE A1;50,51848000;3,03747000
202400015158;14;3;2024;11:15;1;92;92002;2;1;1;6;PROVIDENCE (AVENUE DE LA);48,75636644;2,30396605
202400046072;30;10;2024;09:07;1;78;78123;2;1;8;3;EUROPE (RN 190) AVENUE DE L';48,93785000;2,03695000
202400019128;29;6;2024;03:27;5;33;33063;2;9;8;7;;44,82117000; -0,58266000
202400051497;21;4;2024;12:15;1;30;30068;1;6;1;2;Le Pont Troué (Café);44,01957700;4,10219700
202400031485;2;3;2024;02:05;5;94;94068;2;6;2;6;Avenue Foch / Avenue Joffre;48,80238365;2,49192533
202400032784;30;5;2024;15:30;1;974;97405;1;9;3;3;Rue Augustin Mézino; -21,36388600;55,53986900
202400011567;4;7;2024;08:40;1;92;92048;1;1;1;3;N118;48,80093966;2,21554546
202400016197;31;1;2024;08:05;2;77;77335;1;1;1;3;RN3 (ROUTE NATIONALE);48,95821000;2,84223000
202400026782;13;11;2024;09:10;1;63;63113;2;2;1;6;rue des Liondards / av Léon Blum ;45,76666000;3,09597000
202400015538;21;11;2024;08:23;4;29;29232;2;1;3;6;Chemin des Justices;47,99173000; -4,11886000
202400002339;12;8;2024;12:10;1;75;75118;2;7;7;3;PLACE ALBERT KAHN;48,89597000;2,34601800
202400002299;27;2;2024;21:00;5;95;95218;2;1;1;6;ROGER SALENGRO (AVENUE);49,01767600;2,11205300
202400028590;1;10;2024;09:00;1;18;18059;1;1;3;7;;46,64463400;2,27418600
202400017004;14;10;2024;08:00;2;44;44047;1;9;2;3;Route de Saint Etienne de Montluc;47,24251000; -1,67002900
202400047703;25;11;2024;16:20;1;05;05061;2;1;8;2;JEAN JAURES ( AVENUE );44,55118830;6,07017964
202400003520;22;3;2024;00:10;5;92;92036;2;3;1;3;SORTIE A 86;48,93818781;2,30049200
202400048066;11;6;2024;12:28;1;973;97302;2;1;2;6;REPUBLIQUE (BD DE LA);4,93767000; -52,32466000
202400029529;11;4;2024;10:40;1;75;75110;2;7;1;6;PLACE DE STALINGRAD;48,88383500;2,36859100
202400024610;9;10;2024;17:55;1;22;22206;2;3;1;3;Rue Notre-dame;48,54046300; -2,97302500
202400025342;19;12;2024;21:30;5;75;75117;2;2;1;3;RUE DE COURCELLES;48,87926700;2,30306400
202400019648;17;4;2024;08:50;1;92;92064;2;1;7;6;MARECHAL JUIN;48,83800427;2,22152925
202400049793;11;6;2024;10:30;1;93;93007;1;1;1;3;A3;48,93160457;2,48092891
202400041541;26;2;2024;17:45;1;86;86139;1;1;2;5;D150;46,41921400;0,10144900
202400019218;28;6;2024;17:30;1;94;94011;2;1;1;6;Avenue de Paris;48,78070380;2,47521262
202400039276;5;4;2024;15:50;1;93;93064;2;5;1;3;Boulevard Gabriel Péri / Avenue du Général de Gaulle;48,87749607;2,47910857
202400036434;8;11;2024;08:30;1;31;31254;2;1;1;6;D16;43,53069100;1,53532900
202400041086;4;4;2024;12:30;1;75;75117;2;2;8;6;RUE GUY MOQUET;48,89175800;2,32124800
202400009539;5;7;2024;09:40;1;17;17146;1;3;1;2;D238e1;45,90549000; -0,94775900
202400029774;18;5;2024;22:05;5;75;75104;2;2;1;3;BOULEVARD DU PALAIS;48,85604000;2,34641000
202400000594;13;8;2024;18:20;1;82;82033;2;1;1;6;Rue Baptiste Marcet;44,05110000;1,09813000
202400001722;22;3;2024;15:20;1;77;77132;2;1;1;3;AV ROBERT SCHUMAN;48,86883100;2,79251300
202400034687;7;11;2024;17:30;1;973;97302;2;1;1;6;RABAN (ROUTE DE);4,92429000; -52,31242000
202400027343;4;3;2024;16:42;1;68;68066;2;1;8;6;TURCKHEIM (RUE DE);48,07889900;7,34072900
202400018433;8;9;2024;12:30;1;78;78043;1;1;1;2;A13W;48,84169400;2,09472600
202400050105;2;12;2024;18:30;5;51;51230;2;1;2;3;MOTTE (BOULEVARD DE LA);49,04598000;3,95767000
202400045429;14;7;2024;23:42;5;2B;2B033;2;1;1;1;GAUDIN - BLD AUGUSTE;42,69497000;9,44707000
202400002001;30;11;2024;23:44;3;25;25074;1;1;1;3;départementale 41;47,18298200;6,70121000
202400001577;23;3;2024;11:35;1;92;92020;2;2;1;3;TIMBAUD RUE JEAN-PIERRE N° PAIRS;48,80253000;2,28616000
202400024005;14;4;2024;17:30;1;07;07077;1;1;1;1;D224;44,65518255;4,52381935
202400029994;19;1;2024;12:50;1;74;74305;2;2;1;5;VOIRONS (RUE DES);46,20231000;6,25867000
202400022911;15;11;2024;20:52;5;75;75119;2;1;1;3;BD PERIPHERIQUE EXTERIEUR;48,89006900;2,39627400
202400037198;7;4;2024;00:30;5;67;67482;2;1;1;6;FRANÇOIS MITTERRAND (AVENUE);48,58729000;7,69724000
202400038191;20;8;2024;17:40;1;11;11003;1;3;1;6;D626;43,05003900;2,14480200
202400034111;29;8;2024;13:18;1;75;75110;2;1;1;6;RUE LOUIS BLANC;48,88054400;2,36618000
202400049599;16;2;2024;20:00;5;95;95313;2;1;1;3;D67E;49,10533210;2,21747590
202400004087;27;4;2024;18:30;1;81;81060;2;2;1;3;RODEZ  (AVENUE DE);44,05353000;2,15964000
202400045022;8;5;2024;18:30;1;72;72181;1;1;1;5;LIBERTE (AV DE LA);47,96307000;0,22364000
202400016228;26;12;2024;00:15;5;61;61001;2;1;8;6;23 Boulevard de Strasbourg;48,43654300;0,08934900
202400019046;19;11;2024;18:40;3;43;43078;1;1;8;7;Chemin des Estelles;45,01813000;3,90986000
202400025171;15;11;2024;12:30;1;31;31506;2;1;1;6;Avenue de Revel;43,54985800;1,53551600
202400044469;26;9;2024;16:15;1;25;25056;2;1;2;3;GRAY ROUTE DE;47,24812000;5,97888000
202400053594;7;6;2024;16:45;1;13;13208;2;1;1;3;LOUIS REGE (RUE);43,28108903;5,38967081
202400028348;24;7;2024;14:00;1;84;84007;2;9;1;3;MORIERES (Route de );43,95140000;4,82733000
202400030619;22;6;2024;16:20;1;972;97230;2;1;1;3;Route nationale 1;14,73029000; -60,96491600
202400023047;8;3;2024;21:15;3;08;08146;2;2;1;6;2 Rue du Duc d’Orange;49,65820400;4,33563000
202400037625;20;2;2024;11:35;1;59;59350;2;1;1;2;Rue du Faubourg des Postes;50,61500000;3,04840000
202400027926;2;9;2024;09:10;1;51;51454;2;1;1;6;VENISE (RUE);49,24660000;4,03190000
202400029617;21;1;2024;02:05;3;25;25388;2;1;1;6;FOCH (AVENUE DU MARECHAL);47,51571100;6,79554200
202400039438;6;4;2024;14:10;1;09;09239;1;1;1;6;Le Capelier;42,69423300;2,14025300
202400029131;14;12;2024;16:45;1;83;83144;2;4;1;1;PICOT (CHEMIN DU COLONEL);43,14273000;6,00775000
202400030766;22;6;2024;05:30;2;13;13203;2;3;1;1;GÉNÉRAL LECLERC (RUE);43,30435000;5,37598000
202400005027;19;7;2024;13:14;1;63;63113;2;1;1;2;viaduc Saint-Jacques;45,76680000;3,08930000
202400026420;26;7;2024;19:50;5;973;97302;2;1;3;3;MADELEINE (ROUTE DE LA);4,92363528; -52,32401991
202400002102;16;9;2024;23:40;5;95;95280;2;1;1;5;D47;49,01647898;2,46902793
202400006794;9;8;2024;16:30;1;09;09146;1;1;1;1;D14;43,20780300;1,49787400
202400008566;8;8;2024;06:20;2;42;42323;2;8;1;6;Avenue Henri Planchet;45,56597900;4,29299400
202400012427;5;8;2024;04:30;5;13;13215;2;6;1;3;BOURRELY (CHEMIN DES);43,38065000;5,36263000
202400026825;26;6;2024;13:59;1;60;60308;1;1;1;1;D1017;49,48546800;2,66914100
202400039683;28;2;2024;12:10;1;67;67434;2;4;1;1;4 Rue Vincent d'Indy;48,93593400;7,08863900
202400006426;26;4;2024;15:39;1;63;63236;1;1;2;7;D130;45,58777867;2,77499324
202400039989;25;8;2024;23:20;3;86;86068;1;1;1;6;La Brousse Bazin;46,21819000;0,19637400
202400046200;25;9;2024;16:50;1;54;54547;2;6;1;3;Rue de Malines;48,66307600;6,17244300
202400024914;14;11;2024;08:40;1;95;95306;2;1;8;6;VAL (RUE DU);48,98972000;2,16375000
202400021177;29;6;2024;09:25;1;51;51002;2;1;1;6;110 Rue Julien Ducos;49,01091500;3,86625400
202400032412;4;10;2024;07:52;1;06;06083;2;2;1;3;21 Avenue Florette;43,76713300;7,48570500
202400005370;19;10;2024;18:10;2;95;95277;2;1;2;1;GONESSE A VILLEPINTE (CHEMIN DE);48,98102910;2,48035848
202400029214;1;3;2024;05:30;2;69;69387;2;2;1;3;Rue Chevreul;45,74918000;4,83842000
202400005762;7;7;2024;02:50;3;91;91347;1;1;1;3;RN 104;48,62216000;2,28501000
202400033674;1;3;2024;12:45;1;40;40097;1;1;1;7;2090 Route de Geaune;43,68017089; -0,37676656
202400023414;7;3;2024;12:50;1;91;91027;2;1;1;1;AV DE MORANGIS;48,70588000;2,36876000
202400028159;3;9;2024;19:10;1;63;63455;2;4;2;1;grande rue;45,66678700;3,18143500
202400046086;15;8;2024;15:25;1;29;29103;2;6;2;7;Pont de l'Europe;48,44702425; -4,26270541
202400017484;29;6;2024;14:50;1;24;24356;1;1;1;1;D32;45,02505712;0,97968138
202400005397;21;10;2024;02:10;3;35;35238;2;1;2;6;HOUX (DU);48,13259000; -1,66739000
202400041415;18;7;2024;19:02;1;61;61040;1;3;1;3;RD118;48,70358600; -0,46168800
202400020716;8;10;2024;16:30;1;42;42044;1;1;1;7;Rue James Jackson;45,39889000;4,34119000
202400036312;26;9;2024;13:50;1;08;08170;1;2;2;3;D6;49,79110000;4,96094900
202400003096;9;2;2024;19:30;5;54;54395;2;1;2;6;Rue de Badonviller;48,68997000;6,14331000
202400015256;30;6;2024;12:15;1;44;44154;2;1;1;3;75 Avenue du 11 Novembre 1918;47,22395500; -2,15711300
202400050691;15;2;2024;15:45;1;64;64445;2;1;1;3;LOUIS SALLENAVE;43,31730000; -0,36032000
202400044039;25;9;2024;19:30;2;63;63170;1;1;1;6;Ballot;45,84300523;2,71127472
202400045808;22;8;2024;00:30;3;988;98810;1;1;1;6;Lieu-dit Troulala; -20,64774400;164,36012500
202400004789;10;8;2024;21:40;5;33;33300;1;2;1;5;;45,24871400; -1,00279500
202400051109;29;8;2024;15:20;1;38;38421;2;1;1;2;Avenue de la commune de Paris;45,18182000;5,76815000
202400039371;12;5;2024;20:15;1;69;69266;2;1;1;6;Route de Genas;45,75494940;4,87692964
202400010222;10;4;2024;17:50;1;78;78545;1;1;1;6;CD 7;48,81476000;2,07838000
202400043332;9;5;2024;18:00;1;29;29232;2;1;1;6;Rue du Tregor;47,98069000; -4,10600400
202400022705;11;10;2024;15:53;1;46;46237;1;1;1;1;Route de Puy Blanc;44,63214600;1,93255300
202400004884;8;2;2024;06:20;5;69;69266;2;2;1;2;Rue Antoine Bernoux;45,77106000;4,88756000
202400019569;17;4;2024;09:10;1;49;49267;1;1;1;2;A87N;47,47561000; -0,50384000
202400025312;12;12;2024;21:39;5;14;14118;2;1;1;6;69 VAUGUEUX ;49,18629000; -0,36015000
202400048803;4;5;2024;19:20;1;92;92036;1;1;1;2;A86;48,93368348;2,27544143
202400047216;6;1;2024;07:50;2;08;08105;2;9;1;6;30 Rue de Flandre;49,77446000;4,71717000
202400022611;24;5;2024;12:40;1;94;94017;2;1;1;6;Rue du Marché;48,81184000;2,50942000
202400020358;31;7;2024;16:20;1;974;97420;1;1;1;2;Route Nationale 2; -20,90115400;55,59082000
202400047458;16;2;2024;21:30;3;13;13085;1;1;1;5;A50-Sens Toulon vers Aubagne;43,24813000;5,59618000
202400014596;26;12;2024;23:12;3;974;97411;1;9;1;7;MONTAGNE (ROUTE DE LA); -20,88585000;55,43899000
202400033588;7;4;2024;11:00;1;77;77447;2;9;1;7;C.D 50;48,53834000;2,54829000
202400010543;6;8;2024;11:50;1;94;94076;2;1;1;3;117 Boulevard Maxime Gorki;48,79220300;2,36959000
202400029079;5;3;2024;18:50;3;80;80361;1;1;1;7;D29;49,92661000;1,79450500
202400042370;8;12;2024;04:20;5;69;69266;2;6;3;3;Allée du Frère Benoit;45,78705000;4,88640000
202400039991;18;7;2024;15:00;1;06;06030;2;3;1;3;6 Avenue de Lyon;43,56498200;7,01924000
202400006979;4;6;2024;12:35;1;76;76540;2;2;1;3;Rue Alsace Lorraine;49,43850000;1,09997000
202400037226;14;5;2024;17:50;1;93;93073;2;2;2;3;Avenue Henri Barbusse / Rue Ronsard;48,96007000;2,57154000
202400048734;3;5;2024;20:40;3;06;06152;1;1;1;6;5157 Route du Parc;43,60948200;7,05224600
202400038832;1;11;2024;08:55;1;49;49099;1;1;5;1;RD 157;46,98538000; -0,85591000
202400000007;24;3;2024;02:45;5;13;13201;2;1;1;3;HUILES (PLACE AUX);43,29253000;5,37197000
202400010425;3;2;2024;16:45;1;973;97302;2;1;1;7;MONTABO (ROUTE DE) 1;4,94213000; -52,30459000
202400025435;16;12;2024;19:55;5;80;80253;2;1;8;7;7 Route Nationale - Hameau de Haute Visée;50,18126100;2,33252400
202400036084;20;7;2024;19:45;1;13;13102;2;6;1;1;8 MAI 1945 (AV DU );43,41820000;5,22897000
202400041515;19;7;2024;07:00;1;23;23013;1;1;1;6;2 Rue du Moulin Pointu;46,02446400;2,50310500
202400006073;28;4;2024;08:20;1;59;59044;1;1;6;6;50 Rue de Lille;50,60931700;3,23286100
202400040262;16;6;2024;00:25;5;75;75117;2;1;1;2;BD PERIPHERIQUE INTERIEUR;48,89556200;2,30769100
202400003299;6;6;2024;19:20;1;94;94078;2;3;1;2;Avenue de Choisy / Rue Madeleine;48,74836001;2,43544956
202400044732;10;1;2024;01:30;3;22;22187;2;1;1;6;SURCOUF (RUE);48,53817000; -2,72283000
202400022039;30;7;2024;21:45;5;38;38269;1;3;1;1;Chemin de Pré Neuf;44,93312600;5,78588000
202400028787;12;11;2024;09:40;1;93;93005;2;1;2;4;JEAN MONET (CARREFOUR);48,95410393;2,50937412
202400010601;4;2;2024;18:30;3;72;72161;1;4;1;1;Intersection D304 et D64 Bis C;47,74004500;0,57180400
202400049657;12;6;2024;17:20;1;52;52353;1;1;1;7;D1;48,00850100;5,33107300
202400007651;5;7;2024;20:30;1;93;93048;1;1;1;2;A86;48,86636948;2,48142569
202400037022;23;2;2024;13:10;1;69;69389;2;2;1;3;9 Rue Marietton;45,77505000;4,80719000
202400028178;20;5;2024;17:10;1;35;35238;2;1;1;6;PORTE DE LORIENT;48,11283497; -1,71879441
202400027689;10;8;2024;13:30;1;44;44109;2;1;1;7;Place de la Duchesse Anne;47,21673514; -1,54709702
202400000940;7;2;2024;15:12;1;87;87085;2;1;5;7;FITZ JAMES (RUE);45,83245000;1,25923000
202400036950;10;12;2024;16:30;2;64;64445;2;1;1;2;GENERAL LECLERC DU;43,30457635; -0,34264013
202400049852;16;2;2024;18:50;3;30;30088;1;1;1;5;RD 999;43,85993700;4,13049500
202400008179;24;4;2024;09:30;1;93;93078;2;6;1;2;Avenue Georges Clémenceau / Boulevard Robert Ballanger;48,96205588;2,55487919
202400009695;23;4;2024;16:18;1;93;93029;2;2;1;3;Rue Sadi Carnot / Rue Anatole France;48,92346400;2,44578500
202400032713;20;6;2024;13:10;1;94;94052;2;1;1;3;Avenue Kléber;48,83302900;2,49402000
202400016312;2;8;2024;12:20;1;69;69199;1;1;1;3;Boulevard Périphérique Laurent Bonnevay;45,71559000;4,84368000
202400009315;18;3;2024;10:30;1;69;69388;2;3;8;3;Route de Vienne;45,73615317;4,85302167
202400024976;10;11;2024;16:45;1;49;49099;2;3;8;6;COUBERTIN (BOULEVARD PIERRE DE);47,04802000; -0,87460000
202400031493;11;4;2024;11:57;1;74;74010;2;1;1;6;Route d'albertville;45,88343100;6,14203300
202400038536;23;9;2024;13:53;1;29;29068;1;1;3;6;Route de Saint Thegonnec;48,52056300; -3,99878700
202400032303;5;10;2024;19:45;2;85;85016;2;3;1;3;RD50;46,68125800; -1,61800500
202400021661;16;4;2024;09:36;1;33;33039;1;1;1;2;;44,79632000; -0,53862000
202400042573;25;11;2024;04:30;5;07;07010;2;6;1;3;Allée de Beauregard;45,25187700;4,66166600
202400028570;6;10;2024;20:55;5;82;82142;2;3;1;3;53 Rue Bernard Peyrille;43,81529100;1,31370600
202400048789;5;1;2024;22:50;5;75;75111;2;1;1;6;BOULEVARD RICHARD LENOIR;48,85450400;2,37004000
202400014020;29;12;2024;00:30;3;80;80341;1;1;1;7;D141;49,91309100;2,10291600
202400040395;17;6;2024;11:10;1;24;24523;1;2;1;3;Route de la Gardonnette;44,81119965;0,32439172
202400035277;16;1;2024;14:30;1;33;33249;1;1;2;6;;44,88493100; -0,51103500
202400050830;26;10;2024;11:04;1;11;11262;2;6;3;6;;43,18040700;3,01417800
202400000737;29;4;2024;18:20;1;50;50129;2;3;1;3;MOULIN (RUE JEAN);49,63413000; -1,59571000
202400024423;22;5;2024;14:47;1;69;69271;2;1;1;2;Route de Lyon;45,73870000;4,96473000
202400025751;24;1;2024;07:35;2;76;76351;2;2;1;3;IRENE JOLIOT CURIE (RUE);49,51267000;0,10416000
202400025566;29;5;2024;22:23;3;91;91103;1;1;2;7;RN 104;48,62417000;2,29925000
202400047945;5;12;2024;07:20;2;11;11203;1;1;1;2;D6113 PK 18+000;43,20568400;2,79118200
202400013063;17;10;2024;12:50;1;87;87037;1;1;2;6;lartimache;45,65268100;0,82917800
202400043610;14;6;2024;15:05;1;93;93007;1;1;1;4;A1;48,94674096;2,44241883
202400002779;11;8;2024;06:20;3;987;98729;1;1;1;1;Haapiti; -17,52765400; -149,90564700
202400006050;26;11;2024;07:50;2;63;63103;1;3;1;3;RD 227/ rue de la Croix de fer;45,90915000;3,08503000
202400014803;29;5;2024;14:10;1;38;38422;1;1;1;3;Route de Chamrousse;45,15415500;5,87994900
202400040682;9;12;2024;17:45;5;93;93050;2;1;2;6;LEON BLUM (AVENUE);48,86751000;2,53297000
202400008669;6;2;2024;15:30;1;40;40044;1;1;1;1;d817;43,55411600; -1,30346800
202400008172;6;8;2024;13:10;1;973;97302;2;1;1;7;TIGRE (ROUTE DU);4,91757089; -52,31306791
202400050742;28;3;2024;12:45;1;93;93007;2;2;1;3;Avenue Marcel Alizard / Avenue Georges Guynemer;48,94545000;2,44566000
202400021868;27;1;2024;18:55;3;29;29202;1;1;5;7;D785;48,43262607; -3,88595488
202400012914;29;5;2024;16:49;1;13;13007;1;1;1;3;Route de la Sainte Baume;43,34293900;5,65661800
202400053233;1;5;2024;17:55;1;80;80021;2;1;1;6;RENE GOBLET (PLACE);49,89141000;2,30222000
202400016511;1;8;2024;12:00;1;35;35238;2;6;1;3;BIGNON (DU);48,09707000; -1,62981000
202400020090;16;4;2024;04:10;5;94;94076;2;2;2;7;Avenue de Stalingrad / Boulevard Maxime Gorki;48,78607000;2,36686000
202400003542;21;3;2024;14:00;1;42;42234;1;3;1;3;Route de Fontanès;45,52781700;4,38410300
202400006708;9;8;2024;17:00;1;14;14740;1;1;1;7;Route de Saint Jean;49,00684100;0,43300500
202400013421;3;7;2024;08:55;1;13;13212;2;1;1;4;A507 sens Marseille - Aubagne;43,29737000;5,42476000
202400006341;8;8;2024;19:30;3;972;97213;1;1;1;5;AUTOROUTE A1;14,61781100; -61,01873100
202400048458;28;10;2024;12:40;1;79;79191;2;3;1;3;;46,33003000; -0,44182000
202400013696;21;4;2024;19:50;1;92;92051;2;1;1;3;GENERAL KOENIG (BOULEVARD DU);48,88005000;2,25084000
202400013031;16;10;2024;16:30;1;94;94017;2;2;1;1;Avenue Marx Dormoy;48,80630607;2,53005803
202400041189;11;5;2024;05:10;5;25;25056;2;3;1;3;KENNEDY  BOULEVARD J.F.;47,23446900;5,98431900
202400051350;11;6;2024;08:20;1;03;03311;1;1;3;7;Chemin des Carriaux;46,13020800;3,09616900
202400026177;4;9;2024;18:55;2;58;58247;1;9;1;5;Cougny;47,00330500;3,35415100
202400044197;2;11;2024;15:25;1;17;17116;1;1;1;3;A10;45,41785300; -0,60301400
202400020913;28;6;2024;01:00;5;78;78172;1;3;1;3;RN 184;49,00221500;2,08150000
202400053547;23;10;2024;17:49;1;87;87085;2;2;1;3;SABLARD (AVENUE DE);45,82842000;1,28287000
202400017164;12;3;2024;05:50;5;83;83118;2;1;1;1;AVENUE THEODORE  RIVIERE;43,44008626;6,77568251
202400050237;17;8;2024;20:50;5;75;75116;2;1;2;3;ALLEE DE LA REINE MARGUERITE;48,85431065;2,24203992
202400050807;4;1;2024;09:40;1;95;95018;1;1;1;2;A15;48,95621389;2,27718895
202400035022;1;3;2024;17:30;1;33;33248;1;1;2;4;;45,09136600; -0,79828900
202400027601;23;1;2024;18:35;3;95;95487;1;1;1;6;D301;49,14855336;2,24857092
202400049933;11;2;2024;15:45;1;34;34017;1;3;1;7;D161e3;43,47685600;3,45665900
202400035883;26;8;2024;18:00;1;64;64122;2;1;1;7;CASCAIS (BD DE);43,47669000; -1,54935000
202400021236;28;2;2024;14:23;1;987;98735;2;1;1;6;REMPARTS (RUE BLOC STATION TOTAL PAPEAVA; -17,53310000; -149,56754000
202400001564;23;3;2024;12:45;1;93;93071;2;1;1;6;Boulevard Stalingrad;48,93374800;2,52809500
202400053164;11;7;2024;08:20;1;82;82117;1;1;1;6;Le Bois de Celle;44,33607800;0,96549900
202400020368;27;5;2024;13:50;1;94;94073;1;1;1;4;A86;48,76210053;2,38167667
202400048719;29;3;2024;11:00;1;69;69382;2;1;1;6;4 Place des Jacobins;45,76026000;4,83334000
202400012831;31;5;2024;11:05;1;13;13207;2;2;1;3;CÉSAR ALEMAN (RUE);43,29024000;5,35749000
202400018082;30;1;2024;20:15;3;66;66227;1;1;1;1;D39;42,63709881;2,91524738
202400022775;9;10;2024;22:40;5;95;95277;2;1;3;6;D84;48,98472039;2,46298441
202400034400;4;10;2024;15:15;1;13;13027;1;1;1;3;Chemin du Grand Quartier;43,89387200;4,84324300
202400014544;1;2;2024;08:05;1;75;75113;2;1;2;2;PORTE D IVRY;48,81999200;2,37413900
202400003646;21;3;2024;23:30;5;95;95219;2;3;1;2;MARECHAL FOCH (RUE DU);48,99257571;2,26060599
202400031271;9;4;2024;22:00;3;44;44184;1;1;1;2;Route du Point du Jour;47,29281000; -2,27142000
202400046037;6;12;2024;09:45;1;10;10357;2;1;1;6;GENERAL DE GAULLE (RUE DU);48,29762000;4,13228000
202400010241;7;8;2024;17:19;1;26;26191;1;4;1;2;Route de Dieulefit;44,54771100;4,82124400
202400003223;5;6;2024;12:15;1;23;23096;2;3;1;6;PASTEUR (AVENUE);46,17096200;1,87783400
202400014738;30;5;2024;08:00;1;17;17306;2;1;1;3;FRONT DE MER (PROMENADE DE);45,62394000; -1,02680000
202400039355;6;4;2024;09:30;1;59;59015;2;1;1;6;Arleux;50,26884600;3,12331400
202400051622;27;3;2024;13:50;1;64;64445;2;1;1;2;CAMI SALIE DU;43,33243000; -0,36677000
202400007933;15;9;2024;04:00;5;09;09141;2;1;1;7;Route de Luchon;42,93653800;0,96350300
202400040488;3;11;2024;04:05;5;75;75108;2;2;1;3;PONT ALEXANDRE III;48,86457200;2,31365400
202400048656;31;3;2024;12:55;1;34;34039;1;6;1;2;D613;43,44899300;3,64535800
202400011210;7;10;2024;20:50;5;44;44162;2;1;1;7;155 Boulevard Salvador Allende;47,21998346; -1,62557686
202400047277;6;5;2024;16:45;1;95;95280;2;1;1;2;GARE (AVENUE DE LA);49,02316000;2,46535000
202400030877;17;12;2024;10:40;1;83;83137;1;1;1;5;A50 TUNNEL TUBE SUD;43,12721801;5,92314623
202400052940;24;10;2024;17:45;1;76;76188;2;9;1;7;Route de la Sabliere;49,63293400;1,22258800
202400025117;13;11;2024;17:45;2;92;92004;2;1;1;6;VOLTAIRE ( BD );48,91649000;2,28934000
202400010563;6;8;2024;17:15;1;93;93027;2;1;1;3;Boulevard Pasteur;48,92230000;2,38355000
202400013525;2;7;2024;13:10;1;34;34301;2;9;1;3;FOOTBALL (RUE DU);43,41379000;3,67198000
202400024357;23;5;2024;16:50;2;974;97411;2;1;1;2;LANCASTEL (BOULEVARD); -20,87946000;55,45945000
202400003639;21;3;2024;09:15;1;69;69387;2;3;1;2;Avenue Debourg;45,73150189;4,82988314
202400006527;9;8;2024;21:50;5;13;13204;2;1;1;1;ALEX. FLEMING (BOULEVARD);43,31577000;5,40109000
202400032525;22;6;2024;02:30;3;2B;2B148;1;1;1;2;T11;42,52852700;9,45501200
202400045835;15;7;2024;00:01;5;93;93059;2;2;1;3;Boulevard Jean Mermoz / Rue Guéroux;48,96380000;2,36070000
202400050847;12;8;2024;21:50;3;42;42225;1;1;1;3;A47;45,51871000;4,59117000
202400022477;25;5;2024;19:10;1;67;67303;1;1;7;7;RD 250;48,90959000;7,74109700
202400024448;27;7;2024;05:15;5;69;69388;2;1;1;6;Boulevard des Etats-Unis;45,73363103;4,86412435
202400052380;20;9;2024;17:45;1;93;93027;1;1;1;4;AUTOROUTE A1;48,93830015;2,41440499
202400031199;2;3;2024;23:45;5;93;93008;2;5;2;3;Avenue Paul Vaillant - Couturier / Rue Honore d'Estienne d'Orves;48,90720000;2,45679000
202400049315;23;9;2024;14:25;1;92;92035;2;1;2;3;République ( boulevard de la );48,90601112;2,25125849
202400003004;9;2;2024;12:40;1;973;97302;2;1;1;3;BADUEL (ROUTE DE);4,92828491; -52,29318649
202400048141;19;9;2024;14:45;1;65;65226;1;1;1;2;a64;43,22151800; -0,00326200
202400010500;4;2;2024;11:00;1;13;13005;2;1;1;3;NATIONALE 8;43,28570000;5,55480000
202400017287;12;3;2024;11:55;1;92;92040;2;2;2;1;PAUL-VAILLANT COUTURIER (PLACE);48,82693461;2,27925682
202400034644;20;6;2024;18:30;1;92;92002;2;1;1;6;LAVOISIER (AVENUE);48,74863538;2,31272525
202400027823;21;5;2024;20:05;1;75;75109;2;2;1;6;RUE LAFFITTE;48,87153800;2,33718600
202400032595;21;6;2024;23:00;5;71;71270;2;3;1;1;BIGONNET (RUE);46,30044195;4,82429489
202400053198;1;5;2024;21:25;3;89;89387;2;1;3;7;GENERAL DE GAULLE (RUE DU);48,19436000;3,28353000
202400048578;7;1;2024;15:00;1;32;32410;2;1;8;7;26 Rue de la République;43,49235100;0,93061900
202400047561;21;8;2024;09:25;1;38;38349;2;2;2;3;Rue de la Planche;45,30793000;4,80168000
202400017778;9;9;2024;10:45;1;94;94034;1;1;2;5;A86;48,76061147;2,31935953
202400047913;24;9;2024;18:50;1;92;92064;2;1;2;3;DAILLY;48,84429000;2,22041000
202400050632;3;5;2024;14:10;1;13;13208;2;1;1;4;MENDES FRANCE (AVENUE);43,25529491;5,37632206
202400052936;13;2;2024;21:20;5;83;83137;2;1;1;6;RAYNOUARD (BD);43,12499000;5,94116000
202400006949;4;6;2024;06:45;1;95;95427;2;3;1;3;POIRIERS (RUE DES);48,96741616;2,33885050
202400019275;20;11;2024;14:15;1;60;60079;1;3;1;3;D922;49,14767100;2,87183000
202400013650;21;4;2024;19:15;1;13;13117;2;3;1;1;MARSEILLE ( AVENUE DE );43,45026000;5,25257000
202400039584;26;8;2024;10:00;1;29;29145;1;1;1;3;D7;48,08128186; -4,42776130
202400012359;4;2;2024;00:50;4;85;85302;1;1;1;7;D6;46,95034500; -1,00251000
202400046269;30;10;2024;10:38;1;75;75111;2;3;1;3;BOULEVARD VOLTAIRE;48,85536800;2,38433800
202400044801;8;1;2024;23:45;5;93;93046;2;2;4;3;Avenue Charles de Gaulle / Avenue du President John Fitzgerald Kennedy ;48,91651489;2,53155068
202400000005;25;3;2024;19:35;5;13;13106;1;3;2;5;BEDOULE (CHEMIN DE LA);43,39000000;5,35000000
202400042603;9;12;2024;19:50;3;988;98817;1;3;1;7;RPS1/Rue de La Thi; -22,23034700;166,55025600
202400035654;8;4;2024;05:10;3;26;26247;1;1;1;1;route nationale 7;45,16209009;4,82899867
202400042371;27;9;2024;16:50;1;59;59256;2;1;2;6;Rue Calmette Guerin;50,55814700;3,13635000
202400047044;13;7;2024;11:00;1;48;48166;1;1;1;6;D983;44,26053800;3,62214100
202400000928;10;7;2024;20:10;1;92;92012;2;1;1;3;JEAN JAURES (BOULEVARD) 217/FIN - 210/FI;48,82981565;2,24567413
202400008649;20;7;2024;10:05;1;73;73008;2;6;1;3;D1201 Bd Jean Charcot;45,69429265;5,89993894
202400015748;19;4;2024;21:15;5;69;69034;2;1;1;3;23 Montée des Forts;45,79432000;4,83166000
202400018578;1;8;2024;14:43;1;44;44020;2;6;1;3;Rue de la Croix Jeannette;47,17268968; -1,62177551
202400013338;14;3;2024;09:00;1;33;33550;1;1;1;2;;44,78490000; -0,54212000
202400040983;12;1;2024;16:25;1;35;35066;1;1;8;1;Route départementale 44;48,04816500; -1,71233800
202400031110;5;3;2024;01:20;3;976;97608;2;1;1;7;Route de Moya; -12,78332300;45,28091300
202400001600;24;3;2024;15:15;1;974;97414;2;1;1;6;55 Rue Pente des Vacoas; -21,26682100;55,43893900
202400016032;27;12;2024;16:10;1;90;90053;2;1;1;6;32 Rue General Leclerc;47,53853900;6,97171600
202400004504;27;4;2024;11:40;1;33;33119;2;1;1;2;;44,85522864; -0,53160042
202400019367;30;6;2024;14:15;1;04;04135;1;1;1;6;D952;43,84611900;6,20322000
202400033904;21;7;2024;20:30;1;78;78172;2;9;1;1;AMBASSADEUR (RUE DE L');49,00814000;2,11463000
202400022304;5;9;2024;11:15;1;18;18033;2;2;1;1;47 Rue des Fonds Gaidons;47,07964000;2,42430000
202400043474;16;7;2024;16:40;1;972;97213;1;1;1;2;AUTOROUTE A1;14,61764000; -61,02512000
202400043475;9;5;2024;18:30;1;51;51287;2;1;1;2;Route de Fismes;49,08539100;3,94184400
202400050408;22;9;2024;10:43;1;92;92035;2;1;2;7;Général Leclerc ( avenue du );48,91295000;2,25127000
202400044497;7;12;2024;01:00;5;77;77372;1;1;2;6;A104;48,87691897;2,66878603
202400029439;11;4;2024;13:45;1;51;51454;2;1;1;7;HALBWACHS (RUE MAURICE);49,26915000;4,00161000
202400032570;21;6;2024;10:00;1;80;80021;2;1;1;3;Rue Jean Moulin;49,88180000;2,27887000
202400023921;13;4;2024;18:00;1;26;26146;1;3;1;3;D541;44,42261900;4,87748400
202400044525;6;12;2024;08:50;1;971;97113;2;1;1;6;RN4-ROND POINT SAINT FELIX;16,21334000; -61,42787000
202400048529;28;10;2024;21:45;5;13;13056;2;3;1;3;TURCAN FRANCIS;43,41219000;5,04691000
202400047921;12;6;2024;17:58;1;35;35360;1;1;1;3;les chauffetieres;48,14043200; -1,20720900
202400001499;23;10;2024;17:50;1;92;92002;2;1;1;1;ALPES (SQUARE DES);48,73742418;2,28749325
202400025543;18;12;2024;14:45;1;13;13213;1;1;1;3;A507 sens Marseille - Aubagne;43,32996000;5,40682000
202400017524;21;11;2024;16:45;1;84;84078;1;1;2;2;A7;44,24920300;4,71016300
202400027407;22;1;2024;07:30;5;57;57672;2;1;3;6;GUISE (AVENUE DE) - IMPAIR;49,36593000;6,16677000
202400028588;6;10;2024;23:58;5;06;06079;1;1;1;1;Boulevard du Bon Puits;43,52198900;6,93589400
202400034874;6;11;2024;07:15;2;93;93008;2;9;1;5;STALINGRAD (RUE DE) A10;48,91606523;2,42442097
202400035674;7;4;2024;18:29;1;56;56227;1;3;1;3;Rue François Orain;48,01949500; -2,47243500
202400004574;5;8;2024;21:05;1;37;37261;2;1;1;7;BREL (RUE JACQUES);47,43346000;0,69906000
202400041328;11;5;2024;19:56;1;93;93066;2;2;1;2;Avenue de Stalingrad / Avenue Roger Sémat;48,94433400;2,35710500
202400034292;13;9;2024;02:15;5;15;15014;2;1;1;6;4 bis Avenue de la République;44,92792800;2,44183900
202400013858;11;9;2024;15:55;1;39;39014;1;4;2;5;;47,13859200;5,50895700
202400007617;19;3;2024;16:45;1;80;80215;2;1;7;1;Devant le 2 route d'Abbeville;50,14078800;2,00184000
202400001508;23;10;2024;19:15;3;68;68315;1;1;1;1;Route de Raedersheim;47,88267200;7,25678100
202400032011;31;8;2024;21:45;3;69;69091;1;1;1;4;Autoroute 47 ;45,58706865;4,75638419
202400035318;16;1;2024;14:50;1;69;69383;2;3;1;1;Cours Gambetta;45,75540132;4,84280399
202400040905;13;1;2024;08:25;2;86;86165;2;1;8;1;Route de Lussac;46,41762300;0,84621400
202400010200;7;8;2024;12:45;1;65;65235;1;1;1;6;N21;43,19853740;0,00659079
202400040557;3;11;2024;13:40;1;18;18046;1;1;1;7;;46,76805000;2,32540000
202400017354;30;6;2024;11:45;1;92;92012;2;2;1;3;BELLEVUE (RUE DE) 1/71BIS - 2/72;48,84052343;2,23022801
202400044009;28;9;2024;18:48;1;76;76624;2;1;1;7;2 Rue des Sorbiers;49,87426900;1,21045800
202400031387;10;4;2024;09:20;1;75;75119;2;1;1;6;RUE DE BELLEVILLE;48,87587200;2,40166400
202400018518;2;8;2024;16:00;1;87;87203;1;1;1;4;Autoroute A20 PK205+780;45,66727177;1,38725905
202400012253;1;2;2024;08:45;1;61;61066;1;1;5;6;N12 PK 37+740;48,51065500;0,40550700
202400036032;20;7;2024;19:25;1;84;84087;1;6;1;3;ALLEMAGNE (RUE D');44,11871000;4,83747000
202400031688;19;1;2024;20:10;5;29;29232;2;1;1;7;Rue de la Tour d'Auvergne;47,99258000; -4,08938000
202400015552;21;11;2024;11:30;1;75;75116;2;2;4;6;BOULEVARD EXELMANS;48,84086700;2,26529700
202400039467;20;2;2024;13:40;1;13;13005;2;9;1;2;CAMP DE SARLIER ROUTE DE GEMENOS;43,29826000;5,59787000
202400004266;16;9;2024;20:00;2;29;29241;1;1;1;1;Lieu Dit Kervatal;47,98397600; -3,80205800
202400043147;8;1;2024;21:50;3;78;78158;1;1;4;2;A13;48,84106300;2,10689600
202400045957;22;8;2024;07:20;1;10;10371;1;1;1;1;D72;48,16530700;3,97243400
202400036823;12;12;2024;18:00;5;59;59039;1;1;1;1;Route du Cateau;50,16440000;3,27945800
202400052898;9;6;2024;18:11;1;95;95488;1;1;1;2;A15;49,01046130;2,15450385
202400014077;9;9;2024;09:30;1;72;72181;2;1;1;6;MAILLETS (RUE DES) IMP 37 A 159;48,01549000;0,21298000
202400030440;5;10;2024;13:00;1;63;63113;2;3;1;4;COTE BLATIN (BD);45,76817000;3,08863000
202400049598;13;7;2024;10:00;1;75;75109;2;2;8;6;RUE AUBER;48,87175500;2,33056100
202400041534;24;8;2024;02:10;3;63;63300;1;1;1;6;RD 2009;45,91786000;3,13507000
202400006435;27;4;2024;15:20;1;14;14174;1;1;2;1;Route de la Roche Baligot;48,86945100; -0,58967100
202400016769;27;5;2024;11:25;1;987;98735;1;9;1;3;CHESSE ( RUE); -17,53360000; -149,55881000
202400022591;24;5;2024;10:15;1;75;75119;2;1;1;7;PLACE DE LA BATAILLE DE STALINGRAD;48,88321300;2,36924200
202400048042;21;9;2024;16:20;1;25;25036;2;1;1;1;Rue du Halage;47,19835200;5,96004000
202400028599;6;10;2024;22:20;3;37;37167;1;1;2;6;Route Départementale 68;47,57037510;0,57119161
202400035579;6;4;2024;08:58;1;92;92073;2;2;1;3;SELLIER (BOULEVARD HENRI);48,86720453;2,22141802
202400045790;12;6;2024;22:20;5;93;93005;2;2;2;3;Rue de Sevran / Rue Jules Princet;48,94025100;2,50219700
202400016697;29;5;2024;09:05;1;92;92020;2;1;2;3;EXUPERY AVENUE SAINT;48,80843174;2,29834253
202400026049;25;1;2024;20:30;5;30;30212;2;1;1;7;D6101;43,94035900;4,57371400
202400050262;17;8;2024;17:25;1;75;75110;2;3;3;3;RUE LA FAYETTE;48,87795000;2,35158400
202400040605;27;9;2024;12:15;1;51;51454;2;1;1;7;VAL DE VESLE (BOULEVARD);49,23007000;4,06046000
202400013271;15;3;2024;17:00;1;31;31502;1;1;1;1;D5;43,19475800;0,73005400
202400031243;3;3;2024;19:05;4;64;64430;2;1;2;3;816 Avenue Adrien Planté;43,48120600; -0,75110600
202400029854;19;1;2024;18:25;2;34;34057;2;3;1;3;Avenue Marcel Dassault;43,62443800;3,91538900
202400044071;6;12;2024;21:20;5;72;72181;2;1;1;1;PASTEUR (RUE);48,00109000;0,19126000
202400023789;26;1;2024;15:45;1;13;13211;2;1;1;2;A50-Sens Marseille vers Aubagne;43,28694543;5,43567763
202400008518;8;8;2024;18:10;1;85;85223;1;1;1;5;RD 948;46,58001000; -1,10940000
202400044125;23;8;2024;11:05;1;36;36088;2;2;1;3;Rue des Alouettes;46,94455100;1,98419400
202400011994;15;11;2024;01:10;3;08;08255;2;1;1;6;;49,61678600;5,22716400
202400037898;25;8;2024;14:25;1;38;38562;1;3;1;3;N85;45,07672400;5,76626100
202400045589;20;2;2024;19:00;5;92;92064;2;1;1;2;MARCEL DASSAULT;48,85682111;2,22335529
202400005115;5;6;2024;13:20;1;36;36044;2;2;1;5;Avenue Charles de Gaulle 1890-1970;46,80808000;1,69205000
202400004880;28;11;2024;21:49;3;91;91174;1;1;1;6;RN 104;48,62410000;2,46890000
202400006690;29;10;2024;18:00;5;73;73228;1;3;1;7;D7 / Route de lelia;45,53408051;5,89322448
202400040686;9;12;2024;17:30;5;93;93064;2;1;2;6;QUATRIEME ZOUAVES (RUE DU);48,87273279;2,47742738
202400002899;10;2;2024;20:20;5;92;92012;2;1;2;3;GEORGES GORSE (QUAI);48,82488913;2,23508584
202400038121;25;8;2024;21:42;1;75;75108;2;2;1;6;AVENUE DES CHAMPS ELYSEES;48,87195500;2,30037500
202400041337;26;2;2024;09:00;1;92;92036;1;1;2;2;AUTOROUTE A86;48,93811425;2,29894280
202400029187;16;12;2024;22:15;5;44;44109;2;2;1;3;19 Rue Eugène Thomas;47,26140000; -1,57095000
202400011646;25;11;2024;07:50;2;83;83049;1;1;1;3;D43;43,24952801;6,07807875
202400031643;18;1;2024;12:20;1;56;56121;2;3;7;3;FRANCHET- D'ESPEREY ( BD );47,75358100; -3,36589800
202400003698;21;3;2024;17:48;1;56;56260;2;1;1;2;Boulevard de Pontivy;47,68173000; -2,76870000
202400053819;10;7;2024;12:25;1;2A;2A004;2;1;1;3;stradda di balio;41,95262000;8,78455000
202400029899;18;5;2024;19:30;2;2B;2B305;2;1;1;5;Grisgione;42,73012600;9,45932500
202400010956;31;5;2024;12:25;1;62;62826;2;3;2;3;Avenue de Picardie;50,51232276;1,61593705
202400042953;9;5;2024;23:10;5;43;43089;2;1;1;6;43 Avenue de la Mairie;45,04534224;3,86896208
202400054150;29;11;2024;17:00;2;33;33318;2;1;1;6;;44,79550000; -0,66780000
202400013399;4;7;2024;11:40;1;26;26362;1;1;1;2;A7 PK71.500 sens sud-nord;44,92677700;4,88055800
202400044578;5;12;2024;15:40;1;76;76212;2;1;2;3;Boulevard de la Paix;49,44053000;1,15083000
202400054081;27;1;2024;03:55;5;2A;2A004;2;3;1;3;#181 Residence les Dauphins#;41,93374605;8,75379682
202400008963;3;6;2024;12:00;1;13;13208;2;1;1;3;PRADO (AVENUE DU);43,26875575;5,38547695
202400003805;21;3;2024;08:30;1;93;93007;2;2;1;3;Avenue de Bel-abbès / Avenue Edouard Lucy;48,92803400;2,47968700
202400001662;23;3;2024;14:20;1;69;69254;1;1;1;6;Route D'Amplepuis;45,95060500;4,42369200
202400042040;14;6;2024;17:00;1;25;25204;1;6;1;5;R-N 57.;46,92473000;6,33819000
202400025211;7;3;2024;18:45;5;93;93057;2;3;1;1;Avenue Jean Jaurès / Allée Jean-baptiste Clément;48,90598100;2,50030200
202400037093;26;2;2024;19:50;5;91;91103;2;1;2;4;LEON BLUM (RUE);48,62014000;2,30074000
202400017558;14;11;2024;18:15;5;95;95585;2;2;8;1;D125;48,98046584;2,38813048
202400032031;31;8;2024;19:00;1;91;91136;1;1;1;7;RN20;48,70810000;2,28789000
202400030451;4;10;2024;17:15;1;34;34172;2;1;1;3;LAVERUNE (ROUTE DE;43,59688000;3,83831000
202400040624;3;11;2024;13:10;1;973;97302;2;2;1;3;11 NOVEMBRE;4,93497000; -52,32952000
202400040925;12;1;2024;21:00;3;03;03019;1;1;1;6;Lieu Dit les Communes;46,59994500;3,64932800
202400036218;2;10;2024;10:30;1;92;92063;2;1;2;3;HOURLIER (RUE LEON);48,86317780;2,17538220
202400008405;7;8;2024;14:05;1;26;26058;2;1;1;3;Avenue de Lyon;44,95530000;4,89038000
202400026790;10;11;2024;00:30;5;60;60159;2;6;1;6;Avenue Napoléon;49,40564000;2,83783000
202400015600;21;11;2024;16:10;2;29;29072;2;3;7;3;Avenue de la République;47,80608457; -4,27934788
202400032014;21;7;2024;09:40;1;80;80021;2;1;1;7;Rue Robert le Coq;49,89835000;2,26554000
202400007654;6;7;2024;06:25;1;94;94028;1;1;1;6;A86;48,80301088;2,44831306
202400008884;20;12;2024;11:30;1;38;38175;2;1;1;6;Rue Joliot Curie;45,27223600;5,92105700
202400027581;23;1;2024;09:05;1;93;93001;2;2;1;6;Avenue de la République / Rue Henri Barbusse;48,90611802;2,38958162
202400029322;4;3;2024;09:15;1;26;26313;2;1;1;2;N7;44,95776000;4,92887000
202400034385;3;10;2024;00:30;3;45;45035;1;1;1;7;Rue des Sablons;48,04937000;2,34144000
202400042492;7;12;2024;23:25;5;93;93008;2;3;2;7;SEMARD (RUE PIERRE);48,91290676;2,44629550
202400027363;12;4;2024;05:00;5;84;84092;2;2;1;3;CROIX VERTE (av de la));43,95482000;4,83819000
202400015852;24;12;2024;17:45;1;13;13108;1;2;1;3;CAYADES (ROUTE DES);43,80514000;4,71275000
202400012475;1;2;2024;08:15;2;76;76351;2;1;2;6;FRISSARD (QUAI);49,49001000;0,12614000
202400050059;16;2;2024;08:50;1;93;93006;1;1;1;3;AUTOROUTE A3;48,86690246;2,42530059
202400034884;13;12;2024;02:17;3;11;11262;2;1;2;6;;43,17066000;2,97890000
202400002575;12;8;2024;14:45;1;17;17093;2;1;1;6;8 Rue Marechal Foch;45,88525500; -1,19601300
202400002997;10;2;2024;10:00;1;95;95241;1;1;2;6;N104;49,04663178;2,45596073
202400041378;26;2;2024;16:20;1;75;75115;2;6;2;6;PLACE CAMBRONNE;48,84790600;2,30137200
202400026358;23;5;2024;16:36;1;27;27226;2;4;1;6;Rue des Marronniers;49,31265200;1,61121360
202400053109;2;7;2024;09:13;1;56;56067;2;6;1;6;Giratoire de la place de la mairie;47,75793900; -2,84345800
202400022034;16;4;2024;01:00;3;95;95205;1;1;1;1;BOUQUEVAL (ROUTE DE);49,02310031;2,39103913
202400016919;13;10;2024;03:56;5;44;44143;2;1;1;1;5 Avenue Louise Michel;47,18801000; -1,54783000
202400053341;4;5;2024;15:40;1;32;32013;2;1;1;7;FERMAT (RUE);43,65082000;0,58484000
202400013099;24;5;2024;17:15;1;93;93066;2;1;1;3;BRICHE NR 2 A 38;48,94605000;2,34303000
202400031830;8;4;2024;17:40;1;56;56121;2;1;1;6;FAURE (RUE  GABRIEL );47,76567000; -3,37253000
202400012956;15;10;2024;17:15;1;64;64102;2;1;8;1;MAI 1945 (AVENUE DU 8);43,46911000; -1,48998000
202400048099;24;9;2024;18:00;1;07;07010;1;1;2;1;D878;45,22788000;4,67530500
202400043686;22;2;2024;18:57;3;78;78431;1;1;3;4;A13;48,94336000;1,95078300
202400037034;22;2;2024;16:53;1;2B;2B037;2;1;1;3;TOUTES RUES;42,63406000;9,43176000
202400045586;7;5;2024;18:05;1;95;95607;2;1;2;6;D928;49,02306815;2,23316133
202400037812;19;7;2024;15:50;1;13;13212;1;1;1;2;A507 sens Marseille - Aubagne;43,31604003;5,42256832
202400042520;27;9;2024;18:10;2;69;69271;2;3;7;1;Route de Lyon;45,73870000;4,96491000
202400020756;10;10;2024;18:30;1;75;75114;2;1;2;4;AVENUE RENE COTY;48,83342200;2,33267400
202400029559;10;4;2024;14:17;1;94;94018;2;3;1;2;Rue de Paris / Rue Félix Langlais;48,82870000;2,40242000
202400031801;18;1;2024;09:20;1;92;92063;2;1;4;1;MONIER (RUE JOSEPH);48,89135287;2,17391253
202400028460;6;10;2024;05:55;3;33;33023;1;1;2;5;;44,69765815; -0,49913712
202400026365;28;7;2024;11:25;1;44;44066;1;2;1;1;Route de la Chapelle sur Erdre;47,35468100; -1,59793400
202400019698;23;12;2024;00:40;3;92;92036;1;1;1;7;AUTOROUTE A15;48,93900272;2,29566479
202400052834;3;5;2024;17:40;1;10;10294;1;2;1;3;D81;48,17925800;4,35075200
202400011948;22;4;2024;10:45;1;67;67482;2;3;1;3;FEDERATION (ROUTE DE LA);48,56362000;7,74196000
202400005012;4;9;2024;15:35;1;73;73003;1;1;1;6;N90;45,49979112;6,51267037
202400007144;21;10;2024;13:15;1;55;55001;2;1;1;7;Chemin du Granit;48,52136451;5,49615473
202400006688;10;8;2024;01:15;3;34;34150;2;1;1;1;Avenue du Soleil;43,31999500;3,54169100
202400027715;21;5;2024;09:50;1;29;29039;2;1;1;6;Rue Chateaubriand;47,87162600; -3,91954500
202400025401;6;3;2024;08:26;1;91;91514;2;1;2;6;RTE DE BOUSSY ST ANTOINE;48,68132000;2,53874000
202400047009;19;2;2024;22:45;3;76;76042;1;1;1;6;D929;49,74995500;1,57646300
202400028234;20;5;2024;16:00;1;92;92002;2;1;1;6;ARISTIDE BRIAND (AVENUE);48,75353361;2,30509973
202400043088;11;1;2024;16:05;2;46;46015;1;1;2;1;larive;44,67060200;2,17470300
202400007512;6;7;2024;15:40;1;92;92012;2;1;1;3;HEINRICH (RUE);48,82700371;2,24356270
202400037832;28;8;2024;11:30;1;33;33002;1;1;7;1;;44,44877800; -0,07252700
202400018431;30;1;2024;09:20;1;72;72051;2;1;2;6;21 Rue Nationale;47,83282800;0,08015500
202400015615;21;11;2024;19:41;3;10;10003;1;1;4;6;Autoroute A5;48,26679800;3,73895600
202400008704;9;8;2024;20:10;1;40;40314;2;1;1;6;Route des Tucs;43,67440200; -1,11210800
202400012523;29;12;2024;05:00;3;29;29232;1;1;1;6;RN 165;48,03918399; -4,07541312
202400013965;22;11;2024;00:05;3;95;95582;1;1;4;7;A15;48,96556782;2,25950631
202400017357;19;11;2024;19:30;5;44;44109;2;1;2;6;Rue du Général de Bollardière;47,20869000; -1,53035000
202400010724;2;2;2024;13:00;1;95;95203;2;2;1;3;D928;48,99464963;2,27790842
202400015135;14;3;2024;08:10;1;93;93078;1;1;1;1;Avenue du Sausset;48,96315000;2,51959000
202400045626;20;2;2024;15:25;1;33;33393;1;1;1;6;54 Route de Guîtres;45,00762400; -0,19631800
202400036249;27;8;2024;05:30;3;11;11069;1;1;1;2;ROCADE NORD - RD 6113;43,20428400;2,41105500
202400044417;25;9;2024;13:32;1;54;54395;2;2;1;6;Rue Virginie Mauvais;48,70336000;6,18182000
202400028908;6;9;2024;07:54;1;74;74298;2;3;1;3;LIVRON (ROUTE DE);46,18754000;6,25088000
202400002617;29;4;2024;16:50;1;91;91434;1;1;1;2;AUTOROUTE A6;48,66832500;2,35436100
202400002409;29;11;2024;08:00;1;93;93029;2;1;1;3;CASTELNAU (AVENUE);48,92909002;2,45826211
202400048120;11;6;2024;09:33;1;971;97113;1;3;1;2;PONT DE POUCET;16,21798000; -61,50427000
202400013907;11;9;2024;10:24;1;92;92025;1;1;8;4;A86;48,92961983;2,24118814
202400023216;8;3;2024;04:35;3;26;26058;1;3;1;2;Route des Morliettes;44,96700437;4,91048098
202400020724;25;5;2024;18:35;1;75;75120;2;1;1;2;BD PERIPHERIQUE INTERIEUR;48,86964300;2,41326700
202400004893;7;2;2024;22:00;5;67;67043;2;1;1;6;PERIGUEUX (AVENUE DE);48,61407000;7,75204000
202400037633;28;2;2024;18:17;2;59;59183;2;9;1;1;ROME;51,01938000;2,35191000
202400053456;11;7;2024;14:45;1;86;86083;1;1;1;2;A10;46,51097600;0,14271500
202400041194;2;4;2024;16:30;1;92;92050;2;9;1;6;VAILLANT COUTURIER PAUL RUE;48,88678000;2,20091000
202400049313;5;12;2024;17:30;5;80;80801;2;1;2;3;grande rue;49,87909500;2,89644200
202400042650;27;9;2024;18:40;1;75;75101;2;4;8;3;RUE DU LOUVRE;48,86303800;2,34185000
202400015971;23;12;2024;10:50;1;84;84142;1;2;1;2;D31;43,97089000;5,02026900
202400009599;17;3;2024;18:35;1;92;92024;2;2;1;3;MARTRE (RUE) DE (1 A 41);48,90088757;2,30804157
202400017725;23;12;2024;18:15;3;64;64445;2;1;1;3;GENERAL LECLERC DU;43,30380000; -0,34614000
202400025505;13;4;2024;12:10;1;51;51454;2;2;1;3;JAURES (AVENUE JEAN) DU N° 74 A FIN (PAI;49,26255900;4,05342600
202400004507;8;8;2024;09:30;1;971;97107;2;1;1;6;PAUL LACAVE ( AVENUE );16,04552000; -61,56290000
202400002287;29;11;2024;20:33;5;25;25539;2;1;1;1;BERNE (RUE DE);47,45431000;6,87536000
202400009589;4;7;2024;18:20;1;13;13215;1;1;1;2;A7-Sens Marseille vers Lyon;43,34667000;5,37269000
202400006483;8;2;2024;20:15;5;06;06088;1;1;1;6;A8;43,73164500;7,27783900
202400024922;27;6;2024;08:10;1;56;56053;1;3;1;3;Le Petit Boccolo;47,71257000; -2,61233200
202400038980;13;1;2024;14:45;1;63;63113;2;1;1;6;CARNOT (AVENUE);45,77627000;3,09645000
202400046890;29;3;2024;14:00;1;89;89387;2;9;2;3;MAIL (RUE DU);48,20102000;3,28706000
202400031725;17;5;2024;09:10;1;973;97302;2;3;2;3;BADUEL (ROUTE DE);4,93704525; -52,31510952
202400046670;9;1;2024;00:45;4;47;47159;2;3;1;6;D6;44,41090000;0,22073500
202400044443;26;9;2024;16:40;1;37;37195;2;1;1;7;PROUDHON (AVENUE);47,38980000;0,64818000
202400020476;28;7;2024;20:25;1;76;76447;2;1;1;6;MARECHAL FOCH;49,53855000;0,18658000
202400046533;27;8;2024;09:15;1;84;84007;2;1;1;6;BALANCE (rue de la);43,95148000;4,80569000
202400043584;24;2;2024;07:45;1;40;40152;1;1;4;4;A63 - PK 101.900;43,98750400; -1,04365800
202400003031;8;2;2024;11:45;1;83;83137;2;4;1;3;LOUVOIS (BD);43,12937000;5,93022000
202400053122;12;6;2024;07:00;2;13;13014;1;9;1;2;D21;43,48605800;5,18953800
202400033890;16;5;2024;19:50;1;92;92078;2;1;1;2;GALLIENI (BD) (1 A 79 ET 22 A 102);48,92723690;2,33017552
202400009129;18;10;2024;12:20;1;59;59328;2;1;2;5;HIPPODROME AV DE L N°237 AU389;50,65416000;3,01938000
202400017449;12;3;2024;07:30;2;42;42094;2;2;2;3;Rue Louis Blanc;45,73637300;4,23588400
202400040994;4;4;2024;14:05;1;33;33529;2;9;1;3;;44,61242700; -1,11982900
202400006349;26;11;2024;11:35;1;93;93010;1;1;1;1;AUTOROUTE A3;48,91454975;2,47732254
202400030839;22;6;2024;05:28;3;79;79220;1;3;3;7;;46,22148200; -0,68372700
202400052427;1;12;2024;18:55;5;37;37261;2;2;1;3;MARNE (CARREFOUR DE LA);47,42362000;0,69823000
202400010773;30;12;2024;08:50;2;10;10325;2;1;2;7;ROCADE OUEST (RD 610);48,26765000;4,06217000
202400042021;23;8;2024;17:20;1;69;69275;2;1;1;6;Avenue Jean Jaurès;45,77086419;4,95976421
202400048515;28;10;2024;14:39;1;31;31555;2;1;1;3;REVEL (RTE DE) DU 2AU 306;43,56797502;1,50547564
202400035670;19;7;2024;10:00;1;75;75120;2;1;1;3;BD PERIPHERIQUE INTERIEUR;48,86694200;2,41322000
202400028158;27;7;2024;02:48;3;45;45186;1;1;2;7;D318 PR 3 + 970;48,05082900;2,53084700
202400023002;27;6;2024;17:50;1;54;54435;1;1;1;7;Chemin communal La Traverse;48,97376651;5,96682072
202400050329;17;8;2024;16:25;1;57;57077;1;1;1;7;D155v;48,73731400;6,61110900
202400044000;27;9;2024;16:30;1;38;38160;1;2;1;3;Montee de Chez Voisin;45,48576900;4,96934700
202400051020;4;5;2024;23:00;3;18;18229;1;1;3;7;;47,25259700;2,40572700
202400047207;29;3;2024;15:00;1;75;75101;2;3;1;3;RUE DE RIVOLI;48,86230000;2,33705000
202400011029;1;6;2024;18:00;1;75;75108;2;2;8;1;BOULEVARD HAUSSMANN;48,87512400;2,31490300
202400053493;13;2;2024;12:45;1;13;13205;2;2;1;2;CAMAS (RUE DU);43,29583000;5,39618000
202400048761;18;2;2024;14:10;1;51;51597;1;1;3;7;D22;49,04747500;3,88712200
202400046680;30;3;2024;16:50;1;75;75101;2;7;8;6;RUE DE ROHAN;48,86274800;2,33528300
202400033255;17;1;2024;19:45;4;76;76351;2;1;4;2;GEORGE V (QUAI);49,49093400;0,11328600
202400000284;18;9;2024;07:55;1;11;11262;2;1;1;3;177 Avenue de Saint Augustin;43,19814400;2,97321800
202400027674;23;1;2024;15:00;1;987;98731;2;1;1;6;Village d'HATIHEU; -8,82876000; -140,08573700
202400039185;13;5;2024;19:10;1;18;18018;1;1;1;2;;47,03306800;2,63532400
202400036718;17;6;2024;17:20;1;77;77335;1;1;1;5;RN3 (ROUTE NATIONALE);48,95721000;2,85143000
202400002993;18;10;2024;06:45;1;972;97213;1;1;1;2;ROUTE NATIONALE 5;14,59664000; -60,99582000
202400032502;23;6;2024;13:25;1;84;84123;1;1;1;6;CD 164 route du mont ventoux;44,11579100;5,38773700
202400037538;14;1;2024;15:15;1;75;75117;2;3;1;2;AVENUE DES TERNES;48,87898200;2,29277600
202400014947;15;10;2024;19:40;3;35;35120;1;1;1;6;la Cornillère;48,21368600; -1,77114300
202400020866;10;10;2024;11:05;1;83;83069;2;1;1;6;BELGIQUE ( AVENUE DE );43,12035000;6,13185000
202400019754;14;4;2024;09:15;1;88;88417;1;1;1;3;Route d?Epinal;48,32900100;6,64234000
202400009441;18;3;2024;18:30;2;65;65069;1;1;1;3;D142;43,07297500;0,39617300
202400014937;15;10;2024;09:15;1;94;94041;2;9;1;3;Quai Marcel Boyer;48,80785000;2,38683000
202400049331;6;5;2024;00:01;3;22;22162;1;6;2;6;Rond point de la Lande Blanche;48,76186600; -3,04004800
202400033729;2;3;2024;09:50;1;06;06003;1;1;1;5;Route de Saint Vallier;43,77403600;6,85539600
202400030057;25;7;2024;07:40;1;03;03297;1;1;1;6;D2144;46,54717300;2,61869400
202400009208;18;10;2024;01:30;5;75;75108;2;3;2;7;AVENUE DES CHAMPS ELYSEES;48,87148600;2,30245700
202400024077;30;7;2024;07:58;1;45;45317;1;1;1;2;A10 PR 122 + 538;47,78455700;1,59725500
202400036848;6;11;2024;09:00;1;91;91228;1;1;1;2;AUTOROUTE A6;48,62810000;2,41270000
202400034301;3;10;2024;16:50;1;07;07070;2;1;1;6;GEAIS (RUE DES);44,96381000;4,85126000
202400039480;6;4;2024;06:50;2;70;70279;1;1;1;6;D67;47,42040000;5,61895400
202400006822;6;12;2024;21:00;5;74;74104;1;3;8;3;D1508;45,77785400;6,23293300
202400029398;4;3;2024;15:50;1;92;92050;2;2;1;3;VENETS RUE DES;48,88995591;2,20319510
202400024671;8;10;2024;07:15;1;974;97411;2;2;1;3;JAURES (BOULEVARD JEAN); -20,89070000;55,45500000
202400025450;12;4;2024;18:33;1;91;91109;1;1;1;1;COCHET (RUE DU)        RD201;48,45940000;2,12000000
202400023110;15;11;2024;23:00;5;49;49267;1;2;1;2;RD 347;47,47334000; -0,46586000
202400012649;5;8;2024;10:25;1;07;07041;1;1;1;7;Route de Vidalon;45,26288000;4,68601400
202400051700;12;7;2024;18:30;2;38;38376;2;1;3;7;D520c;45,43298800;5,79749800
202400021595;21;12;2024;16:30;1;973;97307;1;1;1;5;N4;4,86482100; -52,31136900
202400028660;24;6;2024;10:21;1;11;11262;2;3;1;6;10 Quai Victor Hugo;43,18103000;3,00898000
202400051266;26;10;2024;18:15;2;51;51079;1;3;1;3;Rue de Louvois;49,08900300;4,12797300
202400040738;9;12;2024;15:10;1;22;22241;1;1;2;3;Porcollois;48,12705300; -2,62648300
202400024591;8;10;2024;05:50;5;75;75103;2;2;8;3;RUE DU VERTBOIS;48,86770000;2,35493700
202400045521;6;5;2024;17:50;1;974;97411;2;1;1;6;LECONTE DE LISLE (AVENUE); -20,89118000;55,48039000
202400045061;22;2;2024;15:27;1;95;95277;1;1;3;4;A1;48,97418023;2,48861148
202400044997;8;5;2024;14:00;1;78;78609;1;1;1;3;CD 28;49,02879900;1,91676600
202400034155;30;8;2024;11:40;1;974;97412;2;2;1;3;Rue des Prunes; -21,37028000;55,63333900
202400043749;16;7;2024;17:45;1;13;13103;2;1;1;2;AVENUE DE L' EUROPE;43,64434849;5,10256824
202400002060;16;3;2024;09:10;1;93;93001;2;2;1;6;Avenue Jean Jaurès / Avenue de la République;48,90382000;2,39213000
202400013343;29;6;2024;15:10;1;01;01072;1;1;1;3;RD979;46,18423400;5,30505800
202400001127;11;2;2024;00:40;5;75;75115;2;3;1;6;RUE DU COMMERCE;48,84854300;2,29728100
202400041884;17;7;2024;07:00;1;93;93051;2;1;1;3;Avenue Emile Cossonneau;48,84940000;2,56271000
202400000624;2;5;2024;05:40;3;77;77065;1;2;9;6;Intersection Autoroute A6, échangeur de Cély, circulant vers la province et D372;48,45675800;2,51995100
202400049994;8;6;2024;20:22;1;87;87085;2;1;1;6;DETAILLE (RUE);45,85232000;1,27209000
202400008614;6;2;2024;18:28;2;71;71047;2;2;1;3;10 Rue des Prébendes;46,62262200;3,77595100
202400034653;20;6;2024;22:30;3;35;35063;1;1;1;6;;48,31460000; -1,34059000
202400035537;7;4;2024;06:30;2;94;94052;2;3;1;2;Rue Hoche / Boulevard Albert 1er;48,83382000;2,49284000
202400024744;8;10;2024;08:35;1;11;11069;2;3;1;1;8 Rue Antoine Marty;43,21622000;2,35987000
202400018145;18;12;2024;07:40;5;76;76114;2;1;1;3;JOFFRE (AVENUE DU MARECHAL);49,57026000;0,48428000
202400041084;4;4;2024;08:05;1;75;75116;2;1;2;4;BD PERIPHERIQUE EXTERIEUR;48,85835082;2,26063478
202400014431;5;8;2024;07:30;1;65;65050;1;1;1;7;D618;42,84714600;0,40942300
202400020903;27;6;2024;12:00;1;84;84007;2;6;1;2;REALPANIER (Rond point de)-MONTFAVET;43,95028100;4,86070300
202400044930;1;4;2024;15:25;1;74;74012;2;1;1;3;GIFFRE (AVENUE DU);46,19599000;6,23928000
202400002781;10;2;2024;17:55;5;69;69387;2;2;2;3;Rue de Gerland;45,72990000;4,83804000
202400038654;6;11;2024;01:15;3;02;02445;1;1;5;6;D31;49,91897000;3,94080900
202400034192;21;7;2024;21:30;1;59;59350;1;1;1;6;Boulevard Pierre de Coubertin;50,64497000;3,07099000
202400027757;13;4;2024;16:59;1;44;44087;2;1;1;1;Boulevard de l’atlantique;46,99838600; -1,81441000
202400007516;18;3;2024;17:50;1;06;06069;1;1;1;3;Route de Plascassier;43,65011000;6,96019000
202400036948;11;12;2024;17:25;3;64;64348;1;1;1;1;FRERES WRIGHT DES;43,34889000; -0,38412000
202400025953;27;7;2024;13:15;1;85;85191;2;6;8;6;Rue du puy charpentreau;46,64820100; -1,43464600
202400007235;20;10;2024;22:15;4;64;64460;2;1;1;6;4 Rue des 3 Frères Carrey;43,19491300; -0,58147900
202400036811;13;12;2024;13:40;1;01;01007;1;6;1;6;D1075;45,99571000;5,34135800
202400019665;30;1;2024;00:40;3;56;56101;1;1;1;6;Lieu-Dit Talhouët Spinifort;47,82642400; -3,20073400
202400001004;6;6;2024;15:50;1;87;87085;2;2;1;6;GIFFARD (RUE HENRI);45,86926200;1,26836100
202400024469;23;5;2024;20:40;1;27;27375;2;1;1;3;ONZE NOVEMBRE 1918 (RUE DU);49,22027000;1,16634000
202400053484;13;2;2024;07:56;1;15;15014;1;1;9;6;RD 117;44,92424000;2,47176000
202400023655;18;12;2024;18:15;5;91;91286;2;1;2;6;HENRI BARBUSSE (PLACE);48,65287000;2,39234000
202400013661;22;11;2024;12:25;1;07;07186;2;1;1;1;BOURRET (RUE DU DOCTEUR);44,73130000;4,59033000
202400043478;23;2;2024;18:02;2;92;92073;2;9;8;6;BLUM (QUAI LEON);48,86508030;2,22684968
202400045154;16;7;2024;18:20;1;70;70432;1;3;1;3;D134;47,73208600;6,43821400
202400029683;19;5;2024;14:45;1;54;54395;2;2;1;3;Rue Jeanne d'Arc;48,68342889;6,17344201
202400040290;15;6;2024;10:30;1;93;93008;2;4;1;4;Avenue Paul Vaillant-Couturier / A86;48,90980000;2,44450000
202400003017;9;2;2024;14:45;1;2B;2B037;2;1;1;2;TOUTES RUES;42,61988000;9,43763000
202400007123;1;6;2024;09:00;1;21;21379;1;1;1;7;D17D;47,13689900;4,37624900
202400021040;18;11;2024;18:05;5;80;80318;2;3;2;6;3 Rue Roger Godard;50,01650900;2,07967800
202400025941;23;5;2024;18:00;1;05;05098;2;1;2;6;D40;44,49278600;6,55580200
202400001220;24;10;2024;14:20;1;07;07272;1;1;3;7;D1;44,50832000;4,41521600
202400004093;27;11;2024;08:00;2;77;77330;2;1;2;6;Chemin de Crecy;48,92589142;2,88431857
202400016827;27;5;2024;09:47;1;56;56098;2;1;1;2;Lann Sévelin;47,77862300; -3,34861200
202400036327;2;10;2024;08:45;1;57;57601;1;1;2;1;M603;49,11146400;6,05555400
202400051550;21;9;2024;03:45;3;44;44020;1;1;2;2;;47,17606000; -1,59742000
202400002985;25;10;2024;12:30;1;61;61339;2;1;2;2;D909;48,76388700; -0,24460600
202400019826;21;12;2024;10:00;1;07;07019;2;1;1;6;BELLANDE (AVENUE DE );44,61514000;4,40096000
202400028554;7;10;2024;12:40;1;26;26353;1;1;2;7;Route de l’Ecluse;44,67384300;4,78999300
202400046188;25;9;2024;06:50;2;63;63113;2;5;1;1;FLEURY (BD);45,77726000;3,09610000
202400036508;6;11;2024;19:15;3;95;95604;1;1;1;3;A1;49,12091000;2,55671000
202400049544;29;3;2024;19:00;3;93;93078;1;1;3;3;A104;48,95857237;2,53354347
202400037054;14;5;2024;10:20;1;45;45147;2;1;2;6;268 Rue du Faubourg Bannier;47,92449000;1,89704000
202400037232;13;5;2024;10:40;1;93;93064;2;1;1;3;Rue Laënnec;48,88180200;2,49470700
202400003215;23;8;2024;20:00;1;74;74298;2;3;1;3;LIVRON (ROUTE DU);46,18570000;6,25150000
202400025493;20;12;2024;14:45;1;971;97103;2;1;1;1;Rue henri sidambaron;16,25620800; -61,58925900
202400033678;2;3;2024;13:40;1;85;85254;1;1;8;6;la travaillère - RD 27 - PK 47+400;46,82933000; -0,76055000
202400017516;20;11;2024;18:25;4;85;85026;2;1;8;3;Route du guy bertin;46,54497300; -1,40042100
202400010076;25;8;2024;18:00;1;13;13117;1;1;1;2;A7-Sens Lyon vers Marseille;43,42153273;5,26887776
202400006659;7;2;2024;18:55;5;33;33281;2;2;2;6;;44,83504800; -0,62728500
202400011485;16;3;2024;02:20;3;95;95241;1;1;2;2;N104;49,04733495;2,43640924
202400005059;21;5;2024;16:15;1;44;44114;2;6;8;3;Place de la France Libre;47,25400000; -1,61500000
202400045074;2;4;2024;18:30;1;82;82134;1;2;1;3;Route de Vaïssac;44,05868700;1,53543600
202400052821;10;8;2024;11:35;1;84;84046;1;1;1;3;D19;44,09774100;5,23037200
202400027056;12;11;2024;21:00;5;67;67482;2;1;1;3;HAGUENAU (PLACE DE);48,59317100;7,74347000
202400044637;1;11;2024;06:00;3;80;80585;1;1;1;6;D337;49,76220000;2,90374700
202400003954;16;9;2024;13:00;1;93;93027;1;1;1;4;AUTOROUTE A1;48,93608477;2,40504069
202400035365;15;5;2024;17:35;1;67;67482;2;1;1;3;GEORGES WODLI (RUE);48,58798000;7,73775000
202400021863;7;9;2024;15:15;1;58;58309;1;1;8;7;41 route du puits;46,90953600;4,00136000
202400028284;26;7;2024;19:15;1;95;95018;1;1;2;6;A15;48,95204423;2,27986403
202400028596;3;10;2024;15:41;1;04;04116;1;1;1;6;D4;44,01433800;5,95357100
202400053096;25;3;2024;17:10;1;21;21355;2;1;1;3;DIJON (DE) (ROUTE);47,29150200;5,05848400
202400051835;14;2;2024;08:30;1;987;98735;2;1;1;2;DESTREMEAU (RUE ); -17,54518190; -149,57633620
202400007921;24;4;2024;12:20;1;84;84087;2;1;1;3;MISTRAL (AVENUE FREDERIC);44,13700000;4,81800000
202400022796;9;10;2024;09:09;1;71;71076;2;1;1;2;SAINT COSME (QUAI);46,77676721;4,84841294
202400009453;6;7;2024;14:00;1;62;62273;2;1;6;3;D127;50,61153000;1,82971700
202400038707;5;11;2024;17:50;4;59;59653;1;6;2;2;RN 41;50,58420400;2,90795400
202400016321;3;8;2024;17:50;1;91;91161;1;1;1;7;AUTOROUTE A6;48,71384000;2,30903000
202400007684;4;7;2024;18:30;1;91;91228;1;2;1;2;AV PAUL DELOUVRIER;48,62221000;2,41666000
202400024085;13;4;2024;18:00;1;69;69383;2;2;1;2;Cours Gambetta;45,75532000;4,84298000
202400036884;13;12;2024;17:30;5;50;50041;2;1;1;6;d22;49,62074800; -1,74825300
202400046208;6;12;2024;00:01;5;92;92049;2;7;3;6;PERI RUE GABRIEL N°37 A 99;48,81830231;2,32085019
202400047729;12;6;2024;16:40;1;12;12025;1;3;1;2;RD32 lieu dit buffières;43,86249000;2,75163500
202400038895;14;1;2024;18:30;5;93;93050;2;3;1;3;Rue Paul Vaillant Couturier / Avenue Pascal;48,87028000;2,55477000
202400041881;16;6;2024;20:15;1;77;77053;1;1;2;6;RN104;48,68496500;2,59854600
202400013237;3;7;2024;16:43;1;34;34108;1;1;1;2;RD 612;43,46458000;3,76670000
202400045440;12;7;2024;15:54;1;87;87050;2;1;1;6;LIMOGES (AVENUE DE);45,88417435;1,23867452
202400016367;25;12;2024;11:45;1;60;60471;1;2;8;6;D932;49,60150085;3,01150274
202400035043;17;1;2024;17:50;5;75;75116;2;2;2;6;ALLEE DE LONGCHAMP;48,87330300;2,26660700
202400025378;19;12;2024;16:15;1;93;93055;2;1;2;2;FLORIAN;48,89472017;2,40248945
202400001254;23;10;2024;18:07;1;59;59350;1;1;1;2;ROUTE NATIONALE 356;50,62213000;3,08304000
202400002274;30;4;2024;08:25;2;91;91589;1;1;2;3;AUTOROUTE A6;48,67460000;2,34190000
202400013379;3;7;2024;11:30;1;974;97420;2;1;1;6;74 Avenue Pierre Mendès France; -20,90496300;55,60559900
202400016841;15;10;2024;08:20;2;77;77238;1;1;1;2;route de la ferte sous jouarre;48,93403100;3,12400100
202400022899;16;11;2024;20:50;5;10;10357;2;3;1;3;ROUTE DE BOURANTON (D147);48,29688000;4,13337000
202400015308;1;7;2024;07:20;1;81;81038;2;3;1;3;279 Route de Graulhet;43,87804800;1,91152500
202400045760;15;7;2024;21:47;5;75;75113;2;1;1;2;BOULEVARD PERIPHERIQUE;48,82621500;2,38777800
202400000397;20;9;2024;16:54;1;21;21217;1;1;7;7;D116;47,19788700;4,90405700
202400035875;28;8;2024;13:19;1;69;69091;2;1;1;3;Rue Victor Hugo;45,58780025;4,77114110
202400015400;30;6;2024;19:45;1;72;72181;2;1;1;1;CORDELET LOUIS ( AV);48,01286000;0,18797000
202400024837;25;6;2024;19:29;1;75;75117;2;4;1;3;AVENUE DES TERNES;48,87975500;2,28936000
202400019927;28;1;2024;19:30;5;13;13208;2;1;1;5;MENDES FRANCE (AVENUE);43,25005000;5,37517000
202400043876;14;7;2024;13:05;1;94;94068;2;1;1;4;Avenue du Bac;48,79478000;2,51067000
202400007504;6;7;2024;00:29;5;92;92051;2;1;1;3;HOTEL DE VILLE (RUE DE L', N° 1 A 19);48,88300366;2,26790079
202400022014;26;1;2024;15:05;1;973;97309;2;6;1;3;SUZINI (CARREFOUR);4,92707000; -52,28978000
202400047903;18;8;2024;00:08;5;58;58194;2;3;2;6;PIERRE EMILE GASPARD;46,98643000;3,15139000
202400028060;21;5;2024;12:20;1;42;42304;2;1;1;6;Route de Montbrison;45,54682704;4,17101651
202400011735;22;4;2024;21:56;3;93;93071;2;3;1;6;Rue Gabriel Péri /Rue du Pont Blanc;48,94228000;2,53271000
202400051078;26;10;2024;06:55;3;94;94021;1;1;1;1;Rue du Pont des Halles;48,76116000;2,34181000
202400015768;19;4;2024;21:32;5;71;71076;2;2;1;3;AVENUE Pierre MENDES FRANCE;46,77492000;4,83682000
202400031395;18;5;2024;11:10;1;09;09225;1;1;1;4;ROUTE NATIONALE 20;43,15070514;1,61644131
202400024156;29;7;2024;06:40;1;91;91553;1;1;1;6;RN 104;48,62896000;2,48178000
202400042144;27;9;2024;22:45;5;92;92046;2;2;2;3;PAUL BERT (RUE);48,81724352;2,29469150
202400006233;27;11;2024;09:07;1;92;92040;2;1;2;6;RODIN (BOULEVARD);48,81944526;2,25971237
202400014683;4;8;2024;17:50;1;76;76622;1;1;1;6;D28 Route de Triquerville;49,48181122;0,61174750
202400049850;27;10;2024;18:20;3;27;27681;1;1;1;7;GISORS (ROUTE DE);49,10995500;1,48955100
202400047228;5;1;2024;12:20;1;75;75112;2;1;1;6;PORTE DOREE;48,83687000;2,41240100
202400007184;20;10;2024;15:15;1;21;21577;2;9;1;3;rue du canal;47,10598900;5,25497900
202400008676;18;11;2024;09:00;1;75;75109;2;7;2;3;RUE DE DOUAI;48,88345100;2,32989100
202400001711;10;7;2024;07:30;1;93;93029;1;1;1;4;A86;48,91845143;2,42885396
202400047113;18;2;2024;09:30;1;94;94041;2;9;1;3;Avenue de Verdun / Boulevard Hippolyte Marquès;48,81719760;2,36711249
202400004163;13;9;2024;10:00;1;94;94068;2;3;9;2;Quai du Port au Fouarre;48,79915000;2,47122000
202400016404;2;8;2024;11:08;1;2A;2A004;2;1;1;3;PRINCE IMPERIAL COURS;41,93402000;8,75031000
202400016541;1;2;2024;10:39;1;62;62014;2;1;1;6;Rue de Saint-omer;50,64065900;2,39725900
202400022819;27;6;2024;18:00;1;77;77373;2;1;1;3;RUE DU PLATEAU;48,79696000;2,61359000
202400022865;26;6;2024;16:50;1;11;11069;2;1;1;6;131 Rue Trivalle;43,20855000;2,36751000
202400038934;15;1;2024;08:45;1;69;69204;2;1;2;6;106 Avenue Georges Clémenceau;45,69862100;4,79483800
202400038697;12;12;2024;18:00;3;26;26358;1;1;1;7;Route de Montoison;44,80402900;4,96117500
202400017613;19;4;2024;17:45;1;978;97801;2;2;1;3;R JEAN-LUC HAMLET;18,06697900; -63,07115800
202400021187;26;2;2024;16:20;1;33;33433;1;1;2;6;;44,92874400; -0,42340300
202400006737;26;9;2024;09:00;1;75;75115;2;3;9;4;PORTE BRANCION;48,82756400;2,30108700
202400031571;19;5;2024;16:00;1;83;83007;1;1;1;1;RD957 Pk22;43,64681336;6,22300327
202400036468;7;11;2024;17:40;2;23;23125;1;1;1;6;D982;45,73042700;2,20431400
202400009507;5;7;2024;17:45;1;10;10087;2;1;1;3;Rue de Galiche;47,95663300;4,06675500
202400021101;11;3;2024;16:40;1;39;39201;1;1;1;6;;46,66645200;5,78434100
202400039623;13;5;2024;07:00;2;89;89409;1;1;2;6;D957;47,47512100;3,80940700
202400046728;9;1;2024;19:40;3;60;60671;1;1;9;7;D330a;49,15521900;2,76567400
202400050309;21;9;2024;19:30;1;75;75117;2;3;1;7;BOULEVARD DES BATIGNOLLES;48,88324500;2,32533300
202400049919;16;8;2024;16:05;1;973;97302;2;2;1;3;CATAYEE (JUSTIN);4,93842663; -52,33036110
202400036234;27;8;2024;10:00;1;28;28085;2;4;1;3;BOURGNEUF (RUE DU);48,45412066;1,48773819
202400011108;18;10;2024;17:10;1;69;69214;2;3;1;5;Route du Pont Mondet;45,98089400;4,32591000
202400010854;3;6;2024;08:05;2;60;60509;2;6;1;6;Rue Voltaire;49,30784100;2,60677700
202400004022;7;7;2024;10:15;1;13;13099;1;3;1;1;Chemin Departemental 952;43,68790700;5,70071300
202400049849;27;3;2024;22:50;3;74;74242;2;1;1;7;;45,83537600;6,16142800
202400049371;16;2;2024;11:35;1;13;13215;2;9;1;3;SAINT ANTOINE A SAINT JOSEPH (CHEMIN DE);43,36048000;5,36369000
202400043783;22;8;2024;12:15;1;91;91114;2;2;7;3;RTE NATIONALE 6;48,68313000;2,49051000
202400030561;23;6;2024;18:00;1;93;93051;2;1;7;3;Rue Pierre Brossolette;48,84814342;2,54884154
202400013819;22;4;2024;09:10;1;89;89055;2;1;1;1;Route de Joigny;47,98999300;3,61235100
202400005684;21;3;2024;09:35;1;77;77242;2;1;1;6;D 412;48,48695300;3,23169700
202400024425;28;7;2024;06:50;1;83;83047;1;1;1;1;A570;43,13422723;6,04850543
202400036202;26;8;2024;14:20;1;50;50129;2;4;1;3;MENDES FRANCE (BOULEVARD);49,63481000; -1,62686000
202400014674;3;8;2024;12:20;1;93;93047;2;4;1;3;BARGUE  (BOULEVARD);48,90300000;2,56219000
202400013910;20;4;2024;12:55;1;69;69386;2;2;1;3;Rue Bossuet;45,76784000;4,85069000
202400053818;24;10;2024;08:05;5;41;41269;2;9;1;3;SAINT LUBIN (FAUBOURG);47,79048000;1,06375000
202400049067;5;5;2024;17:20;1;92;92048;2;9;2;3;DOCTEUR ARNAUDET (RUE DU);48,81458801;2,24799174
202400053071;26;3;2024;08:45;1;28;28085;2;9;2;3;TROIS PONTS  (RUE DES);48,43215000;1,49273000
202400016972;11;10;2024;08:00;2;44;44096;1;1;5;3;91 la loirière;47,44686500; -1,18094400
202400002821;9;2;2024;15:15;1;59;59350;2;2;1;3;Rue de Wazemmes;50,62270000;3,06413000
202400039677;28;2;2024;08:35;1;51;51351;1;1;1;2;Marigny;48,66987968;3,86690867
202400025194;10;11;2024;19:20;3;13;13071;1;1;1;2;A7-Sens Lyon vers Marseille;43,40498387;5,33981320
202400016811;28;5;2024;16:30;1;67;67482;2;1;1;7;JEAN JAURES (AVENUE);48,56750000;7,77040000
202400007129;5;6;2024;12:15;1;04;04204;1;9;1;6;D4085;43,91533100;6,40895600
202400041824;24;8;2024;15:45;1;29;29163;2;1;1;7;Rue Pasteur;48,50851300; -3,87781700
202400032290;29;8;2024;18:45;1;85;85009;1;3;2;1;RD65;46,44307500; -0,88045100
202400030192;24;7;2024;18:50;5;974;97411;1;9;1;7;MANES (RUE EDOUARD); -20,89560000;55,49511000
202400046405;6;12;2024;06:15;3;93;93027;1;1;1;3;AUTOROUTE A1;48,93857335;2,41640267
202400054374;29;11;2024;23:20;5;94;94077;2;2;1;3;Avenue le Foll;48,73061000;2,42602000
202400049164;6;5;2024;13:45;1;38;38130;1;1;2;1;Route de Champier;45,41362000;5,26017700
202400015263;10;3;2024;14:40;1;78;78506;1;1;1;6;A11;48,51759800;1,79062900
202400047675;11;6;2024;17:00;1;62;62868;1;2;1;3;D109;50,35421100;2,12779500
202400025589;26;1;2024;20:55;3;988;98805;1;1;1;1;VE2 - zone en travaux; -22,17381400;166,42212200
202400019021;7;4;2024;19:45;1;74;74112;1;1;1;6;A41;45,94593200;6,11169800
202400019248;28;10;2024;18:00;3;26;26165;1;1;1;4;A7 - PK 090.700 SENS SUD/NORD;44,77134293;4,80249595
202400032320;5;10;2024;17:30;1;94;94028;1;1;1;5;A86;48,78943010;2,44046879
202400012507;2;2;2024;22:48;5;69;69256;2;2;1;1;Rue Jean Foucaud;45,77404000;4,92103000
202400039269;13;5;2024;11:40;1;91;91064;1;1;1;3;RN 118;48,74588000;2,19395000
202400028006;21;1;2024;09:55;1;13;13202;2;1;1;6;CARGO RHIN FIDELI (RUE);43,32700000;5,35694000
202400015231;15;3;2024;16:25;1;38;38222;1;1;1;7;Route de Chirens;45,43659900;5,58072000
202400001484;22;10;2024;20:35;5;93;93057;2;1;1;1;EUROPE ( PONT DE L');48,91462887;2,50210492
202400015385;28;6;2024;08:35;1;83;83123;2;1;1;3;GARE (ROUTE);43,12240883;5,82230404
202400042893;3;4;2024;16:50;1;93;93007;2;9;1;6;Avenue Descartes;48,95052740;2,44145465
202400017050;1;7;2024;11:40;1;94;94003;2;2;1;3;Avenue Aristide Briand;48,80573100;2,32570300
202400046157;25;9;2024;09:35;1;76;76351;2;3;1;3;FOCH (AVENUE);49,49329000;0,09939000
202400000470;1;5;2024;15:00;1;76;76131;2;1;2;7;Cote de la Maison Brulee;49,34610600;0,93631000
202400046762;7;1;2024;06:50;2;973;97302;2;1;1;1;MADELEINE (ROUTE DE LA);4,91303931; -52,32085615
202400011488;5;7;2024;07:50;1;09;09140;1;1;1;6;Route de l?Aude;42,74234800;1,83516700
202400025634;3;5;2024;00:40;3;76;76005;2;1;1;7;Route de Paris;49,41783314;1,11803126
202400033102;2;3;2024;00:11;5;987;98714;2;1;1;6;Vaitape - face magasin Bora Home Dépôt; -16,38800000; -151,76500000
202400003105;8;2;2024;18:35;5;51;51454;2;6;2;6;COURCELLES (RUE DE) DU 223 A FIN ET 102;49,26450000;4,01035000
202400051570;21;9;2024;14:15;1;38;38179;2;1;1;1;RUE DE L'ÉTANG;45,18423000;5,78106000
202400053180;25;10;2024;15:05;1;13;13215;1;1;1;2;A7-Sens Lyon vers Marseille;43,37178000;5,36129000
202400030548;5;10;2024;16:00;1;34;34162;1;2;1;3;D32;43,48550300;3,47089400
202400003708;20;3;2024;12:15;1;49;49007;2;1;1;7;ONZE NOVEMBRE 1918 AVENUE;47,47084000; -0,54531000
202400040166;29;9;2024;10:30;1;69;69149;2;1;1;6;Avenue de Haute Roche;45,70283000;4,82799000
202400033225;1;3;2024;10:00;1;82;82121;2;6;8;3;avenue leon gambetta;44,01912000;1,35968000
202400046456;26;9;2024;16:45;1;65;65446;1;1;1;7;5 Allee du Chateau;43,32529500;0,10998100
202400004830;14;11;2024;18:00;3;84;84106;2;3;1;3;D 976;44,23064800;4,88067600
202400023049;15;11;2024;13:20;1;64;64445;2;1;1;3;MARECHAL FOCH;43,29680000; -0,36700000
202400023876;25;1;2024;12:00;1;78;78029;2;6;1;3;AVENUE DE L'UNION;48,95949000;1,84067000
202400022515;24;5;2024;22:29;5;2B;2B033;2;1;1;6;AGLIANI - CHEMIN D';42,67453000;1,40766500
202400046055;22;8;2024;17:20;1;71;71512;1;1;1;1;D906;46,61571900;4,88611700
202400003220;13;6;2024;09:05;1;29;29019;2;2;1;6;boulevard Montaigne;48,40257000; -4,48199400
202400049324;29;3;2024;11:45;1;52;52248;1;1;3;3;RD 417;48,02088500;5,46650800
202400016934;11;10;2024;00:05;5;75;75110;2;2;1;6;BOULEVARD DE MAGENTA;48,87736700;2,35511200
202400015952;19;4;2024;21:30;5;94;94017;2;2;2;3;Rue Louis Talamoni / Rue Albert Thomas;48,81342000;2,51126000
202400044225;27;9;2024;18:15;1;33;33162;1;1;1;4;;44,87122000; -0,64226000
202400001299;10;2;2024;17:10;2;92;92036;1;1;3;2;A86;48,93602815;2,28853583
202400053492;8;6;2024;23:20;5;34;34172;2;1;1;6;PRES D'ARENES (ROND-POINT DES);43,58893000;3,89085000
202400024707;7;10;2024;16:57;1;56;56260;2;1;8;6;Rue du 8 Mai 1945;47,66050000; -2,76045000
202400000931;10;7;2024;20:00;1;92;92002;2;3;1;3;GENERAL DE GAULLE (AVENUE DU);48,76306769;2,30557770
202400029275;17;12;2024;07:30;2;93;93032;2;3;2;6;ROND POINT  (RUE DU);48,87305000;2,55931000
202400023574;5;9;2024;17:03;1;92;92025;2;2;1;3;BOUIN (RUE);48,92081933;2,25087716
202400010325;8;8;2024;17:25;1;69;69252;1;1;1;3;Route de la Cote;45,54296217;4,66705517
202400006424;9;8;2024;07:45;1;69;69266;2;9;1;3;Rue de la Poudrette;45,76208097;4,91994008
202400009764;13;9;2024;17:50;1;31;31555;2;1;1;6;CHE D AUDIBERT;43,63671834;1,44244641
202400026261;22;5;2024;21:35;2;75;75120;2;7;9;3;RUE DES CASCADES;48,87275900;2,38962700
202400053781;8;6;2024;00:15;5;75;75104;2;1;1;6;VOIE GEORGES POMPIDOU;48,85089200;2,36113700
202400023820;14;4;2024;20:35;3;51;51001;1;1;1;6;D81;48,80816400;4,51362100
202400053342;11;7;2024;17:15;1;07;07095;1;1;3;1;D 238;44,98598800;4,68272900
202400013353;3;7;2024;17:15;1;14;14229;2;1;1;3;3 Rue Emile Nicol;49,23153300; -0,04706600
202400005071;5;6;2024;09:47;1;971;97120;2;9;1;6;HANNE (BOULEVARD);16,24055000; -61,53315000
202400023795;5;9;2024;08:00;1;91;91136;1;1;3;2;AUTOROUTE A126;48,71179000;2,29116000
202400028233;3;9;2024;15:00;1;973;97309;2;3;1;3;Chemin Germain;4,90296300; -52,27343700
202400039027;13;1;2024;17:55;3;13;13103;1;1;1;6;RTE D' EYGUIERES-RD 17;43,67966000;5,06759000
202400051518;10;6;2024;16:00;1;42;42231;1;1;1;5;N7;46,10065500;3,97872400
202400051535;26;10;2024;22:20;3;66;66211;1;1;1;6;D615;42,57125400;2,77092600
202400047238;29;3;2024;18:00;1;94;94028;2;3;1;3;Avenue du Docteur Paul Casalis / Rue Maurice Utrillo;48,77998077;2,46020906
202400032993;8;11;2024;19:30;5;94;94043;2;6;1;3;Avenue de Fontainebleau;48,80968000;2,36263000
202400009655;4;7;2024;00:24;5;68;68297;2;9;1;3;SEVILLE ( RUE DE );47,60546000;7,54291000
202400008021;26;11;2024;18:30;5;14;14118;2;1;1;2;Avenue de la Côte de Nacre;49,20799000; -0,36202000
202400016777;27;5;2024;07:50;1;972;97209;2;1;1;6;GENERAL DE GAULLE (BLD DU);14,60805000; -61,07251000
202400005158;5;6;2024;11:23;1;75;75117;2;3;1;3;BOULEVARD BESSIERES;48,89739700;2,32311700
202400044769;9;1;2024;00:10;4;75;75114;2;3;4;7;BOULEVARD SAINT JACQUES;48,83205400;2,33950400
202400042910;10;5;2024;17:35;1;67;67218;2;1;1;6;FRANÇOIS MITTERRAND (ALLEE);48,52854000;7,70760000
202400041940;15;6;2024;22:20;4;78;78396;1;1;1;1;PECQ (ROUTE DU);48,91676600;2,11565300
202400023128;6;3;2024;22:00;3;971;97113;2;3;1;3;MONTAUBAN (SECTEUR);16,20823913; -61,49996012
202400046874;30;3;2024;09:30;1;971;97113;1;1;1;7;SECTION MARE-GAILLARD;16,23312000; -61,44140000
202400012950;15;10;2024;13:38;1;69;69259;2;2;1;3;Rue Pierre Stoppa;45,72122000;4,89075000
202400032234;19;7;2024;12:15;1;2A;2A269;1;1;1;1;#857 Strada di Sari#;41,85328494;9,38814926
202400041410;11;5;2024;18:45;1;55;55053;1;1;7;7;D16;49,32724800;5,60403600
202400013298;16;3;2024;16:45;1;974;97417;2;3;1;1;Route Nationale 2; -21,35787400;55,77043700
202400046986;4;1;2024;19:15;3;80;80442;1;1;2;2;D930;49,74117800;3,02269900
202400022347;5;9;2024;18:00;1;75;75117;2;1;2;3;BOULEVARD PERIPHERIQUE INTERIEUR OUEST;48,88398100;2,28527900
202400027912;22;1;2024;19:00;3;60;60057;1;4;2;3;Rue de Crevecoeur;49,46634980;2,07432014
202400019820;17;12;2024;10:19;1;18;18033;2;6;1;6;Avenue Henri Laudier;47,09106000;2,39368000
202400046911;30;3;2024;17:25;1;69;69266;2;5;3;5;Rue Nicolas Garnier;45,75397000;4,91359000
202400024419;23;5;2024;01:10;5;69;69290;2;6;1;6;Rue du Lyonnais;45,70120398;4,89969641
202400033966;29;8;2024;07:50;1;69;69383;2;2;7;2;Cours Lafayette;45,76364000;4,86181000
202400046260;25;9;2024;09:15;1;34;34172;2;9;1;3;LODEVE (AVENUE DE;43,61019200;3,85322200
202400027155;5;3;2024;20:15;5;92;92026;2;3;2;3;ABREUVOIR;48,89102159;2,25514188
202400026783;25;6;2024;16:00;1;75;75111;2;4;1;3;BOULEVARD RICHARD LENOIR;48,85473700;2,36952600
202400010198;12;9;2024;12:14;1;972;97213;2;1;1;6;SCHOELCHER (RUE);14,61477000; -61,00216000
202400048708;3;1;2024;13:15;1;39;39300;2;9;1;3;Route de Voiteur;46,68825400;5,56296200
202400025929;24;1;2024;17:00;2;93;93007;2;6;1;3;Avenue Albert Einstein / Rond point Pablo Néruda;48,94982228;2,46687859
202400003309;6;6;2024;08:45;1;93;93014;2;1;1;6;Allée Fernand Lindet;48,91117000;2,54833000
202400007568;19;3;2024;11:40;1;94;94054;2;2;1;2;Rue Paul Vaillant Couturier / Avenue de la Paix;48,74784000;2,39857000
202400047547;30;3;2024;22:00;4;972;97207;1;1;1;2;N5;14,58194300; -60,98002200
202400051966;21;9;2024;05:45;5;92;92040;2;1;2;6;ARISTIDE BRIAND;48,82123807;2,25574404
202400014367;27;12;2024;22:00;3;06;06104;2;1;1;1;56 Avenue Jean Jaurès;43,75610000;7,44910000
202400049398;29;10;2024;15:31;1;22;22361;1;4;2;3;Avenue des Chevreuils;48,59931300; -2,92254600
202400014006;2;2;2024;21:10;5;94;94058;2;1;1;3;Avenue de Bry;48,83537498;2,49644550
202400019194;29;6;2024;12:25;1;75;75110;2;4;1;6;QUAI DE JEMMAPES;48,87950300;2,36800300
202400034000;29;8;2024;17:30;1;67;67267;2;1;7;6;ALFRED KASTLER (RUE);48,54881000;7,68409000
202400041861;24;8;2024;18:20;2;971;97129;1;1;1;2;Vinty;16,35259100; -61,72874500
202400002446;12;8;2024;23:00;3;76;76390;1;1;1;1;740 Route de Fecamp;49,70688634;0,30730247
202400046023;29;10;2024;21:53;5;87;87114;2;3;1;3;GUILLOT (AVENUE PIERRE-);45,83731000;1,30724000
202400043833;22;2;2024;14:05;1;79;79195;2;3;2;3;;46,95238600; -0,59084800
202400044498;31;10;2024;12:20;1;13;13028;2;2;1;1;SANGNIER (AVENUE MARC);43,17210000;5,59885000
202400051205;16;8;2024;14:35;1;54;54395;2;9;1;3;Avenue du Rhin;48,69505000;6,13818000
202400046346;30;10;2024;19:29;3;59;59130;1;1;1;1;D300;50,87942700;2,22476400
202400012065;16;4;2024;19:00;5;92;92023;2;1;1;2;PAIX (AVENUE DE LA);48,81530925;2,27722174
202400026157;22;5;2024;20:20;1;59;59650;2;1;1;3;CASTEL (RUE JEAN);50,71055800;3,21055500
202400033815;17;1;2024;04:30;5;51;51454;2;1;2;2;NEUFCHATEL (RUE DE) DU N° 123 A FIN (IMP;49,28204100;4,02728000
202400016141;1;2;2024;18:00;2;94;94081;1;1;2;5;A86;48,77414959;2,40719183
202400034080;28;8;2024;23:00;3;10;10387;2;1;1;3;Rue des Bas Trevois;48,29166000;4,08060000
202400023688;27;1;2024;15:25;1;64;64477;1;1;1;1;2514 Bankako errepidea;43,16956300; -1,35764300
202400008579;13;11;2024;17:58;3;74;74262;1;3;1;4;Pont de Bellecombe;46,13363100;6,31256000
202400039231;4;4;2024;00:35;5;75;75116;2;1;1;2;BD PERIPHERIQUE INTERIEUR;48,87121800;2,27333200
202400006076;26;11;2024;18:45;5;49;49246;1;1;2;5;A87;47,42842482; -0,50499020
202400008558;6;2;2024;15:20;1;75;75119;2;1;1;3;AVENUE DE FLANDRE;48,88618200;2,37145000
202400023970;25;1;2024;00:20;5;64;64024;2;6;1;7;CADRAN (ALLEE);43,48373000; -1,50232000
202400016469;10;9;2024;08:25;1;91;91579;1;1;1;3;Route départementale 31;48,55042500;2,34618700
202400044296;7;12;2024;18:08;2;93;93064;2;9;3;6;LAENNEC (RUE);48,87749536;2,49895579
202400049641;22;9;2024;08:00;1;27;27654;1;1;8;7;D80;49,20823400;0,88969900
202400012935;31;5;2024;21:25;1;33;33550;1;1;1;7;;44,77833800; -0,55680300
202400017547;17;9;2024;11:04;1;24;24193;1;4;1;1;Route Madame de Sévigné;44,81566700;0,36570300
202400045842;21;8;2024;16:50;1;15;15188;1;1;2;6;A75;45,01551700;3,15262200
202400006231;26;4;2024;18:43;1;51;51454;2;6;1;3;ROUSSEAU (PLACE MAX);49,26471000;4,01008000
202400010588;31;12;2024;12:05;1;01;01095;1;1;1;1;D42;46,27144700;5,42771000
202400029501;10;4;2024;17:10;1;75;75114;2;1;1;2;BD PERIPHERIQUE INTERIEUR;48,82067800;2,32314500
202400028036;2;9;2024;09:10;1;75;75118;2;2;1;6;BOULEVARD NEY;48,89788000;2,34441600
202400011731;23;4;2024;07:50;2;94;94017;2;6;7;6;Rue de Bernau / Rue du Tunnel;48,81696900;2,52025600
202400039751;20;7;2024;12:31;1;13;13072;1;1;1;1;Chemin Departemental 6;43,46072200;5,62360500
202400022751;9;10;2024;09:30;1;92;92047;1;1;3;7;A13;48,83231571;2,15438418
202400017048;13;3;2024;20:38;5;92;92064;2;1;1;3;MARCEL DASSAULT;48,85515000;2,22288000
202400050093;15;2;2024;12:15;1;987;98735;1;1;1;1;BERNARDINO (RUE); -17,53244000; -149,56656000
202400037876;28;8;2024;08:10;1;07;07294;1;1;1;7;D901;44,30232200;4,24814700
202400033034;14;12;2024;20:00;5;49;49125;2;6;2;6;32 Route de saumur (Doué-la-Fontaine);47,19576282; -0,26403138
202400023728;12;4;2024;07:58;1;02;02168;2;3;1;3;1bis Quai Gambetta;49,04111000;3,40442000
202400004670;9;2;2024;14:00;1;93;93053;2;3;1;3;Rue du Parc / Rue Mozart;48,89450000;2,44360000
202400024779;26;6;2024;21:00;1;59;59183;2;1;1;3;UNIVERSITE - AVENUE;51,03979000;2,37209000
202400022147;30;7;2024;08:41;1;69;69204;2;9;1;6;27 Avenue Georges Clémenceau;45,70023800;4,79545200
202400051004;14;2;2024;13:10;1;75;75119;2;1;1;3;BD PERIPHERIQUE EXTERIEUR;48,90047900;2,37528000
202400040417;4;11;2024;09:45;1;45;45004;2;3;8;3;174 Rue de la Selle;48,00135000;2,75030000
202400003862;9;7;2024;08:08;1;87;87017;1;1;1;6;RN 145 Pk 4+400;46,14410200;1,10077900
202400049752;11;6;2024;12:00;1;91;91064;1;1;1;6;RN 118;48,74810000;2,19770000
202400020074;28;1;2024;12:20;1;14;14614;1;1;1;4;Route de Notre Dame;49,23063700; -0,97032700
202400010260;8;8;2024;08:50;1;18;18103;2;2;1;3;Chemin de Saint Phalier;47,13955200;1,84298300
202400041598;11;5;2024;19:55;1;75;75113;1;1;1;6;A6B;48,81645485;2,35828610
202400019052;28;6;2024;17:50;1;91;91589;2;9;1;6;RUE MARIE CHAUVET;48,67978000;2,34419000
202400002542;12;8;2024;17:55;1;67;67176;1;1;1;1;D1062;48,89454800;7,65821200
202400027280;5;3;2024;15:30;1;972;97213;2;1;1;3;ROUTE DEPARTEMENTALE 14;14,61912000; -61,02124000
202400038496;1;10;2024;15:40;1;37;37035;1;4;2;6;Bisseuil;46,99822300;0,31822300
202400031956;31;8;2024;00:55;3;49;49298;1;1;1;2;A11, PK 275.500, sens PARIS-NANTES;47,46372800; -0,69334000
202400051727;17;8;2024;06:13;2;80;80168;1;1;8;1;D49;50,11424800;2,27665500
202400009843;13;9;2024;16:20;1;75;75101;2;2;1;6;PONT AU CHANGE;48,85723759;2,34709918
202400015120;14;3;2024;17:30;1;75;75103;2;2;1;3;BOULEVARD DE SEBASTOPOL;48,86931300;2,35429900
202400021366;16;11;2024;18:40;5;971;97101;1;2;1;6;BESSON;16,23668000; -61,51254000
202400015248;14;3;2024;07:20;2;27;27261;1;2;5;3;Rue du Levant;49,21894300;0,96098200
202400029915;20;1;2024;16:20;1;93;93007;1;1;1;2;AUTOROUTE A3;48,93859255;2,47983863
202400010874;3;6;2024;16:25;1;14;14609;1;3;1;5;Route de Littry;49,26784700; -0,73848200
202400009060;8;10;2024;12:25;1;971;97113;1;1;2;7;Pont de BLANCHARD;16,22268000; -61,52449000
202400030203;23;7;2024;15:36;1;971;97120;2;1;1;6;RUE EUVREMONT GENE;16,24730540; -61,53863490
202400010152;20;1;2024;18:40;3;19;19275;1;9;1;3;PONTY (ROUTE DE);45,54234000;2,29784000
202400041467;19;7;2024;07:35;1;66;66161;1;3;1;3;;42,60834700;2,40424600
202400015591;22;11;2024;18:55;3;56;56117;2;1;1;6;Place Anne de Bretagne;47,88335500; -2,83234800
202400003616;22;3;2024;16:45;1;95;95582;1;1;1;3;A15;48,96713514;2,25481677
202400045687;13;6;2024;10:50;1;75;75117;2;7;1;1;PLACE DU MARECHAL JUIN;48,88501800;2,29662800
202400053775;1;1;2024;17:10;2;63;63081;1;1;1;6;Chemin rural;45,52527803;3,69984314
202400039419;27;2;2024;17:45;1;13;13117;2;1;1;3;ROUTE NATIONALE 113 - AGNEAU;43,46616949;5,23199255
202400026512;8;10;2024;15:30;1;93;93050;2;1;1;5;MARTYRS DE LA DEPORTATION (RUE);48,85666000;2,52634000
202400026243;19;5;2024;19:30;1;12;12176;1;6;3;3;D901 (ROUTE DE CONQUES);44,37931000;2,56586000
202400020419;30;7;2024;06:45;1;974;97416;1;9;1;6;AUBEPINES(ALLEE DES); -21,33477000;55,48732000
202400024033;30;7;2024;18:00;1;85;85172;1;3;7;1;RD 59;46,80368400; -1,98226500
202400034372;2;10;2024;21:50;5;15;15204;2;1;1;1;RD 120;44,94141300;2,31752500
202400023797;5;9;2024;08:10;2;94;94021;1;1;3;3;A6A;48,77028660;2,34542494
202400021908;15;4;2024;12:35;1;28;28134;1;1;1;2;RN 12;48,74665100;1,39904000
202400020350;3;9;2024;12:10;1;12;12028;1;1;3;1;Les Tannins;44,57266000;2,20756000
202400016743;27;5;2024;21:29;2;14;14060;1;1;1;7;D515;49,24794600; -0,28216800
202400052977;11;7;2024;07:20;1;92;92073;2;1;1;7;ROOSVELT (AVENUE FRANKLIN);48,87431222;2,22077546
202400012103;22;4;2024;23:50;3;50;50041;1;2;1;6;D22;49,64409600; -1,77154500
202400049463;29;10;2024;15:50;1;21;21518;1;1;1;7;D103;47,60448900;4,23037500
202400011098;1;6;2024;19:50;1;02;02141;1;4;2;3;30 Rue du General Debeney;49,97790100;3,90435200
202400006414;27;4;2024;18:15;1;95;95487;2;1;2;6;D929Z;49,15128900;2,29161000
202400041618;11;5;2024;00:15;5;93;93006;1;1;1;5;A3;48,86576613;2,42064352
202400026080;7;1;2024;12:05;1;14;14231;1;1;2;6;438 Rue du Bourg;49,21341100;0,02241100
202400035276;14;5;2024;17:00;1;974;97411;2;1;1;7;BOIS DE NEFLES (ROUTE DE); -20,89292000;55,47905000
202400019462;10;3;2024;02:30;3;92;92036;1;1;2;6;A86;48,93513721;2,26665421
202400051254;12;7;2024;19:40;1;67;67448;1;1;1;7;Route du Donon;48,48245500;7,19722600
202400018425;29;1;2024;17:00;1;92;92019;2;3;1;3;DIVISION LECLERC (AVENUE DE LA);48,76617045;2,25565571
202400037734;27;8;2024;19:00;1;75;75116;2;3;1;2;AVENUE DU PRESIDENT WILSON;48,86515000;2,29880700
202400003494;5;7;2024;20:00;1;74;74006;2;1;1;6;559 Route du chef lieu;46,00095800;6,11788500
202400029332;24;2;2024;17:30;1;13;13203;2;1;1;3;RIVOIRE (RUE);43,31354000;5,37693000
202400011338;4;7;2024;16:30;1;75;75117;2;3;1;3;BOULEVARD D AURELLE DE PALADINES;48,88356400;2,28192400
202400045094;22;2;2024;18:00;2;94;94018;1;1;2;4;A4;48,82545834;2,39268336
202400007030;3;6;2024;18:35;1;14;14437;1;1;1;2;N814;49,17058000; -0,30383000
202400003864;9;7;2024;10:00;1;30;30073;1;1;1;3;D19a;43,95496200;4,55670300
202400041157;10;1;2024;18:30;5;69;69266;2;3;2;3;119 Rue Alexis Perroncel;45,77561107;4,88206105
202400047494;6;5;2024;13:00;1;34;34301;2;9;2;3;JAURES JEAN (RUE);43,40266000;3,69430300
202400047824;23;9;2024;17:40;1;75;75108;2;3;2;3;BOULEVARD HAUSSMANN;48,87520551;2,31435406
202400005090;5;6;2024;13:40;1;73;73011;2;1;1;6;VIBERT (PLACE LEONTINE);45,66696941;6,39011031
202400051776;2;12;2024;12:00;1;75;75101;2;3;1;2;RUE ETIENNE MARCEL;48,86438900;2,34667200
202400002742;8;12;2024;02:20;3;987;98729;2;1;1;7;PK 25.500 Tiahura  RT91; -17,49280500; -149,90501400
202400017472;20;11;2024;09:15;1;92;92046;2;1;8;3;PIERRE BROSSOLETTE (AVENUE);48,82009000;2,31101000
202400011271;4;7;2024;00:15;5;43;43002;2;6;1;1;Avenue de Bonneville;45,04961672;3,88756701
202400029299;4;3;2024;07:25;2;42;42095;1;1;1;7;Rue de Saint-Just-Malmont;45,37843000;4,29143000
202400017931;8;9;2024;00:30;5;13;13209;2;1;1;1;LÉON LACHAMP (ROUTE);43,24900000;5,44080000
202400017783;23;12;2024;17:35;5;14;14366;2;3;1;3;155 Rue Roger Aini;49,14482000;0,25661000
202400050738;18;8;2024;15:45;1;07;07182;1;1;1;6;6 Chemin de Sausse;44,62909200;4,30888800
202400051120;15;2;2024;14:55;1;75;75114;2;3;1;7;RUE D ALESIA;48,82981900;2,32118900
202400044044;7;12;2024;20:20;5;83;83137;2;3;6;1;MALON (AVE BENOIT);43,12391400;5,95385251
202400051986;11;7;2024;06:05;2;973;97302;2;3;1;3;DAMAS (LEON GONTRAN);4,94103000; -52,33360000
202400004249;28;4;2024;04:00;3;67;67430;1;1;1;7;Saint-Pierre-Bois;48,34197079;7,36778710
202400011097;17;10;2024;18:25;2;46;46227;1;1;3;6;D911;44,38521900;1,85653900
202400036207;2;10;2024;19:55;5;93;93051;2;1;1;2;AUGUSTE RODIN (ALLEE);48,83224000;2,55473000
202400031253;2;3;2024;04:45;3;42;42207;1;1;1;5;A47;45,47754000;4,49859000
202400053101;12;7;2024;05:30;3;62;62584;2;1;3;6;D937;50,59057795;2,57258054
202400030127;25;4;2024;19:58;1;64;64269;2;1;1;1;D938;43,28295000; -0,31609000
202400044259;31;10;2024;22:25;3;92;92036;1;1;1;7;AUTOROUTE A86;48,93341570;2,32102811
202400039428;11;5;2024;09:40;1;38;38053;2;6;1;3;ISLE D'ABEAU (ROUTE DE);45,60191000;5,26703000
202400000914;12;8;2024;22:15;5;13;13208;2;1;1;3;MENDES FRANCE (AVENUE);43,25594000;5,37658000
202400019488;18;11;2024;13:20;1;56;56240;1;1;2;7;Kergroes;47,52205500; -2,76918800
202400046565;5;12;2024;17:30;5;41;41018;2;9;2;6;RIFFAULT (RUE EUGENE);47,59080000;1,34092000
202400049113;6;5;2024;07:50;1;32;32045;1;1;1;7;D939;43,45684400;0,40752400
202400013665;21;11;2024;15:00;1;06;06088;2;7;1;3;16 Rue du Congrès;43,69723000;7,26290000
202400005967;28;4;2024;16:05;1;49;49003;1;1;1;6;D761;47,27979600; -0,34674200
202400026233;22;5;2024;13:50;1;13;13005;2;3;1;3;RN 8;43,28380000;5,54269000
202400015627;20;4;2024;16:40;1;86;86236;1;1;1;7;D2;46,67149300;0,81610400
202400010816;28;12;2024;02:35;3;62;62186;1;1;2;7;A21;50,43489627;2,71511855
202400048174;29;10;2024;18:15;3;58;58089;1;1;5;6;La Maison Bleue;47,40020100;3,21818900
202400000808;13;8;2024;21:00;2;24;24520;1;1;1;6;D704;44,90171200;1,19785300
202400002442;20;11;2024;12:45;1;47;47100;2;1;2;1;1 Chemin de Bellevue;44,21631700;0,60549800
202400000263;23;3;2024;20:25;5;64;64122;2;3;1;3;MARCEL DASSAULT (BD);43,45668000; -1,55097000
202400014632;3;8;2024;17:45;1;54;54547;2;2;1;1;Avenue Jeanne d'Arc;48,65814240;6,17767963
202400005880;29;11;2024;18:00;5;09;09306;2;6;1;6;RouteNationale 20;42,84539100;1,60094600
202400022088;16;4;2024;11:30;1;01;01204;1;1;2;1;867 Route de Geneve;46,16401300;5,69446200
202400022715;9;10;2024;12:50;1;72;72183;1;1;3;3;lieu dit les chopinieres;47,68837700;0,49028100
202400031440;2;3;2024;15:20;1;75;75106;2;4;2;3;RUE D ASSAS;48,84593400;2,33139400
202400023972;3;9;2024;17:55;1;50;50147;2;1;1;3;DIVISION LECLERC;49,06549000; -1,43223000
202400025204;12;11;2024;14:30;1;95;95500;1;1;1;4;A15;49,03753486;2,09060913
202400026801;12;11;2024;18:00;2;49;49007;2;1;1;2;CHAUMIN BOULEVARD;47,45030000; -0,55460000
202400029213;16;12;2024;16:10;1;19;19031;2;1;1;1;JASMIN (AVENUE);45,15690000;1,51309000
202400043336;17;7;2024;18:00;1;87;87190;1;3;1;3;D941;45,91083900;1,61709300
202400027578;23;1;2024;09:00;1;93;93048;2;3;1;6;Boulevard Aristide Briand / Avenue Paul Signac;48,86979000;2,44952000
202400034164;19;7;2024;16:30;1;81;81060;2;2;1;3;THOMAS (AVENUE ALBERT);44,04865000;2,15812000
202400029102;6;3;2024;17:35;1;10;10106;1;1;8;6;RD 951 - PK 24.000 - Sens NOGENT SUR SEINE vers BRAY SUR SEINE;48,45912000;3,41194200
202400027443;12;4;2024;10:30;1;66;66136;2;6;1;6;FLANDRES/DUNKERQUE (CARREFOUR);42,68671000;2,90747000
202400046778;1;4;2024;12:48;1;34;34153;2;1;1;7;Route de Saint Gely;43,72390100;3,81299100
202400030647;11;11;2024;19:40;3;987;98748;2;1;1;2;Vairao Pk 10.200; -17,81000000; -149,24300000
202400050663;15;2;2024;05:00;5;72;72181;2;1;1;6;VOLTAIRE (RUE) N° IMP 1 A 113;48,01210000;0,19050000
202400027144;6;3;2024;00:10;5;93;93005;2;3;2;3;Rue Jean Charcot / Avenue de l'Aulnaysienne;48,93530000;2,49316500
202400050609;27;3;2024;17:10;1;13;13005;2;1;1;3;BLANCARD (PROMENADE PIERRE);43,29513000;5,56020000
202400042884;1;4;2024;16:25;1;94;94042;2;3;1;2;Avenue du Président Wilson / Avenue des Platanes;48,81692700;2,47750100
202400049608;28;3;2024;16:20;1;974;97411;2;1;1;3;BRASSENS (AVENUE GEORGES); -20,90285000;55,48038000
202400002639;29;4;2024;13:00;1;94;94065;1;1;1;3;N186;48,75412388;2,35158219
202400053010;11;7;2024;09:30;1;92;92019;2;2;1;4;DIVISION LECLERC (AVENUE DE LA);48,76385723;2,27183104
202400046409;30;10;2024;16:07;1;52;52107;1;9;1;6;Chantraines;48,22124900;5,24084300
202400004166;27;11;2024;08:53;2;49;49328;2;3;8;3;GAMBETTA (RUE);47,25912000; -0,08265000
202400020064;28;1;2024;16:30;1;02;02235;1;1;1;7;Monument commémoratif dit des Basques (Patrimoine national);49,42946500;3,76118700
202400046721;31;3;2024;20:20;2;86;86092;1;1;1;6;D 22;46,94423400;0,57016800
202400048575;5;1;2024;04:15;3;30;30141;2;1;6;7;Route de Laudun;44,09843400;4,68677400
202400030968;16;12;2024;16:55;2;22;22305;1;3;2;2;D766;48,25632000; -2,16703200
202400034196;30;8;2024;15:15;1;90;90087;2;1;1;7;42 Avenue du Général de Gaulle;47,67007540;6,91937573
202400038428;15;6;2024;22:30;3;59;59012;1;1;1;1;Rue de Trélon;49,99509800;4,09561500
202400008962;3;6;2024;11:40;1;13;13205;2;2;1;3;SAINTE CECILE (RUE);43,28713461;5,39175693
202400013753;11;9;2024;12:45;1;92;92004;2;1;1;3;DOCTEUR DERVAUX  ( QUAI DU );48,91105000;2,29853000
202400048523;2;12;2024;09:25;1;75;75104;2;2;1;6;RUE DES DEUX PONTS;48,85242100;2,35715100
202400010046;25;11;2024;20:15;5;71;71372;2;1;2;1;D466b;46,18521200;4,75395300
202400026449;20;5;2024;11:40;1;84;84007;2;3;1;6;BRAQUE ( RUE GEORGE;43,94144000;4,84721000
202400005267;6;6;2024;09:15;1;85;85024;1;2;1;3;RD21A;46,94616500; -1,89634600
202400051256;16;8;2024;09:17;1;49;49267;2;6;1;3;PELLERINIERE;47,45933000; -0,48507000
202400041187;4;4;2024;09:40;1;92;92051;2;1;2;2;GENERAL LECLERC (BOULEVARD DU, N° 1 A 27;48,88986014;2,26014036
202400049554;13;7;2024;09:45;1;75;75116;2;1;1;6;AVENUE DE L HIPPODROME;48,85821100;2,25471100
202400001973;10;7;2024;06:08;2;66;66141;2;1;1;1;Avenue Jules Ferry;42,74376200;2,91558800
202400042307;1;11;2024;15:00;1;974;97407;2;1;2;6;ROND POINT BUTTE CITRONNELLE; -20,93151000;55,29775000
202400026318;28;7;2024;16:21;1;04;04135;1;4;1;3;D952;43,84486500;6,21795100
202400008719;1;2;2024;15:10;1;33;33114;1;1;1;6;;45,10348600; -0,38063800
202400046471;30;10;2024;19:50;3;13;13028;1;1;1;2;A50;43,20910061;5,62851473
202400040524;28;9;2024;11:15;1;974;97416;2;2;1;3;GANDHI (RUE DU MAHATMA); -21,28306800;55,47095500
202400006194;26;11;2024;15:20;1;75;75101;2;2;1;6;BOULEVARD DE SEBASTOPOL;48,86198500;2,35016500
202400049338;18;8;2024;14:34;1;75;75119;2;3;1;2;AVENUE JEAN JAURES;48,88358600;2,37336500
202400028548;6;10;2024;19:20;2;92;92024;2;1;1;2;VICTOR HUGO (BD);48,89977410;2,31424525
202400022195;5;9;2024;07:35;1;64;64445;2;1;1;6;CHAMPETIER DE RIBES;43,30357000; -0,37824000
202400039817;18;7;2024;08:35;1;976;97611;1;9;1;5;m'tsapere-Nationale 2 (route); -12,79050000;45,22317000
202400024863;15;11;2024;13:30;1;92;92064;1;1;1;4;A13;48,83963957;2,19735978
202400043842;14;6;2024;16:10;1;59;59512;2;1;2;2;Boulevard de Metz;50,70222000;3,18301000
202400021429;9;3;2024;15:05;1;22;22364;1;1;1;7;RN 176- PR 18+200- SENS SAINT-BRIEUC SAINT-MALO;48,44045600; -2,12852100
202400028245;2;9;2024;02:23;3;28;28408;1;1;1;6;A10;48,37883000;1,88803600
202400026304;22;5;2024;19:56;1;92;92048;2;1;1;6;GARDES (ROUTE DES) N° 5 A 51;48,81882000;2,23481000
202400023702;19;12;2024;21:05;5;69;69266;2;3;2;1;Rue Jules Kumer;45,76737000;4,89073000
202400046690;9;1;2024;16:05;1;07;07010;1;1;4;1;122 Avenue Ferdinand Janvier;45,26065900;4,66830170
202400014952;16;10;2024;07:00;2;42;42032;1;1;1;7;Route du Val Fleury;45,52719300;4,53063700
202400007412;19;3;2024;05:40;2;972;97213;1;1;1;6;ROUTE DEPARTEMENTALE 3;14,63550000; -60,99171000
202400041325;3;4;2024;17:15;1;40;40224;2;1;1;3;Chemin de la Plaine;43,54713700; -1,12034800
202400036100;20;7;2024;12:45;1;06;06029;2;1;1;2;19 Avenue Docteur Raymond Picaud;43,55064800;7,00279200
202400019835;7;9;2024;20:25;2;16;16089;1;3;1;3;;45,66884000; -0,32084000
202400040111;7;6;2024;23:20;3;42;42168;1;1;1;6;Route de Chavanay;45,42035300;4,70035700
202400024599;9;10;2024;18:35;2;93;93005;2;6;3;1;POMEREU (AVENUE DE);48,92337617;2,49391803
202400011522;15;3;2024;21:25;5;95;95582;2;1;3;6;D14;48,97151640;2,25814760
202400006348;26;4;2024;05:10;5;75;75108;2;2;1;1;RUE PASQUIER;48,87419200;2,32393900
202400025954;2;9;2024;10:00;1;19;19031;2;2;1;2;ROOSEVELT (AVENUE DU PRESIDENT);45,15753000;1,52398000
202400038906;9;1;2024;17:45;3;57;57540;1;1;1;6;Route de Sarreguemines;48,77570700;7,24981800
202400027288;5;3;2024;20:00;5;91;91027;2;1;1;2;RUE CARON;48,71687500;2,40749200
202400006485;9;2;2024;02:00;5;34;34172;1;1;1;2;A709 PK 11+400;43,58478200;3,89048000
202400035764;7;4;2024;18:05;1;14;14578;1;3;1;3;Route de Honfleur;49,34568587;0,19963864
202400021936;5;9;2024;20:10;2;38;38065;1;1;1;2;A48 PK 60.4;45,43712900;5,41746100
202400027919;19;1;2024;08:25;1;59;59327;1;1;4;7;TOURBIERES (CHEMIN DES);50,38655000;3,18065000
202400007476;6;7;2024;20:43;1;02;02691;2;1;1;6;2 Rue Charles Linne;49,84908000;3,26863000
202400021024;17;11;2024;04:23;3;26;26216;1;1;5;7;Route de Claveyson;45,19481600;4,91558800
202400044589;31;10;2024;19:30;5;92;92040;2;1;1;6;GENERAL DE GAULLE (AVE DU) 32 A 62;48,82011341;2,27972031
202400026703;24;6;2024;15:50;1;69;69290;2;1;1;5;Avenue Jean Jaurès;45,69731000;4,93508000
202400046262;19;8;2024;15:00;1;62;62427;2;1;1;6;Boulevard Gabriel Péri;50,41956000;2,94400000
202400030542;5;10;2024;03:30;3;977;97701;2;1;1;6;route de LORIENT;17,90630400; -62,82368700
202400024472;23;5;2024;08:58;1;19;19031;2;2;1;3;DUMYRAT (RUE);45,15602000;1,52952000
202400002190;29;11;2024;16:20;1;64;64335;1;1;1;3;avenue de santona;43,32567000; -0,40706000
202400019273;30;6;2024;15:45;1;2A;2A362;1;1;1;6;D368;41,74306868;9,19922006
202400010822;30;12;2024;13:50;1;974;97411;2;3;1;3;MAYOTTE (RUE DE); -20,90376000;55,49444000
202400033921;22;7;2024;10:05;1;77;77284;2;1;1;3;ARTISANS (IMPASSE DES);48,95949000;2,90390000
202400048415;11;7;2024;12:10;1;74;74218;2;1;1;1;NOAILLES (AVENUE ANNA DE);46,39500000;6,55300000
202400003934;18;9;2024;12:45;1;42;42261;2;3;1;6;Route de Lyon;45,72086600;4,35322000
202400034072;29;8;2024;05:20;5;17;17306;2;4;3;7;ELECTRICITE (DE L');45,62536800; -1,01416600
202400030072;2;9;2024;14:50;1;77;77176;1;1;1;1;RD402 PK043+000;48,75420800;3,01376200
202400054016;30;11;2024;05:45;3;63;63224;1;1;5;6;ST BEAUZIRE (ROUTE DE);45,86324000;3,14851000
202400038149;17;6;2024;15:30;1;61;61006;2;2;1;3;Voie Communale;48,74661500; -0,02041800
202400007802;27;4;2024;06:00;2;976;97612;1;1;1;1;RN 1; -12,70238500;45,06047800
202400026196;4;9;2024;13:15;1;30;30095;1;1;1;3;D45;43,86508200;3,93610600
202400025613;26;1;2024;09:35;1;26;26271;1;2;1;5;Route du Dauphiné;45,02505976;4,86825228
202400031624;18;1;2024;15:40;1;69;69290;2;3;2;3;Avenue Henri Germain;45,70222070;4,90120606
202400021679;27;1;2024;13:40;1;13;13203;2;1;1;7;GIBBES (TRAVERSE);43,31803877;5,37817115
202400045467;14;7;2024;10:58;1;80;80021;2;1;1;6;Rue de Rouen;49,88499000;2,26512000
202400001157;5;6;2024;18:10;1;21;21054;2;1;1;6;Route de Pommard;47,01683200;4,82321600
202400019610;17;4;2024;16:15;1;06;06088;2;8;1;6;Boulevard René Cassin;43,67494200;7,22711600
202400000986;12;2;2024;11:08;1;92;92040;2;1;1;6;GALLIENI (BOULEVARD);48,82851626;2,26747146
202400005518;6;3;2024;09:50;1;44;44109;2;6;8;3;13 Rue Gaëtan Rondeau;47,20678936; -1,53329691
202400017776;29;1;2024;19:15;3;62;62457;1;1;1;2;D301;50,45125778;2,55144739
202400041966;28;9;2024;19:20;1;15;15014;2;1;2;7;Chemin de Coissy;44,91531000;2,44479000
202400039797;27;5;2024;10:50;1;74;74221;2;1;1;6;116 Route de la colombière;46,01326300;6,53489100
202400005013;8;2;2024;09:05;1;93;93005;2;9;8;1;Rue des Arts;48,94307000;2,50372400
202400044165;2;11;2024;17:30;1;40;40090;1;1;1;6;D58;43,65803000; -0,81191500
202400033238;17;5;2024;16:15;1;93;93005;2;1;1;3;Route de Bondy;48,92544400;2,49073600
202400032888;8;11;2024;19:25;5;51;51454;2;1;1;3;JAURES 'AVENUE JEAN) DU N° 1 N° 59 ET DU;49,25766700;4,03978000
202400048431;23;9;2024;14:48;1;64;64189;2;2;1;3;MITTERRAND FRANCOIS  (AVENUE);43,38260773; -1,66648328
202400045017;1;4;2024;13:04;1;93;93046;2;3;1;3;Rue Jacob / Allée Violette;48,92716000;2,54284000
202400031241;27;2;2024;07:30;1;26;26313;2;2;1;3;Rue de la Roche;44,96426300;4,94108500
202400041503;3;4;2024;07:50;1;971;97105;2;1;7;6;BOLOGNE (ROUTE DE);16,00757000; -61,73047000
202400038462;17;6;2024;16:15;1;92;92063;1;1;1;2;A86;48,87817333;2,16337162
202400047998;18;8;2024;23:40;3;13;13039;1;1;1;2;ROUTE NATIONALE 569;43,46236476;4,92229387
202400009759;24;11;2024;14:35;1;91;91201;2;3;1;6;BD HENRI BARBUSSE;48,69028700;2,41112100
202400008640;1;8;2024;10:30;1;62;62160;2;1;1;6;Rue Edmond Rostand;50,72527387;1,60334176
202400003403;7;6;2024;08:44;1;66;66013;1;1;1;3;;42,57605800;2,51863700
202400008909;28;8;2024;13:00;1;27;27082;1;1;1;1;D830;49,00226600;1,05108300
202400015727;19;11;2024;08:00;1;973;97302;2;1;1;3;BADUEL (ROUTE DE);4,93526401; -52,31248882
202400026263;2;9;2024;09:50;1;80;80410;2;1;1;3;Rue Andre Audinot;49,74463000;3,07134400
202400002363;27;4;2024;13:30;1;76;76447;2;3;2;3;Avenue Antoine de Saint-Exupéry;49,55036000;0,17502000
202400026139;22;5;2024;10:30;1;78;78372;2;1;1;3;ABREUVOIR (AVENUE DE L');48,86794000;2,10193000
202400025014;26;6;2024;18:30;5;987;98715;2;1;1;3;RT1 - Face à la Mairie; -17,55291200; -149,59953700
202400031963;17;5;2024;08:20;1;13;13215;2;1;1;1;LE CHATELIER;43,34630000;5,36657000
202400002869;22;10;2024;22:25;3;59;59153;1;1;1;1;D935;50,44500000;3,59000000
202400043778;22;2;2024;17:30;2;92;92062;2;1;2;6;GENERAL DE GAULLE (AV) DU 44 AU 106;48,88787232;2,23406553
202400009805;13;9;2024;08:40;1;06;06069;2;1;1;6;46 Avenue Victoria;43,66369700;6,93173600
202400042395;28;9;2024;01:15;3;77;77249;1;1;2;7;RN104;48,75764700;2,61536400
202400048298;20;8;2024;11:20;1;68;68292;2;1;1;7;9 Rue de la Gare;47,87233800;7,03007000
202400049152;6;5;2024;02:10;4;86;86082;1;1;2;6;Valence-en-Poitou;46,33653500;0,18588700
202400046612;29;10;2024;14:30;1;69;69259;2;1;1;3;Avenue Francis de Pressensé;45,72334547;4,86523210
202400025418;6;3;2024;21:55;5;82;82033;2;1;1;6;Route de Toulouse;44,03476000;1,11675000
202400026594;8;10;2024;13:30;1;93;93010;1;1;1;2;AUTOROUTE A3;48,90653393;2,47247712
202400002831;9;2;2024;07:50;2;46;46042;1;1;2;1;VIEILLE ROUTE DE PARIS;44,49763000;1,45139000
202400050452;26;10;2024;11:10;2;973;97309;2;1;1;7;TIGRE (ROUTE DU);4,91012000; -52,30814000
202400028810;13;11;2024;15:40;1;06;06161;2;1;1;1;1544 Boulevard Nationale 7;43,62843800;7,13320600
202400050883;3;1;2024;11:25;1;69;69383;2;2;1;6;Pont Lafayette;45,76356000;4,84108000
202400008538;31;1;2024;18:00;2;13;13056;2;3;1;1;GAULLE AVENUE CHARLES DE;43,39843000;5,07106000
202400025898;2;9;2024;15:15;1;49;49323;2;1;3;6;A87N;47,49565081; -0,49884365
202400025800;23;1;2024;18:35;5;38;38185;2;1;1;6;RUE JEAN BART;45,17739000;5,74307000
202400051111;15;2;2024;17:35;5;75;75115;2;2;1;3;AVENUE DE SUFFREN;48,84941100;2,30376700
202400007176;19;10;2024;10:20;1;73;73162;1;1;1;6;Route du chateau;45,61994396;6,27525442
202400046901;5;1;2024;17:05;2;76;76695;1;2;1;3;Route de la Flamme Olympique;49,66070400;0,51203400
202400014889;11;5;2024;06:46;2;68;68166;2;1;1;1;GUEBWILLER (RUE DE);47,78893000;7,31552000
202400011073;29;5;2024;12:50;1;59;59074;2;1;8;3;Rue Gambetta;50,08646600;3,44398300
202400052121;21;9;2024;20:15;5;34;34300;2;2;1;3;Grand Rue;43,42534900;3,30577400
202400011763;11;9;2024;17:53;1;01;01289;1;2;3;3;LENT ( ROUTE DE );46,16491000;5,22067000
202400008043;25;4;2024;08:40;1;31;31555;1;1;1;3;ECHANGEUR L'UNION  (A61/A62);43,63467250;1,47779118
202400034379;22;6;2024;00:10;5;06;06085;2;1;1;6;224a Avenue de la Plaine;43,61039900;6,97580300
202400004017;16;9;2024;10:04;1;87;87085;2;1;1;6;PERRIN (RUE FRANCOIS);45,82377000;1,22389000
202400041883;15;6;2024;05:30;2;77;77053;1;1;1;7;RN104;48,68202700;2,60289400
202400048868;17;2;2024;21:05;3;84;84049;1;1;1;6;D7;44,17030000;4,99785700
202400005611;20;3;2024;11:30;1;13;13209;2;1;1;3;GUSTAVE GANAY (BOULEVARD);43,26580651;5,39972215
202400018174;2;8;2024;18:35;2;971;97129;1;1;1;6;Morne Rouge;16,30326300; -61,65879800
202400014748;30;5;2024;19:00;1;06;06027;2;1;1;3;Promenade de la Plage;43,65636500;7,17698900
202400006014;16;9;2024;15:20;1;79;79308;1;1;1;2;;46,36542900; -0,49390700
202400033898;16;5;2024;21:20;1;92;92012;2;1;1;7;BELLEVUE (RUE DE) 73/FIN - 80/FIN;48,83561762;2,23070133
202400030862;10;11;2024;17:50;5;30;30135;2;3;1;3;11 Rue Theophile Michel;43,82819200;4,55151300
202400009481;18;3;2024;11:30;1;84;84019;2;3;1;6;Rue Honore Daumier;44,27397900;4,74416300
202400036905;12;12;2024;18:20;3;77;77495;1;1;1;2;A5B;48,58667714;2,63683062
202400026968;13;11;2024;16:20;1;68;68318;2;1;1;1;4 Rue de Westhalten;47,95708000;7,24658700
202400048351;4;7;2024;07:55;1;44;44109;2;6;1;3;373 Route de Sainte Luce;47,24672320; -1,49471429
202400020280;27;1;2024;11:20;1;67;67180;2;3;1;1;MARCHE AUX GRAINS (RUE DU);48,81350000;7,79211000
202400004120;25;11;2024;08:20;3;72;72181;2;9;3;6;NEGRIER GENERAL (BD) N° IMP;48,01010000;0,20690000
202400006917;7;2;2024;14:15;1;72;72154;2;1;2;6;Boulevard de la République;47,69810100; -0,06995200
202400040269;16;6;2024;16:20;1;75;75115;2;3;2;3;BOULEVARD PASTEUR;48,84296900;2,31282000
202400023331;9;3;2024;06:00;3;25;25147;1;1;1;1;D673;47,20667600;5,89714200
202400044016;22;8;2024;17:20;1;37;37216;2;2;1;3;route de sainte catherine;47,15946800;0,57437100
202400010164;11;9;2024;16:40;1;973;97302;1;1;1;4;ROUTE NATIONALE 3;4,90553000; -52,32033000
202400020832;9;10;2024;07:54;1;33;33550;1;1;2;4;;44,77771200; -0,56189100
202400021489;20;12;2024;17:30;2;33;33063;2;3;2;1;;44,84962935; -0,57523191
202400049584;18;8;2024;19:02;1;34;34150;1;1;1;1;D612;43,32074600;3,55141200
202400044710;8;1;2024;19:06;5;64;64102;2;1;1;6;BARTHES (CHEMIN DES);43,49286000; -1,49525000
202400052807;25;3;2024;16:30;1;69;69271;1;2;1;1;Boulevard Charles de Gaulle;45,74325000;4,93714000
202400003002;9;2;2024;06:15;2;974;97407;1;9;1;7;ROUTE DU SACRE COEUR; -20,95430000;55,30865000
202400030763;22;6;2024;22:17;5;13;13210;2;1;2;6;ROMAIN ROLLAND (BOULEVARD);43,27485000;5,41561000
202400025649;20;5;2024;20:10;1;91;91534;1;1;2;6;RN 118;48,73257000;2,16762000
202400003777;8;7;2024;04:50;2;25;25056;2;2;1;3;BERTHELOT RUE;47,23554000;5,98280000
202400051693;3;5;2024;20:50;2;34;34301;2;3;1;3;IRIS (RUE DES);43,40000000;3,68300000
202400005141;5;6;2024;18:55;1;14;14333;2;1;1;3;avenue des hauts bords;49,40003000;0,24099000
202400044779;9;1;2024;15:30;1;75;75104;2;2;8;3;RUE DE RIVOLI;48,85626800;2,35660700
202400014082;2;2;2024;18:15;3;76;76543;1;2;8;3;D149;49,61096900;0,49764900
202400029996;1;9;2024;13:15;1;70;70299;2;6;1;6;Rue du Val Fleuri;47,62531400;5,78101600
202400050128;13;7;2024;21:55;2;42;42094;1;1;1;7;Chemin de l'Eazillée;45,73421600;4,21833200
202400011169;17;10;2024;00:51;3;92;92048;1;1;2;3;N118;48,81130205;2,21297347
202400018556;24;7;2024;17:20;1;27;27033;1;2;1;3;D142;49,08853000;1,03764700
202400003851;7;7;2024;12:10;1;34;34261;1;1;7;7;D4;43,74856000;3,58154300
202400032309;4;10;2024;17:30;1;02;02309;1;1;1;2;départementale 1044;49,51795100;3,75279700
202400021841;28;1;2024;03:25;3;49;49200;1;1;1;7;D775;47,54484400; -0,65435200
202400009993;14;9;2024;11:00;1;14;14570;1;2;1;3;2282 Route d'Orbec (La Chapelle-Yvon);49,06954300;0,33010500
202400008075;26;11;2024;12:40;1;75;75116;2;1;1;6;RUE DE LA POMPE;48,86314000;2,27651400
202400050728;23;9;2024;07:10;2;49;49228;1;2;8;4;intersection D767/ D207;47,44858000;0,07793400
202400051896;13;2;2024;22:00;5;972;97209;2;1;1;1;FELIX EBOUE (RUE);14,60622000; -61,06702000
202400050888;15;2;2024;08:10;1;27;27562;2;3;1;2;ROUEN (ROUTE DE );49,10409900;1,46246300
202400003078;24;10;2024;07:15;2;08;08361;1;4;1;3;D988;49,85165400;4,61960100
202400043160;8;1;2024;16:40;1;974;97416;2;3;1;6;MITTERAND (AVENUE DU PDT); -21,34535000;55,48532000
202400015025;14;10;2024;08:00;1;72;72181;2;1;1;3;CHAMPION HENRI (RUE) N° IMP;47,98241000;0,22807000
202400039080;12;1;2024;19:30;5;75;75109;2;3;1;2;BOULEVARD HAUSSMANN;48,87235600;2,33745700
202400018906;13;10;2024;19:10;2;78;78615;1;1;1;1;RD 119;48,84793700;1,89791200
202400013507;1;7;2024;16:45;1;57;57631;2;3;1;3;MONTAGNE (RUE DE LA);49,10901000;7,06354000
202400046998;19;2;2024;09:42;1;88;88251;1;1;8;6;D32;48,32923300;6,77732500
202400033606;16;5;2024;20:00;1;77;77196;1;1;1;6;RN3 (ROUTE NATIONALE);48,94911163;2,75506689
202400030443;5;10;2024;19:35;1;59;59122;2;1;1;6;SOUFFLETS (RUE DES);50,16511000;3,24834000
202400010584;4;2;2024;19:00;3;86;86293;1;1;1;3;D27;46,43388800;0,24026200
202400047593;12;6;2024;07:30;1;93;93066;2;1;1;3;Avenue du Président Wilson;48,90711000;2,35804000
202400049741;17;2;2024;17:00;2;45;45322;1;1;7;1;D2060 PR 16 + 332;48,01830514;2,88512421
202400023812;14;4;2024;18:20;1;93;93050;2;2;1;1;Rue de l'Amiral Courbet / Rue Ledru Rollin;48,85515000;2,53323000
202400004049;11;9;2024;13:10;1;62;62065;2;1;1;2;Rue Charles Helle;50,40398456;2,83560365
202400042202;8;12;2024;09:08;1;92;92047;1;1;2;3;A13;48,83397544;2,16646875
202400039290;20;2;2024;08:01;1;29;29232;2;1;2;2;1 Rue de Kerivoal;48,00643000; -4,10749700
202400018170;8;9;2024;00:48;3;25;25405;1;1;3;6;D204;46,83022200;6,34416500
202400034383;3;10;2024;13:45;1;60;60021;1;2;7;1;intersection 1032 d575;49,59503844;3,12141323
202400037809;5;4;2024;06:10;2;974;97416;1;9;1;3;DE VILLIERS 5CHEMIN ADAM); -21,30656000;55,42669000
202400050424;4;12;2024;08:00;2;19;19123;2;1;5;3;7 Rue Du Bessot;45,16364099;1,56876639
202400021223;10;3;2024;16:35;5;94;94017;1;1;1;5;A4;48,82736313;2,50739886
202400049804;16;2;2024;14:30;1;04;04094;1;1;1;1;D4;43,78683400;5,82331200
202400018871;12;10;2024;06:00;3;82;82051;1;1;1;6;Route de Lauzerte;44,19571300;1,14528200
202400043415;11;5;2024;13:03;1;74;74010;2;6;1;6;CHARLES DE GAULLE (PLACE);45,91203000;6,13150000
202400001401;30;11;2024;18:20;3;972;97229;1;1;1;6;Fond Bernier;14,62882900; -61,11616000
202400004306;16;9;2024;16:40;1;13;13103;1;1;1;2;Autoroute A7 - PK 231+000 - sens LYON /MARSEILLE;43,67507300;5,09525300
202400004327;14;11;2024;03:00;3;21;21599;1;1;1;1;A31;47,64748400;5,17836400
202400033986;29;8;2024;19:14;1;77;77251;2;1;1;6;ALL DE L'AVANT-SCENE;48,61824000;2,54624000
202400004760;11;8;2024;12:55;1;71;71176;2;1;1;2;76 Avenue du General de Gaulle;46,48418000;3,98732000
202400047317;20;8;2024;16:30;1;56;56174;2;1;1;7;30 Chemin des Petits Bois;47,88909000; -2,84984700
202400033580;8;4;2024;05:15;5;83;83137;2;1;1;6;GASQUET (AVE JOSEPH DE 1408 A FIN;43,12288879;5,97095120
202400017818;8;9;2024;15:00;1;972;97208;1;1;2;6;BALATA (ROUTE DE);14,70819000; -61,09364000
202400035753;15;5;2024;08:00;1;94;94034;1;1;1;3;A86;48,75623447;2,33600515
202400028071;22;7;2024;04:00;5;92;92036;1;2;1;3;SORTIE A 86;48,93583210;2,27971941
202400000812;30;4;2024;14:00;1;75;75116;2;1;1;3;BD PERIPHERIQUE EXTERIEUR;48,87388971;2,27520669
202400050066;16;2;2024;08:00;1;93;93010;1;1;1;3;A3;48,88893243;2,47376801
202400018210;2;8;2024;17:45;1;71;71299;1;1;1;6;N79;46,35402200;4,70216700
202400052012;3;5;2024;17:25;1;75;75112;2;3;1;6;RUE CLAUDE DECAEN;48,83672200;2,39845300
202400032015;7;8;2024;07:45;1;69;69009;1;1;1;3;Autoroute 6 ;45,93917000;4,72420000
202400004940;28;6;2024;09:30;1;44;44143;2;1;1;6;1 Rue Victor Hugo;47,18904500; -1,55180120
202400051912;20;9;2024;12:15;1;94;94070;1;1;1;5;route de PARIS;48,71715000;2,57130000
202400030265;23;7;2024;23:20;5;33;33162;2;2;1;6;;44,86482000; -0,66458000
202400025988;17;1;2024;06:55;3;51;51237;1;1;9;6;Esternay;48,73177000;3,59768600
202400038831;6;12;2024;07:49;5;56;56121;2;1;1;2;Pont des Indes;47,75741900; -3,35489970
202400045169;17;7;2024;13:30;1;44;44215;2;1;1;7;7Ter Rue de la Maladrie;47,18591600; -1,49321900
202400013735;20;11;2024;18:46;5;92;92051;2;1;8;6;GENERAL KOENIG (BOULEVARD DU);48,88484000;2,25503000
202400004108;25;4;2024;14:10;1;67;67180;2;1;1;3;EXUPERY (RUE SAINT);48,79357000;7,80761000
202400003636;10;7;2024;13:10;1;65;65463;1;1;1;2;D918;42,87896400;0,02444000
202400013877;17;2;2024;09:25;1;74;74256;2;1;1;6;rue St Eloi;45,93585200;6,62950300
202400034110;29;8;2024;21:20;5;75;75111;2;4;2;3;BOULEVARD VOLTAIRE;48,85285700;2,38850600
202400031620;19;1;2024;15:40;1;69;69290;1;3;1;3;Route de Lyon;45,70349000;4,91463000
202400011101;16;10;2024;20:40;3;19;19072;1;1;2;3;;45,21049000;1,51608100
202400005160;20;10;2024;13:52;1;67;67365;2;1;1;6;FRERES (RUE DES);48,55609000;7,70885000
202400008384;26;11;2024;13:05;1;33;33550;1;1;1;2;;44,77861700; -0,55649700
202400012636;2;2;2024;15:20;1;16;16015;2;1;1;3;BASSEAU (RUE DE N° 1 A 237);45,65102800;0,14280080
202400003012;10;9;2024;05:55;1;972;97213;1;1;1;3;ROUTE DEPARTEMENTALE 3;14,60277000; -60,99774900
202400050450;3;12;2024;18:50;5;31;31455;2;1;1;6;D627;43,25707410;1,19905500
202400024984;27;6;2024;11:20;1;16;16308;1;1;1;3;;45,89707000;0,45571800
202400052969;10;7;2024;00:16;5;93;93014;2;3;1;3;Allée de Bellevue / Rue des Prés;48,91670173;2,54638106
202400008332;26;11;2024;19:40;3;971;97116;1;1;1;2;N5;16,31468200; -61,48417000
202400040200;29;9;2024;18:00;1;74;74012;2;2;1;3;GARE (AVENUE DE LA);46,19793100;6,23608400
202400032811;6;6;2024;18:30;1;2A;2A362;2;1;1;3;RT10 face station VITO;41,69884200;9,34563700
202400028852;12;11;2024;16:15;1;06;06108;2;1;1;6;940 Boulevard du 8 Mai;43,59285300;6,95690600
202400005361;16;7;2024;13:10;1;62;62108;2;3;1;3;Rue de l’Impératrice;50,40593000;1,57262000
202400000417;19;9;2024;18:00;1;33;33318;1;1;1;4;;44,80936400; -0,67014900
202400019121;11;3;2024;11:10;1;66;66136;2;1;1;3;Talbot-Lago (Rue);42,73248000;2,89034000
202400047683;23;9;2024;09:17;1;06;06088;2;1;3;1;36 Boulevard Imperatrice Eugenie;43,69289800;7,22953800
202400020377;10;1;2024;19:25;5;84;84080;2;6;2;3;Boulevard Pasteur;44,03458000;4,99455000
202400043900;16;7;2024;17:20;1;93;93078;2;1;1;2;Avenue des Nations;48,97347504;2,50980818
202400000481;16;9;2024;11:30;1;84;84007;2;1;1;6;SAINT ROCH (BOULEVARD);43,94259000;4,80719000
202400032292;30;8;2024;14:17;1;49;49260;1;1;1;7;Chemin du Bouchot;47,06581000; -1,01053800
202400045698;20;8;2024;16:30;1;19;19031;2;3;1;3;COURTELINE (RUE);45,15294000;1,54788000
202400014050;28;12;2024;21:35;3;85;85018;1;1;8;7;les sartières;46,91257000; -2,09200000
202400037192;13;5;2024;22:32;5;75;75107;2;1;1;1;QUAI BRANLY;48,85913000;2,29394000
202400010435;6;8;2024;09:15;1;75;75114;2;1;1;3;BD PERIPHERIQUE EXTERIEUR;48,81913300;2,32959600
202400031604;19;5;2024;20:10;1;69;69244;2;1;1;2;13 Avenue de la Constellation;45,75506000;4,77467100
202400001645;23;3;2024;18:35;1;13;13013;1;6;1;7;A52,bretelle entrée, S2,Pk 07.479;43,41603700;5,57768600
202400033112;8;4;2024;14:30;1;13;13201;2;1;1;1;JEAN BALLARD (COURS);43,29347949;5,37426508
202400048543;27;10;2024;21:25;5;75;75106;2;2;1;3;RUE SAINT SULPICE;48,85146900;2,33705700
202400024958;27;6;2024;16:40;1;61;61507;1;1;1;6;D281;48,53891400;0,59815400
202400006652;7;8;2024;10:40;1;13;13085;1;1;1;1;A50-Sens Toulon vers Aubagne;43,24096364;5,59318208
202400009195;17;10;2024;15:14;1;75;75118;2;3;2;3;RUE MARX DORMOY;48,89019700;2,35988000
202400035914;22;7;2024;05:50;2;987;98725;2;6;1;3;Rond point funua incendie; -17,51125400; -149,50007600
202400042992;11;1;2024;16:35;1;974;97422;2;1;1;1;62 Rue Frédéric Badré; -21,27172400;55,51909300
202400012871;1;6;2024;13:20;1;32;32181;1;1;1;3;N21;43,41915400;0,23917800
202400011659;24;11;2024;15:30;1;01;01363;2;2;1;3;Chemin de la Passe;46,03513900;5,38452400
202400044960;8;1;2024;06:03;5;78;78217;1;1;1;6;A13;48,96635900;1,81149200
202400005778;14;9;2024;12:00;1;93;93064;1;1;1;2;AUTOROUTE A86;48,87923146;2,47630036
202400006551;7;2;2024;08:18;1;91;91027;2;3;2;6; JEAN PIERRE BENARD (AVENUE);48,71004200;2,38549000
202400047048;18;2;2024;22:00;3;77;77122;1;1;2;6;RN104;48,65222000;2,61326700
202400023001;15;11;2024;08:28;1;2A;2A004;1;1;1;4;T40;41,92884000;8,80965000
202400036131;27;8;2024;16:35;1;972;97213;1;1;1;1;ROUTE DEPARTEMENTALE 3;14,62426000; -60,98941000
202400046320;19;8;2024;12:05;1;30;30189;2;6;1;3;ALLENDE SALVADOR (RUE);43,82370000;4,36860000
202400042810;1;1;2024;02:10;3;45;45067;1;1;5;7;A10 PK 105+140 ;47,89207900;1,76399200
202400037060;23;2;2024;18:45;3;95;95277;2;1;1;2;D370;48,97227792;2,46197284
202400001854;9;7;2024;07:50;1;17;17306;2;1;1;3;LAMY (BD FRANCK);45,62776000; -1,01538000
202400000168;14;8;2024;11:25;1;17;17219;1;2;1;3;Rue du Fief Roquee;45,82804400; -1,12197300
202400050733;10;6;2024;08:30;1;27;27562;1;2;1;6;D 64;49,08726000;1,43539000
202400039171;28;2;2024;09:00;1;33;33200;1;6;1;2;;44,85934000; -0,68497000
202400001641;10;7;2024;16:40;1;78;78615;1;1;1;5;D30;48,84894100;1,96138700
202400023967;14;4;2024;00:35;3;38;38053;1;1;1;6;A43;45,60095057;5,26829228
202400045418;30;3;2024;16:55;1;91;91228;2;9;1;2;MOUSSEAU (AVENUE DU);48,63085000;2,44903000
202400005764;13;9;2024;08:30;1;59;59560;1;1;1;6;AUTOROUTE A1;50,52478000;3,04209000
202400047963;14;7;2024;16:20;1;33;33236;1;1;1;1;;44,72673300; -1,19909100
202400033727;23;7;2024;20:30;1;30;30221;1;1;1;4;PK 08+500;44,06684102;4,76553348
202400004856;25;11;2024;00:10;3;44;44162;2;1;1;6;Boulevard Charles Gautier;47,22508500; -1,62076600
202400014002;10;9;2024;08:30;1;95;95585;2;1;1;6;D125;48,98414200;2,38730900
202400025392;4;2;2024;01:30;5;971;97107;2;1;1;6;PAUL LACAVE ( AVENUE );16,04168000; -61,56602000
202400037766;20;7;2024;14:28;1;88;88373;1;1;7;6;D392;48,50676400;7,10590100
202400051696;3;1;2024;15:50;1;13;13081;1;9;1;3;D21;43,49339800;5,21648900
202400049280;30;3;2024;12:00;1;33;33199;2;1;1;3;;44,63678400; -1,09828200
202400000565;22;10;2024;07:00;2;11;11254;1;1;3;5;D21;43,18594300;2,11892900
202400020680;20;5;2024;17:30;1;59;59350;2;9;1;6;Rue de Lannoy;50,63399000;3,09603000
202400016124;8;9;2024;23:40;5;76;76351;2;1;1;6;JEAN JAURES (AVENUE);49,49981945;0,15871167
202400004514;10;8;2024;19:45;1;91;91201;2;4;1;3;RUE PIERRE BROSSOLETTE;48,68622000;2,41812000
202400024461;21;5;2024;16:20;1;37;37233;2;6;2;3;RABATERIE ( RUE DE LA );47,39203000;0,72552000
202400018390;5;9;2024;20:05;2;44;44026;1;1;3;4;Route de Paris;47,29663700; -1,40715100
202400042869;10;1;2024;21:30;5;49;49099;2;2;1;3;JUIN (BOULEVARD DU MARECHAL);47,04417000; -0,88551000
202400017136;11;3;2024;10:15;1;95;95598;2;1;1;3;HENRI SESTRE (PLACE);48,98803454;2,30160087
202400028592;4;10;2024;16:30;1;36;36138;1;2;1;3;;46,55191541;2,13656187
202400017526;18;11;2024;17:10;1;971;97117;1;1;1;6;Route de l'Ecluse;16,31263100; -61,37971700
202400038102;19;7;2024;11:00;1;92;92040;2;2;1;3;AUGUSTE GERVAIS;48,82307894;2,27335221
202400003003;8;10;2024;06:40;1;972;97213;1;1;1;2;ROUTE NATIONALE 5;14,59572000; -60,98576000
202400044615;6;12;2024;18:50;5;62;62178;2;6;1;6;D841;50,49421532;2,57440182
202400039284;12;5;2024;17:00;1;974;97416;1;1;1;7;CD 26; -21,29963000;55,43629000
202400026480;25;7;2024;22:42;5;64;64024;2;6;1;7;BUTTE AUX CAILLES (ROND POINT DE LA);43,49703000; -1,50862000
202400008876;1;9;2024;16:00;1;74;74173;2;1;2;6;360 Rue des allobroges;45,85813800;6,61296000
202400006996;4;6;2024;16:50;1;64;64122;2;2;1;3;MARNE (AVENUE DE LA);43,48204731; -1,54353350
202400042712;1;11;2024;21:50;5;13;13071;2;1;1;3;PLAN DE CAMPAGNE (AVE. DE );43,41769000;5,35998000
202400023286;16;11;2024;05:30;3;44;44096;1;1;5;6;Le Pont Esnault;47,41822200; -1,28814700
202400021122;27;6;2024;18:00;1;92;92020;2;1;1;2;VERDUN AVENUE DE AUTRES N°;48,80134155;2,28466523
202400021328;27;6;2024;08:00;1;974;97407;2;3;1;3;ROUTE DU SACRE COEUR; -20,95867000;55,31963000
202400007951;13;9;2024;13:00;1;971;97132;2;1;1;6;Chemin de la Coulisse;15,97552200; -61,63530200
202400007837;26;4;2024;19:20;1;17;17228;1;1;1;7;D140, rue du colonel Beltrame;45,62921000; -0,96394300
202400045262;13;6;2024;05:13;1;92;92063;1;1;1;6;A86 DUPLEX;48,87145721;2,15725697
202400034338;3;10;2024;17:42;1;60;60374;2;2;1;1;9 Rue de la Gare;49,55031500;2,51436700
202400003490;10;8;2024;11:10;1;74;74275;1;9;1;7;D42;45,81673400;6,24439500
202400015023;14;10;2024;19:15;5;76;76540;2;6;5;7;Boulevard de l'Europe;49,42615795;1,08710146
202400030976;9;11;2024;07:00;3;45;45302;2;1;5;3;D2020 PR 22 + 70;47,96341000;1,88868000
202400015941;19;4;2024;21:25;3;94;94019;2;1;2;1;Rue de Champigny;48,79090000;2,52280000
202400014349;3;8;2024;13:00;2;75;75113;2;2;1;2;BOULEVARD AUGUSTE BLANQUI;48,83189300;2,34110800
202400002441;29;4;2024;12:10;1;30;30007;2;1;1;4;603 Quai de Bilina;44,13404000;4,07672000
202400038359;18;6;2024;11:09;1;40;40222;1;1;1;1;1297 Route de Tyrosse;43,62498500; -1,21594600
202400017781;30;1;2024;07:00;5;60;60175;2;2;1;3;Rue de la République;49,26137000;2,47422000
202400027296;18;12;2024;12:03;1;49;49007;2;1;1;6;FAYE;47,48843000; -0,51563000
202400012320;28;12;2024;15:54;1;75;75116;2;3;1;1;AVENUE DE VERSAILLES;48,84150200;2,26654400
202400047986;25;9;2024;12:45;1;974;97422;2;3;1;3;Chemin Neuf; -21,24837700;55,51881600
202400027493;4;3;2024;12:55;1;75;75118;2;1;1;2;BD PERIPHERIQUE INTERIEUR;48,90074400;2,36160400
202400031388;19;5;2024;02:20;5;10;10387;2;1;1;6;MIMOSAS (RUE DES);48,30952000;4,07559000
202400020340;6;9;2024;15:58;1;17;17291;1;1;1;2;N11;46,17162000; -1,12201000
202400042806;12;1;2024;13:45;1;01;01445;1;1;1;7;A 39;46,35682100;5,28719200
202400030895;10;11;2024;02:12;3;13;13211;1;1;1;6;A50-Sens Aubagne vers Marseille;43,29191000;5,45201000
202400041893;6;7;2024;19:00;1;93;93047;2;2;2;1;GENERAL LECLERC  (RUE DU);48,89842000;2,57484000
202400023377;19;12;2024;23:40;5;13;13204;2;1;6;3;MARÉCHAL JUIN (BOULEVARD);43,31186000;5,40391000
202400031777;19;1;2024;08:30;2;94;94046;2;1;4;2;Avenue du Général de Gaulle;48,81618000;2,41990000
202400043553;2;4;2024;12:00;1;94;94073;2;1;1;2;Avenue du Général de Gaulle;48,76849000;2,37015000
202400048133;6;12;2024;07:20;5;51;51378;2;1;1;6;Rue du Montauban;48,98898600;3,93100300
202400015268;3;7;2024;09:30;1;60;60291;2;1;1;1;21 Rue de la Garenne;49,65163000;3,06947200
202400043261;9;5;2024;15:15;1;76;76576;1;1;1;7;GRANDE RUE (LA);49,54525000;0,44957000
202400003733;8;7;2024;18:55;1;69;69275;2;2;1;3;Avenue Jean Macé;45,76395000;4,95640000
202400037217;19;2;2024;17:20;1;83;83061;2;1;1;4;AVENUE ANDRE LEOTARD;43,43926933;6,74602926
202400013913;20;4;2024;07:15;2;69;69381;2;9;1;6;Quai André Lassagne;45,77232182;4,83834132
202400042917;3;4;2024;19:15;1;92;92012;2;1;1;3;ALPHONSE LE GALLO (QUAI) 1/34;48,83283884;2,22732085
202400028278;21;5;2024;14:10;1;2B;2B043;1;1;1;3;Campinca;42,76477600;9,46796700
202400034368;22;6;2024;04:00;3;07;07342;1;1;1;6;route du Puy;45,21785600;4,58106300
202400000537;2;5;2024;07:45;1;37;37067;2;1;1;3;24 Rue du Vieux Chêne;47,25510728;0,45812649
202400043023;3;4;2024;14:50;1;973;97309;2;1;1;5;1741 Route de Montjoly;4,92336000; -52,28303700
202400047142;11;6;2024;21:30;5;972;97213;1;3;1;3;ROUTE DEPARTEMENTALE 3;14,62148000; -60,98822000
202400037348;14;5;2024;20:50;2;85;85140;1;1;1;6;la daunière;46,74250000; -0,83097000
202400026514;7;10;2024;13:00;1;93;93006;2;1;2;1;CAPSULERIE RUE DE LA;48,86364078;2,42100209
202400026794;25;6;2024;06:30;2;75;75102;2;4;1;1;RUE LOUIS LE GRAND;48,87104800;2,33458000
202400046822;5;1;2024;19:15;5;30;30007;2;1;1;7;Avenue Carnot;44,12133000;4,08437000
202400047516;16;2;2024;15:55;1;69;69387;2;2;1;2;Rue Garibaldi;45,74792425;4,85194116
202400034714;7;11;2024;16:30;2;91;91549;2;1;1;6;CORBEIL (ROUTE DE);48,63234000;2,33656000
202400000629;1;5;2024;17:50;1;2B;2B134;2;1;1;6;Place Pascal Paoli;42,63478000;8,93906200
202400047041;17;2;2024;23:45;5;93;93066;1;1;1;3;A1;48,92016565;2,35720106
202400020665;7;10;2024;15:55;1;57;57227;2;1;1;6;BARTH (RUE FELIX );49,18316100;6,89495600
202400041469;3;4;2024;06:20;3;95;95277;1;1;3;6;A3;48,97998245;2,49663572
202400021648;21;12;2024;15:30;1;77;77251;1;1;2;2;AUTOROUTE A5A;48,62251414;2,54435624
202400020871;10;10;2024;22:45;5;76;76540;2;2;1;2;Rue du Mail;49,42915000;1,09205000
202400014068;10;9;2024;08:30;1;74;74305;2;1;1;3;MONTREAL (RUE DE);46,20385000;6,27856000
202400016034;9;9;2024;18:25;1;69;69388;2;3;9;6;Rue Professeur Beauvisage;45,72882000;4,86578000
202400010460;5;8;2024;09:55;1;75;75117;2;1;1;4;Bd Périphérique Extérieur;48,89024500;2,29846500
202400010657;7;8;2024;09:50;1;58;58264;1;1;1;6;D978A;46,79065800;3,15067300
202400012682;5;8;2024;21:40;3;28;28317;1;2;1;7;d.24;48,43141100;1,74405800
202400022313;25;5;2024;18:15;1;75;75103;2;2;1;6;RUE RAMBUTEAU;48,86181725;2,35088128
202400033705;8;4;2024;16:10;1;35;35150;1;6;2;2;PILAIS (LA) LIEUX-DITS;48,35170985; -1,23407632
202400051725;21;9;2024;01:40;5;13;13103;2;1;1;6;BOULEVARD FOCH-MARECHAL;43,63973000;5,09471000
202400019828;7;9;2024;14:20;1;22;22360;2;6;1;2;MARCEL RAULT;48,48803000; -2,74026000
202400030264;30;8;2024;16:35;1;35;35238;2;4;3;3;ROOSEVELT (BD FRANKLIN);48,09744953; -1,65727526
202400035705;2;5;2024;09:50;1;33;33199;2;1;1;3;;44,61930500; -1,07329900
202400045875;14;6;2024;06:45;2;89;89195;1;1;2;6;Rue des Chaponnières;48,14475700;3,25203900
202400007135;3;6;2024;19:02;1;08;08089;2;1;1;6;;49,42661500;4,95479200
202400010147;17;9;2024;19:30;2;74;74021;1;1;1;7;route nationale;46,16611500;6,27310800
202400010815;30;12;2024;04:35;3;54;54304;1;1;1;2;A33;48,68072304;6,11906290
202400053408;11;7;2024;17:00;1;52;52003;1;1;1;7;D110;48,34805868;5,47921618
202400049318;16;2;2024;20:45;5;34;34003;2;1;1;6;GENTILSHOMMES (H16 A L17;43,28971000;3,51148000
202400054328;10;7;2024;15:05;1;06;06088;2;1;1;6;Avenue des Grenouillères;43,66902330;7,22028400
202400052271;15;8;2024;17:10;1;77;77186;1;2;1;3;RD606. de la rochette à l'obélisque;48,48110000;2,66915000
202400037102;15;1;2024;18:00;4;95;95585;1;1;8;2;D316;48,98420625;2,37228131
202400010905;29;1;2024;18:01;2;84;84031;2;3;1;3;LUNEL ARMAND;44,05191000;5,05572000
202400053288;7;6;2024;11:40;1;63;63300;2;9;1;3;AVERROES (RUE) / parking Lycée Bonte;45,88071000;3,11060000
202400045064;8;5;2024;19:40;1;37;37233;2;2;1;3;COLOMBIER (RUE DU);47,38147000;0,73734000
202400029872;20;5;2024;14:45;1;38;38182;1;1;1;7;route du vercors;45,36847400;5,43085100
202400045749;20;2;2024;10:23;1;83;83144;1;1;1;7;A57;43,14263526;6,00846007
202400023995;29;7;2024;21:30;2;54;54416;1;1;1;7;RD48;48,93014055;5,78827143
202400038321;30;9;2024;19:00;5;69;69385;2;2;1;4;Pont Bonaparte;45,75960000;4,82831000
202400049698;24;3;2024;20:20;5;85;85194;2;9;1;6;RD 949;46,51501000; -1,75865000
202400024865;15;11;2024;13:50;1;92;92025;1;1;1;2;A86;48,93376075;2,25454017
202400040102;30;9;2024;18:10;1;78;78043;1;1;2;3;A12 W;48,82430300;2,07381900
202400027031;11;11;2024;01:00;5;972;97209;2;1;2;6;RD 41 (ROCADE);14,61988000; -61,05427000
202400012423;5;8;2024;22:25;5;13;13201;2;2;1;3;ROME (RUE DE)        2 A 64;43,29433000;5,37901000
202400044897;9;1;2024;18:30;3;78;78009;1;1;9;1;D291;48,45607600;1,91192300
202400009354;18;3;2024;19:25;1;22;22360;2;6;1;2;ARMOR (RUE D');48,48507000; -2,73995000
202400038721;9;12;2024;07:50;3;95;95572;1;1;2;7;A15;49,03189295;2,11404154
202400040745;4;11;2024;18:00;2;42;42181;2;9;1;6;Route de Lyon;45,99155800;4,22409300
202400016855;13;10;2024;16:30;1;13;13042;2;1;1;2;189 Avenue du 2e Cuirassier;43,29860200;5,62170400
202400032991;7;11;2024;18:25;5;94;94067;2;1;1;3;Avenue Gallieni;48,84642553;2,41740954
202400018512;2;8;2024;06:25;2;28;28219;1;1;1;6;A11 PK 101+500;48,23417800;1,04282100
202400007202;22;4;2024;12:50;1;44;44162;2;3;8;6;Aveneue de Cheverny;47,24006907; -1,59635584
202400006101;27;4;2024;07:55;1;92;92036;1;1;1;6;AUTOROUTE A15;48,93788866;2,29766722
202400020154;20;12;2024;10:00;1;91;91514;2;9;7;6;RUE DE LA REPUBLIQUE;48,67274000;2,53711000
202400016468;2;8;2024;13:30;1;71;71076;2;2;1;3;SENTIERS (RUE );46,79742887;4,85503167
202400026962;25;6;2024;07:40;1;33;33096;1;1;1;2;;44,88925000; -0,50402000
202400005855;8;3;2024;15:05;1;93;93079;2;3;1;3;Route de Saint-Leu / Rue Jules Ferry;48,95533417;2,33339041
202400046849;31;3;2024;08:15;1;95;95572;1;1;1;6;A15;49,03385066;2,10413892
202400044839;9;1;2024;17:27;5;92;92009;2;2;9;1;CHARLES-DE-GAULLE ( AVENUE );48,91832288;2,27507293
202400001198;7;6;2024;18:25;1;75;75111;2;3;1;3;RUE SAINT MAUR;48,86910200;2,37426600
202400044934;8;1;2024;19:06;5;67;67482;1;1;1;4;Autoroute A.35;48,58878000;7,72985000
202400054257;29;11;2024;10:00;1;04;04112;1;1;1;7;D907;43,84171000;5,74719000
202400013996;2;2;2024;13:45;1;94;94081;2;3;1;3;Avenue du Moulin de Saquet / Rue Puccini;48,79154500;2,38275300
202400011027;1;6;2024;14:38;1;75;75109;2;2;2;2;BOULEVARD DE LA MADELEINE;48,86991900;2,32802300
202400001490;23;10;2024;09:35;1;92;92075;2;1;1;3;MARCEL MARTINIE (AVENUE);48,82180289;2,29159042
202400021708;6;9;2024;08:50;1;92;92020;2;3;1;1;VEDRINES RUE JULES;48,80994038;2,28255665
202400011944;12;9;2024;13:00;1;12;12037;1;1;1;7;Lieu-dit La Caze;44,02250100;2,68117400
202400040489;31;3;2024;22:00;5;73;73065;2;2;1;3;Avenue de Lyon;45,56334647;5,90530388
202400031748;16;5;2024;23:00;3;95;95127;2;6;1;6;D14;49,05317997;2,03233469
202400029202;16;12;2024;15:45;1;33;33069;2;1;1;3;;44,85597000; -0,59224000
202400045762;25;9;2024;17:35;1;40;40230;1;2;8;3;Route de la Forêt;43,78285700; -0,96024200
202400017447;20;11;2024;06:35;5;94;94073;2;1;2;6;Avenue de Versailles;48,75697995;2,38852698
202400040989;12;5;2024;05:35;5;69;69259;1;1;1;4;Route Départementale 383;45,71725894;4,85812415
202400011236;15;3;2024;22:55;3;69;69244;2;1;1;3;Boulevard du Valvert;45,76483400;4,77252700
202400044419;31;10;2024;09:30;1;50;50129;2;1;1;7;MESLIN (RUE JACK);49,62056000; -1,64226000
202400007480;18;3;2024;18:30;1;40;40088;1;1;1;7;GRAVIERES (CHEMIN DES);43,68505000; -1,03512000
202400016813;28;5;2024;22:20;5;64;64445;2;1;1;6;EUROPE DE L';43,32917107; -0,35271585
202400011730;12;9;2024;20:35;5;16;16015;2;1;2;6;;45,65599000;0,14524000
202400018830;12;10;2024;20:15;5;13;13001;1;2;2;1;ENFANT (RTE DE L');43,48010000;5,39438000
202400038351;30;9;2024;08:30;1;83;83129;2;3;1;3;KENNEDY(AVENUE J.)N° PAIRS après 2742;43,10817696;5,84397194
202400053994;15;8;2024;18:40;1;14;14454;1;1;1;2;A84 ;49,15675900; -0,47850600
202400029094;5;3;2024;11:00;1;72;72360;1;1;1;1;La Balonniere;48,02156700;0,11184800
202400032835;22;6;2024;01:00;3;25;25022;2;1;1;6;28 Rue de la 5e Db;47,52144200;6,65868500
202400019594;17;4;2024;02:00;5;14;14366;2;1;1;6;Route d'Orbec;49,14053000;0,23181000
202400047868;12;6;2024;08:00;1;83;83047;1;3;1;3;RD 98;43,13161200;6,05540700
202400048570;29;10;2024;16:18;1;76;76377;1;1;1;6;A28;49,48756600;1,14088300
202400029863;10;4;2024;19:00;1;91;91421;2;6;1;3;CORBEIL (ROUTE DE);48,71122000;2,44216000
202400033879;8;4;2024;10:20;1;21;21661;1;1;1;2;autoroute a38 - pk 30;47,31841600;4,91318100
202400049479;13;7;2024;04:45;3;13;13047;1;6;1;6;D.5;43,60340000;4,93209000
202400015510;20;11;2024;18:35;5;64;64269;2;1;2;6;PEYREBLANQUE DE;43,29723000; -0,30434000
202400031184;3;3;2024;20:00;4;75;75112;2;1;1;3;BD PERIPHERIQUE EXTERIEUR;48,82864200;2,39888900
202400017891;24;12;2024;05:47;5;93;93045;2;2;2;1;Boulevard Eugène Decros / Rue de la Rochefoucauld;48,88125000;2,41391000
202400051436;26;10;2024;14:25;1;85;85156;1;1;1;1;D747;46,48725400; -1,44339300
202400024773;26;6;2024;04:15;5;64;64024;2;6;1;6;BUTTE AUX CAILLES (ROND POINT DE LA);43,49675478; -1,50949091
202400005396;19;10;2024;04:50;5;36;36044;2;1;1;6;Rue Porte Neuve;46,81094762;1,68825611
202400040608;29;9;2024;00:30;5;50;50218;2;3;1;3;MATIGNON (AV DES);48,83799000; -1,57812000
202400010884;1;6;2024;21:00;2;92;92072;1;1;2;7;N118;48,82490955;2,22113968
202400045049;22;2;2024;19:15;3;91;91103;1;1;1;6;RN 104;48,62379000;2,29783000
202400029336;4;3;2024;15:30;1;13;13005;2;9;1;3;GOUMS (AVENUE DES);43,28990858;5,55922543
202400019663;17;4;2024;19:30;3;43;43038;1;1;1;1;Arvant;45,34545000;3,34866800
202400012258;30;12;2024;06:45;5;62;62041;2;1;8;6;Rue des 3 Visages;50,29228000;2,77694000
202400044915;10;5;2024;17:45;1;85;85019;2;1;1;6;7 Rue du maréchal de lattre de tassigny;46,78441400; -1,43170000
202400006537;7;2;2024;08:10;2;95;95280;2;1;2;5;D47;49,01716877;2,46809713
202400014476;1;2;2024;17:58;5;25;25056;2;3;2;6;DOLE RUE DE (entre 82 et 185);47,22856000;5,98653600
202400018366;9;9;2024;06:40;2;55;55122;1;1;8;2;Rue d'Euville;48,75686800;5,60989400
202400037127;5;4;2024;20:00;5;971;97120;1;1;1;3;PAUL VALENTINO (AVENUE);16,22728000; -61,52986000
202400013967;10;9;2024;09:45;1;972;97213;1;1;1;3;Z I LA JAMBETTE;14,61682000; -61,03243000
202400035761;16;1;2024;13:30;1;93;93048;2;1;1;6;Avenue Pasteur;48,86565000;2,43716200
202400038635;11;12;2024;22:55;5;93;93001;2;1;1;3;JEAN JAURES  (AVE)  157 A 213;48,90959874;2,39842042
202400036346;27;9;2024;17:30;1;59;59009;1;1;3;5;ROUTE NATIONALE 227;50,62911000;3,13883000
202400015237;28;6;2024;19:50;1;33;33540;2;1;1;7;;45,37843700; -1,15303100
202400045080;16;7;2024;21:00;5;01;01370;2;2;1;3;Rue Jules Verne;46,30533600;4,84129600
202400039044;5;4;2024;09:00;1;69;69264;2;3;1;3;Route de Frans;45,98496000;4,73155000
202400045706;11;6;2024;15:00;1;75;75112;2;1;1;1;AVENUE DE SAINT MAURICE;48,83025000;2,42041000
202400038133;26;8;2024;18:30;1;93;93066;2;3;1;6;CITE GABRIEL PERI;48,93854052;2,35633517
202400001571;23;3;2024;19:30;5;93;93008;2;2;2;4;Avenue du Président Salvador Allende / Rue Bernard Birsinger;48,90188000;2,44464000
202400022284;26;1;2024;21:30;3;75;75112;2;2;1;3;RUE DE CHARENTON;48,83527505;2,39280179
202400023367;20;12;2024;20:25;5;13;13209;2;1;1;6;MORGIOU (chemin de );43,23721000;5,40915000
202400029616;19;5;2024;16:45;1;77;77377;1;1;1;2;RD 471;48,70778000;2,69591000
202400011263;17;3;2024;02:15;3;94;94018;1;1;1;6;A4;48,81803121;2,41100013
202400053199;14;8;2024;08:00;1;987;98735;2;2;1;1;TEPANO JAUSSEN (RUE); -17,54072000; -149,56606000
202400044251;26;9;2024;09:00;1;92;92063;1;1;8;2;A86;48,88888880;2,16803002
202400009247;18;10;2024;16:20;1;87;87154;2;3;8;3;Avenue Corot;45,89439500;0,90023000
202400008421;6;2;2024;06:50;5;76;76351;2;1;1;6;GRAND HAMEAU (Avenue du );49,52063000;0,11342000
202400017868;17;4;2024;18:00;1;75;75101;2;2;1;3;PONT AU CHANGE;48,85621800;2,34649500
202400037726;27;8;2024;18:30;1;75;75105;2;2;1;3;RUE DU PUITS DE L ERMITE;48,84221200;2,35267500
202400034310;3;10;2024;12:40;1;75;75101;2;2;8;2;RUE SAINT HONORE;48,86744700;2,32622400
202400002139;30;4;2024;19:00;1;37;37199;1;1;1;1;D58;47,06551692;0,50462879
202400018112;23;12;2024;08:05;2;91;91027;2;1;1;3;AV FRANCOIS MITTERRAND;48,71156000;2,37132000
202400032291;31;8;2024;11:30;1;85;85302;1;3;1;3;RD6;46,97124100; -0,98634500
202400043397;9;5;2024;11:55;1;94;94022;2;1;1;6;Avenue Jean Jaurès;48,76517000;2,40796000
202400007340;19;10;2024;13:40;1;92;92040;2;3;8;3;AUGUSTE GERVAIS;48,82309969;2,27339409
202400013290;16;3;2024;00:30;3;08;08408;1;1;2;6;1 D88;49,87463955;4,64612063
202400031474;9;4;2024;17:20;1;92;92004;2;1;1;4;DOCTEUR DERVAUX  ( QUAI DU );48,91117993;2,29861996
202400051441;10;6;2024;15:20;1;64;64519;2;2;1;3;Rue d'Ayous;43,36805300; -0,38940800
202400011584;3;7;2024;09:13;1;91;91421;2;1;1;3;SAINT HUBERT (RUE);48,69785000;2,47032000
202400014754;29;5;2024;16:25;1;75;75118;2;2;2;3;PLACE DE LA CHAPELLE;48,88456200;2,35941900
202400020822;11;10;2024;16:35;1;77;77257;2;3;1;3;Avenue du Chemin Noir;49,02658500;3,02551600
202400035005;12;12;2024;16:20;1;971;97113;1;1;1;3;RN4-ROND POINT SAINT FELIX;16,20777000; -61,44629000
202400046446;22;9;2024;22:00;3;56;56101;1;1;1;7;Lieu-Dit Kerlavarec;47,83492300; -3,17047800
202400033670;17;1;2024;08:50;1;974;97409;2;1;1;7;JEAN ALBANI(RUE); -20,96374000;55,65634000
202400025700;5;6;2024;01:00;5;91;91521;2;1;1;3;LIBERATION (AVENUE DE LA) N°28 A 84;48,65241000;2,41321000
202400043256;9;5;2024;23:19;5;83;83069;2;1;1;6;GAMBETTA (AVENUE);43,11636000;6,12869000
202400005848;6;7;2024;12:50;1;51;51172;2;1;1;6;BLANCS MONTS (RUE);49,21654000;4,05784000
202400028613;5;10;2024;18:10;1;2B;2B307;1;1;1;2;T10;42,38447200;9,53033300
202400018697;27;5;2024;22:00;2;22;22187;2;9;1;6;Martin Plage (rue de );48,54911000; -2,73329000
202400001123;10;2;2024;10:45;1;75;75117;2;2;2;6;RUE JACQUES KELLNER;48,89584800;2,32673600
202400017693;24;12;2024;16:10;1;91;91201;2;1;2;5;RUE EUGENE DELACROIX;48,68113096;2,42799273
202400000174;24;3;2024;14:40;1;83;83116;1;1;1;1;D560;43,45439500;5,87657500
202400049236;5;12;2024;16:30;2;73;73330;1;1;1;1;D1504;45,69766400;5,79344800
202400043883;16;7;2024;17:05;1;94;94021;2;1;1;2;Av du Pdt Franklin Roosevelt;48,77065800;2,36302700
202400026047;24;1;2024;08:00;5;37;37109;2;1;1;6;72 Avenue du Général de Gaulle;47,40473260;0,61389823
202400031307;2;3;2024;16:00;1;64;64445;2;1;2;6;ETIGNY D';43,29680000; -0,38700000
202400014992;15;10;2024;15:52;1;59;59595;1;1;1;1;D630;50,22218219;3,31019573
202400005804;6;7;2024;16:25;1;972;97209;1;1;1;7;RN9;14,60811000; -61,04229000
202400040659;2;11;2024;22:20;5;37;37261;2;1;1;6;FUYE( RUE DE LE );47,38902000;0,70270000
202400036595;18;6;2024;17:40;1;69;69204;1;2;1;1;Route de Brignais;45,70461700;4,76791400
202400044347;7;12;2024;00:30;3;50;50487;1;1;2;6;A84;48,54179019; -1,34086154
202400007697;5;7;2024;20:40;1;77;77350;2;3;1;6;AV DU GENERAL LECLERC;48,77185000;2,67545000
202400042226;8;12;2024;08:45;1;95;95028;1;1;3;6;N104;49,06003257;2,35477455
202400016832;14;10;2024;17:40;1;62;62019;1;1;2;2;A26;50,42387430;2,71886946
202400009226;18;10;2024;08:00;2;92;92036;2;1;2;2;MARCEL PAUL (AVENUE) (2/50);48,93356000;2,30277000
202400039279;4;4;2024;19:10;1;93;93077;2;3;1;6;Avenue de Rosny / Rue Poussin;48,88476000;2,50628000
202400048060;19;8;2024;09:15;1;75;75119;2;1;1;1;RUE DE BELLEVILLE;48,87650900;2,40429800
202400000440;16;9;2024;22:00;3;95;95582;1;1;1;2;A15;48,97105157;2,24878136
202400000851;14;8;2024;08:10;1;14;14488;2;3;1;2;153 Avenue du Grand Large;49,27334200; -0,25406400
202400003571;9;7;2024;17:45;1;12;12224;2;1;1;7;Route des Plantiers;44,46974500;2,96890000
202400001439;23;10;2024;07:20;5;37;37233;2;6;1;3;FARGES (AVENUE YVES);47,38488000;0,73688000
202400040572;30;10;2024;18:45;3;87;87140;1;1;1;1;Route des Séguines;45,89447400;0,95828900
202400052212;11;7;2024;12:09;1;64;64129;2;1;1;7;BAYONNE DE;43,30513000; -0,40196000
202400039373;18;2;2024;03:40;4;19;19031;2;1;1;6;SEMARD (AVENUE PIERRE) JUSQU'A N° 73 - 6;45,15521754;1,51546347
202400043487;14;4;2024;13:05;1;971;97120;2;1;1;6;RASPAIL;16,23019000; -61,53129000
202400053498;9;7;2024;02:50;3;78;78513;1;1;1;6;Route Nationale 12;48,79846900;1,75342500
202400022823;27;6;2024;17:10;1;77;77122;2;1;1;2;RUE SOMMEVILLE;48,66446600;2,56952900
202400047529;31;3;2024;09:50;1;62;62837;1;1;1;6;D131;50,65087236;2,03819710
202400032938;7;11;2024;13:45;1;27;27229;2;1;1;3;JANIN (BOULEVARD JULES);49,02623000;1,15800000
202400006294;27;11;2024;15:55;1;34;34166;1;3;1;6;D128 montblanc;43,35725500;3,33209800
202400010891;17;10;2024;09:30;1;77;77335;1;1;1;3;N3;48,95898335;2,82995770
202400002023;16;9;2024;03:05;4;33;33167;1;1;1;6;;44,81954000; -0,51984000
202400044886;9;1;2024;16:00;1;06;06085;2;1;1;1;Chemin de Carimaï;43,57547500;6,97844800
202400024675;8;10;2024;07:00;1;973;97302;2;1;1;3;ZEPHIR (ROCADE);4,93456000; -52,30845000
202400044542;30;10;2024;22:40;5;75;75105;2;2;1;3;RUE MONGE;48,84660100;2,35165500
202400027506;12;4;2024;21:16;5;37;37261;2;1;1;7;PONT CHER (AVENUE DE);47,36800000;0,67606000
202400027591;23;1;2024;15:08;1;92;92050;2;3;1;2;PAQUERETTES RUE DES;48,90851438;2,21487410
202400013587;22;11;2024;15:00;1;56;56098;2;2;1;3;Rue Gérard Philipe;47,76672000; -3,35906000
202400040428;1;11;2024;19:45;5;42;42207;2;2;1;3;Quai de la Rive;45,47905000;4,51555000
202400053854;6;7;2024;17:32;1;87;87085;2;3;1;3;MONTJOVIS (AVENUE);45,83856000;1,24775000
202400036530;28;4;2024;11:30;1;93;93048;2;1;1;3;Rue de Paris;48,85498745;2,41870071
202400000652;1;5;2024;11:15;1;91;91161;1;1;1;7;AUTOROUTE A6;48,70530000;2,30579000
202400041160;10;1;2024;18:05;5;69;69264;2;6;2;3;Avenue de l’Europe;45,98925016;4,74338432
202400025627;25;1;2024;16:36;2;85;85302;1;1;2;5;RD 160;46,92993900; -0,98967600
202400027133;6;3;2024;17:05;1;93;93066;2;1;1;3;Rue du Languedoc;48,92586800;2,37251200
202400040805;1;11;2024;14:15;1;01;01012;1;1;1;1;D102;45,99678300;5,50968600
202400026970;25;6;2024;07:50;1;94;94038;1;1;1;4;A6A;48,77318113;2,34587558
202400010679;3;8;2024;13:45;1;16;16175;1;1;1;7;;45,46758500;0,00152800
202400025901;24;1;2024;20:50;5;94;94003;2;1;1;6;9 Avenue du President Nelson Mandela;48,81140700;2,32755700
202400051539;22;9;2024;00:30;5;45;45147;2;3;2;3;143bis Rue Marcellin Berthelot;47,92831000;1,91613000
202400015622;21;4;2024;05:00;3;974;97422;1;1;1;6;Rue Charles Baudelaire; -21,24912700;55,49776900
202400047273;25;4;2024;04:45;3;74;74074;1;3;1;3;D1206;46,11244100;5,92035100
202400054125;1;1;2024;04:10;3;24;24375;1;1;2;7;D46;44,73100400;1,27046600
202400039388;6;4;2024;11:40;1;63;63426;1;4;1;3;RD922 / impasse Saraille;45,56811200;2,63221300
202400008551;26;12;2024;11:50;1;35;35319;1;4;1;3;Les Coudraies;48,02831053; -1,94182545
202400047912;15;10;2024;16:46;1;12;12202;2;4;1;3;DE LATTRE DE TASSIGNY (BOULEVARD);44,34485000;2,56634000
202400023102;9;3;2024;11:51;1;91;91286;1;1;1;4;AUTOROUTE A6;48,64806000;2,38628000
202400040325;10;12;2024;18:30;5;92;92026;2;1;1;7;VERDUN (DE 62 A FIN);48,90109706;2,26021738
202400018897;13;10;2024;05:35;3;01;01204;1;1;2;6;A40;46,16461000;5,70113500
202400042684;3;8;2024;17:28;1;43;43144;1;1;1;3;Route des Barthes;44,93867986;4,11379882
202400039629;28;2;2024;21:20;5;92;92063;2;2;1;3;ESTIENNE D'ORVES (RUE D');48,88709749;2,17952371
202400017813;16;4;2024;17:45;1;11;11069;2;1;1;2;48 Bd Louis Joseph Gay Lussac;43,20906000;2,32487000
202400040516;18;5;2024;23:28;3;62;62757;1;1;1;3;D206;50,75508000;2,20567000
202400016243;13;5;2024;05:25;2;13;13052;2;6;1;7;RD5;43,83462700;4,78642300
202400010128;18;8;2024;13:40;1;84;84081;2;3;1;3;Rue Henri Manguin;43,95325100;4,89613700
202400001535;23;10;2024;19:50;5;40;40046;2;3;1;3;888 Avenue Marechal Lyautey;44,38905500; -1,15793400
202400021893;29;7;2024;11:15;1;75;75120;2;1;1;3;BD PERIPHERIQUE INTERIEUR ;48,86515300;2,41321500
202400042547;7;12;2024;22:20;3;29;29212;1;1;6;6;route du Mengant;48,35503000; -4,59055800
202400030146;31;8;2024;20:00;1;93;93066;1;1;1;2;AUTOROUTE A1;48,92901494;2,35961726
202400003222;5;6;2024;09:45;1;28;28220;2;1;1;3;MARCEAU (RUE);48,42513000;1,47997000
202400048126;29;10;2024;17:22;2;92;92040;2;6;1;2;VICTOR HUGO (ROND-POINT);48,82791956;2,27404431
202400024334;20;5;2024;18:40;1;59;59501;1;1;1;3;AUTOROUTE A 21;50,37647000;3,23793000
202400003605;21;3;2024;04:35;4;59;59359;1;1;1;5;AUTOROUTE A16;50,98405000;2,22903000
202400028962;11;11;2024;19:45;5;13;13207;2;1;1;3;Corniche John Fitzgérald Kennedy;43,27494000;5,36106000
202400017584;18;11;2024;17:44;5;64;64102;2;6;1;2;FAIENCERIE(Rond Point de la);43,49376000; -1,49160000
202400034642;8;11;2024;19:10;3;92;92048;1;1;1;3;N118;48,79826952;2,21648752
202400003793;20;3;2024;17:15;1;94;94011;2;6;1;2;Avenue Rhin et Danube / Avenue de Boissy;48,76844000;2,48844000
202400046980;29;3;2024;14:30;1;34;34172;2;2;1;3;TOULOUSE (AVENUE DE;43,59737000;3,86418000
202400025182;6;3;2024;21:45;5;75;75109;2;3;1;3;RUE LA FAYETTE;48,87652800;2,34652000
202400013239;15;3;2024;19:45;5;93;93001;2;5;2;3;Boulevard Anatole France / Avenue du Président Roosevelt;48,91504389;2,38124728
202400043689;14;6;2024;18:55;1;91;91589;2;1;1;3;RUE CHATEAUBRIAND;48,67790000;2,35694000
202400000862;12;8;2024;18:20;1;94;94069;1;1;1;4;A4;48,81687460;2,44756528
202400028977;10;11;2024;19:05;5;93;93051;2;1;1;1;JULES FERRY (NR PAIRS );48,84586000;2,57278000
202400007097;19;10;2024;17:30;1;92;92076;1;1;2;7;REPUBLIQUE;48,83709213;2,14936182
202400030611;24;6;2024;05:40;2;83;83097;1;1;1;6;Autoroute A8 PK 45+600 SUD;43,48109286;5,74209243
202400009027;3;6;2024;20:28;2;25;25620;1;1;2;1;D437;47,00864800;6,48047600
202400043904;14;6;2024;01:19;5;37;37261;2;2;1;3;BERANGER (BOULEVARD);47,38951000;0,68269000
202400035683;16;1;2024;08:26;2;75;75107;2;2;1;6;RUE DE GRENELLE;48,85501300;2,32456100
202400021727;19;12;2024;15:45;1;80;80021;1;1;1;2;Rue de Saveuse;49,90260000;2,24127000
202400014396;11;9;2024;16:50;1;01;01079;1;1;2;5;D54;45,94705600;5,68621600
202400020769;11;10;2024;11:10;1;93;93063;2;2;1;6;GABRIEL HUSSON (RUE) ;48,88312000;2,43649000
202400014534;5;8;2024;17:40;1;81;81142;1;1;1;1;986 Route de Lescout;43,52304900;2,08378100
202400053953;9;7;2024;18:14;1;72;72181;2;1;1;4;PADERBORN (AV) N° PAIRS;48,01010000;0,20173000
202400032025;21;7;2024;08:20;1;76;76157;2;2;1;1;Rue Victor Hugo;49,44611000;1,03633000
202400038722;9;12;2024;05:30;3;93;93066;1;1;1;7;AUTOROUTE A1;48,92974710;2,36364986
202400014112;28;12;2024;18:50;3;66;66164;1;1;1;4;Départementale 900;42,77569200;2,90237000
202400053108;3;5;2024;17:30;1;95;95488;1;1;1;3;A15;49,01607139;2,14427239
202400002070;10;2;2024;20:55;5;93;93001;2;2;2;6;Avenue de la République / Rue Henri Barbusse;48,90602200;2,38969500
202400000466;30;4;2024;19:20;1;79;79191;2;5;8;3;;46,32693200; -0,46408000
202400032698;21;6;2024;10:55;1;75;75107;2;3;2;7;RUE DE BABYLONE;48,85168400;2,32478700
202400041209;4;4;2024;20:30;5;92;92012;2;9;1;6;FERME (RUE DE LA) - COTE IMPAIR;48,83183000;2,23824000
202400024802;25;6;2024;11:10;1;15;15014;2;1;1;3;RD 120;44,91574000;2,42966000
202400024803;25;6;2024;12:05;1;15;15014;2;2;1;6;Boulevard Antony Joly;44,92859000;2,43341000
202400013846;20;4;2024;15:00;1;83;83144;1;1;1;2;A57;43,13933231;5,99724126
202400046936;30;3;2024;12:15;1;59;59043;2;1;3;6;PHARAON DE WINTER (RUE);50,73484900;2,72661900
202400004891;8;2;2024;16:50;1;69;69290;2;1;1;3;Route de Grenoble;45,70830000;4,98347000
202400001509;24;10;2024;01:10;5;77;77398;2;1;1;6;D31;48,87549300;3,29607300
202400032080;29;8;2024;17:35;1;76;76351;2;2;1;3;COLBERT (QUAI);49,49270000;0,13179000
202400053309;21;9;2024;16:30;1;57;57732;2;1;7;6;2 Rue du Presbytère;49,12288200;7,35764800
202400035811;7;4;2024;16:00;1;88;88178;2;1;1;1;29 Route de Darney;48,17211500;6,38786300
202400053390;14;8;2024;18:30;1;64;64102;2;4;1;7;ARANS (CHEMIN D');43,48436000; -1,48014000
202400022676;9;10;2024;21:45;5;94;94042;2;1;3;2;D4;48,82020000;2,46764700
202400049965;22;9;2024;07:55;1;93;93066;1;1;8;2;AUTOROUTE A1;48,91744438;2,35770709
202400026528;8;10;2024;06:45;5;01;01244;2;1;3;6;Chemin des Verchères;45,90165700;5,19405200
202400032605;9;11;2024;09:30;1;69;69018;2;3;1;6;Rue de la République;46,15599000;4,58466000
202400022493;24;5;2024;16:12;1;78;78646;1;1;1;5;RN12;48,79188000;2,09747700
202400008648;8;8;2024;17:30;1;06;06029;1;1;1;2;A8;43,55935600;6,96471000
202400041775;17;7;2024;09:30;1;63;63113;2;1;1;3;LIONDARDS (RUE DES);45,76431463;3,09224635
202400037401;12;5;2024;09:40;1;63;63042;1;1;1;7;RM796 -route des Mauvaises;45,83626200;3,07791300
202400036810;6;11;2024;22:15;3;30;30082;1;1;1;7;rd1;43,83687600;4,21674400
202400043168;9;1;2024;17:20;2;69;69388;2;3;1;6;Cours Albert Thomas;45,74926630;4,86050834
202400027584;12;4;2024;17:15;1;10;10387;2;2;1;3;Mail Saint - Dominique;48,29470000;4,08246000
202400006329;26;4;2024;09:40;1;75;75118;2;2;1;6;BOULEVARD DE CLICHY;48,88467000;2,32946600
202400005523;20;3;2024;09:50;1;974;97411;2;2;1;6;MANES (RUE EDOUARD); -20,89530000;55,49660000
202400014199;10;9;2024;10:05;1;22;22215;2;1;1;6;COUBERTIN (RUE PIERRE DE);48,50024000; -2,76376000
202400038770;4;11;2024;06:28;5;91;91457;2;1;1;6;RUE VICTOR HUGO;48,58183000;2,26131000
202400026882;12;11;2024;23:30;5;92;92050;2;2;1;3;JOLIOT CURIE F. ET IRENE AVENUE  N°PAIRS;48,89368649;2,21201688
202400026578;9;10;2024;18:10;1;14;14762;2;3;2;3;79 Avenue Guy de Maupassant;48,84656600; -0,88560600
202400053418;8;6;2024;21:35;2;41;41295;1;1;1;3;D951;47,61319000;1,38609000
202400009680;26;11;2024;17:00;2;95;95572;1;1;1;3;N184;49,04477365;2,12970186
202400046617;4;12;2024;06:05;4;10;10357;2;6;5;7;ROCADE EST (RD 610);48,29574000;4,13727000
202400048168;14;7;2024;19:15;1;13;13030;2;3;1;1;Chemin Notre Dame;43,27555300;5,69857300
202400045564;15;7;2024;16:30;1;64;64445;2;1;1;3;ETIGNY D';43,29666000; -0,38579000
202400025081;26;2;2024;18:00;1;24;24037;1;1;1;4;RD 936 E1;44,83390000;0,45070000
202400000195;12;8;2024;15:52;1;971;97101;1;1;1;7;LE RAIZET(SECTEUR);16,25337000; -61,53421000
202400026905;25;6;2024;10:15;1;53;53107;2;1;1;6;Route de Brecé;48,40638600; -0,80082200
202400040275;16;6;2024;13:15;1;75;75108;2;3;1;3;BOULEVARD HAUSSMANN;48,87413300;2,32392200
202400021300;5;6;2024;22:00;5;93;93048;2;3;1;3;Avenue de la Résistance / Rue de la Beaune;48,86179626;2,43694246
202400013701;22;11;2024;02:30;5;94;94068;2;1;4;6;Avenue Raymond Poincaré;48,80100157;2,51866239
202400021641;20;12;2024;04:20;3;83;83090;1;1;6;2;A50;43,12565000;5,87652000
202400025221;7;3;2024;16:00;1;92;92049;2;2;1;3;JAURES AVENUE JEAN N°53 A FIN;48,81357960;2,30682421
202400019816;7;9;2024;21:12;5;25;25031;2;2;3;5;REVOLUTION DE 1789 AVENUE DE LA);47,47886000;6,84244000
202400001445;7;6;2024;17:30;1;94;94043;1;1;1;5;A6B;48,80698476;2,34657371
202400051914;12;7;2024;09:20;1;93;93066;1;1;2;3;A1;48,93046874;2,36537451
202400003068;6;6;2024;09:00;1;974;97411;2;1;1;7;MONTHYON (RUE); -20,88694000;55,45744000
202400003618;21;3;2024;19:30;5;93;93066;1;1;1;2;A1;48,91030991;2,35797606
202400005836;23;3;2024;22:00;5;93;93027;2;2;2;2;Rue de la Convention / Avenue de la République;48,92809735;2,39010358
202400050945;4;12;2024;16:40;1;69;69094;2;1;1;6;Route de Marcy;45,75562121;4,69875722
202400048783;28;3;2024;16:40;1;76;76351;2;2;1;6;SAINTE ADRESSE (DE);49,49898000;0,09465000
202400016393;9;9;2024;15:05;1;76;76361;1;1;2;3;605 Route d'Etretat;49,61553800;0,15665200
202400000674;13;8;2024;19:45;1;31;31555;2;3;1;3;AV JULES JULIEN;43,57607592;1,45113140
202400014098;19;4;2024;20:58;4;75;75120;2;1;1;3;BD PERIPHERIQUE EXTERIEUR;48,85901200;2,41433000
202400040838;12;1;2024;15:50;1;51;51454;2;2;8;6;JUIN (AVENUE DU MARECHAL);49,22399000;4,01793000
202400016850;28;5;2024;18:20;1;33;33063;2;1;1;1;;44,88581000; -0,54972000
202400024433;28;7;2024;04:30;3;93;93010;1;1;1;3;AUTOROUTE A3;48,91441816;2,47750685
202400034973;14;12;2024;14:00;1;988;98803;1;1;3;6;RT1 col de du CAP; -21,45664000;165,30149000
202400015032;13;10;2024;12:05;1;54;54395;2;1;1;3;Rue de Verdun;48,69674000;6,16820000
202400006538;18;8;2024;15:14;1;35;35222;2;8;1;6;Rue de Normandie;48,53344500; -1,55973100
202400004741;22;12;2024;05:50;5;84;84031;2;1;1;6;HERMITAGE CHEMIN DE L';44,08270000;5,06741000
202400046437;19;3;2024;00:20;3;972;97230;2;3;1;1;intersection Nationale 1 et route de brin d'amour;14,73446100; -60,97545100
202400015177;15;3;2024;13:25;1;01;01354;2;3;1;6;Rue de la Faucille;46,26180900;6,02994900
202400019430;24;6;2024;07:05;2;33;33498;1;1;5;6;;44,57753800; -0,88382000
202400039822;18;7;2024;11:34;1;973;97302;2;1;1;6;MADELEINE (ROUTE DE LA);4,90978000; -52,32151000
202400028725;7;11;2024;16:42;2;14;14118;2;2;8;3;141 Boulevard Leroy;49,17463000; -0,33841000
202400053226;12;2;2024;18:55;5;51;51454;2;1;2;3;GUTENBERG (RUE);49,27457300;4,00185000
202400022962;28;6;2024;11:20;1;56;56175;1;3;1;3;Lieu Dit Coet Digo;47,71218000; -2,92682100
202400034429;21;6;2024;22:04;4;33;33013;1;1;1;2;;44,85260000; -0,50496100
202400049476;2;12;2024;07:30;2;04;04242;1;1;1;6;A51;43,91041500;5,88770100
202400011300;4;7;2024;08:20;1;26;26362;2;9;1;3;Avenue de Provence;44,91405000;4,87797000
202400002419;29;11;2024;00:15;5;92;92020;2;1;1;6;BROSSOLETTE RUE PIERRE N°3 A 13;48,80012587;2,28482589
202400018957;11;10;2024;15:15;1;71;71118;2;1;1;6;GEORGES BRASSENS (AVENUE);46,79264933;4,80961602
202400052432;19;9;2024;21:45;3;84;84007;2;1;1;3;AMANDIER (AVENUE DE L');43,94731000;4,85586000
202400046534;24;9;2024;14:40;1;62;62014;2;2;1;3;D157;50,63740179;2,39021210
202400047487;29;3;2024;21:45;3;92;92004;2;3;1;2;FAIDHERBE ( AVENUE );48,90802449;2,26773280
202400034697;19;6;2024;23:50;3;53;53088;1;1;1;6;1347 route de saint-poix;47,96914100; -1,09492100
202400002111;17;9;2024;17:20;1;91;91434;2;4;1;6;JEAN RAYNAL (RUE);48,66176000;2,34807000
202400030754;23;6;2024;01:35;5;22;22278;2;1;1;6;VOLTAIRE;48,50903000; -2,75787000
202400023962;4;9;2024;18:44;1;54;54321;2;2;1;6;Avenue Bogdan Politanski;49,53595065;5,80354929
202400008742;4;10;2024;13:47;1;84;84034;1;1;1;6;D6;43,90510500;4,94805900
202400050948;10;6;2024;19:10;1;93;93066;2;1;1;6;Avenue du Stade de France;48,92034700;2,36166400
202400033891;16;5;2024;10:10;1;92;92064;2;5;1;3;PLACE CLEMENCEAU;48,84143633;2,22118431
202400041850;17;7;2024;09:30;1;75;75111;2;3;1;3;AVENUE DE LA REPUBLIQUE;48,86329300;2,38494600
202400052101;22;9;2024;07:21;3;63;63453;2;1;1;6;14 Avenue de la Gare;45,77219000;3,29025100
202400037926;12;7;2024;15:00;1;62;62033;2;1;1;6;D917;50,45902000;2,88889000
202400037331;12;5;2024;15:55;1;39;39013;1;1;1;1;;46,89757400;5,79164600
202400049990;16;2;2024;19:50;3;17;17283;1;1;1;4;D137;45,56569000; -0,55395100
202400043091;3;4;2024;16:45;1;76;76462;2;2;1;1;Boulevard Marechal Joffre;49,72972693;1,43935382
202400039508;19;2;2024;19:31;5;10;10297;2;4;1;3;Avenue Jules Guesde;48,32083000;4,10791000
202400017292;14;11;2024;19:00;5;83;83118;2;2;1;3;ROUTE DE LA CORNICHE;43,41493000;6,80929000
202400050393;21;9;2024;17:20;1;93;93027;1;1;1;3;ZOLA (RUE EMILE);48,92614000;2,39331000
202400045310;15;7;2024;11:30;1;93;93010;1;1;1;4;A3;48,90975235;2,47442216
202400047818;17;2;2024;12:00;1;93;93066;2;3;1;6;Rue Gabriel Péri / Rue Jules Joffrin;48,93716900;2,35611400
202400021591;21;12;2024;16:40;1;40;40021;1;1;8;1;765 Route de Soustons;43,78601500; -1,29784200
202400031422;20;1;2024;17:15;2;86;86070;1;1;1;6;Route de la Chapelle Viviers;46,51416200;0,69528400
202400038640;6;11;2024;13:50;1;71;71013;1;2;7;3;D373;46,90697700;5,29653400
202400051374;21;9;2024;22:30;3;77;77276;1;6;1;3;RD 360;48,91759000;2,87968000
202400046523;16;10;2024;15:00;1;44;44190;2;1;1;6;60 Avenue de la Martellière;47,19909683; -1,52630750
202400032452;4;10;2024;16:15;1;19;19250;1;6;1;7;Beausoleil;45,48070497;1,53022206
202400009196;2;6;2024;17:15;1;23;23216;1;1;8;6;LE MAS SOUBROT;45,83070600;1,81284100
202400025561;13;4;2024;09:15;1;13;13001;2;1;1;1;MONNET JEAN (AV);43,53205044;5,42139427
202400021386;17;11;2024;00:01;4;82;82121;1;1;1;1;avenue de gasseras;44,01780000;1,32065000
202400048970;28;3;2024;11:30;1;13;13207;2;2;1;3;Corniche John Fitzgérald Kennedy;43,26858000;5,37053000
202400026683;24;6;2024;17:35;1;91;91691;2;1;1;6;ELISABETH(RUE);48,72005000;2,50241000
202400008427;18;7;2024;10:00;1;12;12202;2;4;1;5;LAYOULE (COTE DE);44,35511520;2,57942855
202400006066;15;9;2024;14:00;1;72;72346;1;1;1;6;Les Hautes Fontenelles;47,87204236;0,01710474
202400035567;15;1;2024;16:00;1;28;28404;1;1;1;6;Route de Chartres;48,71593000;1,36796000
202400037201;24;2;2024;09:20;1;83;83129;2;3;1;3;KENNEDY (AVENUE J.)N°PAIRS 2A2560;43,10685850;5,82183588
202400027712;21;5;2024;09:30;1;29;29051;2;1;1;7;Avenue de Coray;48,00050105; -4,04902187
202400000963;11;2;2024;18:30;2;33;33318;2;6;1;6;;44,78999200; -0,63476700
202400024794;26;6;2024;10:25;1;35;35278;1;6;1;2;MONTGERMONT (ROND POINT DE);48,15464000; -1,70087000
202400021269;17;11;2024;02:06;3;13;13071;1;1;1;1;A51-Sens Marseille vers Aix en Provence;43,41818129;5,36599311
202400018601;27;5;2024;14:30;1;19;19113;2;3;1;7;D108;45,42043933;2,32999060
202400022230;30;7;2024;19:45;1;77;77058;1;1;1;4;A4;48,83080000;2,69269500
202400009619;18;3;2024;17:45;2;31;31280;1;1;1;1;D40;43,26001900;1,32123500
202400000485;18;9;2024;21:40;3;81;81060;1;1;1;6;SAINT JEAN (AVENUE DE);44,05587614;2,18841302
202400027779;13;4;2024;10:45;1;02;02222;1;1;1;1;D35;49,69062400;3,47114000
202400035331;14;5;2024;08:55;1;80;80021;2;1;2;3;Boulevard du Jardin des Plantes;49,90072000;2,29603000
202400021565;21;12;2024;20:40;3;63;63418;1;1;2;7;les boules;45,76074417;3,48328738
202400048807;5;1;2024;12:35;1;94;94068;2;2;1;6;Avenue du Docteur Calmette / Avenue Faidherbe;48,80230868;2,48928984
202400003940;30;11;2024;12:00;1;45;45010;2;1;5;6;D921 PR 22 + 880;48,12904100;2,25256200
202400038464;4;11;2024;17:40;1;16;16015;2;1;1;1;;45,63104297;0,17394394
202400033565;1;3;2024;07:15;1;93;93027;2;2;1;2;Avenue Paul Vaillant-Couturier / Rue Édouard Renard;48,91811000;2,40772000
202400037544;6;4;2024;19:20;1;63;63264;1;1;1;7;Les mûres orcival;45,70298539;2,85072037
202400014019;19;4;2024;17:00;1;43;43041;2;9;1;3;Route de Coubon;45,04839432;3,91584843
202400018685;26;5;2024;09:45;1;49;49007;2;1;1;2;PONTS DE CE;47,45796000; -0,54430000
202400046396;6;12;2024;00:20;3;78;78545;1;1;2;3;A12 W;48,81603194;2,06292987
202400030994;16;12;2024;07:40;1;67;67112;1;1;1;4;A35 PK 317+100;48,51212000;7,58255100
202400008466;6;2;2024;08:30;1;51;51172;1;1;1;5;VERTE (VOIE);49,21779000;4,05785000
202400005467;20;3;2024;12:30;1;43;43137;2;9;1;3;45 Avenue de la Libération;45,28981300;4,17011400
202400012737;28;2;2024;13:15;1;14;14475;1;1;1;2;2871 Route de Bretagne (Noyers-Bocage);49,11541400; -0,57811300
202400044552;6;12;2024;12:00;1;84;84007;2;2;1;2;C.DE GAULLE (ROCADE);43,93189000;4,82913000
202400044115;23;8;2024;13:10;1;90;90065;1;1;1;1;Route du Ballon d?Alsace;47,81024700;6,84207900
202400043136;9;1;2024;00:01;3;92;92051;1;1;4;4;N13;48,88100609;2,27208790
202400006312;9;8;2024;18:20;1;973;97302;2;1;1;3;REPUBLIQUE (BD DE LA);4,93919116; -52,31861883
202400037827;5;4;2024;12:10;1;69;69034;2;1;1;6;Rue Pasteur;45,79646000;4,84905000
202400029823;18;5;2024;20:45;1;92;92078;2;4;1;1;CHARLES DE GAULLE (BD) (15 AU 69);48,93977226;2,32520449
202400036495;20;6;2024;11:17;1;67;67445;1;1;8;1;Rue du Sel;48,29290000;7,37363200
202400048626;5;1;2024;08:30;2;69;69383;2;1;2;1;Avenue Félix Faure;45,75429000;4,86492000
202400020414;26;5;2024;18:00;1;77;77111;2;2;1;3;AV HERGE;48,85915000;2,77535000
202400042856;10;1;2024;13:40;1;64;64348;2;2;8;3;BLERIOT;43,33690000; -0,39243000
202400047005;10;2;2024;19:00;3;33;33322;1;1;3;6;;44,96864600; -0,64003900
202400015588;21;11;2024;20:35;3;77;77240;1;1;8;1;D934;48,78470000;3,27474100
202400044112;7;12;2024;21:18;5;64;64260;2;9;6;6;BEHOBIE (RUE DE);43,34908000; -1,76852000
202400036040;26;8;2024;13:00;1;24;24095;1;1;1;1;Nationale 21;45,49377400;0,94628300
202400041461;19;7;2024;09:20;1;70;70428;2;4;1;3;87 Rue Gustave Courtois;47,65337900;6,12122800
202400027339;12;4;2024;10:30;1;91;91377;2;1;1;6;PL DU VIEUX CLOCHER;48,73072500;2,27355100
202400034093;23;7;2024;12:25;1;73;73328;1;4;1;3;D1201 Route les rives du lac;45,65752400;5,89454600
