Num_Acc;id_usager;id_vehicule;num_veh;place;catu;grav;sexe;an_nais;trajet;secu1;secu2;secu3;locp;actp;etatp
202400000005;203 988 569;155 781 750;A01;1;1;4;1;1981.0;0;8;0;-1;-1; -1;-1
202400000005;203 988 570;155 781 751;B01;1;1;4;2;2005.0;0;8;0;-1;-1; -1;-1
202400000005;203 988 571;155 781 752;C01;1;1;1;1;2000.0;0;8;0;-1;-1; -1;-1
202400000005;203 988 572;155 781 753;D01;1;1;4;2;1963.0;0;8;0;-1;-1; -1;-1
202400000007;203 988 558;155 781 746;A01;4;2;3;1;2001.0;5;1;0;-1;-1; -1;-1
202400000007;203 988 559;155 781 746;A01;2;2;3;1;2001.0;5;1;0;-1;-1; -1;-1
202400000007;203 988 560;155 781 746;A01;3;2;1;1;2003.0;5;1;0;-1;-1; -1;-1
202400000007;203 988 561;155 781 746;A01;1;1;1;1;1997.0;5;1;0;-1;-1; -1;-1
202400000007;203 988 562;155 781 747;B01;1;1;1;1;1996.0;5;1;0;-1;-1; -1;-1
202400000041;203 988 466;155 781 684;A01;2;2;3;1;2007.0;5;1;9;-1;0;0;-1
202400000041;203 988 467;155 781 684;A01;7;2;3;2;2006.0;5;1;9;-1;0;0;-1
202400000041;203 988 468;155 781 684;A01;1;1;4;2;2006.0;5;1;9;-1;0;0;-1
202400000081;203 988 373;155 781 609;B01;1;1;4;1;1937.0;0;0;-1;-1;-1; -1;-1
202400000081;203 988 376;155 781 611;A01;1;1;1;2;1985.0;0;8;-1;-1;-1; -1;-1
202400000104;203 988 315;155 781 569;A01;1;1;4;1;1992.0;1;8;0;0;-1; -1;-1
202400000104;203 988 316;155 781 570;B01;1;1;1;1;1988.0;1;1;0;0;-1; -1;-1
202400000111;203 988 292;155 781 553;B01;1;1;4;1;1996.0;0;1;-1;-1;-1; -1;-1
202400000111;203 988 293;155 781 554;A01;2;2;4;2;1965.0;0;1;-1;-1;-1; -1;-1
202400000111;203 988 294;155 781 554;A01;3;2;4;2;1999.0;0;1;-1;-1;-1; -1;-1
202400000111;203 988 295;155 781 554;A01;4;2;1;1;1995.0;0;1;-1;-1;-1; -1;-1
202400000111;203 988 296;155 781 554;A01;1;1;1;1;1965.0;0;1;-1;-1;-1; -1;-1
202400000115;203 988 278;155 781 546;A01;1;1;2;1;1997.0;5;2;0;-1;0;0;-1
202400000148;203 988 203;155 781 488;A01;10;3;4;2;1999.0;1;0;-1;-1;9;3;1
202400000148;203 988 204;155 781 488;A01;1;1;1;1;1998.0;1;8;0;-1;-1; -1;-1
202400000168;203 988 162;155 781 456;A01;1;1;1;1;1983.0;5;1;-1;-1;0;0;-1
202400000168;203 988 164;155 781 457;B01;1;1;4;1;1943.0;5;2;-1;-1;0;0;-1
202400000174;203 988 144;155 781 445;A01;1;1;1;1;1971.0;9;8;-1;-1;0;0;-1
202400000174;203 988 146;155 781 447;B01;2;2;3;2;1956.0;9;8;-1;-1;0;0;-1
202400000174;203 988 147;155 781 447;B01;9;2;4;2;2014.0;9;8;-1;-1;0;0;-1
202400000174;203 988 148;155 781 447;B01;1;1;4;1;1954.0;5;8;-1;-1;0;0;-1
202400000177;203 988 137;155 781 439;A01;1;1;4;1;1982.0;4;1;0;0;-1; -1;-1
202400000177;203 988 139;155 781 440;B01;1;1;1;2;1998.0;1;1;0;0;-1; -1;-1
202400000183;203 988 117;155 781 428;B01;1;1;1;1;1939.0;5;1;-1;-1;0;0;-1
202400000183;203 988 119;155 781 430;A01;2;2;3;2;1956.0;5;1;-1;-1;0;0;-1
202400000183;203 988 121;155 781 430;A01;7;2;1;2;1992.0;5;1;-1;-1;0;0;-1
202400000183;203 988 122;155 781 430;A01;9;2;1;1;1953.0;5;1;-1;-1;0;0;-1
202400000183;203 988 123;155 781 430;A01;1;1;1;2;1996.0;5;1;-1;-1;0;0;-1
202400000195;203 988 088;155 781 408;A01;1;1;3;1;1994.0;0;8;0;-1;0;0;-1
202400000200;203 988 077;155 781 400;A01;1;1;3;2;1964.0;5;2;-1;-1;0;0;-1
202400000213;203 988 053;155 781 382;A01;1;1;1;1;1981.0;5;1;-1;-1;0;0;-1
202400000213;203 988 054;155 781 383;B01;1;1;4;1;1972.0;5;1;-1;-1;0;0;-1
202400000226;203 988 022;155 781 359;A01;1;1;1;1;1979.0;0;1;0;-1;-1; -1;-1
202400000226;203 988 023;155 781 360;B01;1;1;4;1;1979.0;0;1;0;-1;-1; -1;-1
202400000263;203 987 933;155 781 296;A01;1;1;4;2;1970.0;5;1;-1;-1;-1; -1;-1
202400000263;203 987 934;155 781 297;B01;2;2;4;1;1964.0;5;1;-1;-1;-1; -1;-1
202400000263;203 987 935;155 781 297;B01;1;1;1;2;1980.0;5;1;-1;-1;-1; -1;-1
202400000269;203 987 919;155 781 288;A01;1;1;1;2;1997.0;9;1;0;-1;-1; -1;-1
202400000269;203 987 920;155 781 289;B01;1;1;4;2;1965.0;0;1;0;-1;-1; -1;-1
202400000275;203 987 907;155 781 278;A01;10;3;4;1;1974.0;0;0;-1;-1;2;3;1
202400000275;203 987 908;155 781 278;A01;1;1;1;1;1950.0;0;1;0;-1;-1; -1;-1
202400000278;203 987 899;155 781 271;A01;1;1;1;1;2001.0;0;1;8;-1;-1; -1;-1
202400000278;203 987 900;155 781 272;B01;1;1;1;2;1995.0;0;1;8;-1;-1; -1;-1
202400000278;203 987 901;155 781 273;C01;1;1;4;2;1989.0;0;1;8;-1;-1; -1;-1
202400000284;203 987 884;155 781 263;A01;1;1;1;1;2004.0;-1;1;-1;-1;-1; -1;-1
202400000284;203 987 885;155 781 264;B01;1;1;4;2;1990.0;1;1;0;-1;-1; -1;-1
202400000293;203 987 863;155 781 247;A01;1;1;4;1;1998.0;5;2;6;-1;0;0;-1
202400000293;203 987 864;155 781 248;B01;1;1;1;1;1999.0;1;1;0;-1;0;0;-1
202400000315;203 987 816;155 781 202;A01;1;1;1;1;1968.0;4;8;0;-1;-1; -1;-1
202400000315;203 987 817;155 781 203;B01;1;1;2;1;1977.0;0;2;6;-1;-1; -1;-1
202400000333;203 987 777;155 781 172;B01;2;2;4;2;1976.0;4;1;0;-1;0;0;-1
202400000333;203 987 778;155 781 172;B01;4;2;4;1;1992.0;4;1;0;-1;0;0;-1
202400000333;203 987 779;155 781 172;B01;1;1;1;1;1988.0;4;1;0;-1;0;0;-1
202400000333;203 987 781;155 781 174;A01;1;1;3;2;2003.0;5;1;0;-1;0;0;-1
202400000336;203 987 770;155 781 165;A01;1;1;4;1;1966.0;0;1;0;-1;-1; -1;-1
202400000336;203 987 771;155 781 166;B01;1;1;1;1;1993.0;0;2;6;-1;-1; -1;-1
202400000336;203 987 772;155 781 167;C01;1;1;1;1;1961.0;1;1;0;-1;-1; -1;-1
202400000374;203 987 680;155 781 093;B01;1;1;3;1;2001.0;5;0;-1;-1;0;0;-1
202400000374;203 987 681;155 781 094;A01;1;1;1;1;1977.0;5;1;-1;-1;0;0;-1
202400000382;203 987 666;155 781 079;B01;1;1;4;2;1950.0;5;1;-1;-1;0;0;-1
202400000382;203 987 667;155 781 080;A01;1;1;3;1;1985.0;4;1;-1;-1;0;0;-1
202400000386;203 987 653;155 781 072;A01;2;2;4;2;1959.0;9;8;-1;-1;0;0;-1
202400000386;203 987 654;155 781 072;A01;9;2;4;1;1958.0;9;8;-1;-1;0;0;-1
202400000386;203 987 655;155 781 072;A01;8;2;3;2;2015.0;9;1;-1;-1;0;0;-1
202400000386;203 987 656;155 781 072;A01;1;1;4;2;1994.0;9;8;-1;-1;0;0;-1
202400000397;203 987 632;155 781 054;A01;1;1;3;1;1956.0;0;2;6;-1;0;0;-1
202400000411;203 987 596;155 781 031;B01;4;2;4;1;2010.0;2;8;0;-1;-1; -1;-1
202400000411;203 987 597;155 781 031;B01;4;2;4;2;1999.0;1;8;0;-1;-1; -1;-1
202400000411;203 987 599;155 781 031;B01;4;2;4;1;2009.0;2;8;0;-1;-1; -1;-1
202400000411;203 987 600;155 781 031;B01;1;1;1;1;1974.0;4;1;0;-1;-1; -1;-1
202400000411;203 987 601;155 781 033;A01;1;1;1;1;1989.0;4;1;0;-1;-1; -1;-1
202400000417;203 987 576;155 781 019;C01;1;1;1;2;2003.0;0;1;-1;-1;-1; -1;-1
202400000417;203 987 577;155 781 020;A01;1;1;4;2;1975.0;1;2;6;-1;-1; -1;-1
202400000417;203 987 580;155 781 022;B01;1;1;1;1;1961.0;4;1;-1;-1;-1; -1;-1
202400000430;203 987 542;155 780 990;A01;1;1;1;1;1994.0;4;1;0;-1;-1; -1;-1
202400000430;203 987 543;155 780 991;B01;1;1;4;1;1990.0;1;2;6;-1;-1; -1;-1
202400000431;203 987 539;155 780 987;A01;1;1;4;1;1986.0;0;1;0;-1;-1; -1;-1
202400000431;203 987 540;155 780 988;B01;1;1;1;1;2000.0;9;1;0;-1;-1; -1;-1
202400000431;203 987 541;155 780 989;C01;1;1;1;2;1974.0;0;1;0;-1;-1; -1;-1
202400000432;203 987 538;155 780 986;A01;1;1;3;1;1993.0;0;2;6;0;-1; -1;-1
202400000440;203 987 515;155 780 968;A01;1;1;1;1;1989.0;5;1;8;-1;0;0;-1
202400000440;203 987 516;155 780 969;B01;1;1;3;1;1971.0;9;1;8;-1;0;0;-1
202400000440;203 987 517;155 780 969;B01;3;2;3;1;1987.0;9;1;8;-1;0;0;-1
202400000440;203 987 518;155 780 969;B01;2;2;1;1;1972.0;9;1;0;-1;0;0;-1
202400000445;203 987 498;155 780 955;C01;1;1;1;1;1952.0;0;1;0;-1;-1; -1;-1
202400000445;203 987 499;155 780 956;D01;1;1;1;1;2003.0;4;1;0;-1;-1; -1;-1
202400000445;203 987 500;155 780 957;A01;1;1;1;1;1955.0;5;1;0;-1;-1; -1;-1
202400000445;203 987 501;155 780 957;A01;2;2;4;2;1954.0;5;1;0;-1;-1; -1;-1
202400000445;203 987 502;155 780 958;B01;1;1;1;1;1985.0;0;1;0;-1;-1; -1;-1
202400000445;203 987 503;155 780 958;B01;2;2;4;1;1991.0;0;1;0;-1;-1; -1;-1
202400000455;203 987 473;155 780 936;A01;10;3;3;2;1956.0;5;0;-1;-1;2;3;1
202400000455;203 987 474;155 780 936;A01;1;1;1;2;1966.0;1;1;0;-1;-1; -1;-1
202400000463;203 987 443;155 780 925;A01;1;1;4;1;2003.0;0;1;0;-1;-1; -1;-1
202400000466;203 987 433;155 780 918;A01;1;1;4;1;1981.0;5;0;-1;-1;0;0;-1
202400000470;203 987 424;155 780 911;A01;1;1;3;1;1989.0;5;2;8;-1;-1; -1;-1
202400000477;203 987 407;155 780 903;A01;10;3;4;1;2007.0;5;0;-1;-1;5;B;1
202400000477;203 987 409;155 780 903;A01;1;1;1;2;2004.0;5;1;0;-1;-1; -1;-1
202400000481;203 987 398;155 780 898;A01;10;3;4;2;1976.0;3;0;-1;-1;5;4;1
202400000481;203 987 399;155 780 898;A01;1;1;1;1;1978.0;3;2;8;-1;-1; -1;-1
202400000485;203 987 390;155 780 892;A01;1;1;4;2;1954.0;9;1;0;-1;-1; -1;-1
202400000509;203 987 329;155 780 845;A01;2;2;1;2;1963.0;5;1;0;-1;-1; -1;-1
202400000509;203 987 331;155 780 845;A01;1;1;1;1;1962.0;5;1;8;-1;-1; -1;-1
202400000509;203 987 332;155 780 847;B01;1;1;1;1;1992.0;0;2;6;-1;-1; -1;-1
202400000509;203 987 333;155 780 847;B01;2;2;4;1;1994.0;0;2;6;-1;-1; -1;-1
202400000537;203 987 258;155 780 791;A01;2;2;1;1;2000.0;1;1;-1;-1;0;0;-1
202400000537;203 987 259;155 780 791;A01;1;1;1;1;1977.0;1;1;-1;-1;0;0;-1
202400000537;203 987 260;155 780 793;B01;1;1;3;1;2008.0;1;2;6;-1;0;0;-1
202400000544;203 987 244;155 780 781;A01;10;3;4;1;1991.0;5;0;-1;-1;2;3;1
202400000544;203 987 247;155 780 781;A01;1;1;1;1;1960.0;5;1;-1;-1;0;0;-1
202400000565;203 987 187;155 780 738;A01;1;1;3;2;1962.0;0;1;-1;-1;0;0;-1
202400000565;203 987 191;155 780 741;C01;1;1;1;1;1974.0;0;1;-1;-1;0;0;-1
202400000565;203 987 192;155 780 742;B01;1;1;1;1;1972.0;0;1;-1;-1;0;0;-1
202400000586;203 987 154;155 780 708;A01;1;1;4;2;1988.0;9;2;0;-1;0;0;-1
202400000587;203 987 151;155 780 705;A01;1;1;2;1;1965.0;5;2;6;-1;0;0;-1
202400000594;203 987 131;155 780 695;A01;1;1;1;2;1995.0;9;1;-1;-1;-1; -1;-1
202400000594;203 987 133;155 780 696;B01;1;1;4;1;1974.0;9;8;-1;-1;-1; -1;-1
202400000624;203 987 054;155 780 640;A01;1;1;3;1;2001.0;5;1;-1;-1;0;0;-1
202400000629;203 987 044;155 780 634;A01;10;3;3;1;1952.0;5;0;-1;-1;5;1;2
202400000629;203 987 046;155 780 634;A01;1;1;1;1;1969.0;5;1;-1;-1;0;0;-1
202400000645;203 987 004;155 780 604;A01;10;3;3;1;1948.0;5;0;-1;-1;3;3;1
202400000645;203 987 005;155 780 604;A01;1;1;1;1;1953.0;5;1;0;-1;-1; -1;-1
202400000652;203 986 981;155 780 591;A01;2;2;4;1;2002.0;0;1;5;-1;-1; -1;-1
202400000652;203 986 982;155 780 591;A01;1;1;4;1;1999.0;9;1;5;-1;-1; -1;-1
202400000660;203 986 963;155 780 578;A01;1;1;4;1;1968.0;1;2;6;-1;-1; -1;-1
202400000665;203 986 954;155 780 569;A01;1;1;4;1;2002.0;5;1;0;-1;-1; -1;-1
202400000673;203 986 935;155 780 556;A01;1;1;3;1;1980.0;1;2;8;-1;-1; -1;-1
202400000674;203 986 934;155 780 555;A01;1;1;1;1;1998.0;5;1;0;-1;-1; -1;-1
202400000674;203 986 936;155 780 557;B01;1;1;4;1;2000.0;4;2;0;-1;-1; -1;-1
202400000682;203 986 914;155 780 541;A01;10;3;3;1;2006.0;2;0;-1;-1;2;5;3
202400000682;203 986 915;155 780 541;A01;1;1;1;1;2004.0;2;1;0;-1;0;0;-1
202400000688;203 986 895;155 780 530;A01;1;1;4;2;1989.0;1;8;0;-1;-1; -1;-1
202400000709;203 986 848;155 780 494;A01;1;1;1;1;2004.0;0;8;0;-1;0;0;-1
202400000709;203 986 849;155 780 494;A01;10;3;4;1;1935.0;0;0;-1;-1;1;3;1
202400000726;203 986 816;155 780 470;A01;10;3;3;1;1958.0;0;0;-1;-1;1;3;1
202400000726;203 986 817;155 780 470;A01;1;1;4;1;1988.0;1;2;0;-1;-1; -1;-1
202400000730;203 986 808;155 780 464;A01;1;1;4;2;1997.0;0;8;0;0;-1; -1;-1
202400000730;203 986 810;155 780 465;B01;1;1;1;1;1963.0;9;1;0;0;-1; -1;-1
202400000737;203 986 794;155 780 452;A01;1;1;1;2;1993.0;4;1;0;-1;-1; -1;-1
202400000737;203 986 795;155 780 453;B01;1;1;4;2;1986.0;5;1;0;-1;-1; -1;-1
202400000781;203 986 680;155 780 375;A01;1;1;1;2;1939.0;9;1;0;-1;0;0;-1
202400000781;203 986 681;155 780 377;B01;1;1;4;1;1968.0;0;2;8;-1;0;0;-1
202400000808;203 986 622;155 780 331;A01;1;1;3;1;1962.0;5;2;6;9;0;0;-1
202400000812;203 986 606;155 780 322;B01;1;1;4;2;1986.0;9;2;6;-1;0;0;-1
202400000812;203 986 608;155 780 324;A01;1;1;1;1;1983.0;5;1;4;-1;0;0;-1
202400000813;203 986 605;155 780 321;A01;1;1;3;1;2008.0;9;2;6;-1;0;0;-1
202400000822;203 986 582;155 780 305;B01;1;1;3;1;1975.0;0;2;-1;-1;0;0;-1
202400000822;203 986 583;155 780 306;A01;1;1;1;1;1973.0;0;1;-1;-1;0;0;-1
202400000843;203 986 536;155 780 266;A01;1;1;1;1;1993.0;0;1;-1;-1;0;0;-1
202400000843;203 986 538;155 780 268;B01;1;1;4;1;1971.0;0;1;-1;-1;0;0;-1
202400000851;203 986 523;155 780 255;A01;1;1;1;2;1985.0;1;1;-1;-1;0;0;-1
202400000851;203 986 524;155 780 256;B01;1;1;3;1;2001.0;1;0;-1;-1;0;0;-1
202400000854;203 986 518;155 780 250;A01;1;1;4;2;1983.0;5;1;0;-1;-1; -1;-1
202400000854;203 986 519;155 780 251;B01;1;1;1;2;1998.0;5;1;0;-1;-1; -1;-1
202400000862;203 986 498;155 780 235;C01;1;1;4;1;1994.0;1;2;6;-1;-1; -1;-1
202400000862;203 986 499;155 780 236;A01;1;1;3;1;1988.0;1;2;6;-1;-1; -1;-1
202400000862;203 986 500;155 780 237;B01;1;1;1;1;1971.0;1;1;0;-1;-1; -1;-1
202400000867;203 986 484;155 780 225;A01;1;1;1;1;1985.0;4;1;8;-1;0;0;-1
202400000867;203 986 485;155 780 226;B01;3;2;1;2;2021.0;0;1;8;-1;0;0;-1
202400000867;203 986 486;155 780 226;B01;2;2;4;2;1986.0;0;1;8;-1;0;0;-1
202400000867;203 986 487;155 780 226;B01;1;1;1;1;1989.0;0;1;8;-1;0;0;-1
202400000880;203 986 451;155 780 202;B01;1;1;4;1;1956.0;0;8;0;-1;-1; -1;-1
202400000880;203 986 452;155 780 203;A01;1;1;1;2;1971.0;0;1;0;-1;-1; -1;-1
202400000885;203 986 441;155 780 194;A01;2;2;3;1;2000.0;5;2;6;-1;-1; -1;-1
202400000885;203 986 442;155 780 194;A01;1;1;3;1;2002.0;5;2;6;-1;-1; -1;-1
202400000891;203 986 428;155 780 185;A01;10;3;1;2;1975.0;5;0;-1;-1;2;3;2
202400000891;203 986 429;155 780 185;A01;10;3;4;2;2004.0;5;0;-1;-1;2;3;2
202400000891;203 986 430;155 780 185;A01;1;1;1;2;1972.0;5;1;0;-1;-1; -1;-1
202400000893;203 986 424;155 780 183;A01;2;2;4;2;2007.0;5;2;6;-1;-1; -1;-1
202400000893;203 986 425;155 780 183;A01;1;1;4;2;2006.0;5;2;6;-1;-1; -1;-1
202400000914;203 986 375;155 780 148;B01;8;2;4;1;1983.0;0;8;0;-1;-1; -1;-1
202400000914;203 986 376;155 780 148;B01;8;2;4;2;2001.0;0;8;0;-1;-1; -1;-1
202400000914;203 986 377;155 780 148;B01;8;2;4;2;1968.0;0;8;0;-1;-1; -1;-1
202400000914;203 986 378;155 780 148;B01;8;2;4;1;1995.0;0;8;0;-1;-1; -1;-1
202400000914;203 986 379;155 780 148;B01;8;2;4;1;1993.0;0;8;0;-1;-1; -1;-1
202400000914;203 986 380;155 780 148;B01;8;2;4;2;2008.0;0;8;0;-1;-1; -1;-1
202400000914;203 986 381;155 780 148;B01;8;2;4;1;2011.0;0;8;0;-1;-1; -1;-1
202400000914;203 986 382;155 780 148;B01;1;1;1;1;1974.0;4;1;0;-1;-1; -1;-1
202400000914;203 986 383;155 780 149;A01;1;1;4;2;2003.0;5;1;0;-1;-1; -1;-1
202400000915;203 986 373;155 780 146;B01;1;1;3;1;2006.0;5;2;0;-1;-1; -1;-1
202400000915;203 986 374;155 780 147;A01;1;1;4;1;1996.0;5;2;0;-1;-1; -1;-1
202400000927;203 986 344;155 780 125;A01;1;1;4;1;2005.0;5;2;6;0;-1; -1;-1
202400000927;203 986 345;155 780 126;B01;1;1;1;1;1973.0;1;1;0;0;-1; -1;-1
202400000928;203 986 342;155 780 123;B01;1;1;4;1;1985.0;0;8;0;0;-1; -1;-1
202400000928;203 986 343;155 780 124;A01;1;1;1;1;1984.0;0;1;0;0;-1; -1;-1
202400000931;203 986 336;155 780 118;A01;1;1;1;2;1987.0;5;1;0;0;-1; -1;-1
202400000931;203 986 337;155 780 119;B01;1;1;4;1;1998.0;1;2;0;0;-1; -1;-1
202400000940;203 986 322;155 780 106;A01;1;1;3;1;2008.0;5;8;0;-1;-1; -1;-1
202400000950;203 986 301;155 780 087;B01;1;1;4;1;1994.0;0;8;-1;-1;-1; -1;-1
202400000950;203 986 302;155 780 088;A01;1;1;1;1;1991.0;0;1;-1;-1;-1; -1;-1
202400000963;203 986 270;155 780 064;Z01;1;1;1;-1;;-1;-1;-1;-1;-1; -1;-1
202400000963;203 986 271;155 780 064;Z01;10;3;4;1;1955.0;5;8;8;-1;3;3;1
202400000986;203 986 221;155 780 025;A01;1;1;1;1;2004.0;2;2;6;0;-1; -1;-1
202400000986;203 986 222;155 780 025;A01;10;3;4;1;2010.0;3;0;0;0;1;3;1
202400000999;203 986 184;155 779 998;C01;1;1;4;1;2000.0;5;1;-1;-1;0;0;-1
202400000999;203 986 185;155 779 999;D01;1;1;1;1;1948.0;5;1;-1;-1;0;0;-1
202400000999;203 986 187;155 780 001;A01;2;2;3;1;2005.0;5;1;-1;-1;0;0;-1
202400000999;203 986 188;155 780 001;A01;1;1;3;1;2005.0;5;1;-1;-1;0;0;-1
202400000999;203 986 190;155 780 003;B01;3;2;1;1;2017.0;5;1;3;-1;0;0;-1
202400000999;203 986 191;155 780 003;B01;4;2;1;2;2016.0;5;1;3;-1;0;0;-1
202400000999;203 986 192;155 780 003;B01;1;1;1;1;1978.0;5;1;-1;-1;0;0;-1
202400001004;203 986 172;155 779 991;A01;10;3;4;2;1995.0;3;0;-1;-1;4;3;1
202400001004;203 986 173;155 779 991;A01;1;1;1;2;1946.0;3;1;-1;-1;-1; -1;-1
202400001006;203 986 167;155 779 987;A01;1;1;4;2;1975.0;1;1;-1;-1;-1; -1;-1
202400001006;203 986 169;155 779 988;B01;1;1;4;1;1986.0;1;1;-1;-1;-1; -1;-1
202400001031;203 986 108;155 779 946;A01;4;2;1;2;2023.0;5;3;-1;-1;0;0;-1
202400001031;203 986 109;155 779 946;A01;5;2;1;2;1994.0;5;1;-1;-1;0;0;-1
202400001031;203 986 110;155 779 946;A01;2;2;1;1;2024.0;5;3;-1;-1;0;0;-1
202400001031;203 986 111;155 779 946;A01;1;1;4;2;1992.0;5;1;-1;-1;0;0;-1
202400001031;203 986 113;155 779 948;B01;1;1;1;1;1968.0;4;1;-1;-1;0;0;-1
202400001040;203 986 088;155 779 929;B01;1;1;3;1;2003.0;4;1;0;-1;-1; -1;-1
202400001040;203 986 090;155 779 931;C01;1;1;1;1;1979.0;5;1;0;-1;-1; -1;-1
202400001040;203 986 092;155 779 932;D01;1;1;1;1;1995.0;5;1;0;-1;-1; -1;-1
202400001040;203 986 093;155 779 933;E01;1;1;1;1;1999.0;4;1;0;-1;-1; -1;-1
202400001040;203 986 094;155 779 934;A01;1;1;1;1;1987.0;4;1;0;-1;-1; -1;-1
202400001054;203 986 058;155 779 906;B01;1;1;4;1;1991.0;9;2;6;0;-1; -1;-1
202400001054;203 986 060;155 779 908;Z01;1;1;1;-1;;-1;8;8;8;-1; -1;-1
202400001091;203 985 980;155 779 843;A01;1;1;4;1;1987.0;0;1;0;-1;0;0;-1
202400001098;203 985 965;155 779 828;A01;1;1;1;2;1987.0;4;1;8;-1;-1; -1;-1
202400001098;203 985 967;155 779 830;B01;1;1;4;2;1976.0;1;1;8;-1;-1; -1;-1
202400001098;203 985 968;155 779 831;C01;1;1;1;1;1972.0;1;1;8;-1;-1; -1;-1
202400001119;203 985 918;155 779 794;A01;1;1;4;2;1973.0;4;1;0;-1;0;0;-1
202400001119;203 985 919;155 779 795;B01;1;1;1;2;1987.0;4;1;0;-1;0;0;-1
202400001123;203 985 905;155 779 787;A01;1;1;1;1;1979.0;5;1;0;-1;4;3;1
202400001123;203 985 907;155 779 787;A01;10;3;4;2;1945.0;5;0;-1;-1;4;3;1
202400001125;203 985 903;155 779 785;A01;1;1;3;1;2003.0;5;1;-1;-1;0;0;-1
202400001125;203 985 908;155 779 789;B01;2;2;1;2;1956.0;5;1;-1;-1;0;0;-1
202400001125;203 985 911;155 779 789;B01;1;1;4;1;1956.0;5;1;-1;-1;0;0;-1
202400001125;203 985 912;155 779 790;C01;2;2;1;1;1957.0;5;1;-1;-1;0;0;-1
202400001125;203 985 913;155 779 790;C01;1;1;4;2;1961.0;5;1;-1;-1;0;0;-1
202400001127;203 985 899;155 779 783;A01;1;1;1;-1;;-1;-1;-1;-1;-1; -1;-1
202400001127;203 985 901;155 779 783;A01;10;3;4;1;1999.0;1;8;8;-1;1;3;1
202400001139;203 985 872;155 779 765;A01;1;1;3;2;1988.0;9;8;0;-1;-1; -1;-1
202400001157;203 985 827;155 779 730;A01;10;3;3;2;1944.0;0;8;8;-1;4;3;1
202400001157;203 985 828;155 779 730;A01;1;1;1;1;2007.0;9;2;6;-1;-1; -1;-1
202400001164;203 985 816;155 779 722;A01;1;1;2;1;1943.0;5;1;-1;-1;0;0;-1
202400001165;203 985 814;155 779 721;A01;1;1;1;2;1992.0;1;1;-1;-1;-1; -1;-1
202400001165;203 985 815;155 779 721;A01;10;3;3;1;1990.0;1;0;0;0;1;3;1
202400001166;203 985 812;155 779 719;B01;1;1;3;1;1990.0;9;2;0;-1;0;0;-1
202400001166;203 985 813;155 779 720;A01;1;1;1;2;1976.0;9;1;0;-1;0;0;-1
202400001170;203 985 793;155 779 707;A01;1;1;4;1;2007.0;1;2;8;-1;-1; -1;-1
202400001170;203 985 798;155 779 710;B01;1;1;1;1;1976.0;4;1;8;-1;-1; -1;-1
202400001176;203 985 784;155 779 699;A01;1;1;3;1;2006.0;5;2;6;-1;0;0;-1
202400001176;203 985 785;155 779 700;B01;1;1;1;2;1977.0;5;1;-1;-1;0;0;-1
202400001181;203 985 771;155 779 689;A01;1;1;4;2;1964.0;1;8;-1;-1;0;0;-1
202400001181;203 985 773;155 779 691;B01;1;1;1;1;1974.0;0;8;-1;-1;0;0;-1
202400001183;203 985 766;155 779 686;A01;10;3;3;1;1962.0;0;0;-1;-1;6;1;2
202400001183;203 985 767;155 779 686;A01;1;1;1;1;1967.0;1;1;-1;-1;0;0;-1
202400001198;203 985 732;155 779 660;B01;1;1;1;1;1987.0;5;8;0;-1;0;0;-1
202400001198;203 985 733;155 779 661;A01;1;1;4;2;1972.0;9;0;-1;-1;0;0;-1
202400001220;203 985 683;155 779 625;A01;1;1;3;2;1960.0;5;1;-1;-1;0;0;-1
202400001222;203 985 680;155 779 622;A01;10;3;4;2;2019.0;9;0;-1;-1;3;3;1
202400001222;203 985 681;155 779 622;A01;1;1;1;2;2002.0;0;1;0;-1;-1; -1;-1
202400001228;203 985 665;155 779 613;A01;1;1;4;2;1996.0;0;1;-1;-1;0;0;-1
202400001228;203 985 667;155 779 615;B01;2;2;3;2;1939.0;0;1;-1;-1;0;0;-1
202400001228;203 985 670;155 779 615;B01;1;1;4;1;1956.0;0;1;-1;-1;0;0;-1
202400001247;203 985 621;155 779 583;B01;1;1;3;1;2005.0;5;8;0;0;-1; -1;-1
202400001247;203 985 622;155 779 584;A01;1;1;3;1;2000.0;5;8;0;0;-1; -1;-1
202400001254;203 985 607;155 779 571;B01;1;1;1;1;1962.0;5;1;0;-1;-1; -1;-1
202400001254;203 985 609;155 779 573;A01;1;1;2;1;1988.0;1;2;6;-1;-1; -1;-1
202400001277;203 985 553;155 779 531;B01;1;1;4;1;1974.0;1;1;-1;-1;0;0;-1
202400001277;203 985 555;155 779 533;C01;1;1;4;1;1988.0;1;1;-1;-1;0;0;-1
202400001277;203 985 558;155 779 536;D01;1;1;1;1;1965.0;1;1;-1;-1;0;0;-1
202400001277;203 985 561;155 779 538;A01;1;1;1;1;1981.0;1;1;-1;-1;0;0;-1
202400001279;203 985 544;155 779 526;B01;1;1;4;1;1973.0;0;1;8;-1;-1; -1;-1
202400001279;203 985 549;155 779 528;A01;1;1;4;1;1983.0;0;1;8;-1;-1; -1;-1
202400001279;203 985 551;155 779 530;C01;1;1;1;2;1972.0;0;1;8;-1;-1; -1;-1
202400001282;203 985 537;155 779 521;A01;1;1;1;1;2004.0;2;1;0;0;-1; -1;-1
202400001282;203 985 540;155 779 523;B01;1;1;4;1;1987.0;1;2;0;0;-1; -1;-1
202400001289;203 985 524;155 779 509;A01;1;1;4;2;2002.0;5;1;4;-1;-1; -1;-1
202400001299;203 985 495;155 779 491;B01;2;2;1;2;2007.0;0;1;0;0;-1; -1;-1
202400001299;203 985 496;155 779 491;B01;3;2;4;2;2017.0;0;1;0;0;-1; -1;-1
202400001299;203 985 498;155 779 491;B01;6;2;4;2;2014.0;0;1;0;0;-1; -1;-1
202400001299;203 985 501;155 779 491;B01;1;1;1;2;1979.0;0;1;0;0;-1; -1;-1
202400001299;203 985 503;155 779 494;A01;1;1;1;-1;;-1;8;8;8;-1; -1;-1
202400001315;203 985 447;155 779 462;A01;1;1;4;1;2005.0;0;1;-1;-1;0;0;-1
202400001315;203 985 454;155 779 464;B01;9;2;4;2;1996.0;0;1;-1;-1;0;0;-1
202400001315;203 985 456;155 779 464;B01;2;2;4;2;2023.0;0;1;-1;-1;0;0;-1
202400001315;203 985 457;155 779 464;B01;1;1;4;1;1990.0;0;1;-1;-1;0;0;-1
202400001318;203 985 436;155 779 453;A01;1;1;1;1;2000.0;5;1;0;-1;-1; -1;-1
202400001318;203 985 439;155 779 456;B01;2;2;4;2;1975.0;5;1;0;-1;-1; -1;-1
202400001318;203 985 440;155 779 456;B01;1;1;1;1;1964.0;5;1;0;-1;-1; -1;-1
202400001320;203 985 430;155 779 449;A01;2;2;4;2;2019.0;3;1;-1;-1;0;0;-1
202400001320;203 985 431;155 779 449;A01;1;1;1;2;2000.0;3;1;-1;-1;0;0;-1
202400001373;203 985 315;155 779 356;A01;2;2;1;2;2001.0;0;1;-1;-1;0;0;-1
202400001373;203 985 316;155 779 356;A01;1;1;1;2;1999.0;0;1;-1;-1;0;0;-1
202400001373;203 985 317;155 779 357;B01;1;1;4;2;2004.0;0;1;-1;-1;0;0;-1
202400001389;203 985 283;155 779 329;A01;1;1;2;1;1979.0;5;0;-1;-1;0;0;-1
202400001389;203 985 284;155 779 330;B01;1;1;1;1;1971.0;5;1;-1;-1;0;0;-1
202400001391;203 985 276;155 779 325;A01;2;2;3;1;2008.0;9;0;-1;-1;0;0;-1
202400001391;203 985 277;155 779 325;A01;1;1;4;1;2008.0;9;0;-1;-1;0;0;-1
202400001401;203 985 247;155 779 304;A01;1;1;1;1;1959.0;5;1;-1;-1;0;0;-1
202400001401;203 985 249;155 779 304;A01;10;3;2;1;1990.0;5;0;-1;-1;2;3;2
202400001401;203 985 252;155 779 304;A01;10;3;4;1;2021.0;0;0;-1;-1;2;3;2
202400001407;203 985 235;155 779 295;A01;1;1;1;1;1999.0;5;1;-1;-1;0;0;-1
202400001407;203 985 238;155 779 298;B01;1;1;4;2;1967.0;5;1;-1;-1;0;0;-1
202400001415;203 985 213;155 779 281;A01;1;1;4;2;1984.0;5;1;-1;-1;0;0;-1
202400001415;203 985 216;155 779 282;B01;2;2;1;1;2009.0;5;1;-1;-1;0;0;-1
202400001415;203 985 218;155 779 282;B01;1;1;1;2;1984.0;5;1;-1;-1;0;0;-1
202400001439;203 985 156;155 779 239;B01;1;1;4;1;1982.0;1;8;0;-1;-1; -1;-1
202400001439;203 985 160;155 779 241;A01;1;1;1;1;1985.0;1;1;0;-1;-1; -1;-1
202400001445;203 985 137;155 779 224;A01;1;1;1;1;1995.0;0;1;0;-1;-1; -1;-1
202400001445;203 985 139;155 779 226;B01;1;1;4;1;1981.0;0;2;6;-1;-1; -1;-1
202400001445;203 985 141;155 779 228;C01;1;1;1;1;1990.0;0;1;0;-1;-1; -1;-1
202400001478;203 985 061;155 779 166;A01;1;1;2;1;1984.0;0;1;8;0;-1; -1;-1
202400001484;203 985 045;155 779 156;B01;1;1;2;2;1979.0;0;1;0;0;-1; -1;-1
202400001484;203 985 046;155 779 157;A01;1;1;1;-1;;-1;8;8;8;-1; -1;-1
202400001485;203 985 043;155 779 155;A01;10;3;4;2;2012.0;5;8;0;0;2;3;1
202400001485;203 985 044;155 779 155;A01;1;1;1;1;1941.0;0;1;0;0;-1; -1;-1
202400001487;203 985 038;155 779 152;A01;1;1;1;1;1984.0;0;8;0;0;-1; -1;-1
202400001487;203 985 039;155 779 153;B01;1;1;4;2;1993.0;1;8;0;0;-1; -1;-1
202400001490;203 985 032;155 779 147;A01;1;1;1;1;1968.0;1;2;6;-1;-1; -1;-1
202400001490;203 985 033;155 779 148;B01;1;1;4;1;1996.0;1;2;6;0;-1; -1;-1
202400001499;203 985 013;155 779 132;Y01;1;1;4;1;2020.0;5;0;0;0;5;1;1
202400001499;203 985 014;155 779 133;A01;1;1;1;1;1998.0;5;1;0;0;-1; -1;-1
202400001499;203 985 015;155 779 133;A01;10;3;1;1;1988.0;9;0;0;0;5;B;1
202400001508;203 984 996;155 779 118;B01;1;1;3;1;1933.0;5;1;-1;-1;0;0;-1
202400001508;203 984 997;155 779 119;A01;1;1;4;2;2006.0;5;1;-1;-1;0;0;-1
202400001509;203 984 995;155 779 117;A01;1;1;3;1;2002.0;9;1;5;-1;0;0;-1
202400001535;203 984 928;155 779 070;B01;1;1;3;1;2010.0;5;2;6;-1;0;0;-1
202400001535;203 984 929;155 779 071;A01;1;1;1;1;1947.0;0;1;-1;-1;0;0;-1
202400001537;203 984 923;155 779 066;B01;1;1;4;1;1976.0;5;2;0;-1;-1; -1;-1
202400001537;203 984 924;155 779 067;A01;1;1;1;1;1964.0;5;1;0;-1;-1; -1;-1
202400001559;203 984 874;155 779 026;A01;1;1;1;1;2004.0;1;2;6;-1;-1; -1;-1
202400001559;203 984 875;155 779 026;A01;10;3;4;2;1957.0;0;0;0;0;2;3;1
202400001564;203 984 859;155 779 017;B01;10;3;1;2;1972.0;0;0;0;0;2;3;1
202400001564;203 984 860;155 779 017;B01;1;1;1;1;2001.0;0;1;0;0;-1; -1;-1
202400001564;203 984 862;155 779 019;A01;1;1;4;2;2001.0;0;1;0;0;-1; -1;-1
202400001567;203 984 854;155 779 012;B01;1;1;3;1;1970.0;1;2;6;-1;0;0;-1
202400001567;203 984 856;155 779 014;A01;1;1;1;1;1954.0;1;1;-1;-1;0;0;-1
202400001571;203 984 843;155 779 001;C01;1;1;1;1;2000.0;5;1;0;0;-1; -1;-1
202400001571;203 984 844;155 779 002;A01;1;1;1;1;2004.0;5;8;0;0;-1; -1;-1
202400001571;203 984 845;155 779 003;B01;1;1;4;2;1963.0;0;1;0;0;-1; -1;-1
202400001573;203 984 839;155 778 997;A01;1;1;1;1;2002.0;1;1;0;0;-1; -1;-1
202400001573;203 984 841;155 778 999;B01;1;1;4;1;1982.0;1;2;6;0;-1; -1;-1
202400001575;203 984 836;155 778 994;A01;1;1;1;1;2004.0;0;8;8;0;-1; -1;-1
202400001575;203 984 837;155 778 995;B01;1;1;4;2;1981.0;5;8;8;0;-1; -1;-1
202400001577;203 984 830;155 778 990;A01;1;1;1;1;1995.0;9;1;0;0;-1; -1;-1
202400001577;203 984 831;155 778 990;A01;2;2;1;1;1998.0;9;1;0;0;-1; -1;-1
202400001577;203 984 832;155 778 991;B01;1;1;1;1;1998.0;5;1;0;0;-1; -1;-1
202400001577;203 984 833;155 778 991;B01;2;2;4;1;1998.0;5;1;0;0;-1; -1;-1
202400001584;203 984 810;155 778 978;A01;10;3;4;2;1935.0;5;0;0;0;2;3;1
202400001584;203 984 811;155 778 978;A01;1;1;1;1;2003.0;4;1;0;0;-1; -1;-1
202400001585;203 984 808;155 778 977;A01;10;3;3;2;1947.0;5;0;-1;-1;4;3;1
202400001585;203 984 809;155 778 977;A01;1;1;1;1;1988.0;9;1;-1;-1;0;0;-1
202400001591;203 984 792;155 778 968;B01;1;1;3;1;1981.0;9;2;6;-1;0;0;-1
202400001591;203 984 793;155 778 969;A01;1;1;1;1;2005.0;4;1;-1;-1;0;0;-1
202400001600;203 984 774;155 778 954;A01;1;1;3;1;1971.0;0;0;-1;-1;0;0;-1
202400001604;203 984 760;155 778 946;A01;1;1;1;-1;;-1;-1;-1;-1;-1; -1;-1
202400001604;203 984 762;155 778 946;A01;3;2;3;2;2002.0;0;8;-1;-1;0;0;-1
202400001604;203 984 763;155 778 946;A01;9;2;3;1;2002.0;0;8;-1;-1;0;0;-1
202400001604;203 984 764;155 778 946;A01;2;2;3;2;2002.0;0;8;1;-1;0;0;-1
202400001609;203 984 748;155 778 937;A01;1;1;1;2;1961.0;5;1;-1;-1;0;0;-1
202400001609;203 984 751;155 778 939;B01;1;1;3;1;1966.0;0;2;6;-1;0;0;-1
202400001619;203 984 724;155 778 922;A01;7;2;3;1;1998.0;0;0;-1;-1;0;0;-1
202400001619;203 984 725;155 778 922;A01;2;2;1;1;1992.0;0;0;-1;-1;0;0;-1
202400001619;203 984 726;155 778 922;A01;9;2;1;1;1997.0;0;0;-1;-1;0;0;-1
202400001619;203 984 727;155 778 922;A01;1;1;3;1;1993.0;0;0;-1;-1;0;0;-1
202400001622;203 984 712;155 778 915;B01;1;1;1;1;1986.0;4;1;-1;-1;0;0;-1
202400001622;203 984 715;155 778 917;A01;2;2;4;2;1945.0;5;1;-1;-1;0;0;-1
202400001622;203 984 717;155 778 917;A01;1;1;4;1;1941.0;5;1;-1;-1;0;0;-1
202400001622;203 984 718;155 778 918;D01;1;1;1;1;1995.0;5;1;-1;-1;0;0;-1
202400001633;203 984 685;155 778 896;A01;1;1;1;1;2004.0;5;1;-1;-1;0;0;-1
202400001633;203 984 687;155 778 897;B01;1;1;3;1;2007.0;5;2;6;-1;0;0;-1
202400001640;203 984 662;155 778 882;A01;1;1;1;1;2001.0;5;8;-1;-1;0;0;-1
202400001640;203 984 665;155 778 883;B01;1;1;4;1;1957.0;5;1;-1;-1;0;0;-1
202400001641;203 984 661;155 778 881;A01;9;2;1;2;2019.0;0;1;3;-1;0;0;-1
202400001641;203 984 663;155 778 881;A01;2;2;1;2;2014.0;0;1;-1;-1;0;0;-1
202400001641;203 984 664;155 778 881;A01;1;1;1;2;1985.0;0;1;-1;-1;0;0;-1
202400001641;203 984 666;155 778 884;B01;2;2;3;2;2016.0;0;1;-1;-1;0;0;-1
202400001641;203 984 667;155 778 884;B01;1;1;3;1;1980.0;0;1;-1;-1;0;0;-1
202400001641;203 984 670;155 778 886;C01;1;1;3;2;2002.0;0;1;-1;-1;0;0;-1
202400001645;203 984 656;155 778 876;A01;1;1;3;1;1981.0;5;6;2;-1;0;0;-1
202400001656;203 984 627;155 778 856;A01;1;1;3;1;1966.0;5;1;-1;-1;0;0;-1
202400001662;203 984 613;155 778 846;A01;1;1;3;1;1999.0;5;2;-1;-1;0;0;-1
202400001671;203 984 590;155 778 831;A01;1;1;3;2;1994.0;0;1;-1;-1;0;0;-1
202400001711;203 984 493;155 778 760;B01;1;1;4;2;2003.0;0;8;0;0;-1; -1;-1
202400001711;203 984 495;155 778 762;Z01;1;1;1;1;2000.0;0;8;0;0;-1; -1;-1
202400001711;203 984 497;155 778 763;C01;1;1;1;1;1971.0;0;8;0;0;-1; -1;-1
202400001722;203 984 462;155 778 736;A01;1;1;1;2;1983.0;0;1;0;-1;-1; -1;-1
202400001722;203 984 464;155 778 737;B01;1;1;4;1;1986.0;0;8;0;-1;-1; -1;-1
202400001732;203 984 436;155 778 719;A01;1;1;1;1;1978.0;0;1;8;-1;0;0;-1
202400001732;203 984 438;155 778 721;B01;1;1;4;1;1984.0;0;2;0;-1;0;0;-1
202400001737;203 984 429;155 778 712;B01;1;1;4;1;1974.0;4;1;0;-1;-1; -1;-1
202400001737;203 984 430;155 778 714;A01;1;1;1;1;2000.0;4;1;8;-1;-1; -1;-1
202400001793;203 984 290;155 778 606;A01;10;3;3;1;1942.0;0;0;-1;-1;9;B;1
202400001793;203 984 292;155 778 606;A01;1;1;1;2;1942.0;5;1;0;-1;-1; -1;-1
202400001794;203 984 287;155 778 604;C01;2;2;4;2;1975.0;9;1;0;-1;-1; -1;-1
202400001794;203 984 288;155 778 604;C01;1;1;4;2;1971.0;0;1;0;-1;-1; -1;-1
202400001794;203 984 289;155 778 605;A01;2;2;4;2;1949.0;0;1;0;-1;-1; -1;-1
202400001794;203 984 291;155 778 605;A01;1;1;1;1;1948.0;0;1;5;-1;-1; -1;-1
202400001794;203 984 293;155 778 607;B01;1;1;4;2;1955.0;0;1;5;-1;-1; -1;-1
202400001812;203 984 255;155 778 576;B01;1;1;4;2;1995.0;3;1;-1;-1;-1; -1;-1
202400001812;203 984 256;155 778 577;A01;1;1;1;1;1988.0;3;1;-1;-1;-1; -1;-1
202400001813;203 984 251;155 778 572;B01;1;1;1;2;1960.0;5;1;8;-1;-1; -1;-1
202400001813;203 984 254;155 778 575;A01;1;1;4;1;2004.0;5;8;0;-1;-1; -1;-1
202400001823;203 984 222;155 778 552;A01;1;1;1;1;1950.0;9;1;0;-1;-1; -1;-1
202400001823;203 984 224;155 778 554;B01;1;1;4;1;2006.0;9;2;0;-1;-1; -1;-1
202400001843;203 984 186;155 778 522;A01;1;1;1;2;1948.0;5;1;8;-1;-1; -1;-1
202400001843;203 984 188;155 778 523;B01;1;1;4;2;2002.0;5;2;8;-1;-1; -1;-1
202400001854;203 984 160;155 778 502;B01;1;1;4;1;2000.0;1;2;0;-1;0;0;-1
202400001854;203 984 161;155 778 503;A01;1;1;1;2;1994.0;1;1;8;-1;0;0;-1
202400001865;203 984 135;155 778 487;A01;1;1;4;1;1937.0;9;1;0;-1;-1; -1;-1
202400001901;203 984 041;155 778 428;A01;2;2;3;1;1993.0;5;1;-1;-1;0;0;-1
202400001901;203 984 042;155 778 428;A01;7;2;1;2;2024.0;5;1;3;-1;0;0;-1
202400001901;203 984 043;155 778 428;A01;8;2;1;1;2020.0;5;1;3;-1;0;0;-1
202400001901;203 984 044;155 778 428;A01;9;2;1;1;2019.0;5;1;3;-1;0;0;-1
202400001901;203 984 045;155 778 428;A01;1;1;1;2;1994.0;5;1;-1;-1;0;0;-1
202400001901;203 984 048;155 778 431;B01;1;1;1;1;1979.0;5;1;-1;-1;0;0;-1
202400001902;203 984 040;155 778 427;B01;1;1;4;1;1997.0;0;8;0;0;-1; -1;-1
202400001902;203 984 046;155 778 429;A01;1;1;1;2;1973.0;0;1;0;0;-1; -1;-1
202400001973;203 983 884;155 778 302;A01;1;1;1;1;1998.0;1;1;-1;-1;0;0;-1
202400001973;203 983 885;155 778 303;B01;1;1;3;1;1971.0;1;2;-1;-1;0;0;-1
202400001976;203 983 879;155 778 298;A01;1;1;3;1;1956.0;5;2;6;-1;0;0;-1
202400001986;203 983 858;155 778 282;A01;1;1;1;1;1967.0;4;1;-1;-1;0;0;-1
202400001986;203 983 859;155 778 282;A01;10;3;3;1;1948.0;9;0;-1;-1;1;9;1
202400002001;203 983 821;155 778 258;A01;1;1;2;1;2002.0;5;1;-1;-1;0;0;-1
202400002001;203 983 822;155 778 259;B01;2;2;3;1;1997.0;5;1;-1;-1;0;0;-1
202400002001;203 983 823;155 778 259;B01;1;1;4;1;1994.0;5;1;-1;-1;0;0;-1
202400002009;203 983 797;155 778 243;A01;1;1;4;1;2001.0;5;1;-1;-1;0;0;-1
202400002009;203 983 799;155 778 244;B01;2;2;4;2;1959.0;5;1;-1;-1;0;0;-1
202400002009;203 983 802;155 778 244;B01;1;1;4;1;1958.0;5;1;-1;-1;0;0;-1
202400002023;203 983 766;155 778 218;A01;1;1;4;2;1995.0;1;1;-1;-1;-1; -1;-1
202400002060;203 983 668;155 778 149;A01;10;3;2;2;2014.0;0;8;0;0;4;3;1
202400002060;203 983 669;155 778 149;A01;1;1;1;1;1961.0;4;8;0;0;4;3;1
202400002070;203 983 647;155 778 133;A01;10;3;4;1;1980.0;5;0;0;0;2;3;1
202400002070;203 983 649;155 778 133;A01;1;1;1;1;1980.0;0;1;0;0;-1; -1;-1
202400002073;203 983 642;155 778 128;A01;1;1;1;2;1968.0;1;1;0;0;-1; -1;-1
202400002073;203 983 644;155 778 130;B01;1;1;4;1;1995.0;0;8;0;0;-1; -1;-1
202400002099;203 983 583;155 778 084;A01;10;3;4;2;2014.0;5;0;0;0;3;3;1
202400002099;203 983 584;155 778 084;A01;1;1;1;1;1982.0;1;1;0;0;-1; -1;-1
202400002102;203 983 574;155 778 076;A01;1;1;3;1;2002.0;5;1;0;-1;0;0;-1
202400002102;203 983 577;155 778 079;B01;1;1;4;1;2002.0;5;1;5;-1;0;0;-1
202400002102;203 983 580;155 778 081;C01;1;1;4;1;1994.0;5;1;0;-1;0;0;-1
202400002111;203 983 555;155 778 067;A01;2;2;4;1;2012.0;2;8;0;-1;-1; -1;-1
202400002111;203 983 556;155 778 067;A01;10;3;4;1;2021.0;-1;0;0;0;9;5;1
202400002111;203 983 559;155 778 067;A01;1;1;1;1;1994.0;0;1;0;-1;-1; -1;-1
202400002136;203 983 501;155 778 024;A01;10;3;3;1;1970.0;0;8;8;-1;1;9;2
202400002136;203 983 504;155 778 024;A01;1;1;1;-1;;-1;-1;-1;-1;-1; -1;-1
202400002139;203 983 492;155 778 019;A01;2;2;4;2;2006.0;5;1;-1;-1;0;0;-1
202400002139;203 983 493;155 778 019;A01;7;2;4;1;2008.0;5;1;-1;-1;0;0;-1
202400002139;203 983 494;155 778 019;A01;1;1;3;1;1942.0;5;1;-1;-1;0;0;-1
202400002139;203 983 498;155 778 022;B01;2;2;4;2;1970.0;9;1;-1;-1;0;0;-1
202400002139;203 983 500;155 778 022;B01;1;1;4;1;1968.0;9;1;-1;-1;0;0;-1
202400002183;203 983 382;155 777 937;A01;1;1;1;2;1951.0;0;1;-1;-1;-1; -1;-1
202400002183;203 983 384;155 777 937;A01;10;3;4;2;1991.0;0;0;-1;-1;4;3;1
202400002190;203 983 363;155 777 925;A01;1;1;1;1;1957.0;0;1;0;-1;-1; -1;-1
202400002190;203 983 365;155 777 927;B01;1;1;4;2;1967.0;0;2;0;-1;-1; -1;-1
202400002192;203 983 358;155 777 921;A01;10;3;4;1;1935.0;0;0;-1;-1;5;3;1
202400002192;203 983 360;155 777 921;A01;1;1;1;1;1993.0;4;1;0;-1;-1; -1;-1
202400002211;203 983 310;155 777 888;A01;1;1;1;1;1950.0;5;1;8;-1;-1; -1;-1
202400002211;203 983 313;155 777 891;B01;1;1;4;1;2010.0;5;8;0;-1;-1; -1;-1
202400002248;203 983 233;155 777 822;B01;1;1;4;2;2003.0;5;1;-1;-1;0;0;-1
202400002248;203 983 234;155 777 824;A01;1;1;1;1;1990.0;4;1;-1;-1;0;0;-1
202400002274;203 983 163;155 777 771;A01;1;1;4;1;1968.0;1;2;6;-1;-1; -1;-1
202400002274;203 983 164;155 777 772;B01;1;1;1;1;1984.0;5;1;4;-1;-1; -1;-1
202400002287;203 983 133;155 777 748;A01;1;1;4;1;1976.0;0;1;5;-1;-1; -1;-1
202400002287;203 983 134;155 777 749;B01;1;1;4;2;2004.0;0;1;5;-1;-1; -1;-1
202400002297;203 983 114;155 777 732;A01;1;1;1;1;1988.0;0;1;0;-1;0;0;-1
202400002297;203 983 115;155 777 733;B01;1;1;4;1;1943.0;0;1;0;-1;0;0;-1
202400002299;203 983 111;155 777 730;A01;10;3;3;1;2008.0;5;0;-1;-1;4;3;1
202400002299;203 983 112;155 777 730;A01;1;1;1;2;2003.0;5;1;0;-1;0;0;-1
202400002323;203 983 051;155 777 681;B01;1;1;1;1;1997.0;0;1;0;-1;-1; -1;-1
202400002323;203 983 053;155 777 683;A01;1;1;4;1;1980.0;5;2;0;-1;-1; -1;-1
202400002332;203 983 032;155 777 666;A01;2;2;4;2;2010.0;0;1;0;-1;0;0;-1
202400002332;203 983 034;155 777 666;A01;4;2;4;1;2018.0;0;1;0;-1;0;0;-1
202400002332;203 983 035;155 777 666;A01;1;1;4;2;1984.0;0;1;0;-1;0;0;-1
202400002339;203 983 017;155 777 654;A01;1;1;1;1;1977.0;9;1;0;-1;0;0;-1
202400002339;203 983 018;155 777 655;B01;1;1;4;1;1988.0;9;8;0;-1;0;0;-1
202400002361;203 982 971;155 777 616;B01;1;1;4;1;1983.0;9;2;0;-1;0;0;-1
202400002361;203 982 974;155 777 618;A01;1;1;1;1;1996.0;9;1;0;-1;0;0;-1
202400002363;203 982 964;155 777 610;A01;1;1;1;2;2003.0;0;1;-1;-1;-1; -1;-1
202400002363;203 982 968;155 777 614;B01;1;1;4;2;1973.0;0;1;-1;-1;-1; -1;-1
202400002363;203 982 970;155 777 614;B01;2;2;4;1;1970.0;0;1;-1;-1;-1; -1;-1
202400002400;203 982 891;155 777 555;A01;1;1;4;2;1995.0;0;1;0;0;-1; -1;-1
202400002400;203 982 893;155 777 558;B01;1;1;1;1;1997.0;3;1;0;0;-1; -1;-1
202400002409;203 982 873;155 777 542;B01;1;1;4;1;2009.0;0;0;0;0;3;3;1
202400002409;203 982 874;155 777 543;A01;1;1;1;1;1979.0;0;1;0;0;-1; -1;-1
202400002419;203 982 844;155 777 520;Z01;1;1;1;-1;;-1;8;8;8;-1; -1;-1
202400002419;203 982 846;155 777 520;Z01;10;3;4;1;1949.0;5;0;0;0;1;8;1
202400002433;203 982 817;155 777 503;A01;10;3;3;1;2021.0;5;0;-1;-1;1;3;1
202400002433;203 982 819;155 777 503;A01;1;1;1;2;1959.0;0;1;0;-1;-1; -1;-1
202400002441;203 982 795;155 777 487;A01;1;1;1;2;2003.0;5;1;0;-1;-1; -1;-1
202400002441;203 982 797;155 777 489;B01;1;1;4;2;1966.0;1;1;0;-1;-1; -1;-1
202400002441;203 982 799;155 777 491;Z01;1;1;1;-1;;-1;-1;-1;-1;-1; -1;-1
202400002442;203 982 794;155 777 486;A01;1;1;3;1;1963.0;1;1;-1;-1;0;0;-1
202400002442;203 982 796;155 777 488;B01;1;1;1;1;1993.0;1;1;-1;-1;0;0;-1
202400002446;203 982 783;155 777 478;A01;1;1;1;1;2001.0;5;1;-1;-1;0;0;-1
202400002446;203 982 785;155 777 480;B01;1;1;2;1;2008.0;5;2;6;-1;0;0;-1
202400002450;203 982 776;155 777 472;A01;1;1;3;1;2006.0;0;2;8;-1;-1; -1;-1
202400002450;203 982 777;155 777 473;B01;1;1;1;1;1989.0;4;1;0;-1;-1; -1;-1
202400002464;203 982 740;155 777 448;A01;1;1;1;2;1976.0;5;8;0;-1;0;0;-1
202400002464;203 982 743;155 777 449;B01;1;1;4;2;1982.0;1;2;6;-1;0;0;-1
202400002477;203 982 703;155 777 428;A01;1;1;3;2;1962.0;1;1;-1;-1;0;0;-1
202400002477;203 982 704;155 777 429;B01;1;1;1;1;1951.0;0;1;-1;-1;0;0;-1
202400002494;203 982 665;155 777 399;A01;1;1;2;1;1942.0;5;1;-1;-1;0;0;-1
202400002494;203 982 667;155 777 401;B01;1;1;1;1;1991.0;3;0;-1;-1;0;0;-1
202400002495;203 982 664;155 777 398;A01;1;1;3;2;1970.0;5;1;-1;-1;0;0;-1
202400002516;203 982 615;155 777 361;A01;1;1;3;1;1985.0;1;2;6;-1;0;0;-1
202400002516;203 982 622;155 777 363;B01;1;1;1;2;1981.0;1;1;-1;-1;0;0;-1
202400002523;203 982 596;155 777 350;A01;2;2;3;2;2001.0;5;2;-1;-1;0;0;-1
202400002523;203 982 598;155 777 350;A01;1;1;4;1;1996.0;5;2;-1;-1;0;0;-1
202400002529;203 982 586;155 777 341;A01;1;1;4;1;2010.0;0;2;6;-1;0;0;-1
202400002529;203 982 589;155 777 343;B01;1;1;1;1;1977.0;0;1;-1;-1;0;0;-1
202400002531;203 982 580;155 777 337;B01;1;1;1;1;1986.0;3;1;-1;-1;0;0;-1
202400002531;203 982 583;155 777 338;A01;1;1;3;1;1984.0;5;0;-1;-1;0;0;-1
202400002542;203 982 559;155 777 320;A01;1;1;3;1;1999.0;0;1;-1;-1;0;0;-1
202400002542;203 982 561;155 777 322;B01;1;1;3;1;1964.0;0;1;-1;-1;0;0;-1
202400002542;203 982 562;155 777 322;B01;2;2;2;2;1938.0;0;1;-1;-1;0;0;-1
202400002550;203 982 538;155 777 305;A01;1;1;4;1;1989.0;4;1;-1;-1;0;0;-1
202400002550;203 982 540;155 777 307;B01;1;1;4;1;1979.0;4;0;-1;-1;0;0;-1
202400002565;203 982 503;155 777 283;B01;1;1;4;2;1972.0;1;1;-1;-1;0;0;-1
202400002565;203 982 505;155 777 284;A01;1;1;2;2;1946.0;5;1;-1;-1;0;0;-1
202400002570;203 982 492;155 777 274;A01;1;1;4;2;1997.0;1;1;-1;-1;0;0;-1
202400002575;203 982 483;155 777 266;A01;2;2;3;2;1961.0;5;2;6;-1;0;0;-1
202400002575;203 982 484;155 777 266;A01;1;1;1;1;1958.0;5;2;6;-1;0;0;-1
202400002580;203 982 473;155 777 260;A01;1;1;3;1;2004.0;5;1;-1;-1;0;0;-1
202400002593;203 982 443;155 777 237;A01;2;2;3;2;2000.0;5;2;-1;-1;0;0;-1
202400002593;203 982 444;155 777 237;A01;1;1;4;1;1997.0;5;2;-1;-1;0;0;-1
202400002594;203 982 438;155 777 234;A01;1;1;3;1;1997.0;0;1;-1;-1;0;0;-1
202400002594;203 982 439;155 777 236;B01;1;1;3;1;2002.0;5;1;-1;-1;0;0;-1
202400002594;203 982 440;155 777 236;B01;2;2;4;2;2004.0;5;1;-1;-1;0;0;-1
202400002594;203 982 442;155 777 236;B01;9;2;4;1;2003.0;5;1;-1;-1;0;0;-1
202400002609;203 982 403;155 777 209;A01;1;1;1;-1;;-1;8;-1;-1;-1; -1;-1
202400002609;203 982 405;155 777 211;B01;1;1;4;1;2001.0;9;8;-1;-1;-1; -1;-1
202400002617;203 982 384;155 777 196;A01;1;1;1;1;1976.0;5;1;4;-1;-1; -1;-1
202400002617;203 982 386;155 777 197;B01;2;2;4;2;1974.0;5;2;6;-1;-1; -1;-1
202400002617;203 982 387;155 777 197;B01;1;1;4;1;1980.0;5;2;6;-1;-1; -1;-1
202400002631;203 982 352;155 777 169;A01;2;2;4;1;1985.0;5;1;-1;-1;-1; -1;-1
202400002631;203 982 353;155 777 169;A01;1;1;1;1;1989.0;5;1;-1;-1;-1; -1;-1
202400002631;203 982 354;155 777 170;B01;1;1;1;1;1989.0;5;1;-1;-1;-1; -1;-1
202400002639;203 982 333;155 777 154;B01;1;1;4;1;1980.0;5;2;6;-1;-1; -1;-1
202400002639;203 982 334;155 777 156;A01;1;1;1;1;1994.0;1;1;0;-1;-1; -1;-1
202400002645;203 982 315;155 777 142;A01;2;2;3;2;1970.0;1;1;5;-1;0;0;-1
202400002645;203 982 316;155 777 142;A01;1;1;1;1;1967.0;1;1;5;-1;0;0;-1
202400002669;203 982 256;155 777 102;A01;1;1;1;1;1980.0;4;1;0;0;-1; -1;-1
202400002669;203 982 257;155 777 103;B01;1;1;4;2;1982.0;9;2;8;0;-1; -1;-1
202400002673;203 982 250;155 777 097;A01;1;1;3;2;1959.0;5;1;-1;-1;0;0;-1
202400002680;203 982 233;155 777 089;A01;1;1;4;1;2001.0;5;2;6;9;0;0;-1
202400002711;203 982 164;155 777 044;B01;1;1;1;2;1982.0;1;1;-1;-1;0;0;-1
202400002711;203 982 165;155 777 045;A01;1;1;3;1;1963.0;5;2;-1;-1;0;0;-1
202400002727;203 982 124;155 777 018;A01;1;1;2;1;1959.0;0;1;-1;-1;0;0;-1
202400002727;203 982 125;155 777 019;B01;1;1;1;1;1965.0;0;1;-1;-1;0;0;-1
202400002727;203 982 126;155 777 019;B01;2;2;4;2;1965.0;0;1;-1;-1;0;0;-1
202400002727;203 982 127;155 777 019;B01;9;2;1;2;2002.0;0;1;-1;-1;0;0;-1
202400002727;203 982 128;155 777 020;C01;1;1;1;2;1975.0;0;1;-1;-1;0;0;-1
202400002727;203 982 129;155 777 020;C01;2;2;1;1;2005.0;0;1;-1;-1;0;0;-1
202400002730;203 982 118;155 777 014;A01;1;1;4;1;2000.0;9;1;-1;-1;0;0;-1
202400002742;203 982 090;155 776 996;A01;1;1;3;1;1965.0;0;8;-1;-1;0;0;-1
202400002758;203 982 057;155 776 973;A01;1;1;3;1;2007.0;5;2;-1;-1;0;0;-1
202400002759;203 982 056;155 776 972;A01;1;1;3;2;1957.0;5;1;-1;-1;0;0;-1
202400002762;203 982 048;155 776 965;A01;1;1;1;1;1950.0;0;1;-1;-1;0;0;-1
202400002762;203 982 049;155 776 966;B01;1;1;1;1;1956.0;5;2;-1;-1;0;0;-1
202400002762;203 982 050;155 776 967;C01;1;1;4;2;1955.0;5;2;-1;-1;0;0;-1
202400002778;203 982 012;155 776 942;A01;10;3;4;1;1980.0;0;0;-1;-1;1;3;1
202400002778;203 982 014;155 776 942;A01;1;1;1;1;1987.0;0;1;0;-1;-1; -1;-1
202400002779;203 982 011;155 776 941;A01;1;1;3;2;2002.0;5;2;-1;-1;0;0;-1
202400002781;203 982 005;155 776 938;A01;1;1;1;1;1984.0;9;1;-1;-1;-1; -1;-1
202400002781;203 982 006;155 776 938;A01;2;2;1;1;2001.0;9;1;-1;-1;-1; -1;-1
202400002781;203 982 008;155 776 940;B01;2;2;4;2;2012.0;0;1;-1;-1;-1; -1;-1
202400002781;203 982 009;155 776 940;B01;4;2;4;1;2019.0;0;1;-1;-1;-1; -1;-1
202400002781;203 982 010;155 776 940;B01;1;1;1;2;1983.0;9;1;-1;-1;-1; -1;-1
202400002808;203 981 942;155 776 893;A01;10;3;4;1;1999.0;3;0;-1;-1;3;3;1
202400002808;203 981 943;155 776 893;A01;1;1;1;2;1948.0;0;8;0;-1;-1; -1;-1
202400002821;203 981 913;155 776 871;A01;1;1;1;1;2002.0;4;8;0;-1;-1; -1;-1
202400002821;203 981 915;155 776 873;B01;1;1;4;2;1988.0;0;1;0;-1;-1; -1;-1
202400002831;203 981 889;155 776 855;A01;1;1;4;1;1982.0;1;2;-1;-1;-1; -1;-1
202400002831;203 981 891;155 776 857;B01;1;1;1;2;1998.0;1;1;-1;-1;-1; -1;-1
202400002852;203 981 840;155 776 818;B01;9;2;1;2;2013.0;5;1;-1;-1;0;0;-1
202400002852;203 981 842;155 776 818;B01;1;1;3;2;1951.0;5;1;-1;-1;0;0;-1
202400002852;203 981 843;155 776 818;B01;2;2;4;1;1949.0;5;1;-1;-1;0;0;-1
202400002852;203 981 844;155 776 819;A01;1;1;1;1;1993.0;9;1;-1;-1;0;0;-1
202400002859;203 981 824;155 776 805;B01;1;1;1;2;1987.0;5;1;8;-1;-1; -1;-1
202400002859;203 981 825;155 776 806;A01;1;1;4;1;2000.0;1;2;8;-1;-1; -1;-1
202400002869;203 981 797;155 776 783;B01;1;1;1;1;1985.0;5;1;8;-1;-1; -1;-1
202400002869;203 981 798;155 776 784;A01;1;1;3;1;1992.0;0;1;0;-1;-1; -1;-1
202400002886;203 981 754;155 776 756;A01;10;3;4;1;1983.0;1;8;0;0;1;3;1
202400002886;203 981 755;155 776 756;A01;1;1;1;-1;;-1;8;8;8;-1; -1;-1
202400002894;203 981 737;155 776 744;A01;10;3;4;2;1996.0;1;0;0;0;2;2;1
202400002894;203 981 738;155 776 744;A01;1;1;1;1;1984.0;1;1;0;0;-1; -1;-1
202400002899;203 981 725;155 776 735;A01;1;1;1;1;1990.0;5;1;0;0;-1; -1;-1
202400002899;203 981 726;155 776 736;B01;2;2;4;2;2004.0;5;2;0;0;-1; -1;-1
202400002899;203 981 727;155 776 736;B01;1;1;1;1;2004.0;5;2;0;0;-1; -1;-1
202400002900;203 981 724;155 776 734;A01;1;1;1;2;1977.0;0;1;0;-1;-1; -1;-1
202400002900;203 981 728;155 776 737;B01;1;1;3;1;1966.0;0;2;6;-1;-1; -1;-1
202400002900;203 981 729;155 776 737;B01;2;2;3;2;1969.0;0;2;6;-1;-1; -1;-1
202400002908;203 981 706;155 776 722;B01;2;2;4;2;2004.0;1;1;-1;-1;0;0;-1
202400002908;203 981 708;155 776 722;B01;1;1;3;1;1970.0;1;1;-1;-1;0;0;-1
202400002908;203 981 709;155 776 724;A01;2;2;1;1;1990.0;0;0;-1;-1;0;0;-1
202400002908;203 981 710;155 776 724;A01;1;1;1;1;1995.0;9;0;-1;-1;0;0;-1
202400002916;203 981 691;155 776 709;A01;1;1;4;1;2003.0;5;1;-1;-1;0;0;-1
202400002916;203 981 692;155 776 711;B01;1;1;3;2;1964.0;1;1;-1;-1;0;0;-1
202400002955;203 981 597;155 776 645;A01;1;1;3;1;1988.0;5;2;-1;-1;0;0;-1
202400002961;203 981 585;155 776 633;A01;1;1;3;1;1996.0;5;2;6;-1;0;0;-1
202400002966;203 981 572;155 776 625;A01;1;1;2;1;1977.0;0;1;-1;-1;0;0;-1
202400002966;203 981 573;155 776 626;B01;2;2;1;2;2000.0;5;1;-1;-1;0;0;-1
202400002966;203 981 574;155 776 626;B01;3;2;1;2;2006.0;5;1;-1;-1;0;0;-1
202400002966;203 981 575;155 776 626;B01;4;2;4;2;2003.0;5;1;-1;-1;0;0;-1
202400002966;203 981 577;155 776 626;B01;5;2;3;2;2002.0;5;1;-1;-1;0;0;-1
202400002966;203 981 578;155 776 626;B01;1;1;1;2;2003.0;5;1;-1;-1;0;0;-1
202400002966;203 981 579;155 776 628;C01;1;1;3;1;2002.0;5;1;-1;-1;0;0;-1
202400002970;203 981 569;155 776 623;A01;1;1;4;1;1985.0;0;2;0;-1;0;0;-1
202400002976;203 981 549;155 776 611;A01;1;1;4;1;1980.0;1;1;0;-1;-1; -1;-1
202400002983;203 981 532;155 776 598;A01;1;1;4;1;1970.0;0;1;-1;-1;0;0;-1
202400002983;203 981 534;155 776 600;B01;1;1;3;1;1981.0;0;2;6;9;0;0;-1
202400002985;203 981 529;155 776 595;A01;1;1;3;2;2009.0;5;2;-1;-1;0;0;-1
202400002985;203 981 530;155 776 596;B01;1;1;1;1;2002.0;4;1;-1;-1;0;0;-1
202400002993;203 981 514;155 776 583;A01;1;1;4;2;2002.0;0;1;0;-1;-1; -1;-1
202400002993;203 981 515;155 776 584;B01;1;1;4;2;2004.0;0;1;5;-1;-1; -1;-1
202400002997;203 981 503;155 776 574;A01;1;1;4;2;2004.0;5;1;0;-1;0;0;-1
202400003002;203 981 487;155 776 565;A01;1;1;4;2;1998.0;5;1;8;-1;-1; -1;-1
202400003003;203 981 485;155 776 563;A01;1;1;1;1;1965.0;1;1;8;-1;-1; -1;-1
202400003003;203 981 486;155 776 564;B01;1;1;3;1;1994.0;1;2;0;-1;-1; -1;-1
202400003004;203 981 483;155 776 561;A01;1;1;4;2;1988.0;0;2;0;-1;-1; -1;-1
202400003004;203 981 484;155 776 562;B01;1;1;4;1;1973.0;0;1;0;-1;-1; -1;-1
202400003012;203 981 465;155 776 548;A01;1;1;1;2;1982.0;1;1;8;-1;-1; -1;-1
202400003012;203 981 466;155 776 549;B01;2;2;4;1;2002.0;1;1;8;-1;-1; -1;-1
202400003012;203 981 467;155 776 549;B01;1;1;1;1;1992.0;1;1;8;-1;-1; -1;-1
202400003017;203 981 452;155 776 539;B01;1;1;1;1;1943.0;9;1;0;-1;-1; -1;-1
202400003017;203 981 454;155 776 540;A01;1;1;4;1;1957.0;9;2;6;-1;-1; -1;-1
202400003026;203 981 430;155 776 522;A01;1;1;1;2;2006.0;5;1;-1;-1;0;0;-1
202400003026;203 981 431;155 776 523;B01;1;1;3;1;1997.0;5;2;6;-1;0;0;-1
202400003031;203 981 417;155 776 514;A01;1;1;1;1;2001.0;4;1;-1;-1;-1; -1;-1
202400003031;203 981 418;155 776 515;B01;1;1;3;1;1992.0;5;2;6;-1;-1; -1;-1
202400003036;203 981 399;155 776 504;A01;1;1;4;1;1998.0;1;0;-1;-1;0;0;-1
202400003036;203 981 400;155 776 505;B01;2;2;1;1;2011.0;5;1;-1;-1;0;0;-1
202400003036;203 981 402;155 776 505;B01;1;1;1;1;1953.0;5;1;-1;-1;0;0;-1
202400003038;203 981 394;155 776 499;B01;1;1;4;1;1998.0;1;2;0;-1;0;0;-1
202400003038;203 981 397;155 776 502;A01;1;1;1;2;2002.0;5;1;8;-1;0;0;-1
202400003068;203 981 320;155 776 440;A01;1;1;4;1;1998.0;4;2;6;-1;-1; -1;-1
202400003074;203 981 311;155 776 432;A01;1;1;4;1;1988.0;0;2;6;-1;0;0;-1
202400003078;203 981 303;155 776 424;A01;1;1;4;2;2000.0;1;1;-1;-1;0;0;-1
202400003078;203 981 305;155 776 427;B01;1;1;1;2;1984.0;1;1;-1;-1;0;0;-1
202400003086;203 981 283;155 776 409;A01;1;1;1;2;2002.0;5;8;0;-1;-1; -1;-1
202400003086;203 981 285;155 776 409;A01;10;3;4;2;1981.0;5;8;8;-1;5;3;1
202400003096;203 981 265;155 776 395;Z01;10;3;4;2;1943.0;0;8;8;-1;3;3;1
202400003096;203 981 268;155 776 395;Z01;1;1;1;-1;;-1;-1;-1;-1;0;0;-1
202400003105;203 981 241;155 776 379;A01;10;3;4;1;1976.0;0;0;-1;-1;3;3;1
202400003105;203 981 243;155 776 379;A01;1;1;1;2;1936.0;0;8;0;-1;-1; -1;-1
202400003121;203 981 207;155 776 350;A01;10;3;4;2;1972.0;9;0;-1;-1;3;3;1
202400003121;203 981 208;155 776 350;A01;1;1;1;1;1992.0;1;1;0;-1;0;0;-1
202400003132;203 981 177;155 776 332;A01;10;3;4;1;2006.0;0;0;-1;-1;2;3;1
202400003132;203 981 178;155 776 332;A01;1;1;1;1;1961.0;1;1;-1;-1;-1; -1;-1
202400003155;203 981 119;155 776 285;A01;1;1;2;1;1955.0;3;1;-1;-1;0;0;-1
202400003155;203 981 121;155 776 288;B01;1;1;4;1;1999.0;4;1;-1;-1;0;0;-1
202400003157;203 981 115;155 776 283;A01;10;3;3;1;1986.0;9;0;-1;-1;9;1;1
202400003157;203 981 116;155 776 283;A01;1;1;1;1;1989.0;4;1;0;-1;-1; -1;-1
202400003169;203 981 084;155 776 256;B01;2;2;1;1;1995.0;0;1;0;-1;-1; -1;-1
202400003169;203 981 086;155 776 256;B01;1;1;1;1;1995.0;1;1;0;-1;-1; -1;-1
202400003169;203 981 089;155 776 260;A01;1;1;3;1;1997.0;1;8;0;-1;-1; -1;-1
202400003174;203 981 077;155 776 250;A01;10;3;4;1;1963.0;0;0;-1;-1;3;3;1
202400003174;203 981 078;155 776 250;A01;1;1;1;1;1969.0;0;1;0;-1;-1; -1;-1
202400003181;203 981 062;155 776 237;B01;1;1;4;1;2004.0;1;2;6;-1;-1; -1;-1
202400003181;203 981 063;155 776 238;A01;1;1;1;1;1987.0;5;1;8;-1;-1; -1;-1
202400003185;203 981 054;155 776 230;B01;1;1;4;1;1977.0;1;2;6;-1;-1; -1;-1
202400003185;203 981 057;155 776 232;A01;1;1;1;1;1965.0;4;1;8;-1;-1; -1;-1
202400003190;203 981 042;155 776 221;A01;1;1;4;1;2008.0;5;8;0;-1;-1; -1;-1
202400003190;203 981 044;155 776 223;B01;1;1;1;2;2004.0;5;1;0;-1;-1; -1;-1
202400003215;203 980 977;155 776 177;B01;1;1;4;1;2010.0;0;2;0;-1;-1; -1;-1
202400003215;203 980 979;155 776 177;B01;2;2;4;1;2010.0;0;8;0;-1;-1; -1;-1
202400003215;203 980 983;155 776 181;A01;1;1;1;1;2005.0;0;8;0;-1;-1; -1;-1
202400003220;203 980 961;155 776 166;A01;1;1;1;1;1980.0;1;1;-1;-1;-1; -1;-1
202400003220;203 980 962;155 776 166;A01;10;3;4;2;1942.0;3;0;-1;-1;4;3;1
202400003220;203 980 964;155 776 168;B01;1;1;1;1;1980.0;3;1;-1;-1;-1; -1;-1
202400003222;203 980 955;155 776 163;Y01;1;1;3;2;1938.0;5;0;-1;-1;9;1;1
202400003222;203 980 956;155 776 165;A01;1;1;1;1;1978.0;5;1;0;-1;-1; -1;-1
202400003223;203 980 950;155 776 160;A01;1;1;1;1;1986.0;4;1;8;-1;4;3;2
202400003223;203 980 952;155 776 160;A01;10;3;4;2;2008.0;2;8;8;-1;4;3;2
202400003223;203 980 953;155 776 160;A01;10;3;4;1;2008.0;2;0;-1;-1;4;3;2
202400003228;203 980 940;155 776 153;B01;1;1;1;2;1951.0;0;1;0;-1;-1; -1;-1
202400003228;203 980 943;155 776 155;A01;2;2;4;1;2005.0;4;2;0;-1;-1; -1;-1
202400003228;203 980 944;155 776 155;A01;1;1;4;1;2003.0;4;2;0;-1;-1; -1;-1
202400003246;203 980 889;155 776 115;B01;1;1;3;1;1988.0;5;2;6;-1;-1; -1;-1
202400003246;203 980 891;155 776 117;A01;1;1;1;2;1999.0;5;1;-1;-1;-1; -1;-1
202400003264;203 980 847;155 776 083;A01;1;1;1;1;1976.0;1;1;6;-1;-1; -1;-1
202400003264;203 980 849;155 776 084;B01;1;1;4;1;2002.0;1;2;6;-1;-1; -1;-1
202400003266;203 980 842;155 776 079;B01;1;1;4;2;1985.0;9;0;0;0;0;0;-1
202400003266;203 980 844;155 776 081;A01;1;1;1;1;1971.0;5;1;0;-1;0;0;-1
202400003271;203 980 831;155 776 071;A01;10;3;4;1;1988.0;5;0;-1;-1;5;3;1
202400003271;203 980 833;155 776 071;A01;1;1;1;1;1976.0;4;1;0;-1;-1; -1;-1
202400003273;203 980 827;155 776 067;B01;1;1;1;1;1983.0;9;1;8;-1;0;0;-1
202400003273;203 980 829;155 776 069;A01;1;1;4;1;1985.0;9;-1;0;-1;0;0;-1
202400003280;203 980 811;155 776 054;A01;1;1;1;1;1995.0;5;8;0;-1;0;0;-1
202400003280;203 980 813;155 776 054;A01;10;3;3;1;1998.0;9;0;-1;-1;4;3;1
202400003289;203 980 791;155 776 037;A01;1;1;1;1;1972.0;5;1;0;-1;-1; -1;-1
202400003289;203 980 792;155 776 038;B01;1;1;4;1;1990.0;1;2;6;-1;-1; -1;-1
202400003299;203 980 772;155 776 021;A01;1;1;4;1;2001.0;9;2;6;-1;-1; -1;-1
202400003299;203 980 773;155 776 022;B01;1;1;1;1;1962.0;9;1;0;-1;-1; -1;-1
202400003309;203 980 748;155 775 999;A01;1;1;1;2;1984.0;2;1;0;0;-1; -1;-1
202400003309;203 980 749;155 775 999;A01;10;3;4;1;2020.0;2;0;0;0;2;3;2
202400003336;203 980 686;155 775 954;A01;1;1;3;2;1992.0;5;0;-1;-1;0;0;-1
202400003376;203 980 602;155 775 890;B01;1;1;4;1;1985.0;4;2;0;-1;0;0;-1
202400003376;203 980 603;155 775 891;A01;1;1;1;1;1993.0;9;1;0;-1;0;0;-1
202400003403;203 980 541;155 775 841;B01;1;1;1;2;1983.0;5;1;-1;-1;0;0;-1
202400003403;203 980 542;155 775 842;A01;1;1;3;1;1969.0;5;2;-1;-1;0;0;-1
202400003419;203 980 512;155 775 815;A01;1;1;1;1;1988.0;4;1;-1;-1;0;0;-1
202400003419;203 980 514;155 775 817;B01;1;1;3;1;1958.0;5;1;-1;-1;0;0;-1
202400003420;203 980 510;155 775 813;A01;1;1;3;1;1972.0;5;2;6;9;0;0;-1
202400003426;203 980 498;155 775 802;C01;1;1;3;1;1973.0;1;8;-1;-1;0;0;-1
202400003426;203 980 499;155 775 803;A01;1;1;1;-1;;-1;-1;-1;-1;-1; -1;-1
202400003426;203 980 500;155 775 804;B01;1;1;1;1;1992.0;4;0;-1;-1;0;0;-1
202400003427;203 980 496;155 775 800;A01;1;1;3;1;1948.0;5;0;-1;-1;0;0;-1
202400003427;203 980 497;155 775 801;B01;1;1;1;1;1969.0;0;1;-1;-1;0;0;-1
202400003438;203 980 469;155 775 778;A01;1;1;4;1;1985.0;4;0;-1;-1;0;0;-1
202400003468;203 980 386;155 775 718;A01;10;3;3;1;1969.0;0;0;-1;-1;6;1;1
202400003468;203 980 387;155 775 718;A01;1;1;1;1;1986.0;5;1;-1;-1;0;0;-1
202400003490;203 980 332;155 775 671;A01;1;1;4;1;1991.0;5;2;9;-1;0;0;-1
202400003494;203 980 323;155 775 665;A01;10;3;3;1;2014.0;5;0;-1;-1;1;3;1
202400003494;203 980 324;155 775 665;A01;1;1;1;1;1978.0;1;1;-1;-1;0;0;-1
202400003503;203 980 304;155 775 651;A01;1;1;4;1;1989.0;4;2;6;-1;-1; -1;-1
202400003503;203 980 305;155 775 652;B01;1;1;1;1;1970.0;4;1;0;-1;-1; -1;-1
202400003520;203 980 268;155 775 623;A01;1;1;1;1;1989.0;0;1;0;0;-1; -1;-1
202400003520;203 980 269;155 775 624;B01;1;1;4;2;2004.0;0;1;0;0;-1; -1;-1
202400003542;203 980 215;155 775 582;A01;1;1;4;1;1991.0;5;2;6;9;0;0;-1
202400003542;203 980 216;155 775 583;B01;1;1;1;2;1997.0;0;1;-1;-1;0;0;-1
202400003565;203 980 158;155 775 540;A01;2;2;1;1;1989.0;5;1;-1;-1;0;0;-1
202400003565;203 980 159;155 775 540;A01;9;2;3;2;1958.0;5;1;-1;-1;0;0;-1
202400003565;203 980 160;155 775 540;A01;7;2;3;1;1956.0;5;1;-1;-1;0;0;-1
202400003565;203 980 162;155 775 540;A01;1;1;1;2;1994.0;5;1;-1;-1;0;0;-1
202400003571;203 980 138;155 775 524;A01;1;1;2;1;1937.0;9;8;-1;-1;0;0;-1
202400003586;203 980 107;155 775 501;A01;1;1;3;1;2006.0;1;1;-1;-1;0;0;-1
202400003594;203 980 091;155 775 488;A01;1;1;4;2;1967.0;1;1;-1;-1;0;0;-1
202400003594;203 980 093;155 775 490;B01;1;1;4;1;2001.0;1;1;-1;-1;0;0;-1
202400003598;203 980 085;155 775 482;A01;1;1;4;1;1963.0;5;2;6;5;0;0;-1
202400003605;203 980 071;155 775 469;A01;1;1;2;1;1947.0;0;1;0;-1;-1; -1;-1
202400003605;203 980 072;155 775 470;B01;2;2;3;1;1992.0;1;1;0;-1;-1; -1;-1
202400003605;203 980 074;155 775 470;B01;1;1;3;1;1995.0;1;1;0;-1;-1; -1;-1
202400003605;203 980 075;155 775 472;C01;1;1;1;1;2002.0;1;1;0;-1;-1; -1;-1
202400003610;203 980 059;155 775 459;A01;1;1;1;2;1979.0;3;1;-1;-1;0;0;-1
202400003610;203 980 061;155 775 460;B01;1;1;3;2;2008.0;5;2;6;-1;0;0;-1
202400003616;203 980 037;155 775 441;A01;1;1;1;1;1993.0;1;1;0;-1;0;0;-1
202400003616;203 980 038;155 775 442;B01;1;1;4;1;1977.0;1;2;6;-1;0;0;-1
202400003618;203 980 032;155 775 438;A01;1;1;1;1;1987.0;1;1;0;-1;-1; -1;-1
202400003618;203 980 033;155 775 439;B01;1;1;4;1;1989.0;1;2;6;-1;-1; -1;-1
202400003636;203 979 992;155 775 402;A01;1;1;3;1;1973.0;5;2;-1;-1;0;0;-1
202400003636;203 979 993;155 775 403;B01;1;1;1;1;1969.0;4;1;-1;-1;0;0;-1
202400003639;203 979 987;155 775 398;A01;1;1;1;2;2002.0;0;1;-1;-1;-1; -1;-1
202400003639;203 979 988;155 775 399;B01;1;1;1;2;1975.0;0;1;0;-1;-1; -1;-1
202400003639;203 979 989;155 775 399;B01;2;2;4;2;1957.0;4;1;-1;-1;-1; -1;-1
202400003646;203 979 972;155 775 386;A01;1;1;1;1;1992.0;5;1;0;-1;0;0;-1
202400003646;203 979 973;155 775 387;B01;1;1;4;1;1982.0;5;2;6;-1;0;0;-1
202400003650;203 979 964;155 775 379;A01;1;1;3;1;2006.0;1;1;-1;-1;0;0;-1
202400003650;203 979 967;155 775 381;B01;1;1;4;1;1969.0;1;1;-1;-1;0;0;-1
202400003654;203 979 957;155 775 373;A01;1;1;3;2;2008.0;2;2;-1;-1;0;0;-1
202400003661;203 979 935;155 775 358;A01;1;1;1;1;1996.0;4;1;0;-1;-1; -1;-1
202400003661;203 979 936;155 775 359;B01;1;1;4;1;2001.0;0;2;0;-1;-1; -1;-1
202400003662;203 979 929;155 775 356;A01;10;3;3;1;2008.0;2;0;-1;-1;3;3;1
202400003662;203 979 931;155 775 356;A01;1;1;1;2;1967.0;0;1;0;-1;-1; -1;-1
202400003698;203 979 851;155 775 294;A01;1;1;4;1;1957.0;5;2;6;-1;-1; -1;-1
202400003698;203 979 852;155 775 294;A01;2;2;4;2;1959.0;5;2;6;-1;-1; -1;-1
202400003698;203 979 855;155 775 296;B01;2;2;1;1;1970.0;5;1;0;-1;-1; -1;-1
202400003698;203 979 856;155 775 296;B01;1;1;1;1;1966.0;5;1;0;-1;-1; -1;-1
202400003699;203 979 847;155 775 291;A01;1;1;4;1;1981.0;5;8;0;-1;-1; -1;-1
202400003699;203 979 849;155 775 293;B01;1;1;1;2;2005.0;2;1;0;-1;-1; -1;-1
202400003708;203 979 829;155 775 278;A01;1;1;4;1;2010.0;2;8;0;-1;-1; -1;-1
202400003716;203 979 810;155 775 263;A01;2;2;3;1;1992.0;0;8;0;-1;-1; -1;-1
202400003716;203 979 811;155 775 263;A01;3;2;4;1;1984.0;5;8;0;-1;-1; -1;-1
202400003716;203 979 813;155 775 263;A01;4;2;4;1;1996.0;0;1;0;-1;-1; -1;-1
202400003716;203 979 814;155 775 263;A01;1;1;4;1;1994.0;5;8;0;-1;-1; -1;-1
202400003716;203 979 816;155 775 266;B01;1;1;4;1;2004.0;0;1;0;-1;-1; -1;-1
202400003733;203 979 769;155 775 234;A01;2;2;1;1;2005.0;0;1;-1;-1;-1; -1;-1
202400003733;203 979 770;155 775 234;A01;1;1;1;1;2006.0;0;1;-1;-1;-1; -1;-1
202400003733;203 979 773;155 775 236;B01;2;2;4;2;1954.0;0;1;-1;-1;-1; -1;-1
202400003733;203 979 774;155 775 236;B01;1;1;1;1;1947.0;0;1;-1;-1;-1; -1;-1
202400003736;203 979 763;155 775 229;A01;1;1;1;1;2003.0;1;1;-1;-1;-1; -1;-1
202400003736;203 979 764;155 775 230;B01;1;1;4;1;2009.0;2;2;6;-1;-1; -1;-1
202400003738;203 979 759;155 775 225;A01;1;1;4;2;1979.0;9;1;-1;-1;-1; -1;-1
202400003738;203 979 760;155 775 226;B01;1;1;1;1;1995.0;4;8;-1;-1;-1; -1;-1
202400003752;203 979 730;155 775 201;A01;10;3;3;1;2001.0;0;0;-1;-1;3;3;1
202400003752;203 979 731;155 775 201;A01;1;1;1;1;2002.0;0;1;0;-1;-1; -1;-1
202400003759;203 979 713;155 775 188;A01;2;2;2;1;2003.0;5;2;0;-1;0;0;-1
202400003759;203 979 714;155 775 188;A01;1;1;3;1;2003.0;5;2;0;-1;0;0;-1
202400003768;203 979 694;155 775 172;B01;1;1;4;1;1996.0;1;2;6;-1;-1; -1;-1
202400003768;203 979 696;155 775 173;A01;1;1;1;2;1982.0;1;1;4;-1;-1; -1;-1
202400003777;203 979 679;155 775 159;B01;1;1;1;1;1991.0;4;1;0;-1;-1; -1;-1
202400003777;203 979 681;155 775 161;A01;1;1;4;1;2003.0;0;1;0;-1;-1; -1;-1
202400003781;203 979 665;155 775 148;A01;1;1;1;1;1997.0;0;1;0;-1;-1; -1;-1
202400003781;203 979 667;155 775 150;B01;1;1;4;2;1960.0;5;1;0;-1;-1; -1;-1
202400003789;203 979 648;155 775 138;A01;10;3;4;2;1972.0;0;0;0;-1;3;3;1
202400003789;203 979 649;155 775 138;A01;1;1;1;2;1948.0;0;1;0;-1;-1; -1;-1
202400003790;203 979 645;155 775 135;B01;1;1;4;2;1991.0;1;2;8;-1;0;0;-1
202400003790;203 979 647;155 775 137;Z01;1;1;1;-1;;-1;-1;-1;-1;-1; -1;-1
202400003793;203 979 640;155 775 131;A01;1;1;4;2;1985.0;5;1;0;-1;-1; -1;-1
202400003793;203 979 643;155 775 133;B01;1;1;1;1;1964.0;5;1;0;-1;-1; -1;-1
202400003800;203 979 626;155 775 116;A01;1;1;4;1;1969.0;9;1;0;-1;0;0;-1
202400003804;203 979 617;155 775 109;B01;1;1;1;2;1999.0;1;2;0;-1;0;0;-1
202400003804;203 979 618;155 775 110;A01;1;1;4;2;2004.0;5;2;0;-1;0;0;-1
202400003805;203 979 614;155 775 107;A01;1;1;1;2;1996.0;1;1;0;0;-1; -1;-1
202400003805;203 979 615;155 775 107;A01;3;2;1;2;2020.0;0;1;0;0;-1; -1;-1
202400003805;203 979 616;155 775 108;B01;1;1;4;1;1993.0;4;8;0;-1;-1; -1;-1
202400003835;203 979 543;155 775 057;A01;4;2;4;1;1961.0;5;1;-1;-1;0;0;-1
202400003835;203 979 544;155 775 057;A01;3;2;4;2;1958.0;5;1;-1;-1;0;0;-1
202400003835;203 979 545;155 775 057;A01;2;2;4;2;1950.0;5;1;-1;-1;0;0;-1
202400003835;203 979 546;155 775 057;A01;1;1;1;1;1952.0;5;1;-1;-1;0;0;-1
202400003841;203 979 532;155 775 047;A01;1;1;3;1;1979.0;0;2;6;9;0;0;-1
202400003851;203 979 507;155 775 027;A01;1;1;3;1;1987.0;5;2;6;9;0;0;-1
202400003862;203 979 481;155 775 008;A01;1;1;1;1;1989.0;5;8;-1;-1;0;0;-1
202400003862;203 979 482;155 775 008;A01;3;2;4;1;2019.0;5;1;-1;-1;0;0;-1
202400003862;203 979 483;155 775 008;A01;2;2;4;2;1997.0;5;0;-1;-1;0;0;-1
202400003864;203 979 477;155 775 004;A01;1;1;1;2;1944.0;9;1;-1;-1;0;0;-1
202400003864;203 979 478;155 775 005;B01;1;1;3;1;1975.0;5;2;6;-1;0;0;-1
202400003883;203 979 433;155 774 969;A01;1;1;4;1;1978.0;5;1;-1;-1;0;0;-1
202400003883;203 979 434;155 774 970;B01;2;2;3;2;1943.0;5;1;-1;-1;0;0;-1
202400003883;203 979 435;155 774 970;B01;1;1;3;1;1944.0;5;1;-1;-1;0;0;-1
202400003919;203 979 361;155 774 906;A01;1;1;4;1;1985.0;1;1;9;-1;0;0;-1
202400003929;203 979 334;155 774 887;A01;1;1;3;1;1980.0;3;2;6;-1;0;0;-1
202400003929;203 979 336;155 774 889;B01;1;1;1;1;1977.0;4;1;-1;-1;0;0;-1
202400003934;203 979 320;155 774 875;A01;1;1;4;1;1997.0;0;2;-1;-1;0;0;-1
202400003940;203 979 305;155 774 866;A01;10;3;2;2;1958.0;3;0;-1;-1;3;3;1
202400003940;203 979 307;155 774 866;A01;1;1;1;2;2002.0;0;8;-1;-1;3;3;1
202400003941;203 979 302;155 774 865;A01;1;1;4;2;2001.0;5;1;-1;-1;0;0;-1
202400003941;203 979 303;155 774 865;A01;7;2;4;1;2023.0;5;1;3;-1;0;0;-1
202400003941;203 979 304;155 774 865;A01;2;2;4;1;2001.0;5;1;-1;-1;0;0;-1
202400003941;203 979 306;155 774 867;B01;1;1;1;1;1990.0;0;1;-1;-1;0;0;-1
202400003954;203 979 272;155 774 839;B01;1;1;1;1;1955.0;0;8;0;0;-1; -1;-1
202400003954;203 979 274;155 774 840;A01;1;1;4;1;1974.0;0;8;0;0;-1; -1;-1
202400003954;203 979 275;155 774 841;C01;1;1;1;1;1959.0;0;8;0;0;-1; -1;-1
202400003956;203 979 268;155 774 836;A01;10;3;3;2;2013.0;2;0;-1;-1;3;3;1
202400003956;203 979 269;155 774 836;A01;1;1;1;2;1985.0;0;1;-1;-1;0;0;-1
202400004017;203 979 121;155 774 721;A01;10;3;3;1;1983.0;1;0;-1;-1;2;3;1
202400004017;203 979 123;155 774 721;A01;1;1;1;1;1948.0;5;1;-1;-1;-1; -1;-1
202400004022;203 979 110;155 774 713;A01;1;1;1;2;1994.0;5;1;-1;-1;0;0;-1
202400004022;203 979 111;155 774 714;B01;1;1;2;1;1976.0;5;2;-1;-1;0;0;-1
202400004029;203 979 094;155 774 701;A01;1;1;3;2;1959.0;9;8;0;-1;-1; -1;-1
202400004033;203 979 088;155 774 695;A01;1;1;2;1;1990.0;5;2;0;-1;-1; -1;-1
202400004040;203 979 071;155 774 679;A01;1;1;3;1;2000.0;1;2;0;-1;0;0;-1
202400004040;203 979 073;155 774 681;B01;1;1;1;1;1994.0;0;1;0;-1;0;0;-1
202400004041;203 979 072;155 774 680;B01;2;2;4;2;1957.0;0;1;-1;-1;-1; -1;-1
202400004041;203 979 074;155 774 680;B01;1;1;4;2;1952.0;0;1;-1;-1;-1; -1;-1
202400004041;203 979 075;155 774 682;Z01;1;1;1;-1;;-1;8;-1;-1;-1; -1;-1
202400004047;203 979 060;155 774 669;B01;1;1;1;2;1978.0;1;1;-1;-1;0;0;-1
202400004047;203 979 062;155 774 671;A01;1;1;4;2;2000.0;3;1;-1;-1;0;0;-1
202400004049;203 979 057;155 774 666;B01;1;1;1;2;1979.0;5;1;8;-1;-1; -1;-1
202400004049;203 979 058;155 774 667;A01;1;1;3;1;2005.0;5;2;8;-1;-1; -1;-1
202400004061;203 979 033;155 774 648;A01;1;1;3;1;2007.0;1;2;8;-1;-1; -1;-1
202400004087;203 978 978;155 774 609;B01;2;2;1;1;1983.0;5;1;0;-1;-1; -1;-1
202400004087;203 978 980;155 774 609;B01;1;1;1;1;1993.0;5;1;0;-1;-1; -1;-1
202400004087;203 978 984;155 774 612;A01;1;1;4;2;1945.0;5;1;0;-1;-1; -1;-1
202400004092;203 978 963;155 774 601;A01;10;3;2;1;1967.0;0;0;-1;-1;1;3;1
202400004092;203 978 966;155 774 601;A01;1;1;1;1;1975.0;1;2;6;-1;-1; -1;-1
202400004093;203 978 962;155 774 600;A01;1;1;1;1;2002.0;-1;1;0;0;-1; -1;-1
202400004093;203 978 965;155 774 600;A01;10;3;4;2;2010.0;0;0;-1;-1;9;3;1
202400004098;203 978 951;155 774 589;A01;1;1;1;-1;;-1;-1;-1;-1;-1; -1;-1
202400004098;203 978 953;155 774 591;B01;1;1;4;2;1966.0;1;2;0;-1;-1; -1;-1
202400004108;203 978 934;155 774 573;A01;1;1;1;1;1993.0;1;8;8;-1;-1; -1;-1
202400004108;203 978 939;155 774 577;B01;1;1;4;2;1973.0;0;2;0;-1;-1; -1;-1
202400004120;203 978 907;155 774 556;A01;1;1;1;1;1980.0;9;1;0;-1;0;0;-1
202400004120;203 978 909;155 774 556;A01;10;3;4;2;1993.0;0;0;-1;-1;4;3;1
202400004129;203 978 881;155 774 539;A01;1;1;4;1;2008.0;2;2;8;-1;-1; -1;-1
202400004129;203 978 884;155 774 541;B01;1;1;1;2;1983.0;9;1;0;-1;-1; -1;-1
202400004131;203 978 878;155 774 537;A01;10;3;4;2;1984.0;1;0;-1;-1;3;3;1
202400004131;203 978 879;155 774 537;A01;1;1;1;1;1999.0;5;1;-1;-1;-1; -1;-1
202400004145;203 978 844;155 774 516;A01;1;1;4;1;1976.0;5;1;0;-1;0;0;-1
202400004156;203 978 819;155 774 497;B01;1;1;1;1;1978.0;4;8;0;-1;-1; -1;-1
202400004156;203 978 820;155 774 498;A01;1;1;4;1;2004.0;0;8;0;-1;-1; -1;-1
202400004158;203 978 813;155 774 494;A01;3;2;4;1;2007.0;0;8;8;-1;-1; -1;-1
202400004158;203 978 815;155 774 494;A01;4;2;1;1;2006.0;0;1;-1;-1;-1; -1;-1
202400004158;203 978 816;155 774 494;A01;2;2;4;1;2005.0;0;1;-1;-1;-1; -1;-1
202400004158;203 978 818;155 774 494;A01;1;1;3;1;2006.0;9;8;8;-1;-1; -1;-1
202400004163;203 978 795;155 774 486;B01;1;1;4;1;1979.0;4;1;0;-1;-1; -1;-1
202400004163;203 978 799;155 774 487;A01;1;1;1;1;1978.0;4;1;0;-1;-1; -1;-1
202400004166;203 978 791;155 774 481;A01;1;1;4;1;2009.0;5;2;6;-1;-1; -1;-1
202400004166;203 978 793;155 774 483;B01;1;1;1;1;1977.0;5;1;0;-1;-1; -1;-1
202400004169;203 978 783;155 774 474;A01;1;1;4;1;1997.0;0;1;0;-1;-1; -1;-1
202400004169;203 978 784;155 774 475;B01;2;2;1;1;1955.0;0;1;0;-1;-1; -1;-1
202400004169;203 978 785;155 774 475;B01;1;1;1;1;1967.0;3;1;8;-1;-1; -1;-1
202400004208;203 978 697;155 774 408;A01;1;1;3;1;1989.0;9;2;0;0;-1; -1;-1
202400004213;203 978 686;155 774 400;A01;1;1;4;1;1973.0;0;2;6;-1;-1; -1;-1
202400004213;203 978 689;155 774 402;B01;1;1;1;1;1960.0;4;1;0;-1;-1; -1;-1
202400004230;203 978 644;155 774 365;A01;10;3;4;1;1995.0;5;0;0;0;3;3;1
202400004230;203 978 645;155 774 365;A01;1;1;1;1;;0;2;8;8;-1; -1;-1
202400004244;203 978 609;155 774 337;A01;1;1;1;2;1969.0;5;1;-1;-1;0;0;-1
202400004244;203 978 612;155 774 340;B01;1;1;3;1;1978.0;5;2;-1;-1;0;0;-1
202400004245;203 978 608;155 774 336;A01;1;1;4;1;1992.0;9;8;0;-1;-1; -1;-1
202400004245;203 978 610;155 774 339;Z01;1;1;1;-1;;9;-1;-1;-1;-1; -1;-1
202400004249;203 978 598;155 774 328;A01;1;1;3;1;2001.0;5;0;-1;-1;0;0;-1
202400004253;203 978 590;155 774 322;A01;1;1;1;1;2003.0;5;1;-1;-1;0;0;-1
202400004253;203 978 591;155 774 322;A01;10;3;4;2;2011.0;2;0;-1;-1;3;3;1
202400004265;203 978 563;155 774 304;A01;2;2;3;2;1965.0;0;1;-1;-1;0;0;-1
202400004265;203 978 565;155 774 304;A01;1;1;1;1;1958.0;0;1;-1;-1;0;0;-1
202400004265;203 978 566;155 774 306;B01;2;2;1;1;2011.0;0;1;-1;-1;0;0;-1
202400004265;203 978 567;155 774 306;B01;1;1;1;1;1964.0;0;1;-1;-1;0;0;-1
202400004266;203 978 562;155 774 303;A01;1;1;3;1;1999.0;0;1;-1;-1;0;0;-1
202400004266;203 978 564;155 774 305;B01;1;1;1;1;1978.0;1;0;-1;-1;0;0;-1
202400004270;203 978 553;155 774 296;A01;1;1;1;1;1961.0;0;1;-1;-1;0;0;-1
202400004270;203 978 555;155 774 298;B01;1;1;3;1;1965.0;5;2;-1;-1;0;0;-1
202400004305;203 978 467;155 774 239;A01;1;1;3;1;1971.0;5;1;-1;-1;0;0;-1
202400004306;203 978 462;155 774 236;A01;1;1;1;1;1981.0;5;1;-1;-1;0;0;-1
202400004306;203 978 465;155 774 238;B01;2;2;4;2;1993.0;5;1;-1;-1;0;0;-1
202400004306;203 978 466;155 774 238;B01;1;1;4;1;1991.0;5;1;-1;-1;0;0;-1
202400004327;203 978 413;155 774 200;B01;9;2;1;2;1996.0;5;1;-1;-1;0;0;-1
202400004327;203 978 415;155 774 200;B01;7;2;1;1;1991.0;5;1;-1;-1;0;0;-1
202400004327;203 978 417;155 774 200;B01;2;2;3;2;1996.0;5;1;-1;-1;0;0;-1
202400004327;203 978 420;155 774 200;B01;1;1;1;1;1991.0;5;1;-1;-1;0;0;-1
202400004327;203 978 421;155 774 203;A01;1;1;1;1;1960.0;4;1;-1;-1;0;0;-1
202400004348;203 978 361;155 774 163;A01;1;1;3;1;1950.0;5;2;6;-1;0;0;-1
202400004385;203 978 281;155 774 105;A01;4;2;4;2;2009.0;5;1;0;-1;0;0;-1
202400004385;203 978 283;155 774 105;A01;2;2;1;2;2006.0;5;1;0;-1;0;0;-1
202400004385;203 978 284;155 774 105;A01;1;1;1;1;2005.0;5;1;8;-1;0;0;-1
202400004414;203 978 216;155 774 056;A01;1;1;4;1;1954.0;4;1;0;-1;-1; -1;-1
202400004414;203 978 219;155 774 059;B01;1;1;4;1;1975.0;0;1;0;-1;-1; -1;-1
202400004422;203 978 196;155 774 041;A01;1;1;1;1;2001.0;5;1;5;-1;-1; -1;-1
202400004422;203 978 198;155 774 043;B01;1;1;4;1;1993.0;1;1;0;-1;-1; -1;-1
202400004449;203 978 130;155 773 996;B01;1;1;1;1;2005.0;5;1;-1;-1;0;0;-1
202400004449;203 978 131;155 773 997;A01;1;1;3;1;1951.0;5;2;6;-1;0;0;-1
202400004465;203 978 095;155 773 971;A01;1;1;1;1;1973.0;4;1;-1;-1;-1; -1;-1
202400004465;203 978 097;155 773 973;B01;1;1;3;1;1983.0;4;8;-1;-1;-1; -1;-1
202400004466;203 978 090;155 773 967;A01;1;1;1;1;2003.0;0;1;-1;-1;0;0;-1
202400004466;203 978 093;155 773 969;B01;1;1;4;2;1954.0;3;1;-1;-1;0;0;-1
202400004476;203 978 075;155 773 955;B01;1;1;1;1;1967.0;1;1;-1;-1;0;0;-1
202400004476;203 978 077;155 773 957;A01;1;1;3;1;1965.0;0;2;6;-1;0;0;-1
202400004504;203 977 968;155 773 898;A01;1;1;4;1;1973.0;0;1;-1;-1;-1; -1;-1
202400004504;203 977 969;155 773 899;B01;1;1;1;1;1977.0;0;1;-1;-1;-1; -1;-1
202400004507;203 977 962;155 773 893;A01;10;3;4;2;1972.0;0;0;-1;-1;1;3;1
202400004507;203 977 963;155 773 893;A01;1;1;1;2;1969.0;0;8;8;-1;0;0;-1
202400004514;203 977 948;155 773 880;A01;1;1;4;1;1989.0;0;8;0;-1;-1; -1;-1
202400004514;203 977 950;155 773 882;B01;1;1;1;1;1972.0;0;8;0;-1;-1; -1;-1
202400004525;203 977 919;155 773 860;A01;2;2;4;2;1995.0;5;1;-1;-1;-1; -1;-1
202400004525;203 977 920;155 773 860;A01;3;2;4;1;1992.0;5;1;-1;-1;0;0;-1
202400004525;203 977 922;155 773 860;A01;1;1;4;2;1998.0;5;1;-1;-1;0;0;-1
202400004525;203 977 924;155 773 863;B01;1;1;4;2;1977.0;5;1;-1;-1;0;0;-1
202400004570;203 977 811;155 773 783;A01;1;1;4;1;2009.0;5;2;0;-1;-1; -1;-1
202400004574;203 977 806;155 773 777;A01;1;1;4;1;1978.0;5;8;0;-1;-1; -1;-1
202400004581;203 977 789;155 773 763;A01;1;1;4;1;1995.0;5;1;-1;-1;0;0;-1
202400004610;203 977 715;155 773 712;A01;1;1;1;1;1978.0;0;1;0;0;-1; -1;-1
202400004610;203 977 716;155 773 713;B01;1;1;4;1;2000.0;0;2;6;0;-1; -1;-1
202400004615;203 977 703;155 773 704;A01;1;1;4;2;1943.0;0;1;0;-1;-1; -1;-1
202400004615;203 977 706;155 773 706;B01;2;2;4;2;2014.0;0;1;0;-1;-1; -1;-1
202400004615;203 977 707;155 773 706;B01;3;2;4;1;2021.0;0;1;0;-1;-1; -1;-1
202400004615;203 977 708;155 773 706;B01;4;2;4;2;2017.0;0;1;0;-1;-1; -1;-1
202400004615;203 977 710;155 773 706;B01;1;1;4;2;1986.0;0;1;0;-1;-1; -1;-1
202400004640;203 977 650;155 773 661;A01;1;1;4;2;1967.0;1;1;-1;-1;0;0;-1
202400004670;203 977 571;155 773 608;B01;1;1;1;1;1983.0;4;1;0;0;-1; -1;-1
202400004670;203 977 574;155 773 608;B01;2;2;1;1;1970.0;4;1;0;0;-1; -1;-1
202400004670;203 977 576;155 773 610;A01;1;1;4;1;1987.0;0;8;0;0;-1; -1;-1
202400004673;203 977 566;155 773 604;A01;10;3;3;2;2005.0;5;0;-1;-1;1;3;1
202400004673;203 977 568;155 773 604;A01;1;1;1;1;1954.0;5;1;-1;-1;0;0;-1
202400004690;203 977 526;155 773 574;A01;1;1;1;1;1949.0;3;8;0;0;0;0;-1
202400004690;203 977 528;155 773 574;A01;10;3;4;2;1961.0;9;0;0;0;9;A;1
202400004705;203 977 494;155 773 550;A01;1;1;3;1;2000.0;0;2;8;-1;-1; -1;-1
202400004705;203 977 496;155 773 551;B01;1;1;1;2;1977.0;0;1;8;-1;-1; -1;-1
202400004725;203 977 446;155 773 512;A01;1;1;4;2;1948.0;0;1;8;-1;-1; -1;-1
202400004725;203 977 447;155 773 513;B01;1;1;1;2;1989.0;0;1;8;-1;-1; -1;-1
202400004725;203 977 452;155 773 517;C01;1;1;1;1;1982.0;0;1;8;-1;-1; -1;-1
202400004741;203 977 397;155 773 485;A01;1;1;3;1;2004.0;0;1;0;-1;-1; -1;-1
202400004760;203 977 352;155 773 453;B01;9;2;1;1;1965.0;5;8;-1;-1;0;0;-1
202400004760;203 977 354;155 773 453;B01;1;1;1;1;1968.0;5;1;-1;-1;0;0;-1
202400004760;203 977 356;155 773 457;A01;1;1;3;1;1977.0;5;2;6;-1;0;0;-1
202400004773;203 977 311;155 773 424;A01;10;3;4;2;1982.0;1;-1;-1;-1;2;3;1
202400004773;203 977 313;155 773 424;A01;1;1;1;1;1999.0;5;1;-1;-1;0;0;-1
202400004789;203 977 275;155 773 400;B01;7;2;1;1;2009.0;5;1;-1;-1;0;0;-1
202400004789;203 977 276;155 773 400;B01;8;2;1;2;2011.0;5;1;-1;-1;0;0;-1
202400004789;203 977 277;155 773 400;B01;2;2;4;2;1980.0;5;1;-1;-1;0;0;-1
202400004789;203 977 278;155 773 400;B01;9;2;1;1;2023.0;5;3;-1;-1;0;0;-1
202400004789;203 977 280;155 773 400;B01;1;1;1;1;1978.0;5;1;-1;-1;0;0;-1
202400004789;203 977 283;155 773 403;A01;2;2;3;2;2005.0;5;1;-1;-1;0;0;-1
202400004789;203 977 284;155 773 403;A01;9;2;1;2;2004.0;5;1;-1;-1;0;0;-1
202400004789;203 977 285;155 773 403;A01;1;1;4;1;2004.0;5;1;-1;-1;0;0;-1
202400004789;203 977 288;155 773 406;C01;1;1;1;1;1974.0;5;1;-1;-1;0;0;-1
202400004801;203 977 252;155 773 381;A01;1;1;1;1;1981.0;0;1;-1;-1;-1; -1;-1
202400004801;203 977 254;155 773 383;C01;1;1;1;2;1957.0;0;1;-1;-1;-1; -1;-1
202400004801;203 977 255;155 773 384;D01;1;1;1;2;1998.0;1;1;-1;-1;-1; -1;-1
202400004801;203 977 257;155 773 386;B01;1;1;4;2;1993.0;1;1;-1;-1;-1; -1;-1
202400004806;203 977 242;155 773 373;A01;1;1;4;1;1994.0;5;1;0;-1;-1; -1;-1
202400004811;203 977 230;155 773 364;A01;1;1;3;2;1969.0;5;1;-1;-1;0;0;-1
202400004827;203 977 186;155 773 333;A01;10;3;4;1;1931.0;0;8;8;-1;2;3;1
202400004827;203 977 187;155 773 333;A01;1;1;1;1;1956.0;5;1;-1;-1;-1; -1;-1
202400004829;203 977 183;155 773 329;A01;1;1;3;1;2002.0;0;1;-1;-1;0;0;-1
202400004829;203 977 184;155 773 330;B01;1;1;4;1;1962.0;5;1;-1;-1;0;0;-1
202400004829;203 977 185;155 773 332;C01;1;1;1;1;1965.0;5;1;-1;-1;0;0;-1
202400004830;203 977 181;155 773 327;A01;1;1;1;2;1985.0;0;8;-1;-1;0;0;-1
202400004830;203 977 182;155 773 328;B01;1;1;3;1;2007.0;1;2;-1;-1;0;0;-1
202400004837;203 977 164;155 773 313;B01;1;1;3;1;1993.0;5;2;-1;-1;0;0;-1
202400004837;203 977 165;155 773 314;A01;1;1;1;2;1990.0;1;1;-1;-1;0;0;-1
202400004851;203 977 134;155 773 288;A01;1;1;4;1;1997.0;0;8;-1;-1;0;0;-1
202400004856;203 977 127;155 773 283;A01;1;1;4;2;1990.0;0;8;-1;-1;0;0;-1
202400004860;203 977 112;155 773 272;A01;1;1;4;1;2000.0;0;1;4;-1;-1; -1;-1
202400004860;203 977 114;155 773 274;B01;1;1;1;1;1973.0;4;1;4;-1;-1; -1;-1
202400004878;203 977 069;155 773 240;A01;1;1;4;1;2004.0;0;1;0;-1;-1; -1;-1
202400004878;203 977 071;155 773 241;B01;1;1;4;1;1994.0;0;1;0;-1;-1; -1;-1
202400004878;203 977 072;155 773 241;B01;2;2;4;2;1995.0;0;1;0;-1;-1; -1;-1
202400004879;203 977 068;155 773 238;A01;1;1;3;1;1963.0;0;2;8;-1;-1; -1;-1
202400004879;203 977 070;155 773 239;B01;1;1;1;-1;;-1;-1;-1;-1;-1; -1;-1
202400004880;203 977 067;155 773 237;A01;1;1;4;1;1963.0;1;1;0;-1;-1; -1;-1
202400004884;203 977 057;155 773 229;A01;3;2;4;1;2003.0;2;1;-1;-1;-1; -1;-1
202400004884;203 977 058;155 773 229;A01;2;2;3;2;2003.0;2;8;-1;-1;-1; -1;-1
202400004884;203 977 059;155 773 229;A01;1;1;4;1;2003.0;5;8;-1;-1;-1; -1;-1
202400004884;203 977 062;155 773 232;B01;1;1;3;2;1985.0;1;1;-1;-1;-1; -1;-1
202400004885;203 977 055;155 773 227;A01;1;1;1;2;1973.0;0;8;-1;-1;0;0;-1
202400004885;203 977 056;155 773 228;B01;1;1;4;2;1973.0;0;8;-1;-1;0;0;-1
202400004891;203 977 046;155 773 219;A01;1;1;4;1;2002.0;4;1;-1;-1;-1; -1;-1
202400004891;203 977 047;155 773 220;B01;1;1;4;2;1981.0;1;1;-1;-1;-1; -1;-1
202400004893;203 977 043;155 773 217;Z01;10;3;4;1;1977.0;3;0;-1;-1;4;3;1
202400004893;203 977 044;155 773 217;Z01;1;1;1;-1;;-1;-1;-1;-1;-1; -1;-1
202400004897;203 977 035;155 773 211;A01;1;1;4;1;1971.0;0;8;-1;-1;0;0;-1
202400004919;203 976 991;155 773 176;A01;10;3;3;2;1991.0;0;0;-1;-1;2;3;1
202400004919;203 976 992;155 773 176;A01;1;1;1;1;1976.0;4;1;-1;-1;0;0;-1
202400004940;203 976 947;155 773 142;A01;1;1;4;2;1944.0;0;8;-1;-1;0;0;-1
202400004970;203 976 875;155 773 093;A01;10;3;4;1;2008.0;9;0;-1;-1;3;3;2
202400004970;203 976 876;155 773 093;A01;10;3;4;2;2007.0;0;0;-1;-1;3;3;2
202400004970;203 976 877;155 773 093;A01;1;1;1;1;1948.0;0;8;0;-1;-1; -1;-1
202400004977;203 976 860;155 773 080;A01;1;1;1;1;1983.0;4;1;-1;-1;0;0;-1
202400004977;203 976 861;155 773 081;B01;1;1;2;1;1959.0;5;2;6;-1;0;0;-1
202400004986;203 976 839;155 773 059;D01;1;1;4;1;1996.0;4;8;0;-1;-1; -1;-1
202400004986;203 976 841;155 773 061;A01;1;1;1;2;1977.0;1;8;0;-1;-1; -1;-1
202400004986;203 976 842;155 773 062;C01;1;1;1;2;2002.0;1;8;0;-1;-1; -1;-1
202400004986;203 976 844;155 773 064;B01;1;1;1;1;1970.0;4;8;8;-1;-1; -1;-1
202400005012;203 976 789;155 773 022;A01;1;1;3;1;1985.0;4;2;6;9;0;0;-1
202400005013;203 976 787;155 773 020;B01;1;1;4;2;2007.0;0;8;0;0;-1; -1;-1
202400005013;203 976 788;155 773 021;A01;1;1;1;2;1968.0;1;1;0;0;-1; -1;-1
202400005027;203 976 755;155 772 995;B01;1;1;1;1;1961.0;4;1;-1;-1;0;0;-1
202400005027;203 976 756;155 772 996;A01;1;1;4;1;1972.0;0;0;-1;-1;0;0;-1
202400005035;203 976 743;155 772 986;A01;1;1;4;1;1979.0;0;8;-1;-1;0;0;-1
202400005056;203 976 695;155 772 949;B01;1;1;1;1;1958.0;5;1;-1;-1;0;0;-1
202400005056;203 976 697;155 772 951;A01;1;1;4;2;1999.0;1;1;5;-1;0;0;-1
202400005059;203 976 689;155 772 943;A01;1;1;1;2;1942.0;0;8;-1;-1;0;0;-1
202400005059;203 976 690;155 772 944;B01;1;1;4;2;1984.0;0;8;-1;-1;0;0;-1
202400005071;203 976 660;155 772 920;A01;10;3;4;1;1975.0;0;0;-1;-1;3;3;1
202400005071;203 976 661;155 772 920;A01;1;1;1;2;1965.0;0;1;0;-1;0;0;-1
202400005087;203 976 617;155 772 887;A01;1;1;4;1;1969.0;1;8;0;-1;-1; -1;-1
202400005087;203 976 618;155 772 888;B01;1;1;1;2;1958.0;5;1;0;-1;-1; -1;-1
202400005090;203 976 609;155 772 881;A01;1;1;4;1;1955.0;5;2;-1;-1;-1; -1;-1
202400005090;203 976 610;155 772 881;A01;10;3;4;2;2011.0;0;0;-1;-1;1;1;2
202400005091;203 976 607;155 772 879;A01;1;1;3;1;1977.0;0;2;6;-1;0;0;-1
202400005091;203 976 608;155 772 880;B01;1;1;1;2;1975.0;5;1;8;-1;0;0;-1
202400005115;203 976 543;155 772 831;B01;2;2;4;2;2001.0;0;1;0;-1;-1; -1;-1
202400005115;203 976 545;155 772 831;B01;1;1;1;1;1993.0;0;1;0;-1;-1; -1;-1
202400005115;203 976 548;155 772 832;C01;1;1;1;2;1997.0;5;1;0;-1;-1; -1;-1
202400005115;203 976 550;155 772 833;A01;1;1;1;1;1984.0;0;1;0;-1;-1; -1;-1
202400005141;203 976 476;155 772 782;A01;1;1;4;1;2004.0;5;1;0;-1;0;0;-1
202400005141;203 976 477;155 772 782;A01;2;2;4;2;2006.0;5;1;0;-1;0;0;-1
202400005141;203 976 478;155 772 784;B01;1;1;4;2;1962.0;5;1;0;-1;0;0;-1
202400005149;203 976 459;155 772 767;A01;1;1;1;1;1957.0;9;1;4;-1;0;0;-1
202400005149;203 976 461;155 772 769;B01;1;1;4;1;1988.0;5;1;4;-1;0;0;-1
202400005153;203 976 453;155 772 761;A01;1;1;4;2;1999.0;9;1;8;-1;-1; -1;-1
202400005158;203 976 441;155 772 752;A01;1;1;1;1;1971.0;4;1;8;-1;-1; -1;-1
202400005158;203 976 442;155 772 753;B01;1;1;4;1;1992.0;5;2;6;-1;-1; -1;-1
202400005159;203 976 437;155 772 749;A01;1;1;1;1;1972.0;1;1;0;-1;-1; -1;-1
202400005159;203 976 438;155 772 750;B01;1;1;4;1;1989.0;1;2;6;-1;-1; -1;-1
202400005160;203 976 439;155 772 751;A01;10;3;4;1;2015.0;5;0;-1;-1;2;5;1
202400005160;203 976 440;155 772 751;A01;1;1;1;1;2003.0;5;1;8;-1;-1; -1;-1
202400005170;203 976 414;155 772 734;B01;1;1;4;1;2005.0;0;1;0;-1;-1; -1;-1
202400005170;203 976 415;155 772 735;A01;1;1;1;1;1961.0;1;1;0;-1;-1; -1;-1
202400005188;203 976 374;155 772 707;C01;2;2;1;1;1993.0;5;1;0;-1;-1; -1;-1
202400005188;203 976 375;155 772 707;C01;3;2;1;1;2019.0;5;3;0;-1;-1; -1;-1
202400005188;203 976 376;155 772 707;C01;4;2;1;1;2016.0;5;1;0;-1;-1; -1;-1
202400005188;203 976 377;155 772 707;C01;1;1;1;2;1991.0;5;1;0;-1;-1; -1;-1
202400005188;203 976 380;155 772 709;A01;1;1;1;1;1993.0;5;1;0;-1;-1; -1;-1
202400005188;203 976 381;155 772 710;B01;2;2;4;1;1993.0;5;1;0;-1;-1; -1;-1
202400005188;203 976 382;155 772 710;B01;1;1;4;1;1993.0;5;1;0;-1;-1; -1;-1
202400005196;203 976 355;155 772 689;A01;1;1;3;1;2002.0;5;8;-1;-1;0;0;-1
202400005196;203 976 356;155 772 690;B01;1;1;1;1;1965.0;4;1;-1;-1;0;0;-1
202400005206;203 976 328;155 772 670;C01;1;1;1;2;2006.0;1;1;-1;-1;-1; -1;-1
202400005206;203 976 329;155 772 671;A01;1;1;1;1;2001.0;2;1;-1;-1;-1; -1;-1
202400005206;203 976 331;155 772 673;B01;1;1;4;2;2004.0;1;1;-1;-1;-1; -1;-1
202400005212;203 976 306;155 772 657;A01;1;1;1;-1;;-1;-1;-1;-1;-1; -1;-1
202400005212;203 976 308;155 772 657;A01;10;3;4;1;1993.0;0;8;8;-1;1;3;1
202400005223;203 976 276;155 772 630;A01;1;1;1;2;1977.0;4;1;8;-1;-1; -1;-1
202400005223;203 976 279;155 772 633;B01;4;2;4;1;2013.0;0;1;8;-1;-1; -1;-1
202400005223;203 976 280;155 772 633;B01;1;1;1;2;1994.0;3;1;8;-1;-1; -1;-1
202400005224;203 976 277;155 772 631;B01;1;1;1;1;1993.0;4;0;-1;-1;0;0;-1
202400005224;203 976 278;155 772 632;A01;1;1;2;1;1980.0;1;2;6;-1;0;0;-1
202400005229;203 976 266;155 772 620;B01;1;1;1;1;1992.0;1;1;-1;-1;0;0;-1
202400005229;203 976 268;155 772 622;A01;1;1;3;1;2005.0;5;2;6;-1;0;0;-1
202400005247;203 976 235;155 772 594;A01;1;1;1;1;1967.0;4;1;0;0;-1; -1;-1
202400005247;203 976 236;155 772 595;B01;1;1;4;1;1979.0;0;1;0;0;-1; -1;-1
202400005247;203 976 238;155 772 597;C01;1;1;1;1;1989.0;0;8;0;0;-1; -1;-1
202400005254;203 976 216;155 772 582;A01;1;1;3;2;1998.0;1;1;-1;-1;0;0;-1
202400005266;203 976 187;155 772 562;A01;1;1;4;1;1981.0;1;8;-1;-1;0;0;-1
202400005266;203 976 189;155 772 564;B01;1;1;1;1;1982.0;1;8;-1;-1;0;0;-1
202400005267;203 976 186;155 772 561;A01;1;1;1;2;1991.0;3;1;-1;-1;0;0;-1
202400005267;203 976 188;155 772 563;B01;2;2;1;2;1968.0;5;2;6;9;0;0;-1
202400005267;203 976 190;155 772 563;B01;1;1;3;1;1964.0;5;2;6;9;0;0;-1
202400005276;203 976 155;155 772 537;A01;1;1;1;1;2003.0;5;1;-1;-1;0;0;-1
202400005276;203 976 157;155 772 539;B01;1;1;3;1;1966.0;5;2;-1;-1;0;0;-1
202400005315;203 976 061;155 772 467;A01;1;1;4;1;1995.0;4;1;-1;-1;0;0;-1
202400005315;203 976 062;155 772 468;B01;1;1;2;1;1943.0;0;1;-1;-1;0;0;-1
202400005334;203 976 018;155 772 435;B01;1;1;4;1;1973.0;0;8;-1;-1;0;0;-1
202400005334;203 976 020;155 772 437;A01;1;1;1;1;1947.0;0;8;-1;-1;0;0;-1
202400005346;203 975 985;155 772 406;B01;1;1;4;2;1973.0;1;1;0;-1;-1; -1;-1
202400005346;203 975 987;155 772 408;A01;1;1;1;1;1971.0;1;1;0;-1;-1; -1;-1
202400005349;203 975 978;155 772 399;A01;1;1;1;1;1992.0;1;1;0;-1;-1; -1;-1
202400005349;203 975 979;155 772 400;B01;1;1;4;1;1962.0;1;2;6;-1;-1; -1;-1
202400005361;203 975 948;155 772 378;A01;1;1;1;2;1995.0;1;1;0;-1;-1; -1;-1
202400005361;203 975 952;155 772 380;B01;1;1;3;1;1986.0;5;2;6;-1;-1; -1;-1
202400005370;203 975 928;155 772 360;A01;1;1;1;2;1995.0;4;1;8;-1;0;0;-1
202400005370;203 975 929;155 772 361;B01;1;1;4;1;2004.0;5;2;0;-1;0;0;-1
202400005371;203 975 926;155 772 358;B01;1;1;1;1;1972.0;5;1;0;-1;0;0;-1
202400005371;203 975 927;155 772 359;A01;1;1;4;1;1983.0;5;2;6;-1;0;0;-1
202400005372;203 975 922;155 772 356;A01;2;2;1;2;1982.0;5;1;5;-1;-1; -1;-1
202400005372;203 975 923;155 772 356;A01;3;2;4;1;2024.0;5;1;8;-1;-1; -1;-1
202400005372;203 975 924;155 772 356;A01;1;1;1;1;1975.0;5;1;5;-1;-1; -1;-1
202400005372;203 975 925;155 772 357;B01;1;1;1;1;1998.0;5;1;5;-1;-1; -1;-1
202400005374;203 975 918;155 772 353;B01;1;1;4;1;1961.0;0;8;0;-1;-1; -1;-1
202400005374;203 975 919;155 772 354;A01;1;1;1;1;1950.0;0;1;0;-1;-1; -1;-1
202400005396;203 975 854;155 772 313;A01;1;1;4;1;2005.0;0;1;0;-1;-1; -1;-1
202400005397;203 975 852;155 772 312;A01;2;2;4;1;2000.0;5;1;8;-1;-1; -1;-1
202400005397;203 975 853;155 772 312;A01;1;1;1;2;1995.0;5;1;0;-1;-1; -1;-1
202400005437;203 975 762;155 772 245;B01;1;1;3;1;1966.0;1;0;-1;-1;0;0;-1
202400005437;203 975 763;155 772 246;A01;1;1;1;2;1999.0;9;0;-1;-1;0;0;-1
202400005467;203 975 695;155 772 185;A01;1;1;1;2;1970.0;9;1;-1;-1;0;0;-1
202400005467;203 975 696;155 772 186;B01;1;1;3;1;2008.0;2;2;6;-1;0;0;-1
202400005489;203 975 642;155 772 140;A01;1;1;3;1;1972.0;5;2;7;9;0;0;-1
202400005502;203 975 617;155 772 119;A01;1;1;1;2;1966.0;1;1;4;-1;-1; -1;-1
202400005502;203 975 618;155 772 120;B01;1;1;4;1;1991.0;9;1;4;-1;-1; -1;-1
202400005518;203 975 580;155 772 085;B01;1;1;4;2;2005.0;0;8;-1;-1;0;0;-1
202400005518;203 975 581;155 772 086;A01;1;1;1;1;1965.0;0;8;-1;-1;0;0;-1
202400005523;203 975 566;155 772 076;A01;10;3;3;1;1978.0;0;0;-1;-1;3;3;1
202400005523;203 975 567;155 772 076;A01;1;1;1;1;1992.0;1;1;0;-1;-1; -1;-1
202400005564;203 975 483;155 772 005;A01;1;1;1;2;1976.0;9;1;0;-1;-1; -1;-1
202400005564;203 975 484;155 772 006;B01;2;2;4;2;1990.0;9;1;0;-1;-1; -1;-1
202400005564;203 975 485;155 772 006;B01;1;1;1;1;1997.0;9;1;0;-1;-1; -1;-1
202400005568;203 975 471;155 771 998;A01;1;1;4;1;1958.0;0;2;4;-1;-1; -1;-1
202400005568;203 975 472;155 771 998;A01;10;3;4;1;1996.0;0;0;-1;-1;2;3;1
202400005573;203 975 461;155 771 989;A01;1;1;1;1;1970.0;0;8;0;-1;-1; -1;-1
202400005573;203 975 462;155 771 990;B01;1;1;4;1;2013.0;0;8;0;-1;-1; -1;-1
202400005577;203 975 452;155 771 981;A01;10;3;3;2;1950.0;0;0;-1;-1;5;1;2
202400005577;203 975 454;155 771 981;A01;1;1;1;1;1952.0;3;8;0;-1;-1; -1;-1
202400005611;203 975 361;155 771 917;A01;1;1;4;1;1957.0;5;2;6;-1;-1; -1;-1
202400005628;203 975 320;155 771 887;A01;10;3;4;2;1953.0;5;0;-1;-1;3;3;1
202400005628;203 975 321;155 771 887;A01;1;1;1;1;2000.0;4;1;0;-1;3;3;1
202400005654;203 975 263;155 771 843;A01;1;1;1;1;1983.0;0;1;0;-1;-1; -1;-1
202400005654;203 975 264;155 771 844;B01;1;1;1;2;1962.0;5;1;0;-1;-1; -1;-1
202400005654;203 975 265;155 771 844;B01;4;2;4;1;2015.0;5;1;0;-1;-1; -1;-1
202400005654;203 975 266;155 771 844;B01;3;2;4;2;2017.0;0;1;0;-1;-1; -1;-1
202400005654;203 975 268;155 771 846;C01;1;1;1;1;2001.0;0;1;0;-1;-1; -1;-1
202400005677;203 975 212;155 771 802;A01;2;2;4;2;1989.0;5;1;-1;-1;0;0;-1
202400005677;203 975 214;155 771 802;A01;1;1;4;1;1989.0;5;1;-1;-1;0;0;-1
202400005684;203 975 196;155 771 788;A01;1;1;2;1;1965.0;0;0;-1;-1;0;0;-1
202400005688;203 975 188;155 771 781;A01;1;1;1;1;1956.0;5;1;-1;-1;0;0;-1
202400005688;203 975 190;155 771 783;B01;1;1;3;1;2007.0;5;2;6;-1;0;0;-1
202400005702;203 975 149;155 771 757;A01;1;1;3;2;2001.0;4;1;-1;-1;0;0;-1
202400005702;203 975 151;155 771 759;B01;1;1;1;1;2000.0;4;1;-1;-1;0;0;-1
202400005708;203 975 135;155 771 745;B01;1;1;3;1;1967.0;5;2;-1;-1;0;0;-1
202400005708;203 975 137;155 771 747;A01;1;1;1;1;1983.0;4;8;-1;-1;0;0;-1
202400005712;203 975 117;155 771 737;A01;1;1;4;1;1978.0;5;2;-1;-1;0;0;-1
202400005713;203 975 116;155 771 736;A01;1;1;3;2;1983.0;0;1;-1;-1;0;0;-1
202400005719;203 975 103;155 771 726;A01;1;1;1;2;1959.0;0;1;-1;-1;0;0;-1
202400005719;203 975 104;155 771 727;B01;2;2;3;1;2012.0;5;2;6;-1;0;0;-1
202400005719;203 975 105;155 771 727;B01;1;1;3;1;1978.0;5;2;6;-1;0;0;-1
202400005730;203 975 075;155 771 704;A01;2;2;4;1;2002.0;5;1;5;-1;0;0;-1
202400005730;203 975 076;155 771 704;A01;1;1;1;1;2001.0;5;1;5;-1;0;0;-1
202400005730;203 975 077;155 771 705;B01;2;2;4;1;2001.0;5;1;5;-1;0;0;-1
202400005730;203 975 078;155 771 705;B01;1;1;4;2;2000.0;5;1;5;-1;0;0;-1
202400005733;203 975 065;155 771 699;A01;1;1;4;1;2001.0;1;2;6;-1;0;0;-1
202400005733;203 975 066;155 771 700;B01;1;1;1;2;1966.0;1;8;-1;-1;0;0;-1
202400005735;203 975 058;155 771 694;A01;1;1;3;1;1996.0;4;2;6;-1;0;0;-1
202400005735;203 975 059;155 771 695;B01;1;1;1;2;1992.0;4;1;5;-1;0;0;-1
202400005740;203 975 048;155 771 686;A01;1;1;4;1;2008.0;5;8;-1;-1;0;0;-1
202400005748;203 975 030;155 771 674;B01;2;2;4;2;1970.0;0;2;-1;-1;0;0;-1
202400005748;203 975 032;155 771 674;B01;1;1;1;1;1974.0;0;2;-1;-1;0;0;-1
202400005748;203 975 033;155 771 676;A01;2;2;1;1;1993.0;0;1;-1;-1;0;0;-1
202400005748;203 975 034;155 771 676;A01;1;1;1;2;1994.0;0;1;-1;-1;0;0;-1
202400005755;203 975 012;155 771 661;A01;1;1;1;1;1990.0;1;8;-1;-1;0;0;-1
202400005755;203 975 014;155 771 661;A01;10;3;4;2;1942.0;0;0;-1;-1;2;3;1
202400005762;203 974 997;155 771 647;B01;1;1;1;1;1982.0;5;1;0;-1;-1; -1;-1
202400005762;203 974 999;155 771 647;B01;2;2;1;1;1987.0;5;1;0;-1;-1; -1;-1
202400005762;203 975 001;155 771 650;A01;1;1;4;1;1998.0;5;1;0;-1;-1; -1;-1
202400005764;203 974 991;155 771 642;A01;1;1;3;1;2002.0;0;1;0;-1;-1; -1;-1
202400005764;203 974 993;155 771 644;B01;1;1;1;1;1994.0;1;1;0;-1;-1; -1;-1
202400005764;203 974 996;155 771 646;C01;1;1;1;1;2005.0;0;1;0;-1;-1; -1;-1
202400005771;203 974 969;155 771 626;A01;1;1;3;1;2001.0;0;2;6;-1;-1; -1;-1
202400005771;203 974 970;155 771 628;B01;1;1;1;1;1997.0;9;1;0;0;-1; -1;-1
202400005778;203 974 947;155 771 611;A01;1;1;4;1;1991.0;0;1;0;0;-1; -1;-1
202400005778;203 974 949;155 771 612;B01;2;2;4;2;1993.0;0;1;0;0;-1; -1;-1
202400005778;203 974 950;155 771 612;B01;3;2;4;1;2021.0;0;1;0;0;-1; -1;-1
202400005778;203 974 951;155 771 612;B01;1;1;4;1;1979.0;0;1;0;0;-1; -1;-1
202400005786;203 974 930;155 771 595;A01;1;1;1;1;2005.0;0;1;0;0;-1; -1;-1
202400005786;203 974 931;155 771 597;B01;1;1;4;1;1968.0;0;8;0;0;-1; -1;-1
202400005804;203 974 898;155 771 567;A01;1;1;4;1;1991.0;0;2;0;-1;-1; -1;-1
202400005836;203 974 828;155 771 512;A01;1;1;1;1;1974.0;0;8;0;0;-1; -1;-1
202400005836;203 974 829;155 771 513;B01;1;1;4;1;1963.0;1;8;0;0;-1; -1;-1
202400005842;203 974 817;155 771 503;B01;1;1;1;1;1996.0;5;1;0;0;-1; -1;-1
202400005842;203 974 818;155 771 504;A01;1;1;4;1;1951.0;3;1;5;0;-1; -1;-1
202400005842;203 974 819;155 771 504;A01;2;2;1;2;1946.0;3;1;0;0;-1; -1;-1
202400005844;203 974 812;155 771 499;A01;10;3;4;2;1994.0;1;0;0;0;3;3;1
202400005844;203 974 814;155 771 499;A01;1;1;1;1;1951.0;3;8;0;0;-1; -1;-1
202400005848;203 974 806;155 771 494;A01;1;1;4;2;2003.0;1;8;0;-1;-1; -1;-1
202400005855;203 974 787;155 771 476;A01;1;1;1;2;1975.0;9;1;0;0;-1; -1;-1
202400005855;203 974 789;155 771 478;B01;1;1;3;1;1977.0;9;2;0;0;-1; -1;-1
202400005861;203 974 775;155 771 465;B01;1;1;4;1;1992.0;5;8;0;-1;-1; -1;-1
202400005861;203 974 777;155 771 467;A01;1;1;1;1;1949.0;5;1;0;-1;-1; -1;-1
202400005866;203 974 759;155 771 452;D01;1;1;1;1;2006.0;0;1;0;-1;-1; -1;-1
202400005866;203 974 760;155 771 453;C01;1;1;4;1;1963.0;0;1;0;-1;-1; -1;-1
202400005866;203 974 763;155 771 455;A01;2;2;1;1;1970.0;0;1;0;-1;-1; -1;-1
202400005866;203 974 764;155 771 455;A01;1;1;1;1;1962.0;0;1;0;-1;-1; -1;-1
202400005866;203 974 765;155 771 456;B01;2;2;1;1;1966.0;9;1;0;-1;-1; -1;-1
202400005866;203 974 767;155 771 456;B01;1;1;4;1;1993.0;4;1;0;-1;-1; -1;-1
202400005875;203 974 728;155 771 436;A01;1;1;3;1;2001.0;5;1;-1;-1;0;0;-1
202400005877;203 974 725;155 771 433;A01;1;1;3;1;2007.0;5;1;0;-1;0;0;-1
202400005877;203 974 726;155 771 433;A01;2;2;4;1;2007.0;5;1;0;-1;0;0;-1
202400005877;203 974 729;155 771 433;A01;3;2;1;1;2007.0;5;1;0;-1;0;0;-1
202400005877;203 974 730;155 771 433;A01;4;2;1;1;2007.0;5;1;0;-1;0;0;-1
202400005880;203 974 712;155 771 427;A01;1;1;1;1;1951.0;3;1;-1;-1;0;0;-1
202400005880;203 974 714;155 771 427;A01;10;3;3;2;2005.0;0;0;-1;-1;3;3;1
202400005921;203 974 606;155 771 342;A01;10;3;2;2;1959.0;1;0;0;0;1;3;1
202400005921;203 974 608;155 771 342;A01;1;1;1;1;1976.0;4;8;4;0;1;3;1
202400005922;203 974 603;155 771 340;B01;2;2;4;2;1990.0;5;1;0;-1;-1; -1;-1
202400005922;203 974 604;155 771 340;B01;1;1;4;1;1985.0;5;1;0;-1;-1; -1;-1
202400005922;203 974 605;155 771 341;A01;1;1;4;1;1945.0;0;1;0;-1;-1; -1;-1
202400005930;203 974 585;155 771 325;A01;1;1;4;1;1994.0;9;2;6;-1;0;0;-1
202400005930;203 974 586;155 771 326;C01;1;1;1;1;1999.0;5;1;0;-1;0;0;-1
202400005930;203 974 587;155 771 327;B01;1;1;1;1;1960.0;5;1;8;-1;0;0;-1
202400005937;203 974 570;155 771 312;A01;1;1;1;1;1968.0;0;1;8;0;-1; -1;-1
202400005937;203 974 574;155 771 315;B01;1;1;4;2;2002.0;0;8;0;0;-1; -1;-1
202400005955;203 974 522;155 771 279;A01;10;3;3;1;1976.0;0;0;-1;-1;3;3;1
202400005955;203 974 525;155 771 279;A01;1;1;1;2;2002.0;0;8;-1;-1;-1; -1;-1
202400005967;203 974 498;155 771 261;A01;1;1;4;1;2006.0;5;8;-1;-1;0;0;-1
202400005976;203 974 477;155 771 245;A01;1;1;3;1;1995.0;5;2;6;-1;0;0;-1
202400005978;203 974 473;155 771 241;A01;1;1;3;2;1961.0;5;2;6;-1;0;0;-1
202400005990;203 974 449;155 771 222;A01;1;1;4;1;2009.0;5;2;6;9;0;0;-1
202400005997;203 974 432;155 771 210;A01;1;1;1;2;1941.0;5;1;8;-1;-1; -1;-1
202400005997;203 974 434;155 771 210;A01;10;3;3;2;1951.0;0;0;-1;-1;3;3;1
202400006014;203 974 400;155 771 185;B01;1;1;2;1;1956.0;0;2;-1;-1;0;0;-1
202400006014;203 974 403;155 771 188;A01;1;1;1;1;1932.0;0;1;-1;-1;0;0;-1
202400006050;203 974 312;155 771 122;A01;1;1;4;1;2005.0;2;2;6;-1;0;0;-1
202400006050;203 974 316;155 771 125;B01;1;1;1;1;1984.0;0;1;-1;-1;0;0;-1
202400006066;203 974 269;155 771 090;B01;2;2;3;2;1973.0;5;2;6;9;0;0;-1
202400006066;203 974 270;155 771 090;B01;1;1;2;1;1972.0;5;2;6;9;0;0;-1
202400006066;203 974 272;155 771 092;A01;1;1;3;1;1964.0;5;1;-1;-1;0;0;-1
202400006066;203 974 276;155 771 094;C01;1;1;4;1;1998.0;5;0;-1;-1;0;0;-1
202400006068;203 974 262;155 771 084;C01;1;1;1;1;1965.0;5;2;6;-1;0;0;-1
202400006068;203 974 264;155 771 086;B01;1;1;1;1;1995.0;5;2;6;-1;0;0;-1
202400006068;203 974 267;155 771 088;A01;1;1;3;2;1971.0;5;2;5;6;0;0;-1
202400006073;203 974 254;155 771 080;A01;1;1;3;2;1968.0;1;1;-1;-1;0;0;-1
202400006076;203 974 244;155 771 074;B01;1;1;4;1;1962.0;0;1;0;-1;-1; -1;-1
202400006076;203 974 247;155 771 075;C01;1;1;1;2;2009.0;9;1;0;-1;-1; -1;-1
202400006076;203 974 248;155 771 075;C01;2;2;1;1;1990.0;4;1;0;-1;-1; -1;-1
202400006076;203 974 250;155 771 077;A01;1;1;1;1;1997.0;0;1;0;-1;-1; -1;-1
202400006076;203 974 253;155 771 079;D01;1;1;1;1;1966.0;5;1;0;-1;-1; -1;-1
202400006096;203 974 195;155 771 044;A01;1;1;3;1;1993.0;9;2;6;-1;-1; -1;-1
202400006096;203 974 197;155 771 046;B01;1;1;1;1;1992.0;4;1;8;-1;-1; -1;-1
202400006101;203 974 185;155 771 034;A01;1;1;4;2;1988.0;0;1;0;0;-1; -1;-1
202400006109;203 974 167;155 771 020;A01;1;1;3;1;1969.0;0;2;6;-1;0;0;-1
202400006109;203 974 168;155 771 021;B01;1;1;3;2;2006.0;0;2;6;-1;0;0;-1
202400006129;203 974 117;155 770 986;A01;1;1;4;1;2007.0;4;2;6;-1;0;0;-1
202400006129;203 974 118;155 770 988;B01;1;1;1;2;1980.0;4;1;0;-1;0;0;-1
202400006130;203 974 111;155 770 983;A01;10;3;4;1;2013.0;0;0;-1;-1;1;3;1
202400006130;203 974 113;155 770 983;A01;1;1;1;1;1975.0;0;2;8;-1;-1; -1;-1
202400006162;203 974 039;155 770 931;B01;1;1;4;2;2006.0;0;1;-1;-1;0;0;-1
202400006162;203 974 043;155 770 933;C01;2;2;4;2;1972.0;0;1;-1;-1;0;0;-1
202400006162;203 974 046;155 770 933;C01;1;1;4;1;1968.0;0;1;-1;-1;0;0;-1
202400006162;203 974 048;155 770 935;A01;1;1;1;2;1970.0;0;1;-1;-1;0;0;-1
202400006167;203 974 034;155 770 926;A01;1;1;1;1;1977.0;1;1;-1;-1;0;0;-1
202400006167;203 974 036;155 770 928;B01;1;1;4;1;1991.0;1;1;-1;-1;0;0;-1
202400006182;203 973 999;155 770 898;A01;1;1;1;2;1977.0;0;1;0;-1;-1; -1;-1
202400006182;203 974 000;155 770 899;B01;1;1;4;1;1977.0;0;8;0;-1;-1; -1;-1
202400006194;203 973 969;155 770 877;A01;1;1;1;1;2002.0;2;8;0;-1;0;0;-1
202400006194;203 973 970;155 770 877;A01;10;3;3;2;1942.0;5;0;-1;-1;4;3;1
202400006200;203 973 947;155 770 861;A01;1;1;1;1;1965.0;0;1;0;-1;0;0;-1
202400006200;203 973 950;155 770 863;B01;2;2;4;1;2001.0;0;1;0;-1;0;0;-1
202400006200;203 973 951;155 770 863;B01;1;1;1;1;2000.0;4;1;0;-1;0;0;-1
202400006202;203 973 945;155 770 858;A01;1;1;4;1;1956.0;1;1;0;-1;-1; -1;-1
202400006202;203 973 948;155 770 860;B01;1;1;1;1;1977.0;1;1;0;-1;-1; -1;-1
202400006226;203 973 889;155 770 813;B01;1;1;4;1;1991.0;1;2;6;-1;-1; -1;-1
202400006226;203 973 891;155 770 815;A01;1;1;4;1;1987.0;0;8;0;-1;-1; -1;-1
202400006231;203 973 878;155 770 804;B01;1;1;4;1;1983.0;9;2;6;-1;-1; -1;-1
202400006231;203 973 881;155 770 807;A01;1;1;1;2;1992.0;9;1;0;-1;-1; -1;-1
202400006233;203 973 876;155 770 803;A01;10;3;1;1;2004.0;0;0;0;0;4;3;1
202400006233;203 973 877;155 770 803;A01;1;1;4;1;1992.0;0;2;0;0;-1; -1;-1
202400006235;203 973 871;155 770 799;A01;2;2;2;1;1966.0;5;8;-1;-1;0;0;-1
202400006235;203 973 872;155 770 799;A01;1;1;1;1;1995.0;5;1;-1;-1;0;0;-1
202400006247;203 973 844;155 770 780;B01;1;1;4;1;1993.0;4;8;0;-1;-1; -1;-1
202400006247;203 973 846;155 770 781;A01;1;1;4;1;1993.0;4;8;0;-1;-1; -1;-1
202400006248;203 973 842;155 770 777;A01;1;1;3;1;1950.0;5;1;0;-1;-1; -1;-1
202400006272;203 973 790;155 770 735;A01;1;1;4;1;1997.0;0;2;6;-1;-1; -1;-1
202400006272;203 973 792;155 770 737;B01;1;1;1;1;1979.0;0;1;5;-1;-1; -1;-1
202400006289;203 973 744;155 770 703;B01;1;1;4;1;2009.0;1;2;6;-1;0;0;-1
202400006289;203 973 746;155 770 705;A01;1;1;1;1;1969.0;1;1;-1;-1;0;0;-1
202400006294;203 973 732;155 770 695;A01;1;1;3;1;1983.0;0;2;6;-1;0;0;-1
202400006294;203 973 734;155 770 695;A01;2;2;1;2;1987.0;0;2;6;-1;0;0;-1
202400006312;203 973 695;155 770 664;A01;1;1;4;1;2002.0;0;2;0;-1;-1; -1;-1
202400006312;203 973 697;155 770 666;B01;1;1;1;1;1996.0;0;1;8;-1;-1; -1;-1
202400006329;203 973 652;155 770 629;A01;1;1;1;2;1992.0;9;8;0;-1;-1; -1;-1
202400006329;203 973 653;155 770 629;A01;10;3;4;2;1928.0;9;0;-1;-1;4;3;1
202400006330;203 973 647;155 770 625;A01;1;1;4;1;1985.0;4;1;0;-1;-1; -1;-1
202400006341;203 973 621;155 770 604;D01;3;2;4;2;2020.0;5;1;5;-1;-1; -1;-1
202400006341;203 973 623;155 770 604;D01;1;1;4;2;1987.0;0;1;5;-1;-1; -1;-1
202400006341;203 973 625;155 770 607;E01;1;1;1;2;1993.0;0;1;5;-1;-1; -1;-1
202400006341;203 973 627;155 770 608;A01;1;1;1;-1;;-1;-1;-1;-1;-1; -1;-1
202400006341;203 973 631;155 770 611;B01;1;1;1;1;1996.0;5;1;5;-1;-1; -1;-1
202400006341;203 973 633;155 770 613;C01;1;1;1;1;1994.0;0;1;5;-1;-1; -1;-1
202400006348;203 973 604;155 770 591;A01;1;1;1;1;1989.0;4;1;0;-1;-1; -1;-1
202400006348;203 973 606;155 770 593;B01;3;2;4;2;1965.0;5;1;0;-1;-1; -1;-1
202400006348;203 973 607;155 770 593;B01;1;1;1;1;1969.0;4;1;0;-1;-1; -1;-1
202400006349;203 973 603;155 770 590;A01;1;1;1;1;1991.0;4;1;0;0;-1; -1;-1
202400006349;203 973 605;155 770 592;B01;1;1;4;2;1957.0;0;1;0;0;-1; -1;-1
202400006374;203 973 561;155 770 557;A01;10;3;4;2;1953.0;5;0;-1;-1;3;3;1
202400006374;203 973 562;155 770 557;A01;1;1;1;1;2006.0;5;1;-1;-1;-1; -1;-1
202400006384;203 973 540;155 770 540;A01;1;1;1;1;1999.0;0;1;0;-1;-1; -1;-1
202400006384;203 973 545;155 770 543;B01;1;1;4;1;1983.0;0;1;0;-1;-1; -1;-1
202400006389;203 973 527;155 770 531;A01;1;1;1;1;1983.0;1;1;0;0;-1; -1;-1
202400006389;203 973 532;155 770 534;B01;1;1;4;1;2009.0;0;8;0;0;-1; -1;-1
202400006391;203 973 525;155 770 529;A01;1;1;4;1;1997.0;4;2;0;0;-1; -1;-1
202400006391;203 973 526;155 770 530;B01;1;1;1;1;2001.0;4;8;0;0;-1; -1;-1
202400006401;203 973 501;155 770 510;A01;1;1;1;1;1985.0;1;8;0;0;-1; -1;-1
202400006401;203 973 503;155 770 512;Y01;1;1;4;2;1979.0;0;0;0;0;3;3;1
202400006414;203 973 476;155 770 490;A01;10;3;3;1;1997.0;5;0;-1;-1;2;9;1
202400006414;203 973 477;155 770 490;A01;1;1;1;1;1999.0;1;1;-1;-1;0;0;-1
202400006416;203 973 474;155 770 488;A01;1;1;4;1;1998.0;0;2;8;-1;-1; -1;-1
202400006419;203 973 467;155 770 483;A01;1;1;1;2;1992.0;5;1;8;-1;0;0;-1
202400006419;203 973 471;155 770 486;B01;1;1;4;2;1954.0;5;1;8;-1;0;0;-1
202400006424;203 973 459;155 770 476;A01;1;1;4;1;2006.0;1;2;-1;-1;-1; -1;-1
202400006424;203 973 462;155 770 479;B01;1;1;1;1;1973.0;4;1;-1;-1;-1; -1;-1
202400006426;203 973 455;155 770 473;A01;1;1;3;1;1976.0;0;1;-1;-1;0;0;-1
202400006430;203 973 449;155 770 469;A01;1;1;4;1;1993.0;5;1;-1;-1;0;0;-1
202400006435;203 973 434;155 770 459;A01;1;1;1;1;1982.0;5;1;-1;-1;0;0;-1
202400006435;203 973 435;155 770 460;B01;1;1;3;2;1972.0;1;1;-1;-1;0;0;-1
202400006436;203 973 432;155 770 457;A01;1;1;4;1;1986.0;5;2;6;-1;0;0;-1
202400006469;203 973 356;155 770 405;A01;1;1;4;1;1989.0;5;8;0;-1;0;0;-1
202400006479;203 973 330;155 770 387;A01;2;2;3;2;2006.0;5;8;-1;-1;0;0;-1
202400006479;203 973 331;155 770 387;A01;7;2;3;2;2004.0;5;8;-1;-1;0;0;-1
202400006479;203 973 332;155 770 387;A01;8;2;3;1;1999.0;5;0;-1;-1;0;0;-1
202400006479;203 973 333;155 770 387;A01;1;1;1;1;1999.0;5;8;-1;-1;0;0;-1
202400006479;203 973 334;155 770 388;B01;2;2;1;1;1987.0;4;1;-1;-1;0;0;-1
202400006479;203 973 335;155 770 388;B01;1;1;1;2;1988.0;4;1;-1;-1;0;0;-1
202400006482;203 973 325;155 770 383;A01;1;1;4;1;1991.0;4;1;-1;-1;0;0;-1
202400006482;203 973 326;155 770 384;B01;1;1;4;1;1986.0;4;1;-1;-1;0;0;-1
202400006483;203 973 323;155 770 382;A01;1;1;4;1;2007.0;0;2;6;-1;0;0;-1
202400006484;203 973 317;155 770 380;A01;2;2;3;1;1994.0;1;1;-1;-1;0;0;-1
202400006484;203 973 318;155 770 380;A01;7;2;3;1;1988.0;1;1;-1;-1;0;0;-1
202400006484;203 973 319;155 770 380;A01;9;2;4;1;1988.0;1;1;-1;-1;0;0;-1
202400006484;203 973 320;155 770 380;A01;1;1;2;1;1968.0;1;1;-1;-1;0;0;-1
202400006485;203 973 311;155 770 378;A01;1;1;1;1;1990.0;0;8;-1;-1;0;0;-1
202400006485;203 973 313;155 770 379;B01;2;2;4;1;2000.0;0;1;-1;-1;0;0;-1
202400006485;203 973 314;155 770 379;B01;1;1;4;2;2001.0;0;1;-1;-1;0;0;-1
202400006492;203 973 297;155 770 368;A01;1;1;4;1;1990.0;4;1;9;-1;0;0;-1
202400006492;203 973 299;155 770 369;B01;1;1;4;1;1957.0;9;1;5;-1;0;0;-1
202400006492;203 973 300;155 770 370;C01;1;1;4;1;2004.0;9;1;5;-1;0;0;-1
202400006497;203 973 283;155 770 358;A01;1;1;3;1;1984.0;4;0;-1;-1;0;0;-1
202400006498;203 973 281;155 770 356;A01;1;1;1;2;1988.0;1;1;-1;-1;0;0;-1
202400006498;203 973 282;155 770 357;B01;1;1;4;1;1975.0;1;1;-1;-1;0;0;-1
202400006503;203 973 272;155 770 348;A01;2;2;1;1;2003.0;3;1;-1;-1;0;0;-1
202400006503;203 973 273;155 770 348;A01;1;1;4;1;2003.0;3;1;-1;-1;0;0;-1
202400006514;203 973 243;155 770 325;A01;1;1;1;2;1967.0;1;1;0;-1;-1; -1;-1
202400006514;203 973 244;155 770 326;B01;1;1;4;1;2000.0;1;8;0;-1;-1; -1;-1
202400006516;203 973 239;155 770 321;B01;1;1;1;2;2000.0;0;1;-1;-1;0;0;-1
202400006516;203 973 241;155 770 323;A01;1;1;4;2;1960.0;0;1;0;-1;0;0;-1
202400006527;203 973 215;155 770 306;A01;2;2;4;2;2007.0;5;1;0;-1;-1; -1;-1
202400006527;203 973 216;155 770 306;A01;1;1;4;2;1971.0;5;1;0;-1;-1; -1;-1
202400006528;203 973 214;155 770 305;A01;1;1;4;1;2004.0;0;1;-1;-1;0;0;-1
202400006529;203 973 210;155 770 302;A01;2;2;4;1;2008.0;0;1;-1;-1;0;0;-1
202400006529;203 973 211;155 770 302;A01;1;1;1;1;2007.0;0;1;-1;-1;0;0;-1
202400006537;203 973 192;155 770 286;A01;1;1;4;1;1963.0;1;1;0;-1;0;0;-1
202400006537;203 973 195;155 770 288;B01;1;1;1;1;1976.0;1;1;0;-1;0;0;-1
202400006537;203 973 197;155 770 290;C01;1;1;1;1;1972.0;4;1;0;-1;0;0;-1
202400006538;203 973 190;155 770 285;A01;1;1;1;1;1991.0;4;8;-1;-1;0;0;-1
202400006538;203 973 191;155 770 285;A01;10;3;2;1;1965.0;5;0;-1;-1;2;3;2
202400006538;203 973 193;155 770 285;A01;10;3;3;2;1946.0;5;0;-1;-1;2;3;1
202400006543;203 973 179;155 770 275;A01;1;1;1;2;1953.0;5;1;0;-1;-1; -1;-1
202400006543;203 973 182;155 770 277;B01;1;1;4;1;1965.0;1;2;8;-1;-1; -1;-1
202400006546;203 973 174;155 770 270;A01;10;3;4;2;2001.0;0;8;8;-1;3;3;1
202400006546;203 973 177;155 770 270;A01;1;1;1;-1;;-1;-1;-1;-1;-1; -1;-1
202400006551;203 973 165;155 770 263;A01;1;1;1;-1;;-1;-1;-1;-1;-1; -1;-1
202400006551;203 973 166;155 770 263;A01;10;3;4;2;2010.0;0;0;-1;-1;3;3;1
202400006557;203 973 148;155 770 251;B01;2;2;1;1;2006.0;5;1;4;-1;-1; -1;-1
202400006557;203 973 150;155 770 251;B01;1;1;1;1;2004.0;5;1;4;-1;0;0;-1
202400006557;203 973 152;155 770 252;A01;1;1;4;2;1993.0;5;1;4;-1;0;0;-1
202400006559;203 973 144;155 770 247;A01;1;1;1;1;1967.0;5;1;0;-1;-1; -1;-1
202400006559;203 973 146;155 770 249;B01;1;1;3;1;2005.0;5;2;6;-1;-1; -1;-1
202400006584;203 973 085;155 770 206;A01;10;3;4;2;2011.0;2;0;-1;-1;5;9;2
202400006584;203 973 086;155 770 206;A01;10;3;4;2;2011.0;2;0;-1;-1;5;1;2
202400006584;203 973 088;155 770 206;A01;1;1;1;1;1971.0;4;1;-1;-1;0;1;2
202400006584;203 973 090;155 770 206;A01;10;3;4;2;2011.0;2;0;-1;-1;5;1;2
202400006624;203 973 003;155 770 144;A01;1;1;1;2;1982.0;1;1;0;0;-1; -1;-1
202400006624;203 973 004;155 770 145;B01;1;1;4;1;1992.0;1;2;8;0;-1; -1;-1
202400006632;203 972 986;155 770 131;A01;1;1;1;1;1972.0;5;1;0;0;-1; -1;-1
202400006632;203 972 989;155 770 133;B01;1;1;4;1;1977.0;5;2;6;0;-1; -1;-1
202400006651;203 972 945;155 770 099;A01;1;1;2;1;1980.0;0;2;0;-1;-1; -1;-1
202400006652;203 972 940;155 770 097;A01;1;1;4;1;1968.0;4;1;0;-1;-1; -1;-1
202400006654;203 972 939;155 770 095;A01;2;2;1;2;1970.0;5;1;-1;-1;0;0;-1
202400006654;203 972 942;155 770 095;A01;1;1;1;1;1968.0;5;1;-1;-1;0;0;-1
202400006654;203 972 944;155 770 098;B01;1;1;3;1;1982.0;5;2;6;9;0;0;-1
202400006659;203 972 923;155 770 086;A01;10;3;4;2;1963.0;9;0;-1;-1;4;3;1
202400006659;203 972 926;155 770 086;A01;1;1;1;1;1999.0;9;1;-1;-1;-1; -1;-1
202400006661;203 972 920;155 770 084;B01;1;1;1;1;2006.0;5;1;-1;-1;0;0;-1
202400006661;203 972 921;155 770 084;B01;2;2;1;2;2006.0;5;1;-1;-1;0;0;-1
202400006661;203 972 924;155 770 087;A01;1;1;4;1;2005.0;5;1;-1;-1;0;0;-1
202400006668;203 972 896;155 770 070;A01;1;1;1;1;1951.0;0;1;0;-1;-1; -1;-1
202400006668;203 972 899;155 770 073;B01;1;1;4;1;1968.0;0;8;0;-1;-1; -1;-1
202400006688;203 972 839;155 770 033;B01;9;2;4;1;2019.0;5;1;9;-1;0;0;-1
202400006688;203 972 840;155 770 033;B01;1;1;1;2;1987.0;5;1;-1;-1;0;0;-1
202400006688;203 972 842;155 770 035;A01;1;1;2;1;1970.0;1;2;6;-1;0;0;-1
202400006690;203 972 837;155 770 031;A01;1;1;3;1;1969.0;4;1;-1;-1;0;0;-1
202400006703;203 972 800;155 770 008;B01;1;1;1;1;1971.0;1;1;8;-1;0;0;-1
202400006703;203 972 802;155 770 010;A01;1;1;4;1;2009.0;2;2;6;-1;0;0;-1
202400006708;203 972 791;155 770 001;A01;1;1;3;1;1969.0;1;2;6;-1;0;0;-1
202400006737;203 972 722;155 769 951;A01;1;1;1;1;1973.0;4;1;8;-1;0;0;-1
202400006737;203 972 723;155 769 952;B01;1;1;4;1;1979.0;5;2;6;-1;0;0;-1
202400006737;203 972 725;155 769 954;C01;1;1;1;1;1989.0;5;1;8;-1;0;0;-1
202400006748;203 972 696;155 769 932;B01;1;1;1;2;1993.0;5;8;-1;-1;0;0;-1
202400006748;203 972 698;155 769 934;A01;1;1;4;1;2000.0;5;8;-1;-1;0;0;-1
202400006753;203 972 678;155 769 924;A01;1;1;4;2;1989.0;4;8;0;-1;0;0;-1
202400006753;203 972 683;155 769 927;B01;1;1;1;1;;-1;-1;-1;-1;-1; -1;-1
202400006757;203 972 675;155 769 922;A01;1;1;4;1;1989.0;0;8;-1;-1;0;0;-1
202400006770;203 972 644;155 769 900;A01;1;1;4;2;1956.0;0;1;-1;-1;0;0;-1
202400006770;203 972 645;155 769 902;B01;2;2;1;1;2015.0;0;1;-1;-1;0;0;-1
202400006770;203 972 648;155 769 902;B01;1;1;1;2;2002.0;0;1;-1;-1;0;0;-1
202400006780;203 972 626;155 769 884;A01;1;1;3;1;1990.0;1;2;7;-1;0;0;-1
202400006789;203 972 605;155 769 870;B01;1;1;4;1;1996.0;0;1;0;0;-1; -1;-1
202400006789;203 972 607;155 769 871;A01;1;1;1;2;1946.0;5;1;0;0;-1; -1;-1
202400006789;203 972 609;155 769 873;C01;1;1;1;1;1993.0;1;1;0;0;-1; -1;-1
202400006794;203 972 597;155 769 862;B01;1;1;3;1;2000.0;5;2;7;-1;0;0;-1
202400006794;203 972 599;155 769 864;A01;1;1;1;1;1970.0;9;0;-1;-1;0;0;-1
202400006809;203 972 558;155 769 839;A01;2;2;1;1;1980.0;9;1;-1;-1;0;0;-1
202400006809;203 972 560;155 769 839;A01;7;2;3;1;1968.0;9;1;-1;-1;0;0;-1
202400006809;203 972 562;155 769 839;A01;8;2;1;1;1995.0;9;1;-1;-1;0;0;-1
202400006809;203 972 564;155 769 839;A01;9;2;3;1;1977.0;9;0;-1;-1;0;0;-1
202400006809;203 972 565;155 769 839;A01;1;1;1;1;1985.0;9;1;-1;-1;0;0;-1
202400006810;203 972 556;155 769 837;A01;1;1;1;2;1959.0;5;1;8;0;-1; -1;-1
202400006810;203 972 561;155 769 840;B01;1;1;4;1;1962.0;1;8;0;0;-1; -1;-1
202400006822;203 972 530;155 769 819;A01;2;2;4;1;2001.0;5;1;-1;-1;0;0;-1
202400006822;203 972 532;155 769 819;A01;1;1;1;2;2007.0;5;1;-1;-1;0;0;-1
202400006822;203 972 534;155 769 820;B01;1;1;1;1;1989.0;5;1;-1;-1;0;0;-1
202400006840;203 972 481;155 769 785;A01;1;1;4;1;1981.0;1;2;6;-1;-1; -1;-1
202400006840;203 972 484;155 769 787;B01;1;1;1;1;1981.0;1;1;0;-1;-1; -1;-1
202400006876;203 972 405;155 769 733;UA01;3;2;4;1;2007.0;5;1;0;-1;-1; -1;-1
202400006876;203 972 406;155 769 733;UA01;2;2;4;1;2006.0;5;1;0;-1;-1; -1;-1
202400006876;203 972 407;155 769 733;UA01;1;1;4;1;2007.0;5;1;0;-1;-1; -1;-1
202400006889;203 972 377;155 769 712;A01;10;3;3;1;2011.0;5;0;-1;-1;6;3;1
202400006889;203 972 378;155 769 712;A01;1;1;1;1;1957.0;2;8;-1;-1;0;0;-1
202400006891;203 972 373;155 769 710;A01;2;2;2;1;2005.0;5;0;-1;-1;0;0;-1
202400006891;203 972 375;155 769 710;A01;1;1;3;1;1999.0;5;0;-1;-1;0;0;-1
202400006897;203 972 360;155 769 699;A01;1;1;4;1;2005.0;5;0;-1;-1;0;0;-1
202400006897;203 972 361;155 769 699;A01;2;2;1;1;2007.0;5;0;-1;-1;0;0;-1
202400006897;203 972 362;155 769 700;B01;1;1;1;2;1962.0;5;1;-1;-1;0;0;-1
202400006905;203 972 344;155 769 689;A01;1;1;2;1;1962.0;5;2;-1;-1;0;0;-1
202400006917;203 972 321;155 769 669;A01;10;3;3;2;1994.0;0;0;-1;-1;4;3;1
202400006917;203 972 322;155 769 669;A01;1;1;1;1;1961.0;5;1;-1;-1;0;0;-1
202400006922;203 972 309;155 769 659;A01;10;3;3;2;1956.0;5;0;-1;-1;5;9;2
202400006922;203 972 310;155 769 659;A01;1;1;4;2;1985.0;9;1;8;-1;-1; -1;-1
202400006922;203 972 312;155 769 661;B01;1;1;1;1;1949.0;5;1;8;-1;-1; -1;-1
202400006926;203 972 299;155 769 649;A01;1;1;4;1;1986.0;9;2;6;-1;-1; -1;-1
202400006931;203 972 288;155 769 641;A01;10;3;4;2;1943.0;5;0;0;0;3;3;1
202400006931;203 972 290;155 769 641;A01;1;1;1;1;1961.0;1;1;0;0;-1; -1;-1
202400006949;203 972 243;155 769 604;A01;1;1;1;1;1963.0;1;1;0;-1;0;0;-1
202400006949;203 972 248;155 769 608;B01;2;2;1;1;1969.0;1;1;0;-1;0;0;-1
202400006949;203 972 249;155 769 608;B01;1;1;4;1;1964.0;1;1;0;-1;0;0;-1
202400006955;203 972 227;155 769 592;B01;1;1;4;1;1993.0;0;2;-1;-1;0;0;-1
202400006955;203 972 229;155 769 594;A01;1;1;1;-1;;-1;-1;-1;-1;-1; -1;-1
202400006976;203 972 178;155 769 555;B01;1;1;1;2;1973.0;1;1;0;-1;-1; -1;-1
202400006976;203 972 181;155 769 557;A01;1;1;4;1;2007.0;2;2;8;-1;-1; -1;-1
202400006979;203 972 170;155 769 549;A01;1;1;1;2;1971.0;0;1;-1;-1;-1; -1;-1
202400006979;203 972 173;155 769 551;B01;1;1;4;1;1980.0;0;8;-1;-1;-1; -1;-1
202400006986;203 972 152;155 769 534;A01;1;1;2;1;2002.0;5;8;0;-1;-1; -1;-1
202400006986;203 972 155;155 769 534;A01;2;2;3;2;2004.0;5;8;0;-1;-1; -1;-1
202400006986;203 972 157;155 769 538;B01;1;1;2;1;1995.0;5;8;0;-1;-1; -1;-1
202400006986;203 972 158;155 769 538;B01;2;2;3;2;2007.0;5;8;0;-1;-1; -1;-1
202400006991;203 972 142;155 769 525;B01;1;1;4;1;1990.0;5;1;-1;-1;0;0;-1
202400006991;203 972 143;155 769 526;C01;1;1;1;1;1957.0;5;1;-1;-1;0;0;-1
202400006991;203 972 146;155 769 528;A01;1;1;1;1;1988.0;5;1;-1;-1;0;0;-1
202400006996;203 972 131;155 769 516;B01;2;2;1;2;2008.0;5;2;8;-1;-1; -1;-1
202400006996;203 972 133;155 769 516;B01;1;1;4;2;2008.0;5;2;6;-1;-1; -1;-1
202400006996;203 972 135;155 769 518;A01;1;1;1;1;1952.0;9;1;8;-1;-1; -1;-1
202400007003;203 972 118;155 769 505;A01;1;1;1;1;1984.0;2;1;0;-1;-1; -1;-1
202400007003;203 972 119;155 769 506;B01;1;1;4;2;1999.0;1;2;0;-1;0;0;-1
202400007025;203 972 069;155 769 460;A01;1;1;1;2;1991.0;2;1;-1;-1;-1; -1;-1
202400007025;203 972 070;155 769 461;B01;1;1;4;1;1984.0;1;2;6;-1;-1; -1;-1
202400007028;203 972 063;155 769 455;A01;1;1;4;2;2003.0;0;1;0;-1;-1; -1;-1
202400007028;203 972 064;155 769 456;B01;1;1;1;2;1949.0;5;1;0;-1;-1; -1;-1
202400007030;203 972 059;155 769 451;A01;1;1;3;1;2002.0;1;2;6;-1;0;0;-1
202400007030;203 972 060;155 769 452;B01;1;1;1;2;1998.0;1;1;8;-1;0;0;-1
202400007041;203 972 034;155 769 427;A01;10;3;3;2;1934.0;5;0;-1;-1;4;3;1
202400007041;203 972 035;155 769 427;A01;1;1;1;1;1979.0;5;2;6;-1;-1; -1;-1
202400007056;203 971 995;155 769 398;A01;1;1;1;1;1983.0;0;8;0;-1;-1; -1;-1
202400007056;203 971 996;155 769 398;A01;2;2;1;1;1984.0;0;1;0;-1;-1; -1;-1
202400007056;203 971 997;155 769 399;B01;1;1;4;1;1966.0;0;1;0;0;-1; -1;-1
202400007056;203 971 998;155 769 399;B01;2;2;4;2;1979.0;0;1;0;0;-1; -1;-1
202400007064;203 971 979;155 769 382;Z01;1;1;1;-1;;-1;-1;-1;-1;0;0;-1
202400007064;203 971 982;155 769 385;A01;1;1;4;1;1986.0;1;8;0;-1;0;0;-1
202400007097;203 971 913;155 769 328;A01;1;1;4;1;1970.0;0;8;0;-1;-1; -1;-1
202400007123;203 971 855;155 769 281;A01;1;1;2;1;1953.0;5;2;6;-1;0;0;-1
202400007127;203 971 840;155 769 272;A01;2;2;1;2;2018.0;0;1;3;-1;0;0;-1
202400007127;203 971 841;155 769 272;A01;1;1;3;1;1968.0;5;1;-1;-1;0;0;-1
202400007127;203 971 843;155 769 274;B01;2;2;1;2;1952.0;0;1;-1;-1;0;0;-1
202400007127;203 971 844;155 769 274;B01;1;1;1;1;1948.0;5;1;-1;-1;0;0;-1
202400007127;203 971 845;155 769 275;C01;2;2;3;1;1946.0;5;1;-1;-1;0;0;-1
202400007127;203 971 846;155 769 275;C01;7;2;1;1;1951.0;5;1;-1;-1;0;0;-1
202400007127;203 971 847;155 769 275;C01;1;1;1;1;1953.0;5;1;-1;-1;0;0;-1
202400007129;203 971 838;155 769 270;A01;1;1;3;1;1964.0;5;2;-1;-1;0;0;-1
202400007133;203 971 827;155 769 262;A01;2;2;3;1;2005.0;5;1;-1;-1;0;0;-1
202400007133;203 971 828;155 769 262;A01;1;1;3;1;2004.0;5;1;-1;-1;0;0;-1
202400007135;203 971 821;155 769 259;A01;1;1;1;2;1982.0;9;0;-1;-1;0;0;-1
202400007135;203 971 822;155 769 260;B01;1;1;4;1;1948.0;5;0;-1;-1;0;0;-1
202400007144;203 971 804;155 769 246;A01;1;1;2;2;1952.0;0;0;-1;-1;0;0;-1
202400007162;203 971 770;155 769 215;A01;1;1;4;1;1983.0;1;2;0;-1;-1; -1;-1
202400007162;203 971 771;155 769 217;B01;1;1;4;1;1982.0;1;2;0;-1;-1; -1;-1
202400007163;203 971 768;155 769 213;A01;1;1;1;1;1991.0;1;1;-1;-1;0;0;-1
202400007163;203 971 769;155 769 214;B01;1;1;4;2;1969.0;0;1;-1;-1;0;0;-1
202400007163;203 971 772;155 769 216;C01;1;1;1;1;1965.0;4;1;-1;-1;0;0;-1
202400007169;203 971 754;155 769 201;A01;2;2;4;2;1997.0;0;1;-1;-1;-1; -1;-1
202400007169;203 971 755;155 769 201;A01;1;1;4;1;1997.0;0;1;-1;-1;-1; -1;-1
202400007176;203 971 740;155 769 188;A01;1;1;3;2;2010.0;9;1;-1;-1;0;0;-1
202400007181;203 971 722;155 769 177;C01;1;1;1;2;1995.0;1;1;0;-1;0;0;-1
202400007181;203 971 725;155 769 178;A01;1;1;1;1;1996.0;1;1;0;-1;0;0;-1
202400007181;203 971 726;155 769 179;B01;1;1;4;1;1985.0;1;2;6;-1;0;0;-1
202400007183;203 971 718;155 769 174;A01;1;1;1;1;1962.0;5;1;0;-1;-1; -1;-1
202400007183;203 971 719;155 769 175;B01;1;1;4;2;1963.0;1;1;0;-1;-1; -1;-1
202400007184;203 971 714;155 769 171;A01;1;1;3;1;1957.0;5;2;-1;-1;0;0;-1
202400007184;203 971 717;155 769 173;B01;1;1;1;2;1994.0;5;1;-1;-1;0;0;-1
202400007201;203 971 676;155 769 137;A01;1;1;1;1;1953.0;0;8;-1;-1;0;0;-1
202400007201;203 971 679;155 769 138;B01;1;1;4;2;1983.0;0;8;-1;-1;0;0;-1
202400007202;203 971 671;155 769 135;A01;1;1;4;1;1923.0;0;8;-1;-1;0;0;-1
202400007206;203 971 660;155 769 129;B01;9;2;1;1;1973.0;5;1;-1;-1;0;0;-1
202400007206;203 971 661;155 769 129;B01;7;2;1;2;2021.0;4;3;-1;-1;0;0;-1
202400007206;203 971 662;155 769 129;B01;2;2;1;2;2013.0;5;1;-1;-1;0;0;-1
202400007206;203 971 664;155 769 129;B01;1;1;1;1;1985.0;5;1;-1;-1;0;0;-1
202400007206;203 971 666;155 769 131;A01;1;1;3;2;2002.0;5;1;-1;-1;0;0;-1
202400007206;203 971 667;155 769 131;A01;2;2;4;2;2002.0;5;1;-1;-1;0;0;-1
202400007210;203 971 650;155 769 122;A01;3;2;3;1;2000.0;5;1;-1;-1;0;0;-1
202400007210;203 971 651;155 769 122;A01;2;2;4;1;1991.0;5;1;-1;-1;0;0;-1
202400007210;203 971 652;155 769 122;A01;4;2;1;1;1990.0;5;1;-1;-1;0;0;-1
202400007210;203 971 653;155 769 122;A01;1;1;3;2;1982.0;5;1;-1;-1;0;0;-1
202400007218;203 971 626;155 769 108;B01;1;1;1;1;1989.0;9;1;-1;-1;-1; -1;-1
202400007218;203 971 627;155 769 109;A01;1;1;4;1;1995.0;1;2;-1;-1;-1; -1;-1
202400007221;203 971 621;155 769 104;A01;2;2;4;2;1963.0;5;2;-1;-1;0;0;-1
202400007221;203 971 623;155 769 104;A01;1;1;1;1;1965.0;5;2;-1;-1;0;0;-1
202400007235;203 971 590;155 769 084;A01;2;2;3;2;1972.0;5;1;-1;-1;0;0;-1
202400007235;203 971 591;155 769 084;A01;1;1;4;1;1970.0;5;1;-1;-1;0;0;-1
202400007252;203 971 539;155 769 052;A01;1;1;4;1;2000.0;5;2;6;-1;-1; -1;-1
202400007268;203 971 507;155 769 025;A01;1;1;1;1;1984.0;5;1;-1;-1;0;0;-1
202400007268;203 971 508;155 769 026;B01;1;1;4;1;2004.0;5;2;-1;-1;0;0;-1
202400007273;203 971 495;155 769 015;A01;1;1;1;1;1948.0;1;1;0;-1;-1; -1;-1
202400007273;203 971 496;155 769 016;B01;1;1;4;1;1983.0;1;2;4;-1;-1; -1;-1
202400007278;203 971 481;155 769 008;A01;1;1;1;2;1985.0;0;1;0;-1;-1; -1;-1
202400007278;203 971 482;155 769 009;B01;1;1;4;1;1986.0;0;2;0;-1;-1; -1;-1
202400007279;203 971 477;155 769 006;A01;1;1;4;2;1937.0;0;1;0;-1;-1; -1;-1
202400007279;203 971 478;155 769 007;B01;3;2;4;2;2018.0;0;1;0;-1;-1; -1;-1
202400007279;203 971 479;155 769 007;B01;4;2;4;1;2014.0;5;1;0;-1;-1; -1;-1
202400007279;203 971 480;155 769 007;B01;1;1;4;2;1982.0;5;1;0;-1;-1; -1;-1
202400007299;203 971 433;155 768 971;A01;1;1;4;2;1996.0;5;1;0;-1;0;0;-1
202400007321;203 971 381;155 768 935;A01;1;1;4;1;1990.0;1;2;6;-1;-1; -1;-1
202400007321;203 971 382;155 768 936;B01;1;1;1;1;2003.0;9;1;4;-1;-1; -1;-1
202400007328;203 971 364;155 768 923;A01;1;1;1;1;1999.0;0;2;6;-1;-1; -1;-1
202400007328;203 971 365;155 768 924;B01;1;1;4;1;1982.0;9;2;6;-1;-1; -1;-1
202400007338;203 971 341;155 768 904;A01;1;1;1;1;1989.0;5;1;0;0;-1; -1;-1
202400007338;203 971 342;155 768 904;A01;4;2;4;1;2021.0;5;3;0;-1;-1; -1;-1
202400007338;203 971 343;155 768 904;A01;2;2;4;2;1986.0;5;1;0;0;-1; -1;-1
202400007338;203 971 344;155 768 904;A01;3;2;4;1;2015.0;0;3;0;0;-1; -1;-1
202400007338;203 971 345;155 768 904;A01;5;2;4;2;2011.0;5;1;0;0;-1; -1;-1
202400007338;203 971 346;155 768 905;B01;1;1;1;1;1976.0;0;1;0;0;-1; -1;-1
202400007340;203 971 337;155 768 900;B01;1;1;4;1;1963.0;0;2;7;0;-1; -1;-1
202400007340;203 971 338;155 768 901;A01;1;1;1;1;1962.0;0;1;0;0;-1; -1;-1
202400007344;203 971 325;155 768 893;A01;1;1;1;1;1985.0;5;1;-1;-1;0;0;-1
202400007344;203 971 326;155 768 894;B01;7;2;4;2;1965.0;5;1;-1;-1;0;0;-1
202400007344;203 971 327;155 768 894;B01;2;2;3;1;1950.0;5;1;-1;-1;0;0;-1
202400007344;203 971 328;155 768 894;B01;1;1;1;1;1962.0;5;1;-1;-1;0;0;-1
202400007361;203 971 276;155 768 867;A01;10;3;3;2;1955.0;5;0;-1;-1;3;3;1
202400007361;203 971 277;155 768 867;A01;1;1;1;1;1968.0;1;1;-1;-1;0;0;-1
202400007380;203 971 219;155 768 832;B01;2;2;1;1;2009.0;5;1;-1;-1;0;0;-1
202400007380;203 971 220;155 768 832;B01;1;1;1;1;1984.0;5;1;-1;-1;0;0;-1
202400007380;203 971 221;155 768 833;C01;2;2;1;2;2013.0;5;1;-1;-1;0;0;-1
202400007380;203 971 222;155 768 833;C01;1;1;1;1;1981.0;5;1;-1;-1;0;0;-1
202400007380;203 971 223;155 768 834;D01;2;2;1;1;1993.0;5;1;-1;-1;0;0;-1
202400007380;203 971 224;155 768 834;D01;1;1;1;2;1986.0;5;1;-1;-1;0;0;-1
202400007380;203 971 225;155 768 835;E01;3;2;1;1;2016.0;5;1;-1;-1;0;0;-1
202400007380;203 971 226;155 768 835;E01;2;2;1;1;1986.0;5;1;-1;-1;0;0;-1
202400007380;203 971 227;155 768 835;E01;1;1;1;2;1983.0;5;1;-1;-1;0;0;-1
202400007380;203 971 228;155 768 836;G01;2;2;1;1;1994.0;5;1;-1;-1;0;0;-1
202400007380;203 971 229;155 768 836;G01;1;1;1;1;1995.0;5;1;-1;-1;0;0;-1
202400007380;203 971 230;155 768 837;H01;3;2;1;1;2021.0;5;1;-1;-1;0;0;-1
202400007380;203 971 231;155 768 837;H01;4;2;1;2;2018.0;5;1;-1;-1;0;0;-1
202400007380;203 971 232;155 768 837;H01;2;2;1;2;1988.0;5;1;-1;-1;0;0;-1
202400007380;203 971 233;155 768 837;H01;1;1;1;1;1987.0;5;1;-1;-1;0;0;-1
202400007380;203 971 234;155 768 838;F01;1;1;1;2;2004.0;5;1;-1;-1;0;0;-1
202400007380;203 971 235;155 768 839;A01;4;2;1;2;1971.0;5;1;-1;-1;0;0;-1
202400007380;203 971 236;155 768 839;A01;2;2;3;1;1949.0;5;1;-1;-1;0;0;-1
202400007380;203 971 237;155 768 839;A01;3;2;3;2;1958.0;5;1;-1;-1;0;0;-1
202400007380;203 971 238;155 768 839;A01;1;1;1;1;2000.0;5;1;-1;-1;0;0;-1
202400007402;203 971 165;155 768 792;A01;1;1;4;1;1979.0;0;1;8;-1;-1; -1;-1
202400007402;203 971 166;155 768 793;B01;1;1;4;1;2002.0;0;1;8;-1;-1; -1;-1
202400007402;203 971 167;155 768 794;Z01;1;1;1;-1;;-1;-1;-1;-1;-1; -1;-1
202400007412;203 971 148;155 768 777;A01;1;1;4;2;1996.0;1;1;8;-1;-1; -1;-1
202400007415;203 971 142;155 768 773;A01;1;1;1;2;1955.0;9;1;0;-1;-1; -1;-1
202400007415;203 971 143;155 768 773;A01;10;3;4;1;1942.0;0;0;-1;-1;2;4;1
202400007423;203 971 118;155 768 758;A01;1;1;1;2;1986.0;5;2;6;-1;-1; -1;-1
202400007423;203 971 119;155 768 759;B01;1;1;1;1;1961.0;5;2;6;-1;-1; -1;-1
202400007423;203 971 120;155 768 759;B01;2;2;4;2;1970.0;5;2;6;-1;-1; -1;-1
202400007428;203 971 108;155 768 750;A01;1;1;1;1;1986.0;0;8;0;-1;-1; -1;-1
202400007428;203 971 109;155 768 751;B01;1;1;4;2;1984.0;0;1;0;-1;-1; -1;-1
202400007452;203 971 059;155 768 711;A01;1;1;4;1;1950.0;0;2;0;-1;-1; -1;-1
202400007475;203 971 009;155 768 672;A01;1;1;1;1;1974.0;5;1;0;-1;0;0;-1
202400007475;203 971 012;155 768 674;B01;1;1;3;1;2000.0;4;0;0;0;0;0;-1
202400007476;203 971 007;155 768 670;A01;1;1;3;1;1989.0;0;2;8;-1;-1; -1;-1
202400007480;203 970 998;155 768 662;A01;1;1;2;1;1983.0;5;0;-1;-1;-1; -1;-1
202400007482;203 970 995;155 768 660;A01;10;3;3;2;1948.0;5;0;-1;-1;2;3;1
202400007482;203 970 996;155 768 660;A01;1;1;1;2;1952.0;5;1;0;-1;-1; -1;-1
202400007504;203 970 936;155 768 621;A01;1;1;4;1;2002.0;0;2;6;0;-1; -1;-1
202400007504;203 970 938;155 768 622;B01;1;1;4;1;2003.0;0;2;6;0;-1; -1;-1
202400007512;203 970 918;155 768 606;A01;1;1;4;1;1998.0;5;8;0;0;-1; -1;-1
202400007512;203 970 920;155 768 607;B01;1;1;1;-1;;-1;8;8;8;-1; -1;-1
202400007515;203 970 911;155 768 602;A01;1;1;1;2;1990.0;5;1;-1;-1;0;0;-1
202400007515;203 970 912;155 768 602;A01;2;2;1;2;1988.0;5;1;-1;-1;0;0;-1
202400007515;203 970 913;155 768 602;A01;3;2;1;1;1984.0;5;1;-1;-1;0;0;-1
202400007515;203 970 915;155 768 602;A01;10;3;2;2;2016.0;5;0;-1;-1;9;5;3
202400007515;203 970 917;155 768 604;B01;1;1;1;1;1978.0;4;1;-1;-1;0;0;-1
202400007516;203 970 908;155 768 599;A01;1;1;1;2;1993.0;0;1;8;-1;0;0;-1
202400007516;203 970 910;155 768 601;B01;1;1;4;1;1995.0;0;2;6;-1;0;0;-1
202400007529;203 970 884;155 768 580;A01;10;3;4;2;1977.0;1;8;8;-1;3;3;1
202400007529;203 970 885;155 768 580;A01;1;1;1;1;1958.0;5;1;0;-1;3;3;1
202400007531;203 970 877;155 768 579;A01;10;3;4;2;1987.0;1;0;-1;-1;2;3;1
202400007531;203 970 879;155 768 579;A01;1;1;1;1;2002.0;4;8;0;-1;-1; -1;-1
202400007568;203 970 809;155 768 525;B01;1;1;4;1;1988.0;1;1;0;-1;-1; -1;-1
202400007568;203 970 810;155 768 526;A01;1;1;1;-1;;0;1;0;-1;-1; -1;-1
202400007569;203 970 807;155 768 524;A01;10;3;2;2;1954.0;5;0;-1;-1;2;3;1
202400007569;203 970 808;155 768 524;A01;1;1;1;1;1956.0;3;1;-1;-1;0;0;-1
202400007593;203 970 745;155 768 483;B01;2;2;4;1;1983.0;0;2;-1;-1;0;0;-1
202400007593;203 970 747;155 768 483;B01;1;1;3;1;1972.0;0;2;-1;-1;0;0;-1
202400007593;203 970 749;155 768 485;A01;1;1;4;1;1980.0;0;2;-1;-1;0;0;-1
202400007603;203 970 717;155 768 463;A01;1;1;2;1;1993.0;1;1;-1;-1;0;0;-1
202400007603;203 970 719;155 768 465;B01;2;2;1;1;2022.0;1;0;-1;-1;0;0;-1
202400007603;203 970 720;155 768 465;B01;1;1;1;1;1982.0;1;0;-1;-1;0;0;-1
202400007617;203 970 684;155 768 442;A01;1;1;3;2;1945.0;5;1;-1;-1;0;0;-1
202400007617;203 970 685;155 768 443;B01;1;1;4;1;1999.0;4;1;-1;-1;0;0;-1
202400007625;203 970 664;155 768 428;A01;1;1;3;1;1986.0;0;2;6;-1;0;0;-1
202400007626;203 970 663;155 768 427;A01;1;1;2;1;1973.0;5;2;6;-1;0;0;-1
202400007626;203 970 665;155 768 429;B01;2;2;1;2;1993.0;5;1;-1;-1;0;0;-1
202400007626;203 970 666;155 768 429;B01;1;1;1;1;1995.0;5;1;-1;-1;0;0;-1
202400007647;203 970 613;155 768 389;A01;1;1;1;2;1965.0;9;1;-1;-1;0;0;-1
202400007647;203 970 616;155 768 391;B01;1;1;3;1;1994.0;1;2;-1;-1;0;0;-1
202400007651;203 970 604;155 768 381;A01;1;1;4;2;2003.0;5;1;0;0;-1; -1;-1
202400007651;203 970 605;155 768 382;B01;1;1;1;1;1986.0;5;1;0;0;-1; -1;-1
202400007654;203 970 597;155 768 375;A01;1;1;3;1;1999.0;5;2;6;-1;-1; -1;-1
202400007668;203 970 567;155 768 350;B01;1;1;3;1;1963.0;0;2;-1;-1;-1; -1;-1
202400007668;203 970 568;155 768 351;A01;1;1;1;1;1948.0;9;1;-1;-1;-1; -1;-1
202400007674;203 970 559;155 768 341;A01;1;1;1;2;1967.0;0;1;0;-1;0;0;-1
202400007674;203 970 560;155 768 343;B01;1;1;4;1;1984.0;0;2;0;-1;0;0;-1
202400007679;203 970 547;155 768 332;A01;1;1;4;2;1999.0;0;1;0;-1;-1; -1;-1
202400007679;203 970 548;155 768 333;B01;2;2;4;2;1983.0;0;1;0;-1;-1; -1;-1
202400007679;203 970 549;155 768 333;B01;1;1;4;1;1979.0;0;1;0;-1;-1; -1;-1
202400007684;203 970 536;155 768 323;A01;1;1;4;2;1968.0;0;1;0;-1;-1; -1;-1
202400007684;203 970 537;155 768 324;B01;1;1;4;2;1981.0;0;1;0;-1;-1; -1;-1
202400007687;203 970 531;155 768 318;B01;1;1;4;1;1999.0;5;1;-1;-1;-1; -1;-1
202400007687;203 970 532;155 768 319;A01;1;1;1;1;1942.0;5;1;-1;-1;-1; -1;-1
202400007697;203 970 509;155 768 301;C01;1;1;1;1;1998.0;0;8;0;-1;-1; -1;-1
202400007697;203 970 510;155 768 302;B01;1;1;3;1;1996.0;0;8;0;-1;-1; -1;-1
202400007697;203 970 511;155 768 303;A01;1;1;1;1;1997.0;0;8;0;-1;-1; -1;-1
202400007704;203 970 489;155 768 288;A01;1;1;1;2;2005.0;9;1;8;-1;-1; -1;-1
202400007704;203 970 490;155 768 289;B01;1;1;4;2;1964.0;0;8;0;-1;-1; -1;-1
202400007707;203 970 482;155 768 281;A01;1;1;4;1;1962.0;5;0;-1;-1;-1; -1;-1
202400007707;203 970 483;155 768 282;B01;1;1;1;1;1961.0;5;0;-1;-1;-1; -1;-1
202400007709;203 970 477;155 768 277;B01;1;1;3;1;2008.0;0;2;-1;-1;0;0;-1
202400007709;203 970 478;155 768 277;B01;3;2;3;1;2008.0;0;2;-1;-1;0;0;-1
202400007709;203 970 479;155 768 278;A01;1;1;1;1;2000.0;0;1;-1;-1;0;0;-1
202400007754;203 970 364;155 768 185;A01;10;3;4;2;1972.0;9;0;-1;-1;2;3;1
202400007754;203 970 365;155 768 185;A01;1;1;1;1;1980.0;1;1;8;-1;-1; -1;-1
202400007773;203 970 304;155 768 145;B01;1;1;1;-1;;-1;8;-1;-1;-1; -1;-1
202400007773;203 970 305;155 768 145;B01;10;3;4;1;1997.0;0;0;-1;-1;9;B;1
202400007781;203 970 285;155 768 129;A01;1;1;1;1;1993.0;5;1;0;-1;-1; -1;-1
202400007781;203 970 287;155 768 131;B01;1;1;4;1;1967.0;5;8;0;-1;-1; -1;-1
202400007782;203 970 284;155 768 128;A01;1;1;4;2;1979.0;0;1;0;-1;-1; -1;-1
202400007782;203 970 286;155 768 130;B01;1;1;1;1;2002.0;9;1;0;-1;-1; -1;-1
202400007782;203 970 288;155 768 132;Z01;1;1;1;2;1993.0;0;1;0;-1;-1; -1;-1
202400007786;203 970 277;155 768 120;A01;1;1;3;2;1999.0;5;2;6;-1;-1; -1;-1
202400007786;203 970 278;155 768 122;B01;1;1;1;1;1999.0;5;8;0;-1;-1; -1;-1
202400007802;203 970 238;155 768 090;B01;1;1;4;1;1976.0;5;8;-1;-1;0;0;-1
202400007802;203 970 241;155 768 093;A01;1;1;4;1;1972.0;5;8;-1;-1;0;0;-1
202400007802;203 970 243;155 768 093;A01;2;2;4;1;1957.0;5;8;-1;-1;0;0;-1
202400007837;203 970 144;155 768 019;A01;1;1;2;1;1984.0;5;1;-1;-1;0;0;-1
202400007842;203 970 134;155 768 009;B01;1;1;1;2;1941.0;0;0;-1;-1;0;0;-1
202400007842;203 970 137;155 768 011;A01;1;1;4;1;2009.0;0;2;6;-1;0;0;-1
202400007882;203 970 038;155 767 931;B01;1;1;4;1;1996.0;5;2;6;-1;-1; -1;-1
202400007882;203 970 041;155 767 932;A01;1;1;1;2;1973.0;4;1;0;-1;-1; -1;-1
202400007892;203 970 012;155 767 912;A01;1;1;1;2;1987.0;0;8;0;-1;0;0;-1
202400007892;203 970 014;155 767 912;A01;10;3;4;1;1972.0;0;8;8;-1;1;3;1
202400007916;203 969 965;155 767 875;A01;10;3;4;2;1967.0;5;0;-1;-1;4;3;1
202400007916;203 969 966;155 767 875;A01;1;1;1;1;2000.0;5;1;0;-1;-1; -1;-1
202400007921;203 969 952;155 767 865;A01;1;1;4;1;1977.0;0;8;0;-1;-1; -1;-1
202400007921;203 969 955;155 767 868;B01;1;1;1;1;1983.0;1;1;8;-1;-1; -1;-1
202400007933;203 969 922;155 767 845;A01;2;2;4;1;1995.0;5;1;-1;-1;0;0;-1
202400007933;203 969 925;155 767 845;A01;1;1;2;1;1978.0;5;1;-1;-1;0;0;-1
202400007950;203 969 884;155 767 816;A01;1;1;4;1;1978.0;0;2;0;-1;-1; -1;-1
202400007950;203 969 887;155 767 817;B01;1;1;1;1;2003.0;4;8;0;-1;-1; -1;-1
202400007951;203 969 882;155 767 814;A01;1;1;3;1;1986.0;5;0;-1;-1;0;0;-1
202400007979;203 969 812;155 767 766;A01;1;1;4;1;1973.0;4;1;-1;-1;-1; -1;-1
202400007979;203 969 814;155 767 768;B01;1;1;1;2;1992.0;1;1;-1;-1;-1; -1;-1
202400007983;203 969 804;155 767 760;A01;1;1;4;1;1969.0;5;2;6;9;0;0;-1
202400008021;203 969 704;155 767 691;A01;2;2;1;2;1944.0;5;1;0;-1;0;0;-1
202400008021;203 969 705;155 767 691;A01;2;2;4;2;1999.0;9;1;0;-1;0;0;-1
202400008021;203 969 707;155 767 691;A01;1;1;4;1;1952.0;5;1;0;-1;0;0;-1
202400008021;203 969 709;155 767 693;B01;2;2;1;2;1954.0;5;1;0;-1;0;0;-1
202400008021;203 969 711;155 767 693;B01;1;1;1;2;1957.0;5;1;0;-1;0;0;-1
202400008036;203 969 665;155 767 661;B01;2;2;3;2;2000.0;1;1;-1;-1;0;0;-1
202400008036;203 969 666;155 767 661;B01;1;1;3;1;1961.0;1;1;-1;-1;0;0;-1
202400008036;203 969 669;155 767 664;A01;2;2;3;1;2001.0;5;1;-1;-1;0;0;-1
202400008036;203 969 670;155 767 664;A01;9;2;3;1;2003.0;5;1;-1;-1;0;0;-1
202400008036;203 969 672;155 767 664;A01;1;1;3;1;2001.0;5;1;-1;-1;0;0;-1
202400008041;203 969 649;155 767 651;A01;1;1;4;1;1994.0;5;2;0;-1;-1; -1;-1
202400008041;203 969 653;155 767 654;B01;1;1;4;1;1950.0;5;1;0;-1;-1; -1;-1
202400008043;203 969 646;155 767 648;A01;1;1;1;1;1975.0;9;1;0;-1;-1; -1;-1
202400008043;203 969 647;155 767 649;B01;1;1;4;1;1963.0;1;2;6;-1;-1; -1;-1
202400008075;203 969 521;155 767 594;A01;1;1;1;1;1997.0;5;2;6;-1;0;0;-1
202400008075;203 969 524;155 767 594;A01;10;3;4;2;1962.0;5;0;-1;-1;2;3;1
202400008090;203 969 487;155 767 565;A01;1;1;4;2;1994.0;1;8;0;-1;0;0;-1
202400008090;203 969 489;155 767 567;B01;1;1;1;2;1998.0;5;8;0;-1;0;0;-1
202400008114;203 969 427;155 767 517;A01;1;1;1;1;2002.0;1;1;0;-1;-1; -1;-1
202400008114;203 969 429;155 767 517;A01;10;3;4;2;1978.0;5;0;-1;-1;2;3;1
202400008146;203 969 356;155 767 467;A01;1;1;4;1;1950.0;5;2;6;-1;-1; -1;-1
202400008162;203 969 318;155 767 434;A01;1;1;4;1;1947.0;0;2;0;0;-1; -1;-1
202400008172;203 969 294;155 767 417;B01;1;1;4;2;1978.0;1;2;0;-1;-1; -1;-1
202400008172;203 969 298;155 767 417;B01;2;2;4;1;2009.0;1;2;0;-1;-1; -1;-1
202400008172;203 969 302;155 767 420;A01;1;1;1;-1;;-1;-1;-1;-1;-1; -1;-1
202400008179;203 969 272;155 767 405;B01;1;1;1;2;2001.0;2;1;0;0;-1; -1;-1
202400008179;203 969 274;155 767 406;A01;1;1;4;2;1994.0;1;2;6;0;-1; -1;-1
202400008181;203 969 268;155 767 402;A01;10;3;4;2;1976.0;5;0;0;0;4;3;1
202400008181;203 969 270;155 767 402;A01;1;1;1;2;1985.0;0;1;0;0;-1; -1;-1
202400008183;203 969 264;155 767 399;A01;1;1;4;2;1972.0;9;1;0;0;-1; -1;-1
202400008183;203 969 266;155 767 399;A01;2;2;1;1;1965.0;9;1;0;0;-1; -1;-1
202400008258;203 969 096;155 767 268;A01;1;1;4;1;2001.0;5;8;0;-1;-1; -1;-1
202400008258;203 969 100;155 767 271;B01;1;1;1;1;1973.0;0;1;0;-1;-1; -1;-1
202400008271;203 969 063;155 767 246;A01;1;1;4;1;2004.0;3;2;6;-1;0;0;-1
202400008271;203 969 064;155 767 247;B01;1;1;1;2;1995.0;9;1;-1;-1;0;0;-1
202400008298;203 968 996;155 767 194;A01;1;1;1;1;2001.0;4;1;0;-1;-1; -1;-1
202400008298;203 968 997;155 767 195;B01;1;1;3;1;1993.0;1;2;0;-1;-1; -1;-1
202400008319;203 968 948;155 767 156;A01;1;1;1;1;2002.0;4;1;0;-1;-1; -1;-1
202400008319;203 968 951;155 767 159;B01;1;1;3;1;2001.0;5;2;6;-1;-1; -1;-1
202400008332;203 968 921;155 767 133;A01;1;1;1;1;1997.0;5;8;-1;-1;0;0;-1
202400008332;203 968 922;155 767 134;B01;1;1;3;2;1994.0;5;8;-1;-1;0;0;-1
202400008344;203 968 893;155 767 111;A01;10;3;4;2;1948.0;5;8;-1;-1;3;3;1
202400008344;203 968 895;155 767 111;A01;1;1;1;1;1975.0;5;1;-1;-1;0;0;-1
202400008358;203 968 867;155 767 088;B01;1;1;4;1;1982.0;1;2;8;-1;-1; -1;-1
202400008358;203 968 870;155 767 091;A01;1;1;1;2;1949.0;5;1;8;-1;-1; -1;-1
202400008369;203 968 841;155 767 067;A01;2;2;3;1;1932.0;9;1;-1;-1;0;0;-1
202400008369;203 968 842;155 767 067;A01;1;1;3;2;1934.0;0;1;-1;-1;0;0;-1
202400008369;203 968 845;155 767 070;B01;1;1;4;2;1987.0;0;1;-1;-1;0;0;-1
202400008373;203 968 834;155 767 061;A01;1;1;4;1;2003.0;0;1;-1;-1;0;0;-1
202400008373;203 968 838;155 767 064;B01;1;1;1;-1;;-1;-1;-1;-1;-1; -1;-1
202400008376;203 968 824;155 767 057;A01;1;1;4;1;1980.0;1;1;-1;-1;-1; -1;-1
202400008384;203 968 800;155 767 040;A01;1;1;4;1;1976.0;4;2;6;-1;-1; -1;-1
202400008384;203 968 803;155 767 041;B01;1;1;4;1;1974.0;4;2;6;-1;-1; -1;-1
202400008394;203 968 775;155 767 021;A01;3;2;4;2;2017.0;0;1;0;-1;-1; -1;-1
202400008394;203 968 776;155 767 021;A01;1;1;4;2;1993.0;5;1;4;-1;-1; -1;-1
202400008394;203 968 778;155 767 023;B01;1;1;1;1;1979.0;4;1;4;-1;-1; -1;-1
202400008395;203 968 773;155 767 019;A01;1;1;1;1;1985.0;1;1;-1;-1;-1; -1;-1
202400008395;203 968 774;155 767 020;B01;1;1;4;1;1973.0;1;2;-1;-1;-1; -1;-1
202400008405;203 968 756;155 767 006;B01;2;2;4;1;2009.0;0;2;0;-1;-1; -1;-1
202400008405;203 968 758;155 767 006;B01;1;1;3;1;2010.0;0;2;0;-1;-1; -1;-1
202400008405;203 968 759;155 767 007;A01;1;1;1;1;1963.0;0;1;0;-1;-1; -1;-1
202400008421;203 968 717;155 766 977;A01;1;1;4;1;1998.0;0;1;-1;-1;-1; -1;-1
202400008427;203 968 703;155 766 966;A01;1;1;1;2;1983.0;5;1;-1;-1;0;0;-1
202400008427;203 968 705;155 766 968;B01;1;1;3;1;1973.0;4;2;-1;-1;0;0;-1
202400008427;203 968 706;155 766 969;C01;1;1;4;1;1998.0;4;2;-1;-1;0;0;-1
202400008429;203 968 700;155 766 963;A01;1;1;3;1;1979.0;9;1;-1;-1;0;0;-1
202400008442;203 968 677;155 766 942;A01;1;1;1;-1;;-1;8;-1;-1;-1; -1;-1
202400008442;203 968 678;155 766 943;B01;1;1;4;2;1976.0;1;1;-1;-1;-1; -1;-1
202400008442;203 968 680;155 766 945;C01;1;1;4;1;1987.0;2;1;-1;-1;-1; -1;-1
202400008442;203 968 682;155 766 947;D01;1;1;1;2;1986.0;0;1;-1;-1;-1; -1;-1
202400008444;203 968 672;155 766 938;A01;1;1;1;1;1992.0;4;1;-1;-1;0;0;-1
202400008444;203 968 673;155 766 939;B01;1;1;3;1;1946.0;5;2;-1;-1;0;0;-1
202400008452;203 968 655;155 766 925;A01;1;1;4;1;1961.0;9;2;0;-1;0;0;-1
202400008452;203 968 656;155 766 926;B01;1;1;1;1;1995.0;1;1;0;-1;0;0;-1
202400008453;203 968 653;155 766 924;A01;10;3;4;1;1962.0;0;0;-1;-1;3;3;1
202400008453;203 968 654;155 766 924;A01;1;1;1;1;1983.0;0;1;0;-1;-1; -1;-1
202400008466;203 968 624;155 766 899;A01;1;1;1;1;1975.0;4;1;8;-1;-1; -1;-1
202400008466;203 968 626;155 766 900;B01;1;1;4;1;1990.0;0;1;0;-1;-1; -1;-1
202400008466;203 968 628;155 766 902;C01;1;1;1;1;1994.0;4;1;8;-1;-1; -1;-1
202400008471;203 968 613;155 766 893;A01;10;3;3;1;2012.0;2;0;-1;-1;4;3;1
202400008471;203 968 615;155 766 893;A01;1;1;1;2;1969.0;4;8;0;-1;-1; -1;-1
202400008474;203 968 606;155 766 888;B01;1;1;1;2;1961.0;5;1;0;-1;0;0;-1
202400008474;203 968 608;155 766 890;A01;1;1;4;1;2004.0;5;2;6;-1;0;0;-1
202400008480;203 968 595;155 766 878;A01;1;1;3;1;2001.0;0;2;0;-1;0;0;-1
202400008480;203 968 596;155 766 879;B01;1;1;1;1;2001.0;0;1;0;-1;0;0;-1
202400008493;203 968 564;155 766 856;A01;1;1;4;2;1981.0;0;2;6;-1;-1; -1;-1
202400008493;203 968 566;155 766 858;B01;1;1;1;1;1981.0;4;1;-1;-1;-1; -1;-1
202400008501;203 968 540;155 766 841;B01;1;1;4;1;1993.0;1;8;0;0;-1; -1;-1
202400008501;203 968 541;155 766 842;A01;1;1;1;1;1947.0;5;1;0;0;-1; -1;-1
202400008501;203 968 542;155 766 842;A01;2;2;1;2;1979.0;0;1;0;0;-1; -1;-1
202400008518;203 968 494;155 766 802;A01;1;1;3;2;1997.0;5;1;-1;-1;0;0;-1
202400008518;203 968 495;155 766 804;D01;1;1;4;1;1985.0;5;1;-1;-1;0;0;-1
202400008518;203 968 497;155 766 805;B01;1;1;1;1;1986.0;5;1;-1;-1;0;0;-1
202400008518;203 968 500;155 766 808;C01;1;1;1;1;1977.0;5;1;-1;-1;0;0;-1
202400008538;203 968 451;155 766 769;A01;1;1;1;1;1941.0;5;1;0;-1;-1; -1;-1
202400008538;203 968 453;155 766 769;A01;10;3;2;2;1941.0;5;0;-1;-1;2;3;1
202400008544;203 968 438;155 766 760;B01;1;1;4;1;1969.0;5;8;-1;-1;0;0;-1
202400008544;203 968 440;155 766 762;A01;1;1;1;1;1993.0;1;8;-1;-1;0;0;-1
202400008551;203 968 421;155 766 748;A01;1;1;3;1;1977.0;9;8;-1;-1;0;0;-1
202400008551;203 968 425;155 766 751;B01;1;1;1;1;2002.0;0;1;-1;-1;0;0;-1
202400008558;203 968 401;155 766 735;A01;1;1;1;2;1983.0;3;1;0;-1;0;0;-1
202400008558;203 968 403;155 766 737;B01;1;1;4;1;1984.0;5;0;-1;-1;0;0;-1
202400008565;203 968 387;155 766 727;A01;10;3;4;2;1977.0;9;0;-1;-1;3;3;1
202400008565;203 968 389;155 766 727;A01;1;1;1;1;1962.0;5;1;8;-1;0;0;-1
202400008566;203 968 385;155 766 725;A01;1;1;3;1;1977.0;0;2;6;9;0;0;-1
202400008571;203 968 374;155 766 717;A01;1;1;1;1;1993.0;1;8;0;-1;0;0;-1
202400008571;203 968 375;155 766 718;B01;1;1;4;2;1967.0;1;8;0;-1;0;0;-1
202400008579;203 968 358;155 766 703;A01;1;1;4;2;2001.0;1;1;-1;-1;0;0;-1
202400008579;203 968 359;155 766 704;B01;1;1;4;2;1968.0;1;1;-1;-1;0;0;-1
202400008579;203 968 363;155 766 708;C01;1;1;1;2;1995.0;1;1;-1;-1;0;0;-1
202400008614;203 968 265;155 766 645;A01;1;1;3;1;2013.0;5;2;-1;-1;0;0;-1
202400008614;203 968 268;155 766 647;B01;1;1;1;1;1999.0;3;1;-1;-1;0;0;-1
202400008614;203 968 272;155 766 647;B01;2;2;1;2;1993.0;3;1;-1;-1;0;0;-1
202400008619;203 968 253;155 766 637;A01;1;1;3;1;2003.0;0;2;6;-1;0;0;-1
202400008640;203 968 208;155 766 604;A01;10;3;4;1;1966.0;5;0;-1;-1;5;B;2
202400008640;203 968 210;155 766 604;A01;1;1;1;2;1943.0;5;1;0;-1;-1; -1;-1
202400008648;203 968 192;155 766 590;A01;1;1;1;1;1987.0;0;1;-1;-1;0;0;-1
202400008648;203 968 193;155 766 591;B01;2;2;3;2;2002.0;0;2;6;-1;0;0;-1
202400008648;203 968 196;155 766 591;B01;1;1;3;1;1990.0;0;6;2;-1;0;0;-1
202400008649;203 968 189;155 766 587;A01;1;1;1;1;1984.0;0;1;8;-1;0;0;-1
202400008649;203 968 191;155 766 589;B01;1;1;3;1;1951.0;3;8;0;-1;0;0;-1
202400008669;203 968 135;155 766 548;A01;1;1;1;1;1972.0;4;1;-1;-1;0;0;-1
202400008669;203 968 140;155 766 551;B01;1;1;3;2;1972.0;5;1;-1;-1;0;0;-1
202400008676;203 968 121;155 766 537;A01;1;1;1;1;1997.0;1;8;0;-1;-1; -1;-1
202400008676;203 968 124;155 766 539;B01;1;1;4;2;1988.0;1;8;0;-1;-1; -1;-1
202400008704;203 968 051;155 766 483;A01;2;2;2;1;1997.0;1;0;-1;-1;0;0;-1
202400008704;203 968 053;155 766 483;A01;1;1;4;1;1991.0;1;2;-1;-1;0;0;-1
202400008714;203 968 021;155 766 462;A01;1;1;3;2;2003.0;1;1;-1;-1;0;0;-1
202400008714;203 968 027;155 766 464;B01;1;1;1;1;1967.0;1;1;-1;-1;0;0;-1
202400008719;203 968 009;155 766 454;B01;7;2;1;1;2018.0;0;1;-1;-1;0;0;-1
202400008719;203 968 010;155 766 454;B01;1;1;4;2;1995.0;0;1;-1;-1;0;0;-1
202400008719;203 968 012;155 766 456;A01;2;2;1;2;2010.0;0;1;-1;-1;0;0;-1
202400008719;203 968 014;155 766 456;A01;1;1;4;1;1998.0;0;1;-1;-1;0;0;-1
202400008741;203 967 953;155 766 413;C01;1;1;1;2;1998.0;1;1;0;-1;-1; -1;-1
202400008741;203 967 955;155 766 415;A01;1;1;4;1;1981.0;1;-1;6;-1;-1; -1;-1
202400008741;203 967 957;155 766 416;B01;1;1;1;2;1969.0;4;1;0;-1;-1; -1;-1
202400008742;203 967 952;155 766 412;A01;1;1;3;1;2003.0;1;8;-1;-1;0;0;-1
202400008782;203 967 861;155 766 340;A01;1;1;1;1;2001.0;4;1;-1;-1;0;0;-1
202400008782;203 967 863;155 766 340;A01;2;2;1;1;2000.0;4;1;-1;-1;0;0;-1
202400008782;203 967 865;155 766 342;B01;1;1;3;2;1949.0;0;1;-1;-1;0;0;-1
202400008787;203 967 845;155 766 326;A01;1;1;4;1;1994.0;4;8;-1;-1;0;0;-1
202400008787;203 967 847;155 766 328;B01;2;2;2;1;1975.0;0;0;-1;-1;0;0;-1
202400008787;203 967 848;155 766 328;B01;1;1;1;1;2003.0;0;8;-1;-1;0;0;-1
202400008851;203 967 691;155 766 220;A01;1;1;1;1;1982.0;4;1;0;-1;-1; -1;-1
202400008851;203 967 692;155 766 220;A01;10;3;4;1;1989.0;9;0;-1;-1;2;3;2
202400008851;203 967 693;155 766 220;A01;10;3;1;2;2021.0;0;0;-1;-1;2;3;2
202400008871;203 967 641;155 766 185;A01;1;1;1;1;1996.0;0;1;-1;-1;0;0;-1
202400008871;203 967 642;155 766 186;B01;1;1;3;1;1997.0;0;2;-1;-1;0;0;-1
202400008876;203 967 629;155 766 177;A01;1;1;3;1;1944.0;5;1;-1;-1;0;0;-1
202400008884;203 967 608;155 766 162;A01;10;3;4;1;1960.0;3;0;-1;-1;1;1;1
202400008884;203 967 610;155 766 162;A01;1;1;1;1;1997.0;4;1;-1;-1;0;0;-1
202400008887;203 967 601;155 766 158;A01;3;2;4;2;2002.0;5;1;0;0;-1; -1;-1
202400008887;203 967 602;155 766 158;A01;4;2;4;2;2002.0;5;1;0;0;-1; -1;-1
202400008887;203 967 603;155 766 158;A01;2;2;1;1;2001.0;5;1;0;0;-1; -1;-1
202400008887;203 967 604;155 766 158;A01;1;1;1;1;2002.0;5;1;0;0;-1; -1;-1
202400008894;203 967 577;155 766 144;A01;1;1;4;1;2000.0;0;2;0;-1;-1; -1;-1
202400008909;203 967 532;155 766 113;A01;1;1;1;2;1994.0;0;1;-1;-1;0;0;-1
202400008909;203 967 533;155 766 114;B01;1;1;3;1;1980.0;0;2;6;9;0;0;-1
202400008961;203 967 416;155 766 022;A01;1;1;1;2;1999.0;1;1;0;-1;-1; -1;-1
202400008961;203 967 417;155 766 023;B01;1;1;4;1;1969.0;1;1;0;-1;-1; -1;-1
202400008962;203 967 413;155 766 020;A01;1;1;4;1;2002.0;4;1;8;-1;-1; -1;-1
202400008962;203 967 414;155 766 021;B01;1;1;4;1;2002.0;4;1;9;-1;-1; -1;-1
202400008962;203 967 415;155 766 021;B01;2;2;4;1;2002.0;4;1;5;-1;-1; -1;-1
202400008963;203 967 411;155 766 018;A01;1;1;4;1;2005.0;0;2;6;-1;-1; -1;-1
202400008963;203 967 412;155 766 019;B01;1;1;4;2;1998.0;0;1;0;-1;-1; -1;-1
202400008973;203 967 392;155 766 002;A01;10;3;4;1;1971.0;4;0;-1;-1;6;9;1
202400008973;203 967 393;155 766 002;A01;1;1;1;1;1963.0;4;1;0;-1;-1; -1;-1
202400008977;203 967 384;155 765 996;A01;1;1;4;1;1993.0;1;2;8;-1;0;0;-1
202400008977;203 967 385;155 765 997;Z01;1;1;1;1;2000.0;0;1;0;-1;0;0;-1
202400008994;203 967 346;155 765 966;A01;1;1;1;2;1994.0;0;8;-1;-1;0;0;-1
202400008994;203 967 348;155 765 968;B01;1;1;3;1;1976.0;0;2;-1;-1;0;0;-1
202400008994;203 967 350;155 765 968;B01;2;2;1;1;2004.0;0;2;-1;-1;0;0;-1
202400009024;203 967 288;155 765 922;A01;2;2;4;1;1999.0;5;2;6;-1;0;0;-1
202400009024;203 967 290;155 765 922;A01;1;1;4;1;1999.0;5;2;6;-1;0;0;-1
202400009026;203 967 282;155 765 916;A01;1;1;1;2;1965.0;0;1;-1;-1;0;0;-1
202400009026;203 967 284;155 765 918;D01;1;1;1;1;2002.0;5;2;-1;-1;0;0;-1
202400009026;203 967 286;155 765 920;E01;1;1;1;1;2008.0;5;2;-1;-1;0;0;-1
202400009026;203 967 287;155 765 921;C01;1;1;4;1;2006.0;5;2;-1;-1;0;0;-1
202400009026;203 967 289;155 765 923;B01;1;1;1;1;2008.0;5;2;-1;-1;0;0;-1
202400009027;203 967 279;155 765 914;A01;2;2;1;1;1974.0;0;1;-1;-1;0;0;-1
202400009027;203 967 280;155 765 914;A01;1;1;2;1;2000.0;0;1;-1;-1;0;0;-1
202400009027;203 967 281;155 765 915;B01;1;1;1;2;1998.0;0;1;-1;-1;0;0;-1
202400009056;203 967 203;155 765 859;A01;1;1;4;2;1988.0;5;1;-1;-1;0;0;-1
202400009056;203 967 205;155 765 861;B01;1;1;4;1;1968.0;1;1;-1;-1;0;0;-1
202400009060;203 967 194;155 765 852;A01;1;1;4;1;1993.0;0;2;8;-1;0;0;-1
202400009063;203 967 187;155 765 846;A01;1;1;4;1;1994.0;0;2;6;-1;0;0;-1
202400009063;203 967 188;155 765 848;B01;2;2;1;1;2024.0;2;1;0;-1;0;0;-1
202400009063;203 967 190;155 765 848;B01;1;1;1;2;1997.0;1;1;0;-1;0;0;-1
202400009069;203 967 173;155 765 832;A01;1;1;4;1;1982.0;0;2;6;0;-1; -1;-1
202400009069;203 967 175;155 765 834;B01;1;1;1;2;2003.0;1;1;0;0;-1; -1;-1
202400009070;203 967 174;155 765 833;A01;1;1;4;1;2002.0;0;1;0;-1;-1; -1;-1
202400009070;203 967 176;155 765 835;B01;1;1;1;1;2005.0;0;1;0;-1;-1; -1;-1
202400009119;203 967 049;155 765 740;A01;1;1;4;2;2006.0;9;1;0;-1;-1; -1;-1
202400009119;203 967 051;155 765 742;B01;4;2;4;2;2016.0;0;1;0;-1;-1; -1;-1
202400009119;203 967 052;155 765 742;B01;2;2;4;2;1952.0;0;1;0;-1;-1; -1;-1
202400009119;203 967 053;155 765 742;B01;3;2;4;2;1984.0;0;1;0;-1;-1; -1;-1
202400009119;203 967 054;155 765 742;B01;5;2;4;1;2013.0;0;1;0;-1;-1; -1;-1
202400009119;203 967 055;155 765 742;B01;1;1;3;1;1978.0;0;1;0;-1;-1; -1;-1
202400009126;203 967 036;155 765 729;B01;1;1;3;2;2002.0;5;2;0;-1;-1; -1;-1
202400009126;203 967 037;155 765 730;A01;2;2;1;1;2000.0;5;1;-1;-1;-1; -1;-1
202400009126;203 967 038;155 765 730;A01;1;1;1;1;1997.0;5;1;-1;-1;-1; -1;-1
202400009129;203 967 025;155 765 722;B01;1;1;4;2;1987.0;0;1;0;-1;-1; -1;-1
202400009129;203 967 028;155 765 724;C01;1;1;1;1;1968.0;0;1;0;-1;-1; -1;-1
202400009129;203 967 031;155 765 725;Z01;1;1;1;-1;;-1;-1;-1;-1;-1; -1;-1
202400009135;203 967 011;155 765 709;B01;1;1;4;2;1988.0;0;2;0;-1;-1; -1;-1
202400009135;203 967 012;155 765 710;A01;1;1;1;1;1963.0;0;1;8;-1;-1; -1;-1
202400009147;203 966 986;155 765 686;B01;1;1;4;2;2003.0;5;0;0;-1;0;0;-1
202400009147;203 966 987;155 765 687;A01;1;1;1;1;2005.0;5;1;0;-1;0;0;-1
202400009150;203 966 978;155 765 680;A01;1;1;1;1;1977.0;0;1;0;-1;-1; -1;-1
202400009150;203 966 979;155 765 680;A01;10;3;3;2;1978.0;4;0;-1;-1;3;3;1
202400009166;203 966 944;155 765 651;Z01;1;1;1;-1;;-1;8;8;8;-1; -1;-1
202400009166;203 966 945;155 765 652;B01;1;1;4;1;1975.0;0;2;8;0;-1; -1;-1
202400009184;203 966 908;155 765 623;A01;1;1;1;1;1934.0;5;1;0;-1;0;0;-1
202400009184;203 966 909;155 765 623;A01;10;3;4;2;1934.0;5;0;-1;-1;4;3;1
202400009195;203 966 870;155 765 601;B01;2;1;4;1;1984.0;5;1;0;-1;0;0;-1
202400009195;203 966 871;155 765 601;B01;1;2;1;2;1988.0;5;1;0;-1;0;0;-1
202400009195;203 966 872;155 765 602;A01;1;1;1;1;1995.0;4;1;0;-1;0;0;-1
202400009195;203 966 874;155 765 602;A01;3;2;4;1;1995.0;4;1;0;-1;0;0;-1
202400009195;203 966 875;155 765 602;A01;4;2;1;1;1980.0;9;1;0;-1;0;0;-1
202400009195;203 966 877;155 765 602;A01;7;2;4;1;1990.0;4;1;0;-1;0;0;-1
202400009195;203 966 878;155 765 602;A01;3;2;1;1;1988.0;4;1;0;-1;0;0;-1
202400009195;203 966 879;155 765 602;A01;8;2;4;1;1995.0;4;1;0;-1;0;0;-1
202400009195;203 966 880;155 765 602;A01;6;2;4;1;1990.0;4;1;0;-1;0;0;-1
202400009195;203 966 881;155 765 602;A01;2;2;1;1;1990.0;4;1;0;-1;0;0;-1
202400009196;203 966 869;155 765 600;A01;1;1;3;2;1996.0;5;1;-1;-1;0;0;-1
202400009208;203 966 844;155 765 583;A01;1;1;4;1;1994.0;9;2;6;-1;-1; -1;-1
202400009226;203 966 804;155 765 553;A01;1;1;4;1;1988.0;0;2;8;0;-1; -1;-1
202400009226;203 966 805;155 765 554;B01;1;1;1;2;1985.0;0;1;0;0;-1; -1;-1
202400009247;203 966 753;155 765 517;A01;1;1;1;1;2006.0;2;1;-1;-1;0;0;-1
202400009247;203 966 754;155 765 518;B01;1;1;3;2;1995.0;0;2;6;-1;0;0;-1
202400009264;203 966 708;155 765 482;A01;1;1;1;1;1987.0;9;1;-1;-1;-1; -1;-1
202400009264;203 966 709;155 765 483;B01;1;1;4;1;2000.0;9;1;-1;-1;-1; -1;-1
202400009264;203 966 710;155 765 484;C01;1;1;1;1;1983.0;9;1;-1;-1;-1; -1;-1
202400009285;203 966 656;155 765 447;A01;10;3;2;1;1976.0;0;8;8;-1;1;9;1
202400009285;203 966 657;155 765 447;A01;1;1;1;1;1976.0;1;1;4;-1;1;9;1
202400009313;203 966 588;155 765 393;A01;1;1;4;1;1987.0;0;8;0;-1;-1; -1;-1
202400009315;203 966 584;155 765 389;A01;1;1;1;1;2003.0;0;8;-1;-1;-1; -1;-1
202400009315;203 966 585;155 765 390;B01;1;1;4;1;1978.0;0;2;-1;-1;-1; -1;-1
202400009325;203 966 562;155 765 370;A01;1;1;4;2;1983.0;0;1;-1;-1;-1; -1;-1
202400009354;203 966 479;155 765 306;A01;1;1;1;2;1975.0;4;8;0;-1;-1; -1;-1
202400009354;203 966 480;155 765 307;B01;1;1;1;1;1981.0;5;1;0;-1;-1; -1;-1
202400009354;203 966 481;155 765 307;B01;2;2;4;2;1985.0;5;1;0;-1;-1; -1;-1
202400009355;203 966 477;155 765 304;A01;1;1;4;1;2007.0;1;8;0;-1;-1; -1;-1
202400009355;203 966 478;155 765 305;B01;1;1;1;2;1981.0;1;1;8;-1;-1; -1;-1
202400009379;203 966 425;155 765 264;Z01;1;1;1;-1;;9;-1;-1;-1;-1; -1;-1
202400009379;203 966 426;155 765 265;B01;1;1;4;2;1997.0;9;8;0;-1;-1; -1;-1
202400009382;203 966 416;155 765 257;A01;1;1;4;2;1975.0;1;8;0;-1;-1; -1;-1
202400009392;203 966 387;155 765 237;A01;1;1;1;1;1987.0;0;1;0;-1;-1; -1;-1
202400009392;203 966 388;155 765 238;B01;1;1;4;1;2001.0;4;1;0;-1;-1; -1;-1
202400009392;203 966 389;155 765 239;C01;1;1;1;1;1979.0;4;1;0;-1;-1; -1;-1
202400009404;203 966 360;155 765 214;A01;1;1;1;1;1979.0;0;1;0;0;-1; -1;-1
202400009404;203 966 361;155 765 215;B01;1;1;4;1;1958.0;0;1;0;0;-1; -1;-1
202400009434;203 966 293;155 765 159;A01;1;1;1;1;2000.0;0;1;0;0;-1; -1;-1
202400009434;203 966 295;155 765 160;B01;1;1;4;2;1988.0;0;1;0;0;-1; -1;-1
202400009441;203 966 276;155 765 146;A01;1;1;4;2;1962.0;5;1;-1;-1;0;0;-1
202400009441;203 966 279;155 765 148;B01;1;1;1;2;1998.0;1;1;-1;-1;0;0;-1
202400009445;203 966 267;155 765 139;A01;1;1;1;1;1996.0;5;1;-1;-1;0;0;-1
202400009445;203 966 268;155 765 140;B01;2;2;4;2;2005.0;5;1;-1;-1;0;0;-1
202400009445;203 966 269;155 765 140;B01;1;1;4;2;2006.0;5;1;-1;-1;0;0;-1
202400009453;203 966 253;155 765 127;A01;1;1;4;1;1996.0;5;2;-1;-1;0;0;-1
202400009453;203 966 254;155 765 128;B01;1;1;1;1;2002.0;5;2;-1;-1;0;0;-1
202400009460;203 966 240;155 765 115;A01;1;1;3;1;1995.0;5;1;-1;-1;0;0;-1
202400009460;203 966 242;155 765 117;B01;1;1;3;2;1964.0;5;1;-1;-1;0;0;-1
202400009463;203 966 234;155 765 110;A01;1;1;1;2;1951.0;5;1;-1;-1;0;0;-1
202400009463;203 966 235;155 765 111;B01;1;1;3;1;1965.0;9;0;-1;-1;0;0;-1
202400009469;203 966 217;155 765 099;A01;10;3;3;1;1962.0;3;0;-1;-1;3;3;2
202400009469;203 966 218;155 765 099;A01;1;1;1;1;1937.0;0;1;-1;-1;0;0;-1
202400009479;203 966 194;155 765 081;A01;1;1;3;1;2001.0;5;0;-1;-1;0;0;-1
202400009481;203 966 186;155 765 077;A01;10;3;3;2;1965.0;0;0;-1;-1;2;3;1
202400009481;203 966 188;155 765 077;A01;1;1;1;2;2002.0;0;1;-1;-1;0;0;-1
202400009502;203 966 132;155 765 038;B01;1;1;4;2;1968.0;3;1;8;-1;-1; -1;-1
202400009502;203 966 136;155 765 040;A01;1;1;1;1;1952.0;5;1;8;-1;-1; -1;-1
202400009507;203 966 123;155 765 031;A01;1;1;1;1;1975.0;1;1;-1;-1;0;0;-1
202400009507;203 966 125;155 765 033;B01;1;1;4;1;2007.0;0;2;6;9;0;0;-1
202400009539;203 966 054;155 764 979;A01;1;1;1;1;1972.0;4;8;-1;-1;0;0;-1
202400009539;203 966 055;155 764 980;B01;1;1;3;1;1955.0;5;6;2;-1;0;0;-1
202400009562;203 966 010;155 764 943;B01;1;1;3;1;1955.0;0;2;6;-1;0;0;-1
202400009562;203 966 011;155 764 945;A01;1;1;1;1;1966.0;5;1;-1;-1;0;0;-1
202400009589;203 965 943;155 764 897;A01;1;1;4;1;1963.0;5;2;4;-1;-1; -1;-1
202400009589;203 965 944;155 764 898;B01;1;1;1;1;1977.0;5;2;4;-1;-1; -1;-1
202400009599;203 965 913;155 764 872;A01;2;2;4;2;1984.0;0;2;8;0;-1; -1;-1
202400009599;203 965 914;155 764 872;A01;1;1;1;1;1976.0;0;2;6;0;-1; -1;-1
202400009599;203 965 916;155 764 874;B01;1;1;1;1;1981.0;0;1;0;0;-1; -1;-1
202400009619;203 965 862;155 764 834;A01;2;2;1;1;2007.0;5;1;-1;-1;0;0;-1
202400009619;203 965 863;155 764 834;A01;1;1;1;1;1980.0;1;1;-1;-1;0;0;-1
202400009619;203 965 866;155 764 837;B01;1;1;3;1;1997.0;5;2;-1;-1;0;0;-1
202400009621;203 965 857;155 764 830;B01;1;1;4;2;1988.0;0;2;0;-1;-1; -1;-1
202400009621;203 965 858;155 764 830;B01;2;2;4;2;1985.0;0;2;0;-1;-1; -1;-1
202400009621;203 965 859;155 764 831;A01;1;1;1;1;1998.0;0;1;0;-1;-1; -1;-1
202400009632;203 965 830;155 764 810;A01;1;1;1;2;1987.0;0;1;0;-1;-1; -1;-1
202400009632;203 965 831;155 764 811;B01;1;1;4;1;2005.0;4;2;0;-1;-1; -1;-1
202400009635;203 965 824;155 764 804;A01;1;1;4;1;1981.0;0;2;0;-1;-1; -1;-1
202400009635;203 965 825;155 764 805;B01;1;1;1;1;1996.0;0;1;0;-1;-1; -1;-1
202400009649;203 965 786;155 764 775;A01;1;1;4;1;1977.0;0;8;0;-1;-1; -1;-1
202400009655;203 965 772;155 764 763;A01;1;1;1;2;2004.0;5;1;0;-1;-1; -1;-1
202400009655;203 965 773;155 764 763;A01;2;2;4;1;2003.0;5;1;0;-1;-1; -1;-1
202400009655;203 965 774;155 764 764;B01;1;1;1;1;2004.0;0;1;0;-1;-1; -1;-1
202400009680;203 965 712;155 764 719;B01;1;1;4;1;1992.0;5;2;6;-1;0;0;-1
202400009680;203 965 713;155 764 720;A01;1;1;1;1;1964.0;1;1;0;-1;0;0;-1
202400009686;203 965 697;155 764 707;A01;3;2;1;1;2005.0;5;1;-1;-1;-1; -1;-1
202400009686;203 965 698;155 764 707;A01;4;2;1;2;2004.0;5;1;-1;-1;-1; -1;-1
202400009686;203 965 699;155 764 707;A01;2;2;1;1;2005.0;5;1;-1;-1;-1; -1;-1
202400009686;203 965 700;155 764 707;A01;1;1;4;2;2005.0;5;1;-1;-1;-1; -1;-1
202400009695;203 965 670;155 764 693;B01;1;1;4;1;2010.0;2;8;0;0;-1; -1;-1
202400009695;203 965 671;155 764 694;A01;1;1;1;1;1984.0;4;1;0;0;-1; -1;-1
202400009710;203 965 639;155 764 667;B01;1;1;4;1;2011.0;2;0;0;0;2;3;1
202400009710;203 965 641;155 764 669;A01;1;1;1;2;1978.0;0;1;0;0;-1; -1;-1
202400009713;203 965 634;155 764 664;A01;1;1;4;1;1945.0;0;1;8;-1;-1; -1;-1
202400009721;203 965 615;155 764 651;B01;1;1;4;1;1978.0;5;1;0;-1;0;0;-1
202400009721;203 965 617;155 764 652;A01;1;1;4;1;2002.0;5;1;0;-1;0;0;-1
202400009723;203 965 611;155 764 647;B01;1;1;1;1;1948.0;0;1;0;-1;-1; -1;-1
202400009723;203 965 613;155 764 649;A01;1;1;4;1;2000.0;0;2;0;-1;-1; -1;-1
202400009729;203 965 598;155 764 635;A01;1;1;1;1;1980.0;1;1;0;-1;-1; -1;-1
202400009729;203 965 600;155 764 637;B01;1;1;4;1;1988.0;9;2;6;-1;-1; -1;-1
202400009745;203 965 564;155 764 603;B01;1;1;4;1;1976.0;0;2;-1;-1;-1; -1;-1
202400009745;203 965 569;155 764 607;A01;1;1;1;2;1969.0;0;1;-1;-1;-1; -1;-1
202400009759;203 965 530;155 764 584;A01;2;2;1;1;2004.0;5;2;6;-1;-1; -1;-1
202400009759;203 965 532;155 764 584;A01;1;1;4;1;2002.0;5;2;6;-1;-1; -1;-1
202400009764;203 965 511;155 764 573;A01;10;3;3;2;2014.0;2;0;-1;-1;3;3;1
202400009764;203 965 512;155 764 573;A01;1;1;1;1;1944.0;5;1;0;-1;-1; -1;-1
202400009786;203 965 452;155 764 526;A01;1;1;3;1;1992.0;5;8;0;-1;-1; -1;-1
202400009791;203 965 437;155 764 516;A01;1;1;3;1;2000.0;5;8;0;-1;-1; -1;-1
202400009791;203 965 442;155 764 520;B01;1;1;1;1;1994.0;1;1;-1;-1;-1; -1;-1
202400009794;203 965 431;155 764 511;A01;1;1;4;1;1990.0;0;2;0;-1;-1; -1;-1
202400009794;203 965 434;155 764 513;B01;1;1;1;1;1966.0;0;1;0;-1;-1; -1;-1
202400009799;203 965 421;155 764 501;A01;10;3;3;1;2013.0;2;0;-1;-1;3;3;1
202400009799;203 965 423;155 764 501;A01;1;1;1;2;1962.0;4;1;8;-1;-1; -1;-1
202400009805;203 965 402;155 764 485;A01;10;3;4;2;2012.0;0;0;0;0;1;3;2
202400009805;203 965 403;155 764 485;A01;10;3;1;2;1999.0;0;0;0;0;1;3;2
202400009805;203 965 406;155 764 485;A01;1;1;4;2;1999.0;0;1;0;-1;0;0;-1
202400009827;203 965 352;155 764 446;A01;2;2;4;2;2004.0;5;2;6;-1;0;0;-1
202400009827;203 965 354;155 764 446;A01;1;1;4;1;2004.0;5;2;6;-1;0;0;-1
202400009827;203 965 359;155 764 451;B01;2;2;1;1;1994.0;5;1;8;-1;0;0;-1
202400009827;203 965 360;155 764 451;B01;1;1;1;2;1999.0;5;1;0;-1;0;0;-1
202400009837;203 965 334;155 764 430;A01;10;3;4;2;1987.0;5;0;-1;-1;3;3;1
202400009837;203 965 336;155 764 430;A01;1;1;1;1;1975.0;4;8;0;-1;0;0;-1
202400009842;203 965 321;155 764 420;A01;10;3;4;1;2011.0;0;0;-1;-1;2;3;2
202400009842;203 965 323;155 764 420;A01;1;1;1;2;1996.0;0;1;0;-1;-1; -1;-1
202400009843;203 965 320;155 764 419;A01;1;1;4;1;1942.0;5;8;0;-1;0;0;-1
202400009846;203 965 313;155 764 413;A01;1;1;1;1;1979.0;1;1;0;-1;0;0;-1
202400009846;203 965 316;155 764 416;B01;1;1;4;1;1968.0;1;2;6;-1;0;0;-1
202400009870;203 965 250;155 764 366;A01;1;1;1;1;1987.0;1;8;0;0;-1; -1;-1
202400009870;203 965 254;155 764 370;B01;1;1;4;2;1959.0;1;8;0;0;-1; -1;-1
202400009888;203 965 214;155 764 340;A01;10;3;4;1;2005.0;0;0;0;0;9;9;1
202400009888;203 965 216;155 764 340;A01;2;2;1;1;2003.0;0;1;0;0;-1; -1;-1
202400009888;203 965 217;155 764 340;A01;1;1;1;1;2004.0;0;1;0;0;-1; -1;-1
202400009926;203 965 136;155 764 277;A01;10;3;4;1;1999.0;0;0;0;0;4;3;1
202400009926;203 965 137;155 764 277;A01;1;1;1;1;;0;8;0;0;-1; -1;-1
202400009933;203 965 121;155 764 264;A01;10;3;4;1;2008.0;2;0;-1;-1;2;1;1
202400009933;203 965 124;155 764 264;A01;1;1;1;2;1961.0;0;1;0;-1;-1; -1;-1
202400009938;203 965 110;155 764 257;A01;1;1;3;1;1994.0;1;2;-1;-1;0;0;-1
202400009938;203 965 111;155 764 258;B01;9;2;1;2;1942.0;5;1;-1;-1;0;0;-1
202400009938;203 965 112;155 764 258;B01;2;2;1;2;1964.0;5;1;-1;-1;0;0;-1
202400009938;203 965 113;155 764 258;B01;1;1;1;1;1955.0;5;1;-1;-1;0;0;-1
202400009952;203 965 078;155 764 233;A01;2;2;3;2;1965.0;5;6;2;-1;0;0;-1
202400009952;203 965 080;155 764 233;A01;1;1;4;1;1965.0;5;2;6;-1;0;0;-1
202400009952;203 965 082;155 764 235;B01;1;1;1;1;1950.0;5;1;-1;-1;0;0;-1
202400009952;203 965 083;155 764 235;B01;2;2;1;2;1956.0;5;1;-1;-1;0;0;-1
202400009962;203 965 054;155 764 215;A01;6;2;4;1;2006.0;5;1;-1;-1;0;0;-1
202400009962;203 965 055;155 764 215;A01;2;2;4;1;2006.0;5;1;-1;-1;0;0;-1
202400009962;203 965 056;155 764 215;A01;1;1;2;1;2006.0;5;1;-1;-1;0;0;-1
202400009987;203 964 999;155 764 176;A01;1;1;1;1;1990.0;1;1;-1;-1;0;0;-1
202400009987;203 965 000;155 764 177;C01;2;2;4;2;1959.0;5;1;-1;-1;0;0;-1
202400009987;203 965 001;155 764 177;C01;7;2;1;1;2018.0;5;3;-1;-1;0;0;-1
202400009987;203 965 002;155 764 177;C01;9;2;1;2;1982.0;5;1;-1;-1;0;0;-1
202400009987;203 965 004;155 764 177;C01;1;1;1;1;1981.0;5;1;-1;-1;0;0;-1
202400009987;203 965 006;155 764 180;B01;2;2;1;2;1974.0;5;1;-1;-1;0;0;-1
202400009987;203 965 007;155 764 180;B01;7;2;1;2;1972.0;5;1;-1;-1;0;0;-1
202400009987;203 965 009;155 764 180;B01;1;1;1;1;1971.0;5;1;-1;-1;0;0;-1
202400009993;203 964 985;155 764 164;A01;1;1;4;1;1969.0;5;2;6;-1;0;0;-1
202400009993;203 964 988;155 764 168;B01;1;1;1;1;1962.0;5;1;-1;-1;0;0;-1
202400010013;203 964 938;155 764 124;E01;1;1;1;2;1986.0;1;1;-1;-1;0;0;-1
202400010013;203 964 940;155 764 126;B01;1;1;1;1;1985.0;9;1;-1;-1;0;0;-1
202400010013;203 964 942;155 764 127;D01;10;3;3;1;2002.0;1;0;-1;-1;1;9;1
202400010013;203 964 943;155 764 127;D01;1;1;1;1;2001.0;1;1;-1;-1;0;0;-1
202400010013;203 964 945;155 764 129;A01;1;1;1;1;1989.0;1;1;-1;-1;0;0;-1
202400010013;203 964 947;155 764 131;C01;1;1;1;1;1976.0;1;1;-1;-1;0;0;-1
202400010017;203 964 932;155 764 118;A01;1;1;3;1;1971.0;1;2;6;9;0;0;-1
202400010046;203 964 874;155 764 074;A01;1;1;3;1;1989.0;5;1;-1;-1;0;0;-1
202400010046;203 964 876;155 764 076;B01;1;1;4;2;1996.0;1;1;-1;-1;0;0;-1
202400010075;203 964 813;155 764 026;A01;1;1;3;1;1970.0;5;2;6;-1;-1; -1;-1
202400010076;203 964 807;155 764 022;A01;1;1;1;1;1953.0;0;1;0;-1;-1; -1;-1
202400010076;203 964 809;155 764 024;B01;1;1;1;1;1953.0;0;8;0;-1;-1; -1;-1
202400010076;203 964 811;155 764 024;B01;2;2;3;1;2003.0;0;2;0;-1;-1; -1;-1
202400010086;203 964 786;155 764 006;B01;1;1;4;1;1974.0;1;2;6;-1;-1; -1;-1
202400010086;203 964 788;155 764 008;A01;1;1;1;1;1981.0;1;1;-1;-1;-1; -1;-1
202400010090;203 964 774;155 763 994;B01;1;1;1;1;1984.0;4;1;-1;-1;-1; -1;-1
202400010090;203 964 778;155 763 999;A01;1;1;4;1;1966.0;9;1;-1;-1;-1; -1;-1
202400010128;203 964 688;155 763 922;A01;1;1;4;1;2007.0;0;0;-1;-1;0;0;-1
202400010128;203 964 692;155 763 924;B01;1;1;1;1;1958.0;5;1;-1;-1;0;0;-1
202400010147;203 964 639;155 763 880;A01;1;1;3;1;1984.0;0;2;-1;-1;0;0;-1
202400010152;203 964 627;155 763 872;A01;1;1;4;1;1998.0;3;2;-1;-1;-1; -1;-1
202400010152;203 964 630;155 763 875;B01;1;1;1;2;1961.0;5;1;0;-1;-1; -1;-1
202400010154;203 964 625;155 763 870;A01;1;1;3;1;1979.0;0;2;6;-1;0;0;-1
202400010154;203 964 628;155 763 873;B01;9;2;1;1;2019.0;0;1;9;-1;0;0;-1
202400010154;203 964 631;155 763 873;B01;2;2;4;1;1993.0;0;1;-1;-1;0;0;-1
202400010154;203 964 633;155 763 873;B01;7;2;1;2;2021.0;0;1;8;-1;0;0;-1
202400010154;203 964 635;155 763 873;B01;1;1;4;2;1990.0;0;1;-1;-1;0;0;-1
202400010164;203 964 591;155 763 845;A01;2;2;4;1;2024.0;0;3;0;-1;-1; -1;-1
202400010164;203 964 592;155 763 845;A01;1;1;4;2;1993.0;0;1;0;-1;-1; -1;-1
202400010164;203 964 596;155 763 847;B01;1;1;4;1;1986.0;0;1;0;-1;-1; -1;-1
202400010164;203 964 599;155 763 850;C01;2;2;4;2;2012.0;0;1;0;-1;-1; -1;-1
202400010164;203 964 600;155 763 850;C01;4;2;4;1;2017.0;0;1;0;-1;-1; -1;-1
202400010164;203 964 602;155 763 850;C01;1;1;4;2;1983.0;0;1;0;-1;-1; -1;-1
202400010198;203 964 525;155 763 797;B01;1;1;1;1;1982.0;0;1;0;-1;-1; -1;-1
202400010198;203 964 532;155 763 797;B01;10;3;4;2;1972.0;9;8;8;-1;2;3;1
202400010200;203 964 511;155 763 789;A01;2;2;3;1;1965.0;4;1;-1;-1;0;0;-1
202400010200;203 964 514;155 763 789;A01;1;1;3;1;2001.0;4;1;-1;-1;0;0;-1
202400010211;203 964 478;155 763 767;B01;1;1;4;1;1993.0;0;2;0;-1;-1; -1;-1
202400010211;203 964 479;155 763 768;A01;1;1;1;2;1953.0;5;1;0;-1;-1; -1;-1
202400010222;203 964 453;155 763 748;A01;10;3;3;2;2005.0;5;0;-1;-1;5;1;1
202400010222;203 964 454;155 763 748;A01;1;1;4;1;1985.0;1;1;8;-1;-1; -1;-1
202400010241;203 964 411;155 763 719;B01;2;2;3;2;2007.0;0;2;6;-1;0;0;-1
202400010241;203 964 412;155 763 719;B01;1;1;4;1;2005.0;0;2;6;-1;0;0;-1
202400010241;203 964 413;155 763 720;A01;1;1;1;2;1969.0;0;1;-1;-1;0;0;-1
202400010241;203 964 415;155 763 720;A01;9;2;1;2;2023.0;0;1;-1;-1;0;0;-1
202400010242;203 964 405;155 763 714;A01;1;1;4;1;1988.0;0;2;-1;-1;-1; -1;-1
202400010254;203 964 380;155 763 693;A01;1;1;1;1;1996.0;1;1;-1;-1;-1; -1;-1
202400010254;203 964 383;155 763 694;B01;1;1;3;1;2003.0;2;2;-1;-1;-1; -1;-1
202400010260;203 964 370;155 763 683;B01;1;1;3;1;1959.0;5;0;-1;-1;0;0;-1
202400010260;203 964 372;155 763 685;A01;1;1;1;1;1948.0;5;1;-1;-1;0;0;-1
202400010280;203 964 319;155 763 648;A01;10;3;4;1;2005.0;2;0;-1;-1;1;2;1
202400010280;203 964 321;155 763 648;A01;1;1;1;1;2000.0;4;1;8;-1;-1; -1;-1
202400010312;203 964 236;155 763 590;A01;10;3;4;2;2007.0;2;0;-1;-1;3;3;1
202400010312;203 964 239;155 763 590;A01;1;1;1;1;1965.0;4;1;0;-1;-1; -1;-1
202400010325;203 964 213;155 763 568;B01;1;1;1;1;1955.0;0;1;-1;-1;0;0;-1
202400010325;203 964 218;155 763 573;A01;1;1;4;2;1976.0;5;2;-1;-1;0;0;-1
202400010332;203 964 196;155 763 557;A01;1;1;4;2;1986.0;9;1;-1;-1;0;0;-1
202400010332;203 964 198;155 763 559;B01;1;1;4;2;1973.0;9;1;-1;-1;0;0;-1
202400010407;203 964 026;155 763 420;B01;1;1;4;1;1989.0;9;1;0;-1;-1; -1;-1
202400010407;203 964 028;155 763 422;A01;1;1;4;1;1990.0;9;1;0;-1;-1; -1;-1
202400010414;203 964 012;155 763 407;A01;2;2;4;2;1951.0;9;1;8;-1;-1; -1;-1
202400010414;203 964 013;155 763 407;A01;1;1;3;1;1958.0;9;1;8;-1;-1; -1;-1
202400010418;203 964 001;155 763 401;A01;2;2;4;2;1982.0;0;2;0;-1;-1; -1;-1
202400010418;203 964 004;155 763 401;A01;1;1;1;1;1981.0;0;2;6;-1;-1; -1;-1
202400010418;203 964 006;155 763 404;B01;1;1;1;1;1991.0;0;1;0;-1;-1; -1;-1
202400010422;203 963 994;155 763 394;A01;1;1;4;1;1992.0;5;2;0;-1;-1; -1;-1
202400010422;203 963 995;155 763 395;B01;1;1;4;1;2003.0;0;2;0;-1;-1; -1;-1
202400010425;203 963 989;155 763 390;A01;1;1;4;2;2002.0;0;8;0;-1;-1; -1;-1
202400010435;203 963 968;155 763 374;A01;1;1;1;2;2002.0;9;1;4;-1;0;0;-1
202400010435;203 963 970;155 763 375;B01;1;1;4;1;1994.0;4;2;6;-1;0;0;-1
202400010437;203 963 965;155 763 370;A01;1;1;4;2;1941.0;5;8;-1;-1;-1; -1;-1
202400010440;203 963 958;155 763 366;A01;2;2;1;1;1984.0;5;1;8;-1;0;0;-1
202400010440;203 963 961;155 763 366;A01;1;1;4;2;1994.0;5;1;8;-1;0;0;-1
202400010442;203 963 953;155 763 361;A01;10;3;4;1;1990.0;1;0;-1;-1;3;3;1
202400010442;203 963 955;155 763 361;A01;1;1;1;1;1951.0;0;8;0;-1;-1; -1;-1
202400010446;203 963 941;155 763 354;B01;2;2;4;2;1981.0;5;1;0;-1;0;0;-1
202400010446;203 963 942;155 763 354;B01;4;2;4;1;1996.0;5;1;0;-1;0;0;-1
202400010446;203 963 943;155 763 354;B01;3;2;4;1;1985.0;5;1;0;-1;0;0;-1
202400010446;203 963 944;155 763 354;B01;1;1;4;1;1995.0;5;1;0;-1;0;0;-1
202400010446;203 963 947;155 763 357;A01;1;1;3;1;2001.0;5;1;0;-1;0;0;-1
202400010454;203 963 912;155 763 336;A01;10;3;4;2;2011.0;0;0;-1;-1;2;3;2
202400010454;203 963 913;155 763 336;A01;1;1;1;1;1972.0;0;1;0;-1;2;3;2
202400010460;203 963 885;155 763 320;C01;1;1;1;1;1988.0;4;1;0;-1;-1; -1;-1
202400010460;203 963 889;155 763 323;A01;3;2;4;1;1992.0;4;1;0;-1;-1; -1;-1
202400010460;203 963 891;155 763 323;A01;4;2;4;1;1997.0;4;1;0;-1;-1; -1;-1
202400010460;203 963 894;155 763 323;A01;1;1;4;1;1984.0;4;1;0;-1;-1; -1;-1
202400010460;203 963 895;155 763 323;A01;2;2;4;1;1968.0;4;1;0;-1;-1; -1;-1
202400010460;203 963 896;155 763 325;B01;1;1;1;1;1982.0;4;1;0;-1;-1; -1;-1
202400010461;203 963 883;155 763 318;D01;1;1;1;1;1980.0;4;1;8;-1;-1; -1;-1
202400010461;203 963 884;155 763 319;C01;1;1;1;1;1961.0;4;1;0;-1;-1; -1;-1
202400010461;203 963 887;155 763 322;A01;1;1;4;1;1965.0;1;1;8;-1;-1; -1;-1
202400010461;203 963 892;155 763 324;B01;1;1;3;1;1953.0;5;2;8;-1;-1; -1;-1
202400010500;203 963 788;155 763 246;B01;1;1;4;1;1976.0;0;2;0;-1;-1; -1;-1
202400010500;203 963 789;155 763 247;A01;1;1;1;1;1977.0;0;1;0;-1;-1; -1;-1
202400010509;203 963 768;155 763 232;A01;1;1;4;1;1999.0;1;2;6;-1;-1; -1;-1
202400010523;203 963 734;155 763 209;A01;2;2;4;2;2004.0;5;8;-1;-1;0;0;-1
202400010523;203 963 735;155 763 209;A01;1;1;4;1;2000.0;5;8;-1;-1;0;0;-1
202400010528;203 963 727;155 763 202;A01;1;1;4;1;1978.0;5;1;0;-1;-1; -1;-1
202400010528;203 963 729;155 763 205;B01;1;1;4;1;1963.0;9;2;6;-1;-1; -1;-1
202400010543;203 963 689;155 763 175;B01;1;1;1;1;1978.0;9;1;0;-1;-1; -1;-1
202400010543;203 963 691;155 763 176;A01;1;1;4;1;2005.0;1;0;0;-1;0;0;-1
202400010553;203 963 665;155 763 158;A01;1;1;4;1;1961.0;0;1;-1;-1;-1; -1;-1
202400010563;203 963 644;155 763 142;A01;1;1;4;1;1995.0;5;2;0;0;-1; -1;-1
202400010563;203 963 646;155 763 144;Z01;1;1;1;-1;;-1;8;8;8;-1; -1;-1
202400010584;203 963 596;155 763 108;B01;1;1;4;1;2006.0;5;2;6;-1;0;0;-1
202400010584;203 963 597;155 763 110;A01;1;1;1;1;1999.0;1;1;-1;-1;0;0;-1
202400010588;203 963 586;155 763 101;A01;1;1;3;1;1997.0;4;1;-1;-1;0;0;-1
202400010588;203 963 587;155 763 102;B01;7;2;3;2;1992.0;3;1;-1;-1;0;0;-1
202400010588;203 963 588;155 763 102;B01;1;1;3;1;1960.0;3;1;-1;-1;0;0;-1
202400010594;203 963 577;155 763 094;A01;1;1;3;1;1981.0;0;2;6;-1;0;0;-1
202400010596;203 963 574;155 763 092;A01;1;1;3;1;1962.0;0;2;6;-1;0;0;-1
202400010601;203 963 565;155 763 085;A01;1;1;1;2;1940.0;0;1;-1;-1;0;0;-1
202400010601;203 963 566;155 763 086;B01;1;1;2;1;1998.0;5;2;-1;-1;0;0;-1
202400010605;203 963 556;155 763 079;B01;1;1;4;1;1967.0;1;1;-1;-1;0;0;-1
202400010605;203 963 557;155 763 080;A01;1;1;1;1;1961.0;4;0;-1;-1;0;0;-1
202400010609;203 963 545;155 763 073;A01;2;2;1;1;2005.0;5;8;-1;-1;0;0;-1
202400010609;203 963 546;155 763 073;A01;7;2;3;1;2002.0;5;8;-1;-1;0;0;-1
202400010609;203 963 548;155 763 073;A01;1;1;1;1;2005.0;5;8;-1;-1;0;0;-1
202400010649;203 963 463;155 763 010;A01;1;1;2;1;1967.0;0;0;-1;-1;0;0;-1
202400010657;203 963 447;155 762 999;A01;1;1;3;1;1970.0;5;1;-1;-1;0;0;-1
202400010675;203 963 392;155 762 965;A01;1;1;4;1;1994.0;5;8;-1;-1;0;0;-1
202400010675;203 963 394;155 762 967;B01;8;2;3;2;1939.0;5;0;-1;-1;0;0;-1
202400010675;203 963 396;155 762 967;B01;2;2;2;2;1947.0;5;1;-1;-1;0;0;-1
202400010675;203 963 398;155 762 967;B01;1;1;3;1;1948.0;5;1;-1;-1;0;0;-1
202400010676;203 963 391;155 762 964;A01;1;1;1;1;1984.0;5;1;-1;-1;0;0;-1
202400010676;203 963 393;155 762 966;B01;1;1;3;2;2004.0;5;1;-1;-1;0;0;-1
202400010677;203 963 386;155 762 959;A01;1;1;1;2;1947.0;0;1;-1;-1;0;0;-1
202400010677;203 963 390;155 762 962;B01;1;1;3;1;1944.0;5;1;-1;-1;0;0;-1
202400010679;203 963 381;155 762 955;A01;1;1;2;1;1950.0;5;2;-1;-1;0;0;-1
202400010689;203 963 351;155 762 939;A01;10;3;4;1;1964.0;5;0;-1;-1;2;3;1
202400010689;203 963 352;155 762 939;A01;1;1;1;1;2006.0;5;1;-1;-1;-1; -1;-1
202400010709;203 963 297;155 762 901;C01;1;1;4;1;1995.0;4;1;0;0;-1; -1;-1
202400010709;203 963 299;155 762 903;A01;1;1;1;1;1991.0;4;1;0;0;-1; -1;-1
202400010709;203 963 301;155 762 906;B01;1;1;1;1;1967.0;5;1;0;0;-1; -1;-1
202400010724;203 963 266;155 762 877;B01;1;1;4;2;2008.0;2;0;0;-1;0;0;-1
202400010724;203 963 267;155 762 879;A01;1;1;1;1;2000.0;4;1;-1;-1;0;0;-1
202400010728;203 963 258;155 762 872;A01;1;1;4;1;1985.0;5;2;-1;-1;0;0;-1
202400010735;203 963 245;155 762 859;A01;1;1;4;2;1986.0;5;1;0;-1;-1; -1;-1
202400010735;203 963 247;155 762 861;B01;1;1;1;1;1975.0;1;1;0;-1;-1; -1;-1
202400010743;203 963 225;155 762 847;A01;10;3;4;2;2009.0;5;0;-1;-1;4;3;1
202400010743;203 963 227;155 762 847;A01;1;1;1;1;1983.0;0;1;0;-1;-1; -1;-1
202400010773;203 963 148;155 762 791;A01;1;1;3;1;1998.0;4;2;8;-1;-1; -1;-1
202400010804;203 963 065;155 762 731;A01;10;3;4;1;2024.0;0;0;0;0;3;3;1
202400010804;203 963 066;155 762 731;A01;10;3;4;1;2024.0;0;0;0;0;3;3;2
202400010804;203 963 067;155 762 731;A01;1;1;1;2;1979.0;0;1;0;0;-1; -1;-1
202400010815;203 963 041;155 762 713;B01;1;1;4;1;1985.0;1;1;0;-1;0;0;-1
202400010815;203 963 042;155 762 714;A01;1;1;1;-1;;-1;8;0;-1;0;0;-1
202400010816;203 963 040;155 762 712;A01;1;1;4;1;2002.0;5;1;0;-1;-1; -1;-1
202400010822;203 963 029;155 762 702;B01;10;3;1;1;1976.0;0;0;-1;-1;9;B;1
202400010822;203 963 030;155 762 702;B01;1;1;1;1;1988.0;5;1;8;-1;-1; -1;-1
202400010822;203 963 031;155 762 703;A01;1;1;4;1;1997.0;1;2;8;-1;-1; -1;-1
202400010823;203 963 027;155 762 701;A01;1;1;4;1;1990.0;0;1;0;-1;-1; -1;-1
202400010823;203 963 028;155 762 701;A01;10;3;2;2;1966.0;9;0;-1;-1;1;3;1
202400010839;203 962 995;155 762 676;A01;7;2;3;2;2005.0;5;8;-1;-1;0;0;-1
202400010839;203 962 996;155 762 676;A01;9;2;1;1;2002.0;5;8;-1;-1;0;0;-1
202400010839;203 962 997;155 762 676;A01;1;1;4;1;2001.0;5;8;-1;-1;0;0;-1
202400010853;203 962 957;155 762 652;A01;1;1;3;2;1961.0;5;2;6;-1;0;0;-1
202400010854;203 962 955;155 762 650;A01;1;1;1;1;1990.0;1;1;-1;-1;0;0;-1
202400010854;203 962 956;155 762 651;B01;1;1;3;1;2007.0;2;0;-1;-1;-1; -1;-1
202400010874;203 962 897;155 762 612;C01;1;1;1;1;1991.0;4;1;-1;-1;0;0;-1
202400010874;203 962 898;155 762 613;A01;2;2;4;2;1962.0;5;2;6;9;0;0;-1
202400010874;203 962 899;155 762 613;A01;1;1;4;1;1961.0;5;2;6;9;0;0;-1
202400010874;203 962 900;155 762 614;B01;1;1;1;2;1948.0;5;1;-1;-1;0;0;-1
202400010884;203 962 873;155 762 592;A01;1;1;4;1;1964.0;0;8;0;0;-1; -1;-1
202400010891;203 962 856;155 762 578;A01;1;1;1;1;2004.0;4;1;8;-1;-1; -1;-1
202400010891;203 962 857;155 762 579;B01;2;2;4;2;1993.0;5;1;8;-1;-1; -1;-1
202400010891;203 962 858;155 762 579;B01;1;1;1;1;1995.0;5;1;8;-1;-1; -1;-1
202400010905;203 962 828;155 762 558;A01;1;1;1;1;1953.0;-1;0;-1;-1;-1; -1;-1
202400010905;203 962 829;155 762 559;B01;1;1;4;2;1991.0;-1;0;-1;-1;-1; -1;-1
202400010916;203 962 803;155 762 541;A01;10;3;3;2;1950.0;3;0;-1;-1;9;3;1
202400010916;203 962 804;155 762 541;A01;1;1;1;1;1938.0;5;8;-1;-1;-1; -1;-1
202400010946;203 962 728;155 762 486;A01;1;1;4;2;1996.0;0;1;0;-1;-1; -1;-1
202400010946;203 962 730;155 762 488;B01;2;2;4;2;1953.0;0;1;0;-1;-1; -1;-1
202400010946;203 962 731;155 762 488;B01;1;1;1;1;1950.0;0;1;0;-1;-1; -1;-1
202400010946;203 962 732;155 762 489;C01;2;2;1;1;1992.0;5;1;0;-1;-1; -1;-1
202400010946;203 962 733;155 762 489;C01;4;2;1;1;2000.0;5;1;0;-1;-1; -1;-1
202400010946;203 962 734;155 762 489;C01;1;1;1;1;1977.0;5;1;0;-1;-1; -1;-1
202400010946;203 962 735;155 762 489;C01;3;2;1;1;1986.0;5;1;4;-1;-1; -1;-1
202400010947;203 962 724;155 762 483;A01;10;3;4;1;1986.0;0;8;8;-1;1;5;1
202400010947;203 962 726;155 762 483;A01;1;1;1;2;2002.0;0;1;0;-1;0;0;-1
202400010950;203 962 712;155 762 474;B01;2;2;4;1;1992.0;3;1;-1;-1;-1; -1;-1
202400010950;203 962 713;155 762 474;B01;1;1;4;1;1991.0;3;1;-1;-1;-1; -1;-1
202400010950;203 962 715;155 762 476;A01;2;2;4;2;2008.0;0;1;-1;-1;-1; -1;-1
202400010950;203 962 716;155 762 476;A01;1;1;1;1;1991.0;0;8;-1;-1;-1; -1;-1
202400010952;203 962 707;155 762 470;B01;1;1;1;2;1983.0;5;2;8;-1;-1; -1;-1
202400010952;203 962 709;155 762 470;B01;4;2;4;2;2016.0;5;2;8;-1;-1; -1;-1
202400010952;203 962 710;155 762 472;Z01;1;1;1;-1;;-1;-1;-1;-1;-1; -1;-1
202400010956;203 962 698;155 762 461;A01;1;1;4;1;1967.0;1;1;0;-1;-1; -1;-1
202400010956;203 962 701;155 762 464;B01;1;1;3;1;1996.0;5;2;6;-1;-1; -1;-1
202400010997;203 962 602;155 762 391;A01;1;1;4;2;2004.0;5;1;5;-1;-1; -1;-1
202400011025;203 962 540;155 762 344;A01;1;1;1;1;1973.0;5;8;0;-1;-1; -1;-1
202400011025;203 962 542;155 762 346;B01;1;1;4;1;1991.0;5;8;0;-1;-1; -1;-1
202400011027;203 962 535;155 762 340;A01;1;1;4;1;1986.0;9;1;0;-1;-1; -1;-1
202400011027;203 962 536;155 762 341;B01;1;1;1;1;2000.0;9;8;8;8;-1; -1;-1
202400011029;203 962 527;155 762 334;B01;1;1;4;2;1997.0;9;2;8;-1;-1; -1;-1
202400011029;203 962 529;155 762 336;A01;1;1;1;1;1935.0;9;1;8;-1;-1; -1;-1
202400011038;203 962 507;155 762 317;A01;1;1;1;1;1965.0;5;1;0;-1;-1; -1;-1
202400011038;203 962 509;155 762 319;B01;1;1;4;1;1998.0;5;2;6;-1;-1; -1;-1
202400011043;203 962 494;155 762 306;B01;1;1;4;1;1984.0;0;1;0;0;-1; -1;-1
202400011043;203 962 496;155 762 307;A01;1;1;4;2;2000.0;0;1;0;0;-1; -1;-1
202400011068;203 962 443;155 762 268;B01;1;1;1;1;1983.0;5;1;9;-1;0;0;-1
202400011068;203 962 445;155 762 270;A01;1;1;4;2;1966.0;9;1;9;-1;0;0;-1
202400011073;203 962 435;155 762 260;A01;1;1;3;1;2007.0;1;2;6;-1;0;0;-1
202400011073;203 962 437;155 762 262;B01;1;1;1;1;1996.0;1;8;-1;-1;0;0;-1
202400011078;203 962 422;155 762 250;A01;1;1;4;2;1971.0;1;1;-1;-1;0;0;-1
202400011078;203 962 426;155 762 252;B01;1;1;1;-1;;-1;-1;-1;-1;-1; -1;-1
202400011083;203 962 411;155 762 244;A01;1;1;1;2;2005.0;5;1;-1;-1;0;0;-1
202400011083;203 962 413;155 762 244;A01;2;2;3;2;2008.0;5;1;-1;-1;0;0;-1
202400011083;203 962 415;155 762 244;A01;9;2;3;2;2007.0;5;8;-1;-1;0;0;-1
202400011093;203 962 383;155 762 221;A01;1;1;1;-1;;-1;-1;-1;-1;-1; -1;-1
202400011093;203 962 385;155 762 221;A01;10;3;3;2;1949.0;5;0;-1;-1;5;2;1
202400011093;203 962 386;155 762 223;B01;1;1;1;2;1944.0;5;1;-1;-1;0;0;-1
202400011097;203 962 374;155 762 215;A01;1;1;3;2;2004.0;1;1;-1;-1;0;0;-1
202400011098;203 962 370;155 762 213;A01;2;2;4;2;1970.0;5;1;-1;-1;0;0;-1
202400011098;203 962 371;155 762 213;A01;8;2;4;2;2002.0;5;0;-1;-1;0;0;-1
202400011098;203 962 372;155 762 213;A01;1;1;1;1;1971.0;5;1;-1;-1;0;0;-1
202400011098;203 962 373;155 762 214;B01;2;2;1;1;1983.0;5;1;-1;-1;0;0;-1
202400011098;203 962 375;155 762 214;B01;9;2;4;1;2017.0;5;9;-1;-1;0;0;-1
202400011098;203 962 376;155 762 214;B01;7;2;4;2;2014.0;5;9;-1;-1;0;0;-1
202400011098;203 962 377;155 762 214;B01;1;1;4;2;1989.0;5;1;-1;-1;0;0;-1
202400011100;203 962 364;155 762 209;A01;2;2;4;2;2014.0;5;0;-1;-1;0;0;-1
202400011100;203 962 366;155 762 209;A01;1;1;1;1;1986.0;5;0;-1;-1;0;0;-1
202400011100;203 962 367;155 762 210;B01;1;1;3;1;2009.0;5;2;-1;-1;0;0;-1
202400011101;203 962 361;155 762 207;A01;1;1;4;2;1993.0;5;1;-1;-1;0;0;-1
202400011101;203 962 362;155 762 208;B01;2;2;1;2;1960.0;5;1;-1;-1;0;0;-1
202400011101;203 962 363;155 762 208;B01;7;2;1;2;1987.0;5;1;-1;-1;0;0;-1
202400011101;203 962 365;155 762 208;B01;1;1;1;1;1960.0;5;1;-1;-1;0;0;-1
202400011108;203 962 344;155 762 194;C01;1;1;1;1;1971.0;9;1;-1;-1;0;0;-1
202400011108;203 962 346;155 762 196;B01;2;2;1;1;2001.0;5;1;-1;-1;0;0;-1
202400011108;203 962 347;155 762 196;B01;1;1;3;1;2002.0;9;1;-1;-1;0;0;-1
202400011108;203 962 349;155 762 197;A01;2;2;2;2;1938.0;9;1;-1;-1;0;0;-1
202400011108;203 962 350;155 762 197;A01;1;1;3;1;1942.0;9;1;-1;-1;0;0;-1
202400011169;203 962 193;155 762 081;B01;1;1;4;1;1999.0;0;1;0;0;-1; -1;-1
202400011169;203 962 194;155 762 082;A01;1;1;1;1;2001.0;5;1;0;0;-1; -1;-1
202400011197;203 962 134;155 762 029;A01;1;1;3;1;1958.0;5;2;6;-1;0;0;-1
202400011204;203 962 117;155 762 017;B01;1;1;3;1;2006.0;5;2;-1;-1;0;0;-1
202400011204;203 962 118;155 762 018;A01;1;1;1;2;1997.0;5;1;-1;-1;0;0;-1
202400011209;203 962 109;155 762 010;A01;1;1;4;1;1979.0;-1;0;-1;-1;-1; -1;-1
202400011209;203 962 110;155 762 011;B01;1;1;4;2;1979.0;-1;0;-1;-1;-1; -1;-1
202400011210;203 962 108;155 762 009;A01;1;1;4;1;1977.0;0;8;-1;-1;0;0;-1
202400011225;203 962 078;155 761 985;A01;1;1;3;1;2008.0;5;2;6;-1;0;0;-1
202400011236;203 962 056;155 761 967;B01;1;1;1;1;1992.0;1;8;-1;-1;-1; -1;-1
202400011236;203 962 057;155 761 968;A01;1;1;4;1;1988.0;5;2;6;-1;0;0;-1
202400011260;203 962 006;155 761 923;B01;2;2;4;2;1971.0;0;1;0;-1;-1; -1;-1
202400011260;203 962 007;155 761 923;B01;1;1;4;2;1978.0;0;1;0;-1;-1; -1;-1
202400011260;203 962 008;155 761 924;C01;3;2;4;1;1974.0;0;1;0;-1;-1; -1;-1
202400011260;203 962 009;155 761 924;C01;1;1;4;1;1970.0;0;1;0;-1;-1; -1;-1
202400011260;203 962 010;155 761 925;A01;1;1;1;2;2000.0;0;1;0;-1;-1; -1;-1
202400011260;203 962 011;155 761 926;D01;1;1;1;1;2003.0;0;1;0;-1;-1; -1;-1
202400011263;203 962 000;155 761 919;A01;1;1;4;1;1981.0;0;1;0;-1;-1; -1;-1
202400011266;203 961 994;155 761 913;A01;1;1;4;1;1964.0;0;2;6;-1;-1; -1;-1
202400011266;203 961 995;155 761 914;B01;1;1;1;1;1993.0;0;1;0;-1;-1; -1;-1
202400011271;203 961 974;155 761 904;A01;4;2;1;1;2004.0;5;1;0;-1;-1; -1;-1
202400011271;203 961 976;155 761 904;A01;3;2;4;1;2006.0;5;1;0;-1;-1; -1;-1
202400011271;203 961 978;155 761 904;A01;2;2;4;1;2003.0;0;1;0;-1;-1; -1;-1
202400011271;203 961 979;155 761 904;A01;1;1;4;1;2002.0;9;1;0;-1;-1; -1;-1
202400011271;203 961 982;155 761 907;B01;1;1;4;1;1996.0;5;1;0;-1;-1; -1;-1
202400011273;203 961 968;155 761 901;A01;1;1;1;1;2005.0;9;1;0;-1;-1; -1;-1
202400011273;203 961 970;155 761 902;B01;2;2;4;2;1972.0;0;1;0;-1;-1; -1;-1
202400011273;203 961 971;155 761 902;B01;3;2;4;2;1959.0;0;1;0;-1;-1; -1;-1
202400011273;203 961 973;155 761 902;B01;1;1;1;1;1977.0;9;1;0;-1;-1; -1;-1
202400011276;203 961 965;155 761 898;B01;1;1;1;1;1978.0;0;1;0;-1;-1; -1;-1
202400011276;203 961 966;155 761 899;A01;1;1;4;2;1977.0;0;1;0;-1;-1; -1;-1
202400011300;203 961 911;155 761 852;A01;1;1;1;2;1974.0;1;1;0;-1;-1; -1;-1
202400011300;203 961 913;155 761 854;B01;1;1;2;1;1981.0;1;2;6;-1;-1; -1;-1
202400011328;203 961 850;155 761 802;A01;1;1;3;1;1947.0;5;1;0;-1;-1; -1;-1
202400011328;203 961 851;155 761 803;B01;2;2;1;1;1946.0;5;1;0;-1;-1; -1;-1
202400011328;203 961 852;155 761 803;B01;1;1;1;1;1944.0;5;1;0;-1;-1; -1;-1
202400011338;203 961 828;155 761 784;A01;1;1;1;1;1988.0;4;1;0;-1;0;0;-1
202400011338;203 961 830;155 761 786;B01;1;1;4;2;1980.0;4;-1;0;-1;0;0;-1
202400011343;203 961 820;155 761 777;A01;10;3;4;2;1995.0;5;0;-1;-1;3;3;2
202400011343;203 961 821;155 761 777;A01;1;1;1;2;1990.0;1;1;0;-1;0;0;-1
202400011355;203 961 793;155 761 758;B01;1;1;1;1;2002.0;5;1;0;-1;-1; -1;-1
202400011355;203 961 794;155 761 759;A01;1;1;4;1;1985.0;0;8;0;-1;-1; -1;-1
202400011360;203 961 783;155 761 751;A01;1;1;4;1;1997.0;5;2;8;-1;-1; -1;-1
202400011379;203 961 736;155 761 718;A01;1;1;1;1;1963.0;4;1;0;0;-1; -1;-1
202400011379;203 961 737;155 761 719;B01;1;1;4;1;2005.0;0;8;0;0;-1; -1;-1
202400011394;203 961 697;155 761 694;A01;1;1;3;1;2006.0;5;2;6;9;0;0;-1
202400011394;203 961 699;155 761 695;B01;1;1;1;1;1968.0;4;9;-1;-1;0;0;-1
202400011399;203 961 685;155 761 685;B01;1;1;4;1;1988.0;1;2;0;0;-1; -1;-1
202400011399;203 961 686;155 761 686;A01;1;1;1;1;1987.0;4;1;0;0;-1; -1;-1
202400011401;203 961 680;155 761 682;A01;10;3;4;2;1986.0;5;0;0;0;1;3;1
202400011401;203 961 682;155 761 682;A01;1;1;1;1;1992.0;1;2;6;0;-1; -1;-1
202400011403;203 961 676;155 761 678;A01;1;1;1;1;1989.0;0;2;6;0;-1; -1;-1
202400011403;203 961 678;155 761 680;B01;1;1;4;2;2002.0;0;8;0;0;-1; -1;-1
202400011450;203 961 575;155 761 599;A01;10;3;3;1;1975.0;5;0;-1;-1;5;1;1
202400011450;203 961 576;155 761 599;A01;1;1;4;1;2001.0;0;2;-1;-1;0;0;-1
202400011459;203 961 559;155 761 585;A01;1;1;3;1;2001.0;1;1;-1;-1;0;0;-1
202400011467;203 961 538;155 761 571;A01;1;1;3;1;2003.0;1;1;-1;-1;0;0;-1
202400011467;203 961 540;155 761 573;B01;1;1;1;1;1970.0;1;1;-1;-1;0;0;-1
202400011473;203 961 525;155 761 560;B01;1;1;2;1;1990.0;5;2;6;-1;0;0;-1
202400011473;203 961 527;155 761 562;A01;1;1;1;2;1984.0;9;1;-1;-1;0;0;-1
202400011477;203 961 520;155 761 556;A01;1;1;4;1;1985.0;0;8;-1;-1;0;0;-1
202400011484;203 961 499;155 761 543;A01;2;2;4;1;1976.0;5;1;-1;-1;0;0;-1
202400011484;203 961 500;155 761 543;A01;1;1;4;1;1978.0;5;1;-1;-1;0;0;-1
202400011484;203 961 502;155 761 545;B01;2;2;3;2;1973.0;5;2;6;-1;0;0;-1
202400011484;203 961 503;155 761 545;B01;1;1;3;1;1971.0;5;2;6;-1;0;0;-1
202400011485;203 961 496;155 761 541;A01;2;2;4;1;1984.0;5;1;0;-1;0;0;-1
202400011485;203 961 497;155 761 541;A01;1;1;4;1;1979.0;5;1;0;-1;0;0;-1
202400011485;203 961 498;155 761 542;B01;1;1;1;1;1974.0;5;1;0;-1;0;0;-1
202400011488;203 961 487;155 761 532;A01;1;1;4;1;1992.0;3;8;-1;-1;0;0;-1
202400011500;203 961 459;155 761 511;A01;1;1;2;1;1980.0;3;2;6;-1;0;0;-1
202400011501;203 961 458;155 761 509;A01;1;1;4;1;1977.0;0;8;-1;-1;-1; -1;-1
202400011501;203 961 460;155 761 510;B01;1;1;1;1;1959.0;0;1;-1;-1;-1; -1;-1
202400011522;203 961 405;155 761 470;A01;10;3;4;2;1974.0;5;0;-1;-1;2;3;1
202400011522;203 961 406;155 761 470;A01;1;1;1;1;1993.0;5;1;0;-1;0;0;-1
202400011533;203 961 376;155 761 447;A01;1;1;1;1;1985.0;0;1;0;-1;-1; -1;-1
202400011533;203 961 377;155 761 448;B01;2;2;4;1;1975.0;5;1;0;-1;-1; -1;-1
202400011533;203 961 379;155 761 448;B01;4;2;4;2;2010.0;5;1;0;-1;-1; -1;-1
202400011533;203 961 381;155 761 448;B01;3;2;4;2;2014.0;5;1;0;-1;-1; -1;-1
202400011533;203 961 382;155 761 448;B01;1;1;1;2;1976.0;5;1;0;-1;-1; -1;-1
202400011542;203 961 357;155 761 431;A01;1;1;4;1;2003.0;0;8;0;-1;-1; -1;-1
202400011542;203 961 359;155 761 433;B01;1;1;1;1;1986.0;9;1;0;-1;-1; -1;-1
202400011547;203 961 341;155 761 415;A01;1;1;3;1;2008.0;5;2;6;-1;0;0;-1
202400011547;203 961 343;155 761 417;B01;1;1;1;1;1991.0;5;1;-1;-1;0;0;-1
202400011547;203 961 345;155 761 418;C01;1;1;1;-1;;-1;-1;-1;-1;-1; -1;-1
202400011548;203 961 340;155 761 414;A01;1;1;4;1;2004.0;5;2;6;-1;-1; -1;-1
202400011548;203 961 342;155 761 416;B01;1;1;1;1;1985.0;1;1;-1;-1;-1; -1;-1
202400011567;203 961 281;155 761 370;A01;1;1;1;1;1973.0;4;1;0;0;-1; -1;-1
202400011567;203 961 282;155 761 371;B01;1;1;4;1;1989.0;1;2;0;0;-1; -1;-1
202400011575;203 961 262;155 761 354;B01;1;1;3;1;2003.0;9;2;6;-1;-1; -1;-1
202400011575;203 961 263;155 761 355;A01;1;1;1;1;1987.0;9;1;0;-1;-1; -1;-1
202400011579;203 961 255;155 761 348;A01;1;1;3;1;1977.0;5;2;-1;-1;0;0;-1
202400011584;203 961 243;155 761 338;A01;1;1;1;2;1947.0;0;1;0;-1;-1; -1;-1
202400011584;203 961 244;155 761 339;B01;1;1;4;1;1947.0;0;8;0;-1;-1; -1;-1
202400011598;203 961 211;155 761 315;A01;10;3;3;2;1965.0;1;0;-1;-1;3;3;1
202400011598;203 961 212;155 761 315;A01;1;1;1;1;1983.0;1;1;0;-1;-1; -1;-1
202400011635;203 961 124;155 761 251;A01;1;1;4;1;1983.0;0;2;0;0;-1; -1;-1
202400011635;203 961 125;155 761 252;B01;1;1;1;1;2000.0;0;1;0;0;-1; -1;-1
202400011646;203 961 104;155 761 236;B01;1;1;3;1;1973.0;0;2;6;-1;0;0;-1
202400011646;203 961 105;155 761 237;A01;1;1;1;1;2002.0;2;1;-1;-1;0;0;-1
202400011648;203 961 100;155 761 232;B01;1;1;3;2;1984.0;0;1;-1;-1;0;0;-1
202400011648;203 961 101;155 761 233;A01;1;1;4;1;1978.0;0;1;-1;-1;0;0;-1
202400011659;203 961 068;155 761 212;B01;2;2;4;2;1993.0;5;1;-1;-1;0;0;-1
202400011659;203 961 069;155 761 212;B01;3;2;4;2;2016.0;5;1;3;-1;0;0;-1
202400011659;203 961 070;155 761 212;B01;4;2;4;2;2018.0;5;1;3;-1;0;0;-1
202400011659;203 961 071;155 761 212;B01;1;1;4;1;1989.0;5;1;-1;-1;0;0;-1
202400011659;203 961 072;155 761 213;A01;1;1;1;1;1995.0;3;1;-1;-1;0;0;-1
202400011659;203 961 073;155 761 213;A01;9;2;1;1;1979.0;5;1;-1;-1;0;0;-1
202400011659;203 961 074;155 761 213;A01;2;2;4;2;1998.0;5;0;-1;-1;0;0;-1
202400011661;203 961 064;155 761 208;A01;1;1;2;2;1997.0;0;1;-1;-1;0;0;-1
202400011661;203 961 065;155 761 209;B01;1;1;1;1;1964.0;0;1;-1;-1;0;0;-1
202400011666;203 961 054;155 761 199;B01;1;1;1;2;1974.0;5;1;-1;-1;0;0;-1
202400011666;203 961 055;155 761 200;A01;1;1;3;1;1995.0;5;2;6;-1;0;0;-1
202400011703;203 960 973;155 761 138;A01;1;1;3;2;1995.0;0;0;-1;-1;0;0;-1
202400011703;203 960 975;155 761 140;B01;1;1;4;2;1986.0;0;1;-1;-1;0;0;-1
202400011709;203 960 961;155 761 130;A01;1;1;1;1;1976.0;1;8;0;-1;-1; -1;-1
202400011709;203 960 962;155 761 130;A01;10;3;4;2;1967.0;9;0;-1;-1;3;3;1
202400011717;203 960 945;155 761 117;A01;1;1;1;1;2002.0;4;2;6;-1;-1; -1;-1
202400011717;203 960 946;155 761 117;A01;10;3;4;1;1967.0;9;0;-1;-1;3;3;1
202400011730;203 960 917;155 761 094;A01;10;3;3;2;1970.0;5;0;-1;-1;2;1;2
202400011730;203 960 918;155 761 094;A01;1;1;1;1;1974.0;5;2;8;-1;-1; -1;-1
202400011731;203 960 914;155 761 092;A01;10;3;4;2;1994.0;0;0;-1;-1;3;3;1
202400011731;203 960 915;155 761 092;A01;1;1;1;1;1965.0;0;1;0;0;-1; -1;-1
202400011735;203 960 905;155 761 084;A01;1;1;1;1;1969.0;4;1;0;0;5;9;1
202400011735;203 960 908;155 761 084;A01;10;3;4;1;1941.0;5;0;0;0;2;3;1
202400011743;203 960 888;155 761 069;A01;10;3;4;1;1983.0;0;0;0;0;2;3;1
202400011743;203 960 889;155 761 069;A01;1;1;4;1;1985.0;1;2;6;0;-1; -1;-1
202400011747;203 960 883;155 761 064;B01;1;1;4;1;1948.0;3;2;-1;-1;0;0;-1
202400011747;203 960 885;155 761 066;A01;1;1;1;2;1941.0;3;0;-1;-1;0;0;-1
202400011752;203 960 869;155 761 055;B01;10;3;4;2;1952.0;0;0;0;0;4;3;1
202400011752;203 960 871;155 761 055;B01;1;1;1;2;1961.0;5;1;0;0;-1; -1;-1
202400011752;203 960 874;155 761 057;A01;1;1;1;1;1961.0;4;1;0;0;-1; -1;-1
202400011762;203 960 848;155 761 039;A01;1;1;1;1;1980.0;1;1;0;0;-1; -1;-1
202400011762;203 960 850;155 761 041;B01;1;1;4;1;1984.0;1;2;8;-1;-1; -1;-1
202400011763;203 960 845;155 761 036;B01;1;1;1;1;1981.0;1;1;0;-1;0;0;-1
202400011763;203 960 847;155 761 037;A01;1;1;4;2;1969.0;5;1;0;-1;0;0;-1
202400011769;203 960 831;155 761 024;A01;1;1;4;1;1995.0;1;2;6;-1;0;0;-1
202400011769;203 960 832;155 761 026;B01;1;1;1;1;1985.0;1;1;4;-1;0;0;-1
202400011772;203 960 822;155 761 021;A01;1;1;2;1;1939.0;5;0;-1;-1;0;0;-1
202400011790;203 960 777;155 760 987;A01;3;2;4;1;2007.0;0;8;0;-1;-1; -1;-1
202400011790;203 960 778;155 760 987;A01;2;2;1;1;1999.0;0;1;0;-1;-1; -1;-1
202400011790;203 960 780;155 760 987;A01;4;2;3;1;2006.0;0;8;0;-1;-1; -1;-1
202400011790;203 960 782;155 760 987;A01;1;1;3;1;2000.0;0;8;0;-1;-1; -1;-1
202400011807;203 960 738;155 760 957;A01;1;1;1;1;1991.0;4;8;0;-1;0;0;-1
202400011807;203 960 740;155 760 960;B01;1;1;4;2;1977.0;3;2;6;-1;0;0;-1
202400011837;203 960 667;155 760 906;A01;1;1;4;1;2005.0;5;2;6;-1;0;0;-1
202400011842;203 960 655;155 760 898;A01;2;2;4;2;2003.0;5;1;0;-1;-1; -1;-1
202400011842;203 960 657;155 760 898;A01;4;2;4;1;1987.0;5;1;0;-1;-1; -1;-1
202400011842;203 960 658;155 760 898;A01;3;2;4;2;2001.0;5;1;0;-1;-1; -1;-1
202400011842;203 960 659;155 760 898;A01;1;1;4;1;1999.0;5;1;0;-1;-1; -1;-1
202400011869;203 960 591;155 760 847;A01;1;1;2;1;1997.0;5;2;8;-1;-1; -1;-1
202400011873;203 960 584;155 760 840;A01;1;1;1;1;1998.0;1;1;0;0;-1; -1;-1
202400011873;203 960 585;155 760 841;B01;1;1;4;1;2001.0;1;2;6;0;-1; -1;-1
202400011876;203 960 574;155 760 834;A01;1;1;1;1;1982.0;1;1;0;0;-1; -1;-1
202400011876;203 960 576;155 760 836;B01;1;1;4;1;1965.0;1;2;6;0;-1; -1;-1
202400011888;203 960 548;155 760 813;A01;1;1;4;2;1991.0;0;8;-1;-1;-1; -1;-1
202400011894;203 960 531;155 760 801;B01;1;1;1;1;1964.0;1;8;-1;-1;-1; -1;-1
202400011894;203 960 534;155 760 804;A01;1;1;4;1;2000.0;0;8;-1;-1;-1; -1;-1
202400011911;203 960 491;155 760 773;B01;2;2;1;1;2005.0;5;1;-1;-1;0;0;-1
202400011911;203 960 492;155 760 773;B01;1;1;1;2;1975.0;5;1;-1;-1;0;0;-1
202400011911;203 960 494;155 760 775;A01;2;2;4;2;1999.0;5;2;6;9;0;0;-1
202400011911;203 960 495;155 760 775;A01;1;1;4;1;2002.0;5;2;6;9;0;0;-1
202400011918;203 960 470;155 760 760;A01;1;1;1;1;1972.0;5;1;0;-1;-1; -1;-1
202400011918;203 960 474;155 760 762;B01;1;1;4;1;1983.0;5;2;8;-1;-1; -1;-1
202400011944;203 960 414;155 760 723;A01;1;1;3;1;1960.0;5;2;6;9;0;0;-1
202400011948;203 960 403;155 760 716;A01;1;1;3;1;1986.0;5;2;6;-1;-1; -1;-1
202400011948;203 960 405;155 760 718;B01;2;2;1;1;1965.0;4;1;8;-1;-1; -1;-1
202400011948;203 960 406;155 760 718;B01;1;1;1;1;1977.0;4;1;8;-1;-1; -1;-1
202400011961;203 960 368;155 760 691;A01;1;1;4;1;1997.0;4;1;0;-1;0;0;-1
202400011968;203 960 349;155 760 677;B01;1;1;1;2;1969.0;4;1;-1;-1;0;0;-1
202400011968;203 960 351;155 760 678;A01;1;1;4;1;1993.0;5;2;6;-1;0;0;-1
202400011981;203 960 330;155 760 659;A01;7;2;3;1;2015.0;5;8;-1;-1;0;0;-1
202400011981;203 960 331;155 760 659;A01;1;1;3;1;1978.0;5;1;-1;-1;0;0;-1
202400011994;203 960 296;155 760 637;A01;2;2;1;1;2004.0;5;1;-1;-1;0;0;-1
202400011994;203 960 299;155 760 637;A01;1;1;3;1;2005.0;5;1;-1;-1;0;0;-1
202400012038;203 960 194;155 760 557;A01;1;1;1;1;1977.0;9;2;0;0;-1; -1;-1
202400012038;203 960 196;155 760 559;B01;1;1;4;1;2003.0;0;2;8;0;-1; -1;-1
202400012051;203 960 163;155 760 532;A01;1;1;4;1;1987.0;0;2;6;-1;0;0;-1
202400012052;203 960 159;155 760 529;A01;1;1;4;1;1986.0;0;2;6;0;-1; -1;-1
202400012053;203 960 156;155 760 528;A01;2;2;4;1;2016.0;5;3;-1;-1;0;0;-1
202400012053;203 960 157;155 760 528;A01;7;2;3;2;2020.0;5;3;-1;-1;0;0;-1
202400012053;203 960 158;155 760 528;A01;1;1;4;2;1990.0;5;1;-1;-1;0;0;-1
202400012053;203 960 160;155 760 530;B01;9;2;3;1;2020.0;5;3;-1;-1;0;0;-1
202400012053;203 960 161;155 760 530;B01;1;1;4;1;1991.0;5;1;-1;-1;0;0;-1
202400012054;203 960 153;155 760 525;B01;1;1;1;1;1985.0;5;1;8;-1;-1; -1;-1
202400012054;203 960 155;155 760 527;A01;1;1;3;1;1973.0;0;2;6;-1;-1; -1;-1
202400012059;203 960 143;155 760 516;A01;1;1;3;1;1973.0;4;1;-1;-1;0;0;-1
202400012065;203 960 132;155 760 508;A01;1;1;3;1;1992.0;1;2;6;0;-1; -1;-1
202400012065;203 960 133;155 760 509;B01;1;1;1;1;1960.0;0;1;0;0;-1; -1;-1
202400012083;203 960 088;155 760 479;A01;2;2;1;2;1985.0;4;1;0;-1;0;0;-1
202400012083;203 960 089;155 760 479;A01;5;2;1;1;1987.0;4;1;0;-1;0;0;-1
202400012083;203 960 091;155 760 479;A01;10;3;3;2;1957.0;5;0;-1;-1;4;3;1
202400012083;203 960 092;155 760 479;A01;1;1;1;1;1990.0;4;1;0;-1;0;0;-1
202400012084;203 960 086;155 760 477;A01;1;1;4;1;1963.0;5;0;-1;-1;0;0;-1
202400012084;203 960 087;155 760 478;B01;1;1;1;1;1999.0;0;1;-1;-1;0;0;-1
202400012103;203 960 026;155 760 441;A01;2;2;3;1;2004.0;5;1;-1;-1;0;0;-1
202400012103;203 960 027;155 760 441;A01;7;2;3;1;2008.0;5;1;-1;-1;0;0;-1
202400012103;203 960 028;155 760 441;A01;9;2;3;2;2007.0;5;1;-1;-1;0;0;-1
202400012103;203 960 029;155 760 441;A01;8;2;3;2;2009.0;5;1;-1;-1;0;0;-1
202400012103;203 960 030;155 760 441;A01;1;1;3;1;2004.0;5;1;-1;-1;0;0;-1
202400012118;203 959 993;155 760 415;A01;10;3;2;2;1935.0;9;0;-1;-1;2;3;1
202400012118;203 959 995;155 760 415;A01;1;1;1;1;2000.0;9;2;6;-1;-1; -1;-1
202400012158;203 959 907;155 760 349;Z01;1;1;1;-1;;-1;-1;-1;-1;-1; -1;-1
202400012158;203 959 909;155 760 349;Z01;10;3;4;2;2005.0;9;8;8;-1;3;3;1
202400012170;203 959 871;155 760 325;B01;1;1;3;2;1996.0;0;8;0;-1;-1; -1;-1
202400012170;203 959 874;155 760 327;A01;1;1;1;1;1989.0;0;1;0;-1;-1; -1;-1
202400012180;203 959 848;155 760 305;B01;1;1;4;2;1998.0;1;8;8;0;-1; -1;-1
202400012180;203 959 850;155 760 307;A01;1;1;1;-1;;-1;8;8;8;-1; -1;-1
202400012209;203 959 785;155 760 255;A01;1;1;4;2;2002.0;5;8;0;-1;-1; -1;-1
202400012215;203 959 770;155 760 244;B01;2;2;1;2;1999.0;5;2;-1;-1;0;0;-1
202400012215;203 959 772;155 760 244;B01;1;1;4;1;1996.0;5;2;-1;-1;0;0;-1
202400012215;203 959 774;155 760 247;A01;1;1;1;1;1980.0;4;1;5;-1;0;0;-1
202400012253;203 959 679;155 760 178;A01;1;1;4;2;2006.0;5;1;-1;-1;0;0;-1
202400012258;203 959 669;155 760 169;A01;10;3;3;2;1954.0;3;8;8;-1;4;3;1
202400012258;203 959 671;155 760 169;A01;1;1;1;2;1949.0;5;1;0;-1;4;3;1
202400012262;203 959 663;155 760 163;A01;1;1;1;1;1988.0;0;8;-1;-1;0;0;-1
202400012262;203 959 665;155 760 165;B01;1;1;4;2;1997.0;9;1;-1;-1;0;0;-1
202400012284;203 959 610;155 760 128;A01;1;1;1;1;2002.0;5;1;-1;-1;0;0;-1
202400012284;203 959 613;155 760 131;B01;1;1;3;1;2003.0;5;2;6;-1;0;0;-1
202400012320;203 959 529;155 760 063;B01;1;1;2;2;1955.0;5;1;0;-1;0;0;-1
202400012320;203 959 531;155 760 065;A01;1;1;1;1;1996.0;4;1;0;-1;0;0;-1
202400012323;203 959 523;155 760 058;A01;1;1;4;1;1996.0;5;8;0;-1;0;0;-1
202400012341;203 959 476;155 760 024;B01;1;1;4;1;2008.0;2;8;0;-1;-1; -1;-1
202400012341;203 959 479;155 760 027;Z01;1;1;1;-1;;-1;-1;-1;-1;-1; -1;-1
202400012341;203 959 483;155 760 030;A01;1;1;1;2;1983.0;4;1;0;-1;-1; -1;-1
202400012348;203 959 461;155 760 013;B01;1;1;1;2;1964.0;4;1;0;-1;-1; -1;-1
202400012348;203 959 463;155 760 015;A01;1;1;3;1;1973.0;0;8;0;-1;-1; -1;-1
202400012355;203 959 444;155 759 999;A01;1;1;3;1;1959.0;0;1;-1;-1;0;0;-1
202400012359;203 959 431;155 759 993;A01;8;2;4;1;2006.0;5;1;-1;-1;0;0;-1
202400012359;203 959 434;155 759 993;A01;7;2;4;1;2005.0;5;1;-1;-1;0;0;-1
202400012359;203 959 436;155 759 993;A01;9;2;4;1;2005.0;5;1;-1;-1;0;0;-1
202400012359;203 959 438;155 759 993;A01;2;2;4;1;2006.0;5;1;-1;-1;0;0;-1
202400012359;203 959 439;155 759 993;A01;5;2;4;1;2005.0;5;0;-1;-1;0;0;-1
202400012359;203 959 440;155 759 993;A01;1;1;1;1;2005.0;5;1;-1;-1;0;0;-1
202400012377;203 959 389;155 759 966;A01;1;1;4;2;2003.0;9;1;8;-1;-1; -1;-1
202400012377;203 959 392;155 759 969;B01;1;1;4;2;1998.0;0;1;8;-1;-1; -1;-1
202400012386;203 959 365;155 759 950;B01;1;1;1;2;1997.0;5;1;-1;-1;0;0;-1
202400012386;203 959 366;155 759 952;A01;1;1;3;1;1950.0;0;1;-1;-1;0;0;-1
202400012386;203 959 369;155 759 952;A01;2;2;4;2;1946.0;0;1;-1;-1;0;0;-1
202400012396;203 959 329;155 759 930;A01;1;2;3;2;1989.0;5;1;-1;-1;0;0;-1
202400012396;203 959 332;155 759 930;A01;4;2;4;1;2023.0;5;1;-1;-1;0;0;-1
202400012396;203 959 335;155 759 930;A01;2;1;4;1;1992.0;5;1;-1;-1;0;0;-1
202400012396;203 959 336;155 759 934;B01;1;1;4;1;1977.0;1;1;-1;-1;0;0;-1
202400012404;203 959 308;155 759 918;A01;9;2;3;1;2005.0;5;1;-1;-1;0;0;-1
202400012404;203 959 311;155 759 918;A01;2;2;1;1;2005.0;5;1;-1;-1;0;0;-1
202400012404;203 959 313;155 759 918;A01;1;1;1;1;2005.0;5;1;-1;-1;0;0;-1
202400012423;203 959 245;155 759 880;A01;4;2;4;1;1998.0;4;1;0;-1;-1; -1;-1
202400012423;203 959 246;155 759 880;A01;2;2;4;1;1973.0;4;1;0;-1;-1; -1;-1
202400012423;203 959 247;155 759 880;A01;1;1;4;1;2000.0;4;1;0;-1;-1; -1;-1
202400012423;203 959 251;155 759 883;B01;2;2;4;1;1999.0;0;1;0;-1;-1; -1;-1
202400012423;203 959 252;155 759 883;B01;1;1;1;1;2001.0;0;1;0;-1;-1; -1;-1
202400012427;203 959 234;155 759 870;A01;1;1;4;1;1991.0;0;1;0;-1;-1; -1;-1
202400012427;203 959 235;155 759 871;B01;1;1;4;1;1998.0;0;1;0;-1;-1; -1;-1
202400012429;203 959 223;155 759 863;A01;2;2;1;1;2005.0;0;8;0;-1;-1; -1;-1
202400012429;203 959 224;155 759 863;A01;4;2;1;2;2004.0;0;8;0;-1;-1; -1;-1
202400012429;203 959 226;155 759 863;A01;1;1;1;1;2005.0;0;8;0;-1;-1; -1;-1
202400012429;203 959 228;155 759 866;B01;1;1;4;2;2001.0;9;2;8;-1;-1; -1;-1
202400012436;203 959 203;155 759 852;A01;2;2;1;1;2007.0;0;8;0;-1;-1; -1;-1
202400012436;203 959 204;155 759 852;A01;1;1;1;1;2005.0;5;8;0;-1;-1; -1;-1
202400012436;203 959 207;155 759 855;B01;1;1;3;1;2019.0;0;8;0;-1;-1; -1;-1
202400012441;203 959 193;155 759 845;B01;1;1;3;1;2008.0;1;2;6;-1;0;0;-1
202400012441;203 959 195;155 759 846;A01;1;1;1;2;1998.0;3;1;-1;-1;0;0;-1
202400012458;203 959 145;155 759 811;A01;10;3;4;2;1991.0;9;0;-1;-1;3;3;1
202400012458;203 959 148;155 759 811;A01;1;1;1;1;1986.0;1;8;0;-1;0;0;-1
202400012473;203 959 114;155 759 788;A01;10;3;4;2;1961.0;3;0;-1;-1;3;2;1
202400012473;203 959 115;155 759 788;A01;1;1;1;1;1998.0;0;8;0;-1;-1; -1;-1
202400012475;203 959 111;155 759 786;A01;10;3;4;2;1999.0;0;0;-1;-1;3;3;1
202400012475;203 959 112;155 759 786;A01;1;1;1;2;2001.0;0;1;8;-1;-1; -1;-1
202400012482;203 959 095;155 759 773;A01;1;1;1;2;1983.0;4;8;0;-1;-1; -1;-1
202400012482;203 959 098;155 759 777;B01;1;1;4;1;1952.0;5;8;0;-1;-1; -1;-1
202400012496;203 959 062;155 759 752;B01;2;2;4;2;1954.0;0;1;8;-1;-1; -1;-1
202400012496;203 959 063;155 759 752;B01;1;1;4;1;1979.0;0;1;8;-1;-1; -1;-1
202400012496;203 959 066;155 759 754;A01;1;1;1;2;1966.0;0;1;8;-1;-1; -1;-1
202400012507;203 959 040;155 759 734;B01;1;1;1;1;1980.0;2;1;-1;-1;-1; -1;-1
202400012507;203 959 042;155 759 736;A01;2;2;4;1;2006.0;5;8;-1;-1;-1; -1;-1
202400012507;203 959 045;155 759 736;A01;1;1;4;1;2006.0;5;8;-1;-1;-1; -1;-1
202400012511;203 959 031;155 759 726;A01;1;1;1;1;1987.0;1;1;-1;-1;-1; -1;-1
202400012511;203 959 035;155 759 730;B01;1;1;4;2;2002.0;0;1;-1;-1;-1; -1;-1
202400012511;203 959 036;155 759 730;B01;2;2;4;2;1997.0;0;1;-1;-1;-1; -1;-1
202400012523;203 959 006;155 759 707;A01;1;1;4;1;1998.0;5;1;-1;-1;-1; -1;-1
202400012545;203 958 953;155 759 669;B01;1;1;4;1;1992.0;1;2;-1;-1;0;0;-1
202400012545;203 958 954;155 759 671;A01;1;1;1;1;1957.0;1;1;-1;-1;0;0;-1
202400012545;203 958 956;155 759 671;A01;2;2;1;2;1965.0;1;0;-1;-1;0;0;-1
202400012548;203 958 946;155 759 665;A01;7;2;3;2;2005.0;5;1;-1;-1;0;0;-1
202400012548;203 958 949;155 759 665;A01;2;2;3;2;2009.0;5;0;-1;-1;0;0;-1
202400012548;203 958 950;155 759 665;A01;9;2;4;2;2006.0;5;1;-1;-1;0;0;-1
202400012548;203 958 952;155 759 665;A01;1;1;4;1;2000.0;5;1;-1;-1;0;0;-1
202400012552;203 958 932;155 759 657;A01;1;1;4;1;2006.0;5;0;-1;-1;0;0;-1
202400012552;203 958 936;155 759 660;B01;2;2;1;1;1991.0;4;1;-1;-1;0;0;-1
202400012552;203 958 938;155 759 660;B01;1;1;1;1;1989.0;4;1;-1;-1;0;0;-1
202400012571;203 958 887;155 759 624;A01;2;2;4;1;2004.0;0;1;0;0;-1; -1;-1
202400012571;203 958 890;155 759 624;A01;1;1;4;1;1996.0;0;1;0;0;-1; -1;-1
202400012571;203 958 892;155 759 628;B01;1;1;1;1;1993.0;0;1;0;0;-1; -1;-1
202400012605;203 958 816;155 759 570;A01;2;2;4;1;2006.0;5;1;-1;-1;-1; -1;-1
202400012605;203 958 817;155 759 570;A01;1;1;1;1;2002.0;5;1;-1;-1;-1; -1;-1
202400012605;203 958 818;155 759 572;B01;1;1;1;1;1979.0;5;1;0;-1;-1; -1;-1
202400012617;203 958 788;155 759 547;A01;1;1;4;1;1985.0;5;1;5;-1;-1; -1;-1
202400012636;203 958 738;155 759 508;A01;1;1;1;1;1980.0;0;1;0;-1;-1; -1;-1
202400012636;203 958 740;155 759 510;B01;1;1;4;1;1976.0;5;2;6;-1;-1; -1;-1
202400012649;203 958 690;155 759 481;A01;1;1;4;1;1936.0;5;1;-1;-1;0;0;-1
202400012682;203 958 618;155 759 427;A01;1;1;4;1;1986.0;5;2;6;9;0;0;-1
202400012688;203 958 606;155 759 417;A01;1;1;3;2;1967.0;-1;0;-1;-1;-1; -1;-1
202400012688;203 958 607;155 759 418;B01;1;1;1;2;1959.0;-1;0;-1;-1;-1; -1;-1
202400012691;203 958 596;155 759 410;B01;10;3;1;1;1999.0;0;0;-1;-1;9;3;1
202400012691;203 958 597;155 759 410;B01;1;1;4;1;1990.0;5;1;0;-1;-1; -1;-1
202400012691;203 958 599;155 759 412;A01;2;2;4;1;2008.0;5;1;0;-1;-1; -1;-1
202400012691;203 958 600;155 759 412;A01;3;2;4;2;2008.0;5;1;0;-1;-1; -1;-1
202400012691;203 958 602;155 759 412;A01;1;1;4;1;1981.0;5;1;0;-1;-1; -1;-1
202400012693;203 958 590;155 759 406;B01;1;2;1;2;1994.0;5;1;-1;-1;0;0;-1
202400012693;203 958 592;155 759 406;B01;2;1;1;1;1995.0;5;1;-1;-1;0;0;-1
202400012693;203 958 594;155 759 409;A01;2;2;1;1;1983.0;5;1;-1;-1;0;0;-1
202400012693;203 958 595;155 759 409;A01;1;1;3;2;1995.0;5;1;-1;-1;0;0;-1
202400012703;203 958 571;155 759 389;A01;1;1;1;1;2000.0;0;1;0;-1;0;0;-1
202400012703;203 958 575;155 759 392;B01;1;1;4;1;2000.0;4;2;6;-1;0;0;-1
202400012712;203 958 553;155 759 376;A01;10;3;3;2;2010.0;2;0;-1;-1;4;3;1
202400012712;203 958 554;155 759 376;A01;1;1;3;1;1966.0;1;2;0;-1;0;0;-1
202400012725;203 958 530;155 759 355;A01;1;1;1;1;1977.0;1;1;8;-1;-1; -1;-1
202400012725;203 958 532;155 759 357;B01;1;1;4;2;1997.0;1;2;8;-1;-1; -1;-1
202400012734;203 958 504;155 759 341;A01;1;1;4;2;2005.0;5;1;0;-1;-1; -1;-1
202400012734;203 958 507;155 759 343;B01;4;2;4;2;1996.0;5;1;8;-1;-1; -1;-1
202400012734;203 958 508;155 759 343;B01;3;2;4;1;2024.0;5;3;8;-1;-1; -1;-1
202400012734;203 958 509;155 759 343;B01;2;2;1;1;1979.0;5;1;8;-1;-1; -1;-1
202400012734;203 958 511;155 759 343;B01;1;1;1;1;1991.0;5;1;8;-1;-1; -1;-1
202400012737;203 958 500;155 759 338;A01;1;1;3;1;2009.0;5;2;-1;-1;0;0;-1
202400012737;203 958 501;155 759 339;B01;1;1;1;1;1971.0;4;8;-1;-1;0;0;-1
202400012754;203 958 452;155 759 310;A01;1;1;3;1;2007.0;4;2;8;-1;-1; -1;-1
202400012754;203 958 454;155 759 311;B01;1;1;4;1;1998.0;0;2;8;-1;-1; -1;-1
202400012758;203 958 442;155 759 303;A01;1;1;1;2;1992.0;5;8;0;-1;-1; -1;-1
202400012758;203 958 445;155 759 304;B01;1;1;4;1;1971.0;0;8;0;-1;-1; -1;-1
202400012782;203 958 395;155 759 264;A01;1;1;4;1;1985.0;1;1;0;-1;-1; -1;-1
202400012782;203 958 396;155 759 265;B01;1;1;4;2;1996.0;1;1;0;-1;-1; -1;-1
202400012791;203 958 377;155 759 250;A01;3;2;4;1;2009.0;2;1;0;-1;-1; -1;-1
202400012791;203 958 378;155 759 250;A01;1;1;4;1;1949.0;4;1;0;-1;-1; -1;-1
202400012825;203 958 298;155 759 187;A01;1;1;1;1;1985.0;0;1;5;-1;-1; -1;-1
202400012825;203 958 299;155 759 188;B01;1;1;4;1;1999.0;1;1;0;-1;-1; -1;-1
202400012831;203 958 283;155 759 176;B01;2;2;4;2;1998.0;0;1;0;-1;-1; -1;-1
202400012831;203 958 284;155 759 176;B01;1;1;4;1;1997.0;0;1;0;-1;-1; -1;-1
202400012831;203 958 285;155 759 176;B01;3;2;4;2;2017.0;0;1;0;-1;-1; -1;-1
202400012831;203 958 286;155 759 177;A01;1;1;1;2;1962.0;0;1;0;-1;-1; -1;-1
202400012832;203 958 281;155 759 174;B01;1;1;4;2;1989.0;0;1;0;-1;-1; -1;-1
202400012832;203 958 282;155 759 175;A01;1;1;4;1;1989.0;0;1;0;-1;-1; -1;-1
202400012839;203 958 266;155 759 164;A01;10;3;4;2;1989.0;9;0;-1;-1;2;3;1
202400012839;203 958 267;155 759 164;A01;1;1;1;1;1973.0;9;1;0;-1;-1; -1;-1
202400012863;203 958 216;155 759 123;A01;9;2;1;2;2022.0;5;3;-1;-1;0;0;-1
202400012863;203 958 217;155 759 123;A01;7;2;1;1;2017.0;5;0;-1;-1;0;0;-1
202400012863;203 958 218;155 759 123;A01;1;1;3;1;1990.0;5;0;-1;-1;0;0;-1
202400012863;203 958 219;155 759 124;B01;1;1;4;1;1968.0;5;0;-1;-1;0;0;-1
202400012871;203 958 203;155 759 111;B01;1;1;1;1;1947.0;5;1;-1;-1;0;0;-1
202400012871;203 958 204;155 759 112;A01;1;1;3;1;1992.0;5;2;6;-1;0;0;-1
202400012891;203 958 152;155 759 074;A01;1;1;2;1;1998.0;5;2;-1;-1;0;0;-1
202400012893;203 958 149;155 759 072;A01;2;2;4;2;2004.0;5;1;-1;-1;0;0;-1
202400012893;203 958 150;155 759 072;A01;1;1;3;2;2004.0;5;1;-1;-1;0;0;-1
202400012893;203 958 151;155 759 073;B01;1;1;4;1;1962.0;1;1;-1;-1;0;0;-1
202400012901;203 958 136;155 759 062;A01;1;1;3;1;2000.0;1;8;-1;-1;0;0;-1
202400012914;203 958 102;155 759 035;A01;1;1;3;1;1980.0;1;1;-1;-1;0;0;-1
202400012914;203 958 103;155 759 036;B01;1;1;4;1;1994.0;5;2;6;-1;0;0;-1
202400012916;203 958 100;155 759 033;A01;1;1;2;1;1992.0;5;2;6;9;0;0;-1
202400012916;203 958 101;155 759 034;B01;1;1;4;2;1978.0;4;1;-1;-1;0;0;-1
202400012929;203 958 068;155 759 007;A01;1;1;1;2;1992.0;4;1;8;-1;-1; -1;-1
202400012929;203 958 069;155 759 008;C01;1;1;1;1;1970.0;9;1;8;-1;-1; -1;-1
202400012929;203 958 070;155 759 009;B01;2;2;4;2;1942.0;5;1;8;-1;-1; -1;-1
202400012929;203 958 071;155 759 009;B01;1;1;1;1;1940.0;5;1;8;-1;-1; -1;-1
202400012935;203 958 054;155 758 995;A01;1;1;4;1;1997.0;0;1;-1;-1;-1; -1;-1
202400012937;203 958 050;155 758 992;A01;1;1;3;1;1950.0;5;2;6;-1;-1; -1;-1
202400012937;203 958 052;155 758 994;B01;1;1;1;1;1966.0;1;1;-1;-1;-1; -1;-1
202400012950;203 958 020;155 758 968;A01;1;1;1;1;2003.0;1;1;-1;-1;-1; -1;-1
202400012950;203 958 024;155 758 971;B01;2;2;4;2;2009.0;0;1;-1;-1;-1; -1;-1
202400012950;203 958 026;155 758 971;B01;1;1;4;2;1975.0;0;1;-1;-1;-1; -1;-1
202400012956;203 958 004;155 758 955;A01;1;1;1;1;2001.0;5;1;0;-1;-1; -1;-1
202400012956;203 958 006;155 758 956;B01;1;1;4;1;2007.0;9;2;6;-1;-1; -1;-1
202400012957;203 958 001;155 758 952;A01;1;1;3;1;1996.0;0;2;0;-1;-1; -1;-1
202400012957;203 958 002;155 758 953;B01;1;1;1;1;1957.0;0;1;-1;-1;-1; -1;-1
202400012987;203 957 935;155 758 899;A01;1;1;4;2;1971.0;0;1;8;-1;-1; -1;-1
202400012994;203 957 923;155 758 889;A01;10;3;2;2;1946.0;5;0;-1;-1;4;3;1
202400012994;203 957 924;155 758 889;A01;1;1;1;1;2004.0;1;1;0;-1;-1; -1;-1
202400013031;203 957 835;155 758 817;A01;2;2;3;2;1999.0;0;2;6;-1;-1; -1;-1
202400013031;203 957 836;155 758 817;A01;1;1;1;1;1996.0;0;2;6;-1;-1; -1;-1
202400013031;203 957 837;155 758 818;B01;1;1;4;2;1965.0;9;1;0;-1;-1; -1;-1
202400013041;203 957 815;155 758 802;B01;1;1;1;1;1985.0;0;1;0;0;-1; -1;-1
202400013041;203 957 816;155 758 803;A01;1;1;4;1;1971.0;5;2;0;0;-1; -1;-1
202400013048;203 957 800;155 758 789;A01;1;1;2;1;1960.0;5;1;5;-1;0;0;-1
202400013063;203 957 774;155 758 766;A01;1;1;1;1;1994.0;1;1;-1;-1;0;0;-1
202400013063;203 957 775;155 758 767;B01;1;1;3;1;1967.0;0;0;-1;-1;0;0;-1
202400013083;203 957 738;155 758 733;A01;1;1;1;1;2005.0;0;1;0;-1;-1; -1;-1
202400013083;203 957 739;155 758 734;B01;1;1;4;1;1983.0;0;1;0;-1;-1; -1;-1
202400013099;203 957 701;155 758 702;A01;1;1;4;1;1991.0;1;2;0;0;-1; -1;-1
202400013099;203 957 702;155 758 703;B01;1;1;1;1;1996.0;9;1;0;0;-1; -1;-1
202400013151;203 957 585;155 758 604;A01;10;3;4;1;2012.0;0;0;-1;-1;2;3;1
202400013151;203 957 586;155 758 604;A01;1;1;1;2;1957.0;5;1;0;-1;-1; -1;-1
202400013152;203 957 580;155 758 599;A01;1;1;3;1;2003.0;1;2;6;-1;-1; -1;-1
202400013152;203 957 582;155 758 601;B01;1;1;1;1;1944.0;3;1;0;-1;-1; -1;-1
202400013154;203 957 577;155 758 596;A01;1;1;1;1;1962.0;5;1;8;-1;-1; -1;-1
202400013154;203 957 579;155 758 598;B01;1;1;4;2;1976.0;1;2;6;-1;-1; -1;-1
202400013178;203 957 523;155 758 558;Z01;10;3;3;2;1974.0;0;0;-1;-1;8;9;3
202400013178;203 957 524;155 758 558;Z01;10;3;1;2;1934.0;0;0;-1;-1;8;2;3
202400013178;203 957 525;155 758 558;Z01;10;3;4;1;1962.0;0;0;-1;-1;8;1;3
202400013178;203 957 526;155 758 558;Z01;1;1;1;1;2002.0;5;8;0;-1;-1; -1;-1
202400013206;203 957 467;155 758 515;Z01;1;1;1;-1;;-1;-1;-1;-1;-1; -1;-1
202400013206;203 957 468;155 758 515;Z01;10;3;4;1;2004.0;5;8;8;-1;4;3;2
202400013237;203 957 400;155 758 463;A01;3;2;1;1;2022.0;0;1;0;-1;-1; -1;-1
202400013237;203 957 401;155 758 463;A01;1;1;1;2;1993.0;0;1;0;-1;-1; -1;-1
202400013237;203 957 403;155 758 465;B01;1;1;4;2;2000.0;0;1;0;-1;-1; -1;-1
202400013239;203 957 398;155 758 461;B01;1;1;4;2;2001.0;0;8;0;0;-1; -1;-1
202400013239;203 957 399;155 758 462;A01;1;1;1;1;2003.0;5;1;0;0;-1; -1;-1
202400013252;203 957 370;155 758 436;A01;1;1;3;1;2003.0;0;1;-1;-1;0;0;-1
202400013254;203 957 363;155 758 432;A01;1;1;4;2;1962.0;5;1;-1;-1;0;0;-1
202400013254;203 957 364;155 758 433;B01;2;2;4;2;1960.0;5;1;-1;-1;0;0;-1
202400013254;203 957 365;155 758 433;B01;1;1;4;1;1957.0;5;1;-1;-1;0;0;-1
202400013254;203 957 367;155 758 435;C01;1;1;4;2;2001.0;0;1;-1;-1;0;0;-1
202400013268;203 957 332;155 758 410;A01;1;1;4;1;1999.0;1;2;6;-1;0;0;-1
202400013271;203 957 325;155 758 405;A01;1;1;3;2;1962.0;5;1;-1;-1;0;0;-1
202400013271;203 957 326;155 758 406;B01;1;1;3;1;1963.0;9;1;-1;-1;0;0;-1
202400013271;203 957 328;155 758 406;B01;2;2;3;1;2010.0;9;1;-1;-1;0;0;-1
202400013288;203 957 288;155 758 378;A01;10;3;3;2;1946.0;5;0;-1;-1;6;9;1
202400013288;203 957 290;155 758 378;A01;1;1;1;1;1957.0;5;1;-1;-1;0;0;-1
202400013290;203 957 286;155 758 376;A01;1;1;4;1;1992.0;5;1;-1;-1;0;0;-1
202400013296;203 957 272;155 758 366;A01;1;1;2;1;1983.0;5;2;6;-1;0;0;-1
202400013298;203 957 265;155 758 362;A01;2;2;1;1;2004.0;5;1;-1;-1;0;0;-1
202400013298;203 957 266;155 758 362;A01;1;1;1;1;2002.0;5;1;-1;-1;0;0;-1
202400013298;203 957 267;155 758 363;B01;7;2;4;2;2010.0;5;1;-1;-1;0;0;-1
202400013298;203 957 269;155 758 363;B01;9;2;4;2;1964.0;5;1;-1;-1;0;0;-1
202400013298;203 957 270;155 758 363;B01;1;1;4;1;1978.0;5;1;-1;-1;0;0;-1
202400013299;203 957 263;155 758 360;B01;1;1;1;1;1998.0;5;1;0;0;-1; -1;-1
202400013299;203 957 264;155 758 361;A01;1;1;4;1;1997.0;4;2;0;0;-1; -1;-1
202400013313;203 957 231;155 758 332;A01;1;1;3;1;1998.0;0;2;-1;-1;0;0;-1
202400013326;203 957 201;155 758 311;A01;1;1;4;2;2004.0;1;2;6;-1;0;0;-1
202400013329;203 957 194;155 758 306;A01;1;1;4;1;1991.0;5;2;-1;-1;0;0;-1
202400013329;203 957 195;155 758 307;B01;1;1;1;1;1994.0;5;1;-1;-1;0;0;-1
202400013338;203 957 180;155 758 293;B01;1;1;1;2;1985.0;1;1;-1;-1;-1; -1;-1
202400013338;203 957 183;155 758 294;A01;1;1;4;1;1984.0;1;2;6;-1;-1; -1;-1
202400013343;203 957 165;155 758 283;A01;2;2;1;2;2006.0;0;1;-1;-1;0;0;-1
202400013343;203 957 167;155 758 283;A01;9;2;1;2;2008.0;0;1;-1;-1;0;0;-1
202400013343;203 957 168;155 758 283;A01;1;1;1;2;1977.0;0;1;-1;-1;0;0;-1
202400013343;203 957 169;155 758 284;B01;2;2;4;2;1985.0;0;1;-1;-1;0;0;-1
202400013343;203 957 170;155 758 284;B01;1;1;1;1;1979.0;0;1;-1;-1;0;0;-1
202400013353;203 957 146;155 758 266;B01;1;1;4;1;2007.0;5;0;-1;-1;0;0;-1
202400013353;203 957 147;155 758 267;A01;1;1;4;1;2008.0;5;2;-1;-1;0;0;-1
202400013368;203 957 117;155 758 241;B01;1;1;3;1;2003.0;0;2;0;-1;-1; -1;-1
202400013368;203 957 119;155 758 243;A01;1;1;1;-1;;-1;-1;-1;-1;-1; -1;-1
202400013371;203 957 108;155 758 235;A01;1;1;1;1;1980.0;1;1;0;-1;-1; -1;-1
202400013371;203 957 110;155 758 237;B01;2;2;1;1;2011.0;0;1;0;-1;-1; -1;-1
202400013371;203 957 112;155 758 237;B01;3;2;1;1;2014.0;0;1;0;-1;-1; -1;-1
202400013371;203 957 113;155 758 237;B01;4;2;1;2;2017.0;0;1;0;-1;-1; -1;-1
202400013371;203 957 114;155 758 237;B01;1;1;4;2;1975.0;0;1;0;-1;-1; -1;-1
202400013371;203 957 115;155 758 239;C01;1;1;1;1;1948.0;0;1;0;-1;-1; -1;-1
202400013374;203 957 102;155 758 231;A01;1;1;1;1;1983.0;9;1;0;-1;-1; -1;-1
202400013374;203 957 103;155 758 231;A01;10;3;4;1;2006.0;9;0;-1;-1;2;3;1
202400013376;203 957 098;155 758 227;B01;1;1;4;1;2007.0;9;8;0;-1;-1; -1;-1
202400013376;203 957 099;155 758 228;A01;1;1;1;2;1986.0;9;1;0;-1;-1; -1;-1
202400013379;203 957 091;155 758 223;A01;10;3;1;1;1943.0;0;0;-1;-1;2;3;2
202400013379;203 957 093;155 758 223;A01;10;3;3;1;1947.0;9;0;-1;-1;2;3;2
202400013379;203 957 094;155 758 223;A01;1;1;1;1;1987.0;1;1;-1;-1;0;0;-1
202400013399;203 957 039;155 758 187;A01;1;1;4;1;1976.0;4;1;-1;-1;0;0;-1
202400013399;203 957 040;155 758 188;B01;2;2;4;2;2002.0;5;1;-1;-1;0;0;-1
202400013399;203 957 041;155 758 188;B01;9;2;4;2;1968.0;5;1;-1;-1;0;0;-1
202400013399;203 957 042;155 758 188;B01;1;1;1;1;1959.0;5;1;-1;-1;0;0;-1
202400013421;203 956 992;155 758 149;A01;1;1;4;1;1985.0;1;1;0;-1;-1; -1;-1
202400013421;203 956 993;155 758 150;B01;1;1;4;1;1989.0;1;1;0;-1;-1; -1;-1
202400013421;203 956 994;155 758 151;C01;1;1;1;2;1976.0;1;1;0;-1;-1; -1;-1
202400013421;203 956 996;155 758 153;Z01;1;1;1;1;2002.0;5;1;0;-1;-1; -1;-1
202400013427;203 956 979;155 758 138;A01;1;1;1;2;2002.0;0;1;0;-1;-1; -1;-1
202400013427;203 956 982;155 758 141;B01;1;1;4;1;1966.0;0;2;0;-1;-1; -1;-1
202400013452;203 956 924;155 758 095;A01;10;3;4;2;1984.0;0;0;-1;-1;3;3;1
202400013452;203 956 925;155 758 095;A01;1;1;1;2;1987.0;0;1;0;-1;-1; -1;-1
202400013453;203 956 921;155 758 093;B01;1;1;4;2;2002.0;9;1;5;-1;-1; -1;-1
202400013453;203 956 923;155 758 094;A01;1;1;4;1;1999.0;0;1;5;-1;-1; -1;-1
202400013459;203 956 910;155 758 084;B01;1;1;4;2;1974.0;4;1;0;-1;-1; -1;-1
202400013459;203 956 911;155 758 085;A01;1;1;4;1;1969.0;4;1;0;-1;-1; -1;-1
202400013502;203 956 809;155 758 001;A01;1;1;4;1;2008.0;0;2;6;-1;-1; -1;-1
202400013506;203 956 799;155 757 993;A01;2;2;2;2;1944.0;0;1;8;-1;-1; -1;-1
202400013506;203 956 800;155 757 993;A01;1;1;2;1;1942.0;9;1;8;-1;-1; -1;-1
202400013507;203 956 797;155 757 991;B01;1;1;2;1;1955.0;5;2;8;-1;-1; -1;-1
202400013507;203 956 798;155 757 992;A01;1;1;1;1;1968.0;5;1;0;-1;-1; -1;-1
202400013512;203 956 788;155 757 982;A01;1;1;1;1;1983.0;1;1;0;-1;-1; -1;-1
202400013512;203 956 789;155 757 983;B01;1;1;4;2;1985.0;1;8;0;-1;-1; -1;-1
202400013525;203 956 754;155 757 955;A01;3;2;4;1;2022.0;0;3;8;-1;-1; -1;-1
202400013525;203 956 755;155 757 955;A01;1;1;4;2;1991.0;0;1;8;-1;-1; -1;-1
202400013525;203 956 756;155 757 956;B01;1;1;1;-1;;-1;-1;-1;-1;-1; -1;-1
202400013539;203 956 712;155 757 923;A01;1;1;4;1;1993.0;0;1;0;0;-1; -1;-1
202400013540;203 956 711;155 757 922;A01;1;1;4;2;1996.0;0;1;0;-1;-1; -1;-1
202400013540;203 956 713;155 757 924;B01;1;1;1;1;1987.0;4;1;0;-1;-1; -1;-1
202400013540;203 956 714;155 757 924;B01;4;2;4;2;2000.0;0;8;0;-1;-1; -1;-1
202400013540;203 956 715;155 757 924;B01;2;2;4;2;1980.0;0;8;0;-1;-1; -1;-1
202400013540;203 956 716;155 757 924;B01;3;2;4;2;1990.0;0;8;0;-1;-1; -1;-1
202400013543;203 956 703;155 757 916;Z01;10;3;4;2;1947.0;5;8;8;-1;3;3;1
202400013543;203 956 704;155 757 916;Z01;1;1;1;1;1968.0;0;8;0;-1;-1; -1;-1
202400013562;203 956 661;155 757 885;A01;10;3;3;1;1969.0;0;0;-1;-1;3;3;1
202400013562;203 956 662;155 757 885;A01;1;1;1;1;2002.0;0;1;0;-1;-1; -1;-1
202400013587;203 956 598;155 757 840;B01;1;1;4;1;1950.0;5;2;8;-1;-1; -1;-1
202400013587;203 956 599;155 757 841;A01;1;1;1;1;1985.0;4;1;8;-1;-1; -1;-1
202400013589;203 956 592;155 757 837;A01;1;1;1;2;1952.0;0;1;0;-1;0;0;-1
202400013589;203 956 593;155 757 838;B01;2;2;4;2;1989.0;0;0;0;-1;0;0;-1
202400013589;203 956 594;155 757 838;B01;4;2;4;1;1972.0;0;0;0;-1;0;0;-1
202400013589;203 956 595;155 757 838;B01;1;1;1;1;1975.0;4;1;0;-1;0;0;-1
202400013601;203 956 567;155 757 818;A01;1;1;1;2;1979.0;0;1;0;-1;-1; -1;-1
202400013601;203 956 568;155 757 819;B01;1;1;3;1;1985.0;1;2;6;-1;-1; -1;-1
202400013610;203 956 543;155 757 799;A01;10;3;1;1;1990.0;0;0;-1;-1;4;B;2
202400013610;203 956 544;155 757 799;A01;10;3;1;2;1990.0;0;0;-1;-1;4;B;2
202400013610;203 956 546;155 757 799;A01;1;1;1;2;1956.0;5;1;0;-1;-1; -1;-1
202400013610;203 956 548;155 757 802;B01;1;1;4;1;2005.0;0;8;0;-1;-1; -1;-1
202400013612;203 956 536;155 757 794;B01;1;1;4;1;1949.0;3;8;-1;-1;0;0;-1
202400013612;203 956 538;155 757 796;A01;1;1;1;2;1977.0;5;1;-1;-1;0;0;-1
202400013619;203 956 520;155 757 782;B01;1;1;4;1;1999.0;5;2;6;-1;-1; -1;-1
202400013619;203 956 521;155 757 783;Z01;1;1;1;-1;;-1;-1;-1;-1;-1; -1;-1
202400013625;203 956 509;155 757 774;B01;1;1;4;2;1984.0;1;1;-1;-1;-1; -1;-1
202400013625;203 956 510;155 757 775;A01;1;1;1;2;1997.0;4;1;-1;-1;-1; -1;-1
202400013632;203 956 491;155 757 762;A01;2;2;4;1;2005.0;0;2;6;-1;-1; -1;-1
202400013632;203 956 493;155 757 762;A01;1;1;1;1;2003.0;0;2;6;-1;-1; -1;-1
202400013632;203 956 494;155 757 763;B01;1;1;1;1;2003.0;0;1;0;-1;-1; -1;-1
202400013638;203 956 477;155 757 750;A01;1;1;4;2;2005.0;2;1;0;-1;-1; -1;-1
202400013650;203 956 450;155 757 730;A01;2;2;4;2;2004.0;0;1;0;-1;-1; -1;-1
202400013650;203 956 451;155 757 730;A01;1;1;4;2;2004.0;0;1;0;-1;-1; -1;-1
202400013650;203 956 454;155 757 733;B01;1;1;4;2;1992.0;0;1;0;-1;-1; -1;-1
202400013650;203 956 457;155 757 735;Z01;1;1;1;-1;;-1;-1;-1;-1;-1; -1;-1
202400013661;203 956 422;155 757 711;A01;1;1;1;1;1982.0;5;1;0;-1;-1; -1;-1
202400013661;203 956 423;155 757 712;B01;1;1;2;1;1950.0;5;2;4;-1;-1; -1;-1
202400013665;203 956 413;155 757 703;A01;1;1;1;2;1999.0;0;1;0;-1;0;0;-1
202400013665;203 956 415;155 757 705;B01;1;1;3;2;1979.0;0;8;0;-1;0;0;-1
202400013677;203 956 378;155 757 680;Z01;1;1;1;-1;;9;-1;-1;-1;-1; -1;-1
202400013677;203 956 379;155 757 681;A01;1;1;4;1;1976.0;9;8;0;-1;-1; -1;-1
202400013696;203 956 338;155 757 648;A01;3;2;1;1;2015.0;5;1;0;-1;-1; -1;-1
202400013696;203 956 339;155 757 648;A01;1;1;1;1;1987.0;5;8;0;-1;-1; -1;-1
202400013696;203 956 340;155 757 649;B01;3;2;4;2;1997.0;0;1;0;-1;-1; -1;-1
202400013696;203 956 341;155 757 649;B01;1;1;4;1;1980.0;0;1;5;-1;-1; -1;-1
202400013701;203 956 329;155 757 641;A01;2;2;4;2;1984.0;1;1;0;-1;-1; -1;-1
202400013701;203 956 331;155 757 641;A01;1;1;4;1;1971.0;1;1;0;-1;-1; -1;-1
202400013710;203 956 306;155 757 622;A01;2;2;3;2;1945.0;5;1;-1;-1;0;0;-1
202400013710;203 956 308;155 757 622;A01;1;1;4;1;1943.0;5;1;-1;-1;0;0;-1
202400013710;203 956 310;155 757 624;B01;1;1;1;-1;;-1;-1;-1;-1;-1; -1;-1
202400013729;203 956 253;155 757 587;A01;10;3;4;2;1931.0;0;0;0;0;4;3;1
202400013729;203 956 254;155 757 587;A01;1;1;1;1;1999.0;4;1;0;0;-1; -1;-1
202400013735;203 956 244;155 757 579;A01;1;1;4;2;1990.0;0;1;0;0;-1; -1;-1
202400013753;203 956 208;155 757 553;B01;1;1;4;1;1993.0;0;2;0;0;-1; -1;-1
202400013753;203 956 211;155 757 554;Z01;1;1;1;-1;;-1;8;8;8;-1; -1;-1
202400013794;203 956 109;155 757 479;B01;1;1;4;1;1989.0;1;1;-1;-1;0;0;-1
202400013794;203 956 112;155 757 481;A01;1;1;1;1;1995.0;1;1;-1;-1;0;0;-1
202400013819;203 956 047;155 757 434;A01;1;1;4;1;1973.0;1;1;-1;-1;0;0;-1
202400013819;203 956 050;155 757 436;B01;1;1;4;2;1963.0;3;1;-1;-1;0;0;-1
202400013833;203 956 020;155 757 414;B01;2;2;4;2;2003.0;5;1;-1;-1;0;0;-1
202400013833;203 956 021;155 757 414;B01;1;1;3;1;1994.0;5;1;-1;-1;0;0;-1
202400013833;203 956 024;155 757 417;A01;1;1;1;1;2000.0;4;1;-1;-1;0;0;-1
202400013846;203 955 988;155 757 391;A01;2;2;1;1;2001.0;0;1;-1;-1;-1; -1;-1
202400013846;203 955 989;155 757 391;A01;1;1;1;1;1967.0;0;1;-1;-1;-1; -1;-1
202400013846;203 955 990;155 757 392;B01;2;2;1;1;2001.0;0;1;-1;-1;-1; -1;-1
202400013846;203 955 992;155 757 392;B01;1;1;4;1;2006.0;0;1;-1;-1;-1; -1;-1
202400013858;203 955 963;155 757 370;B01;1;1;1;1;1976.0;4;1;-1;-1;0;0;-1
202400013858;203 955 965;155 757 371;C01;1;1;4;1;1960.0;5;2;4;6;0;0;-1
202400013858;203 955 969;155 757 374;A01;1;1;1;1;1983.0;4;1;-1;-1;0;0;-1
202400013858;203 955 970;155 757 374;A01;2;2;1;2;1981.0;4;1;-1;-1;0;0;-1
202400013877;203 955 912;155 757 335;A01;10;3;3;2;1952.0;3;0;-1;-1;2;3;1
202400013877;203 955 913;155 757 335;A01;1;1;1;2;1985.0;5;8;-1;-1;0;0;-1
202400013890;203 955 880;155 757 312;A01;1;1;4;1;1999.0;0;2;6;-1;-1; -1;-1
202400013890;203 955 881;155 757 315;B01;1;1;1;1;1973.0;0;1;8;-1;-1; -1;-1
202400013898;203 955 865;155 757 299;B01;1;1;1;1;2001.0;9;1;0;-1;-1; -1;-1
202400013898;203 955 868;155 757 301;A01;1;1;4;1;1963.0;0;1;0;-1;-1; -1;-1
202400013905;203 955 839;155 757 282;A01;1;1;1;1;1997.0;0;1;0;-1;-1; -1;-1
202400013905;203 955 840;155 757 283;B01;1;1;4;1;1980.0;1;1;0;-1;-1; -1;-1
202400013907;203 955 834;155 757 278;B01;1;1;4;1;1997.0;0;1;0;0;-1; -1;-1
202400013907;203 955 835;155 757 279;A01;1;1;1;1;1977.0;0;1;0;0;-1; -1;-1
202400013907;203 955 837;155 757 281;C01;1;1;4;2;1963.0;0;1;0;0;-1; -1;-1
202400013910;203 955 826;155 757 271;A01;1;1;1;1;1967.0;3;1;-1;-1;-1; -1;-1
202400013910;203 955 829;155 757 274;B01;1;1;4;1;2000.0;0;2;-1;-1;-1; -1;-1
202400013912;203 955 820;155 757 267;A01;1;1;4;1;1999.0;4;1;0;-1;-1; -1;-1
202400013912;203 955 823;155 757 268;B01;1;1;3;1;1965.0;4;1;0;-1;-1; -1;-1
202400013913;203 955 821;155 757 266;B01;10;3;3;1;2005.0;9;0;-1;-1;1;3;1
202400013913;203 955 822;155 757 266;B01;1;1;1;2;1978.0;0;1;-1;-1;1;3;1
202400013915;203 955 808;155 757 259;B01;1;1;1;1;1990.0;4;1;1;-1;-1; -1;-1
202400013915;203 955 812;155 757 260;A01;2;2;2;1;1994.0;1;1;5;-1;-1; -1;-1
202400013915;203 955 814;155 757 260;A01;1;1;4;1;2000.0;1;1;5;-1;-1; -1;-1
202400013925;203 955 764;155 757 239;A01;1;1;1;1;1986.0;5;1;-1;-1;-1; -1;-1
202400013925;203 955 767;155 757 240;B01;1;1;4;1;2004.0;5;2;8;-1;-1; -1;-1
202400013950;203 955 684;155 757 190;B01;1;1;1;1;1983.0;0;1;0;-1;-1; -1;-1
202400013950;203 955 689;155 757 198;A01;1;1;4;1;1995.0;0;2;6;-1;-1; -1;-1
202400013965;203 955 647;155 757 162;A01;1;1;1;1;2006.0;1;2;6;-1;0;0;-1
202400013965;203 955 649;155 757 162;A01;2;2;4;1;1993.0;1;2;6;-1;0;0;-1
202400013967;203 955 645;155 757 161;A01;1;1;1;1;1943.0;0;1;8;-1;-1; -1;-1
202400013967;203 955 650;155 757 164;B01;1;1;4;1;1974.0;9;2;8;-1;-1; -1;-1
202400013996;203 955 582;155 757 110;A01;1;1;4;2;1996.0;1;2;-1;-1;-1; -1;-1
202400013996;203 955 584;155 757 112;B01;1;1;1;1;1965.0;0;1;0;-1;-1; -1;-1
202400014002;203 955 561;155 757 099;A01;10;3;4;2;2013.0;2;0;-1;-1;3;3;2
202400014002;203 955 565;155 757 099;A01;1;1;1;1;1971.0;1;1;0;-1;0;0;-1
202400014006;203 955 553;155 757 093;A01;1;1;1;1;1996.0;0;1;0;0;-1; -1;-1
202400014006;203 955 557;155 757 096;B01;1;1;3;1;2000.0;4;2;6;-1;-1; -1;-1
202400014019;203 955 520;155 757 070;A01;1;1;1;-1;;-1;-1;-1;-1;-1; -1;-1
202400014019;203 955 522;155 757 071;B01;1;1;4;2;1945.0;5;1;8;-1;-1; -1;-1
202400014020;203 955 517;155 757 068;A01;2;2;3;2;2001.0;0;0;-1;-1;0;0;-1
202400014020;203 955 518;155 757 068;A01;1;1;2;2;2001.0;9;0;-1;-1;0;0;-1
202400014030;203 955 494;155 757 054;A01;1;1;3;1;1954.0;5;8;-1;-1;0;0;-1
202400014030;203 955 497;155 757 054;A01;2;2;1;2;2016.0;5;3;-1;-1;0;0;-1
202400014030;203 955 500;155 757 057;B01;1;1;1;1;1976.0;9;0;-1;-1;0;0;-1
202400014033;203 955 489;155 757 050;A01;1;1;3;1;1936.0;0;1;-1;-1;0;0;-1
202400014050;203 955 442;155 757 023;A01;1;1;2;1;1960.0;5;1;5;-1;0;0;-1
202400014050;203 955 446;155 757 023;A01;2;2;1;2;1955.0;5;1;5;-1;0;0;-1
202400014068;203 955 394;155 756 988;A01;1;1;1;1;2006.0;1;1;0;-1;-1; -1;-1
202400014068;203 955 398;155 756 991;B01;1;1;4;1;1999.0;1;2;6;-1;-1; -1;-1
202400014077;203 955 377;155 756 974;A01;10;3;4;2;2009.0;2;0;-1;-1;1;3;1
202400014077;203 955 378;155 756 974;A01;1;1;1;2;1987.0;0;1;8;-1;-1; -1;-1
202400014082;203 955 364;155 756 966;A01;1;1;1;1;2003.0;5;1;-1;-1;0;0;-1
202400014082;203 955 368;155 756 969;B01;1;1;3;1;2005.0;0;2;6;-1;0;0;-1
202400014091;203 955 347;155 756 950;A01;1;1;4;1;1998.0;1;2;6;-1;-1; -1;-1
202400014096;203 955 335;155 756 939;A01;1;1;1;1;1996.0;5;1;-1;-1;0;0;-1
202400014096;203 955 337;155 756 941;B01;1;1;3;2;1951.0;5;1;-1;-1;0;0;-1
202400014098;203 955 330;155 756 934;Z01;1;1;1;1;2000.0;9;8;0;-1;-1; -1;-1
202400014098;203 955 333;155 756 937;A01;1;1;4;1;2001.0;5;2;6;-1;-1; -1;-1
202400014105;203 955 316;155 756 923;A01;1;1;4;1;2007.0;5;2;6;-1;0;0;-1
202400014105;203 955 317;155 756 923;A01;2;2;4;2;2004.0;5;2;6;-1;0;0;-1
202400014105;203 955 321;155 756 926;B01;1;1;1;1;1974.0;5;1;-1;-1;0;0;-1
202400014112;203 955 300;155 756 909;A01;1;1;4;1;1967.0;1;1;-1;-1;0;0;-1
202400014112;203 955 302;155 756 912;B01;1;1;1;1;2001.0;5;1;-1;-1;0;0;-1
202400014112;203 955 305;155 756 914;C01;1;1;1;1;1967.0;5;1;-1;-1;0;0;-1
202400014130;203 955 256;155 756 876;A01;1;1;1;1;1990.0;4;1;8;-1;-1; -1;-1
202400014130;203 955 260;155 756 879;B01;1;1;4;2;2001.0;0;1;8;-1;-1; -1;-1
202400014145;203 955 222;155 756 850;A01;1;1;1;1;2001.0;0;1;0;-1;-1; -1;-1
202400014145;203 955 225;155 756 853;B01;1;1;4;1;2003.0;3;2;6;-1;-1; -1;-1
202400014147;203 955 218;155 756 847;A01;1;1;4;2;1965.0;0;1;0;-1;-1; -1;-1
202400014166;203 955 175;155 756 812;B01;1;1;4;2;1994.0;0;1;5;-1;-1; -1;-1
202400014166;203 955 178;155 756 815;A01;2;2;4;2;2000.0;0;1;0;-1;-1; -1;-1
202400014166;203 955 179;155 756 815;A01;1;1;4;2;2000.0;0;1;5;-1;-1; -1;-1
202400014182;203 955 139;155 756 787;A01;1;1;1;1;1988.0;0;1;-1;-1;-1; -1;-1
202400014182;203 955 142;155 756 789;B01;1;1;4;1;2009.0;2;0;-1;-1;0;0;-1
202400014184;203 955 135;155 756 785;A01;1;1;1;1;1983.0;4;1;-1;-1;0;0;-1
202400014184;203 955 136;155 756 785;A01;10;3;3;1;1968.0;4;0;-1;-1;6;A;1
202400014193;203 955 103;155 756 768;A01;1;1;3;1;1990.0;0;1;-1;-1;0;0;-1
202400014199;203 955 091;155 756 762;A01;10;3;3;1;1946.0;5;0;-1;-1;4;1;1
202400014199;203 955 092;155 756 762;A01;1;1;1;1;1975.0;5;8;0;-1;-1; -1;-1
202400014234;203 955 003;155 756 697;A01;1;1;4;1;1995.0;5;8;0;-1;-1; -1;-1
202400014234;203 955 004;155 756 698;B01;1;1;1;1;1983.0;9;1;0;-1;-1; -1;-1
202400014278;203 954 900;155 756 623;A01;10;3;4;1;1945.0;5;0;8;-1;1;3;1
202400014278;203 954 902;155 756 623;A01;1;1;1;1;1982.0;1;2;6;-1;0;0;-1
202400014280;203 954 894;155 756 620;A01;1;1;1;-1;;-1;-1;-1;-1;0;0;-1
202400014280;203 954 897;155 756 620;A01;10;3;4;2;2001.0;5;8;8;-1;4;3;1
202400014296;203 954 851;155 756 582;A01;1;1;1;1;1995.0;0;1;0;-1;0;0;-1
202400014296;203 954 852;155 756 584;B01;10;3;1;2;1978.0;0;0;-1;-1;5;1;1
202400014296;203 954 855;155 756 584;B01;1;1;4;2;1982.0;1;1;0;-1;-1; -1;-1
202400014300;203 954 836;155 756 573;A01;1;1;1;1;1974.0;9;1;0;-1;-1; -1;-1
202400014300;203 954 838;155 756 576;B01;1;1;4;1;1963.0;0;0;-1;-1;-1; -1;-1
202400014305;203 954 826;155 756 566;A01;1;1;4;1;2002.0;5;1;-1;-1;-1; -1;-1
202400014340;203 954 738;155 756 504;B01;10;3;4;2;2005.0;0;0;-1;-1;5;1;3
202400014340;203 954 739;155 756 504;B01;1;1;3;1;1998.0;0;2;0;-1;-1; -1;-1
202400014340;203 954 741;155 756 504;B01;10;3;4;2;2019.0;0;0;-1;-1;5;1;3
202400014340;203 954 742;155 756 504;B01;3;2;3;1;2002.0;0;2;0;-1;-1; -1;-1
202400014340;203 954 745;155 756 508;A01;1;1;3;1;1987.0;0;8;0;-1;-1; -1;-1
202400014349;203 954 716;155 756 488;B01;1;1;4;2;1983.0;5;1;0;-1;-1; -1;-1
202400014349;203 954 718;155 756 490;A01;1;1;1;1;1995.0;5;1;0;-1;-1; -1;-1
202400014367;203 954 676;155 756 458;A01;1;1;3;1;2002.0;0;2;8;-1;0;0;-1
202400014367;203 954 679;155 756 460;B01;1;1;1;1;1965.0;5;1;8;-1;0;0;-1
202400014396;203 954 608;155 756 407;C01;1;1;1;1;1995.0;4;1;-1;-1;0;0;-1
202400014396;203 954 609;155 756 408;A01;3;2;3;1;2019.0;5;1;3;-1;0;0;-1
202400014396;203 954 611;155 756 408;A01;2;2;4;2;2014.0;5;1;-1;-1;0;0;-1
202400014396;203 954 612;155 756 408;A01;1;1;4;2;1989.0;5;1;-1;-1;0;0;-1
202400014396;203 954 616;155 756 413;B01;1;1;1;2;1964.0;4;1;-1;-1;0;0;-1
202400014431;203 954 530;155 756 350;A01;1;1;2;1;2002.0;1;2;-1;-1;0;0;-1
202400014432;203 954 527;155 756 348;A01;1;1;1;2;1954.0;5;1;-1;-1;-1; -1;-1
202400014432;203 954 529;155 756 349;B01;1;1;4;1;1985.0;4;2;-1;-1;-1; -1;-1
202400014468;203 954 433;155 756 285;A01;2;2;3;2;1953.0;5;1;-1;-1;0;0;-1
202400014468;203 954 434;155 756 285;A01;1;1;1;1;1950.0;5;1;-1;-1;0;0;-1
202400014468;203 954 437;155 756 287;B01;1;1;4;2;1945.0;5;1;-1;-1;0;0;-1
202400014476;203 954 418;155 756 276;A01;10;3;4;1;1968.0;5;0;-1;-1;3;6;1
202400014476;203 954 419;155 756 276;A01;1;1;1;1;2000.0;0;1;0;-1;-1; -1;-1
202400014479;203 954 408;155 756 270;A01;5;2;1;1;2001.0;5;8;-1;-1;0;0;-1
202400014479;203 954 410;155 756 270;A01;4;2;3;1;2001.0;5;8;-1;-1;0;0;-1
202400014479;203 954 411;155 756 270;A01;3;2;1;1;2002.0;5;8;-1;-1;0;0;-1
202400014479;203 954 412;155 756 270;A01;1;1;1;1;2002.0;5;8;-1;-1;0;0;-1
202400014496;203 954 372;155 756 240;A01;2;2;3;2;2003.0;5;1;-1;-1;0;0;-1
202400014496;203 954 373;155 756 240;A01;9;2;1;1;2001.0;5;1;-1;-1;0;0;-1
202400014496;203 954 375;155 756 240;A01;1;1;1;1;2001.0;5;1;-1;-1;0;0;-1
202400014500;203 954 363;155 756 232;A01;1;1;4;2;1995.0;0;1;-1;-1;0;0;-1
202400014500;203 954 367;155 756 234;B01;1;1;1;1;1992.0;4;1;-1;-1;0;0;-1
202400014512;203 954 330;155 756 209;B01;1;1;1;1;2001.0;5;1;-1;-1;0;0;-1
202400014512;203 954 333;155 756 211;A01;2;2;4;1;1961.0;5;8;-1;-1;0;0;-1
202400014512;203 954 335;155 756 211;A01;3;2;4;2;1971.0;5;8;-1;-1;0;0;-1
202400014512;203 954 336;155 756 211;A01;4;2;2;2;1967.0;5;1;-1;-1;0;0;-1
202400014512;203 954 338;155 756 211;A01;1;1;1;1;1961.0;5;1;-1;-1;0;0;-1
202400014515;203 954 323;155 756 203;B01;1;1;4;2;1974.0;0;1;-1;-1;0;0;-1
202400014515;203 954 325;155 756 205;A01;1;1;1;1;1996.0;5;1;-1;-1;0;0;-1
202400014522;203 954 301;155 756 191;A01;9;2;4;1;2011.0;5;1;-1;-1;0;0;-1
202400014522;203 954 302;155 756 191;A01;7;2;3;2;2010.0;5;1;-1;-1;0;0;-1
202400014522;203 954 303;155 756 191;A01;2;2;4;1;1984.0;5;1;-1;-1;0;0;-1
202400014522;203 954 305;155 756 191;A01;1;1;1;1;1986.0;5;1;-1;-1;0;0;-1
202400014528;203 954 283;155 756 177;A01;1;1;1;1;1945.0;3;1;0;-1;-1; -1;-1
202400014528;203 954 287;155 756 181;B01;1;1;4;1;1960.0;3;8;0;-1;-1; -1;-1
202400014529;203 954 282;155 756 176;A01;1;1;1;1;1959.0;5;1;-1;-1;0;0;-1
202400014529;203 954 285;155 756 179;B01;1;1;2;1;1970.0;5;2;6;-1;0;0;-1
202400014530;203 954 279;155 756 175;A01;2;2;1;1;2001.0;5;0;-1;-1;0;0;-1
202400014530;203 954 280;155 756 175;A01;3;2;1;1;2000.0;5;0;-1;-1;0;0;-1
202400014530;203 954 281;155 756 175;A01;1;1;3;1;1994.0;5;0;-1;-1;0;0;-1
202400014534;203 954 271;155 756 169;A01;1;1;3;1;1972.0;0;1;5;-1;0;0;-1
202400014534;203 954 274;155 756 170;B01;1;1;3;2;1962.0;1;1;5;-1;0;0;-1
202400014544;203 954 251;155 756 151;B01;1;1;1;1;2000.0;1;1;4;-1;-1; -1;-1
202400014544;203 954 255;155 756 156;A01;1;1;4;2;1969.0;4;1;4;-1;-1; -1;-1
202400014555;203 954 222;155 756 132;B01;1;1;1;1;1948.0;0;1;-1;-1;0;0;-1
202400014555;203 954 225;155 756 135;A01;1;1;3;2;1964.0;5;2;6;-1;0;0;-1
202400014555;203 954 227;155 756 136;C01;2;2;1;1;1981.0;9;1;-1;-1;0;0;-1
202400014555;203 954 229;155 756 136;C01;1;1;1;1;1985.0;9;1;-1;-1;0;0;-1
202400014559;203 954 209;155 756 123;A01;1;1;4;1;2003.0;1;1;0;-1;-1; -1;-1
202400014559;203 954 211;155 756 125;B01;1;1;1;1;2000.0;1;1;0;-1;-1; -1;-1
202400014575;203 954 176;155 756 098;A01;2;2;1;1;2014.0;0;1;-1;-1;-1; -1;-1
202400014575;203 954 178;155 756 098;A01;1;1;1;1;1977.0;0;1;-1;-1;-1; -1;-1
202400014575;203 954 179;155 756 100;B01;2;2;4;2;1963.0;0;1;-1;-1;-1; -1;-1
202400014575;203 954 180;155 756 100;B01;1;1;1;1;1963.0;0;1;-1;-1;-1; -1;-1
202400014586;203 954 150;155 756 079;A01;1;1;4;2;1990.0;1;1;0;0;-1; -1;-1
202400014586;203 954 152;155 756 080;B01;1;1;4;1;2002.0;0;1;0;0;-1; -1;-1
202400014596;203 954 126;155 756 062;A01;1;1;4;1;1994.0;5;2;6;-1;-1; -1;-1
202400014598;203 954 125;155 756 060;A01;1;1;4;1;1998.0;1;2;8;-1;-1; -1;-1
202400014598;203 954 127;155 756 061;B01;1;1;1;1;1964.0;0;1;8;-1;-1; -1;-1
202400014618;203 954 080;155 756 026;A01;1;1;1;1;1979.0;1;2;8;0;-1; -1;-1
202400014618;203 954 081;155 756 026;A01;10;3;3;2;1967.0;9;0;0;0;4;3;1
202400014632;203 954 051;155 756 006;B01;1;1;4;1;1952.0;5;8;0;-1;0;0;-1
202400014632;203 954 052;155 756 007;A01;1;1;1;1;1994.0;0;1;0;-1;0;0;-1
202400014652;203 953 992;155 755 968;B01;4;2;4;1;2014.0;5;1;0;-1;0;0;-1
202400014652;203 953 993;155 755 968;B01;1;1;1;1;1986.0;5;1;0;-1;0;0;-1
202400014652;203 953 994;155 755 969;A01;2;2;4;1;2006.0;5;1;0;-1;0;0;-1
202400014652;203 953 995;155 755 969;A01;1;1;4;2;2006.0;5;1;0;-1;0;0;-1
202400014669;203 953 954;155 755 941;A01;1;1;1;1;1961.0;5;1;0;-1;-1; -1;-1
202400014669;203 953 955;155 755 942;B01;1;1;4;1;1980.0;0;0;0;-1;-1; -1;-1
202400014674;203 953 938;155 755 928;B01;1;1;1;1;1996.0;9;1;0;0;-1; -1;-1
202400014674;203 953 939;155 755 929;A01;1;1;4;2;2003.0;9;1;0;0;-1; -1;-1
202400014683;203 953 920;155 755 915;A01;1;1;3;1;1973.0;5;2;6;9;0;0;-1
202400014687;203 953 907;155 755 907;A01;1;1;2;1;2007.0;5;8;0;-1;-1; -1;-1
202400014701;203 953 868;155 755 882;A01;7;2;4;1;2006.0;4;1;-1;-1;0;0;-1
202400014701;203 953 869;155 755 882;A01;8;2;4;1;2009.0;5;1;-1;-1;0;0;-1
202400014701;203 953 871;155 755 882;A01;3;2;4;1;2007.0;5;1;-1;-1;0;0;-1
202400014701;203 953 872;155 755 882;A01;9;2;4;2;2005.0;4;1;-1;-1;0;0;-1
202400014701;203 953 873;155 755 882;A01;5;2;1;1;2004.0;4;1;-1;-1;0;0;-1
202400014701;203 953 874;155 755 882;A01;2;2;1;1;2005.0;4;1;-1;-1;0;0;-1
202400014701;203 953 875;155 755 882;A01;4;2;1;1;2016.0;5;1;-1;-1;0;0;-1
202400014701;203 953 876;155 755 882;A01;1;1;3;1;1997.0;4;1;-1;-1;0;0;-1
202400014702;203 953 867;155 755 881;B01;1;1;1;1;1984.0;0;1;0;-1;-1; -1;-1
202400014702;203 953 870;155 755 883;A01;1;1;4;1;2008.0;2;2;0;-1;-1; -1;-1
202400014705;203 953 860;155 755 876;B01;1;1;3;1;2001.0;5;2;6;-1;0;0;-1
202400014705;203 953 862;155 755 877;A01;1;1;1;1;1987.0;5;1;-1;-1;0;0;-1
202400014732;203 953 804;155 755 835;A01;1;1;4;1;2005.0;0;8;0;-1;-1; -1;-1
202400014732;203 953 805;155 755 836;B01;1;1;1;2;1947.0;5;8;0;-1;-1; -1;-1
202400014738;203 953 788;155 755 821;B01;1;1;3;2;1965.0;1;8;0;-1;0;0;-1
202400014738;203 953 789;155 755 822;A01;2;2;1;2;1989.0;5;1;8;-1;0;0;-1
202400014738;203 953 790;155 755 822;A01;1;1;1;2;1970.0;5;1;8;-1;0;0;-1
202400014748;203 953 767;155 755 803;A01;1;1;4;1;1965.0;3;2;6;-1;0;0;-1
202400014748;203 953 768;155 755 804;B01;1;1;1;2;1973.0;5;1;0;-1;0;0;-1
202400014754;203 953 751;155 755 790;A01;1;1;1;1;1998.0;4;1;0;-1;0;0;-1
202400014754;203 953 752;155 755 790;A01;2;2;1;1;1998.0;4;1;0;-1;0;0;-1
202400014754;203 953 753;155 755 791;B01;2;2;4;2;1964.0;9;1;0;-1;0;0;-1
202400014754;203 953 754;155 755 791;B01;1;1;4;1;1964.0;9;1;0;-1;0;0;-1
202400014758;203 953 743;155 755 785;A01;1;1;1;1;1984.0;1;8;0;-1;5;1;1
202400014758;203 953 744;155 755 785;A01;10;3;4;2;1993.0;9;0;-1;-1;5;1;1
202400014767;203 953 721;155 755 768;A01;1;1;4;2;1997.0;1;2;8;-1;0;0;-1
202400014803;203 953 638;155 755 708;A01;1;1;3;1;1965.0;5;2;6;-1;0;0;-1
202400014803;203 953 639;155 755 709;B01;1;1;1;1;1988.0;4;1;-1;-1;0;0;-1
202400014836;203 953 565;155 755 653;A01;1;1;1;1;1978.0;0;1;0;-1;-1; -1;-1
202400014836;203 953 566;155 755 654;B01;1;1;4;1;1993.0;0;2;8;-1;-1; -1;-1
202400014859;203 953 511;155 755 604;B01;2;2;4;2;1983.0;0;8;-1;-1;0;0;-1
202400014859;203 953 512;155 755 604;B01;1;1;1;2;1990.0;0;8;-1;-1;0;0;-1
202400014859;203 953 513;155 755 605;A01;1;1;1;1;1987.0;0;8;-1;-1;0;0;-1
202400014862;203 953 505;155 755 598;A01;1;1;3;2;1988.0;4;1;-1;-1;0;0;-1
202400014862;203 953 506;155 755 599;B01;1;1;1;2;1957.0;0;1;-1;-1;0;0;-1
202400014889;203 953 434;155 755 549;A01;2;2;4;1;1987.0;4;1;0;-1;-1; -1;-1
202400014889;203 953 435;155 755 549;A01;4;2;4;1;1999.0;4;1;0;-1;-1; -1;-1
202400014889;203 953 436;155 755 549;A01;1;1;4;1;1989.0;4;1;0;-1;-1; -1;-1
202400014889;203 953 438;155 755 551;B01;1;1;3;1;1986.0;5;1;8;-1;-1; -1;-1
202400014899;203 953 417;155 755 533;A01;1;1;4;2;2005.0;1;2;6;-1;-1; -1;-1
202400014932;203 953 341;155 755 477;B01;1;1;1;1;1984.0;1;1;0;-1;-1; -1;-1
202400014932;203 953 342;155 755 478;A01;1;1;4;1;2004.0;4;2;6;-1;-1; -1;-1
202400014936;203 953 333;155 755 469;B01;1;1;4;1;1994.0;9;2;6;-1;-1; -1;-1
202400014936;203 953 334;155 755 470;A01;1;1;1;2;1991.0;9;1;0;-1;-1; -1;-1
202400014937;203 953 329;155 755 467;B01;4;2;4;2;2000.0;0;1;0;-1;-1; -1;-1
202400014937;203 953 330;155 755 467;B01;1;1;1;1;1985.0;4;1;0;-1;-1; -1;-1
202400014937;203 953 331;155 755 468;A01;4;2;1;1;2000.0;0;1;0;-1;-1; -1;-1
202400014937;203 953 332;155 755 468;A01;1;1;4;1;1988.0;4;1;0;-1;-1; -1;-1
202400014945;203 953 312;155 755 453;B01;1;1;4;1;2001.0;0;8;0;0;-1; -1;-1
202400014945;203 953 313;155 755 454;A01;1;1;1;1;2004.0;0;1;0;0;-1; -1;-1
202400014947;203 953 308;155 755 449;A01;1;1;3;1;2000.0;5;1;-1;-1;0;0;-1
202400014952;203 953 296;155 755 440;A01;1;1;4;1;1994.0;1;2;6;-1;0;0;-1
202400014970;203 953 257;155 755 410;A01;1;1;3;2;1959.0;5;1;-1;-1;0;0;-1
202400014970;203 953 258;155 755 411;B01;1;1;1;1;1975.0;5;1;-1;-1;0;0;-1
202400014992;203 953 210;155 755 375;B01;1;1;1;1;2001.0;4;8;-1;-1;0;0;-1
202400014992;203 953 211;155 755 376;A01;1;1;2;2;1982.0;0;8;-1;-1;0;0;-1
202400015013;203 953 151;155 755 335;A01;1;1;3;1;2003.0;5;1;0;-1;-1; -1;-1
202400015013;203 953 152;155 755 335;A01;2;2;1;1;2004.0;5;1;0;-1;-1; -1;-1
202400015013;203 953 153;155 755 335;A01;4;2;1;1;2004.0;5;1;0;-1;-1; -1;-1
202400015013;203 953 154;155 755 335;A01;3;2;1;1;2001.0;5;1;0;-1;-1; -1;-1
202400015014;203 953 147;155 755 333;B01;4;2;4;1;1989.0;4;1;-1;-1;-1; -1;-1
202400015014;203 953 148;155 755 333;B01;1;1;4;1;1991.0;4;1;-1;-1;-1; -1;-1
202400015014;203 953 149;155 755 333;B01;2;2;4;1;1999.0;4;1;-1;-1;-1; -1;-1
202400015014;203 953 150;155 755 334;A01;1;1;4;1;1994.0;5;8;-1;-1;-1; -1;-1
202400015023;203 953 119;155 755 317;A01;1;1;1;-1;;-1;-1;-1;-1;-1; -1;-1
202400015023;203 953 120;155 755 317;A01;10;3;4;2;1947.0;0;8;8;-1;4;3;1
202400015025;203 953 115;155 755 313;B01;1;1;4;2;2009.0;0;2;8;-1;0;0;-1
202400015025;203 953 116;155 755 314;A01;1;1;1;1;1990.0;0;1;8;-1;0;0;-1
202400015032;203 953 100;155 755 298;A01;1;1;4;1;1936.0;5;2;0;-1;0;0;-1
202400015032;203 953 101;155 755 299;B01;1;1;1;1;2001.0;5;1;0;-1;0;0;-1
202400015034;203 953 097;155 755 296;A01;10;3;4;2;1942.0;3;0;-1;-1;1;3;1
202400015034;203 953 098;155 755 296;A01;1;1;1;1;1981.0;0;1;0;-1;1;3;1
202400015040;203 953 084;155 755 287;A01;1;1;4;1;1991.0;0;1;-1;-1;-1; -1;-1
202400015055;203 953 051;155 755 263;A01;1;1;4;2;1972.0;9;2;0;-1;-1; -1;-1
202400015068;203 953 024;155 755 239;A01;1;1;4;1;1988.0;1;8;0;-1;0;0;-1
202400015074;203 953 007;155 755 228;A01;1;1;3;1;1990.0;0;2;6;0;-1; -1;-1
202400015074;203 953 008;155 755 228;A01;10;3;3;1;1946.0;0;0;0;0;1;3;1
202400015094;203 952 951;155 755 190;A01;1;1;2;1;2002.0;0;2;6;-1;0;0;-1
202400015094;203 952 952;155 755 191;B01;2;2;1;1;2003.0;5;1;0;-1;-1; -1;-1
202400015094;203 952 953;155 755 191;B01;1;1;4;2;1978.0;5;1;0;-1;0;0;-1
202400015108;203 952 919;155 755 167;A01;1;1;4;1;1958.0;5;2;6;-1;-1; -1;-1
202400015119;203 952 898;155 755 151;A01;1;1;4;1;1975.0;4;1;0;-1;0;0;-1
202400015120;203 952 896;155 755 149;A01;1;1;1;1;1988.0;9;8;0;-1;-1; -1;-1
202400015120;203 952 897;155 755 150;B01;1;1;4;1;1975.0;9;8;0;-1;-1; -1;-1
202400015122;203 952 891;155 755 144;C01;1;1;1;1;1971.0;5;1;4;-1;0;0;-1
202400015122;203 952 892;155 755 145;Z01;1;1;1;-1;;9;-1;-1;-1;0;0;-1
202400015122;203 952 894;155 755 147;A01;1;1;1;2;1970.0;5;1;4;-1;0;0;-1
202400015122;203 952 895;155 755 148;B01;1;1;4;1;1996.0;9;2;0;-1;0;0;-1
202400015125;203 952 884;155 755 138;A01;1;1;4;1;1949.0;0;1;0;-1;-1; -1;-1
202400015125;203 952 885;155 755 138;A01;2;2;4;1;1957.0;5;1;0;-1;-1; -1;-1
202400015125;203 952 887;155 755 140;B01;1;1;1;-1;;0;1;0;0;-1; -1;-1
202400015135;203 952 862;155 755 123;A01;1;1;4;2;2003.0;1;1;0;0;-1; -1;-1
202400015135;203 952 863;155 755 124;B01;1;1;4;1;1965.0;0;1;0;0;-1; -1;-1
202400015143;203 952 841;155 755 108;A01;1;1;4;1;2002.0;1;2;8;-1;-1; -1;-1
202400015143;203 952 843;155 755 110;B01;1;1;1;1;2003.0;4;1;8;-1;-1; -1;-1
202400015158;203 952 811;155 755 082;A01;1;1;1;1;1989.0;0;0;0;0;-1; -1;-1
202400015158;203 952 812;155 755 082;A01;10;3;4;2;1955.0;0;0;0;0;2;3;1
202400015159;203 952 809;155 755 080;B01;1;1;4;1;1983.0;5;2;0;-1;0;0;-1
202400015159;203 952 810;155 755 081;A01;1;1;4;1;2003.0;5;0;0;-1;0;0;-1
202400015166;203 952 797;155 755 069;A01;1;1;1;1;2002.0;0;1;0;-1;-1; -1;-1
202400015166;203 952 798;155 755 070;B01;1;1;4;1;1983.0;0;1;0;-1;-1; -1;-1
202400015177;203 952 773;155 755 049;B01;1;1;4;1;2008.0;5;2;6;-1;0;0;-1
202400015177;203 952 775;155 755 051;A01;1;1;1;2;1956.0;3;1;-1;-1;0;0;-1
202400015191;203 952 746;155 755 023;B01;1;1;1;1;1979.0;1;1;0;0;-1; -1;-1
202400015191;203 952 747;155 755 024;A01;1;1;4;1;2013.0;5;8;0;0;-1; -1;-1
202400015205;203 952 723;155 755 001;A01;1;1;4;2;1991.0;5;8;0;0;-1; -1;-1
202400015215;203 952 701;155 754 985;B01;1;1;4;1;1984.0;9;1;-1;-1;0;0;-1
202400015215;203 952 703;155 754 987;C01;1;1;1;1;2000.0;4;1;-1;-1;0;0;-1
202400015215;203 952 705;155 754 988;A01;1;1;4;1;1966.0;4;1;5;-1;0;0;-1
202400015220;203 952 692;155 754 977;A01;1;1;4;1;1996.0;9;1;-1;-1;0;0;-1
202400015231;203 952 669;155 754 961;A01;2;2;4;1;2011.0;0;8;-1;-1;0;0;-1
202400015231;203 952 670;155 754 961;A01;1;1;3;1;1985.0;2;8;-1;-1;0;0;-1
202400015237;203 952 657;155 754 952;A01;1;1;3;2;1966.0;5;2;6;-1;0;0;-1
202400015240;203 952 655;155 754 950;A01;1;1;3;2;2000.0;1;0;-1;-1;0;0;-1
202400015248;203 952 639;155 754 937;B01;1;1;4;1;2006.0;1;2;6;-1;0;0;-1
202400015248;203 952 640;155 754 938;A01;1;1;4;1;1964.0;1;2;6;-1;0;0;-1
202400015256;203 952 625;155 754 924;B01;1;1;3;1;1943.0;3;0;-1;-1;0;0;-1
202400015256;203 952 628;155 754 926;A01;1;1;1;2;2004.0;9;1;-1;-1;0;0;-1
202400015263;203 952 603;155 754 909;A01;1;1;3;1;1982.0;0;1;-1;-1;0;0;-1
202400015268;203 952 590;155 754 901;A01;1;1;3;1;1987.0;0;1;-1;-1;0;0;-1
202400015268;203 952 592;155 754 903;B01;1;1;4;1;2004.0;0;1;-1;-1;0;0;-1
202400015278;203 952 567;155 754 882;A01;10;3;2;1;1974.0;0;0;-1;-1;1;2;1
202400015278;203 952 568;155 754 882;A01;1;1;1;1;1998.0;5;8;-1;-1;0;0;-1
202400015287;203 952 544;155 754 862;B01;1;1;2;1;1936.0;5;2;-1;-1;0;0;-1
202400015287;203 952 547;155 754 864;A01;1;1;1;2;2003.0;1;1;-1;-1;0;0;-1
202400015295;203 952 522;155 754 847;A01;1;1;4;2;1989.0;0;1;5;-1;0;0;-1
202400015295;203 952 523;155 754 848;B01;1;1;2;1;1973.0;0;2;-1;-1;0;0;-1
202400015297;203 952 518;155 754 843;A01;1;1;1;1;1984.0;0;2;6;-1;0;0;-1
202400015297;203 952 520;155 754 845;B01;1;1;4;1;1971.0;5;2;-1;-1;0;0;-1
202400015308;203 952 488;155 754 819;A01;1;1;1;1;1991.0;4;8;-1;-1;0;0;-1
202400015308;203 952 490;155 754 820;B01;1;1;3;1;2008.0;1;2;6;-1;0;0;-1
202400015319;203 952 458;155 754 793;A01;1;1;1;1;1985.0;0;1;0;-1;-1; -1;-1
202400015319;203 952 460;155 754 794;B01;1;1;4;2;1955.0;0;1;8;-1;-1; -1;-1
202400015332;203 952 432;155 754 767;A01;1;1;4;1;2004.0;0;2;6;0;-1; -1;-1
202400015332;203 952 434;155 754 769;B01;1;1;1;1;1986.0;0;1;0;0;-1; -1;-1
202400015351;203 952 395;155 754 734;A01;10;3;4;1;1998.0;0;0;-1;-1;4;3;1
202400015351;203 952 396;155 754 734;A01;1;1;1;-1;;0;8;-1;-1;0;0;-1
202400015365;203 952 361;155 754 710;A01;1;1;4;1;1998.0;1;2;-1;-1;-1; -1;-1
202400015365;203 952 363;155 754 712;B01;1;1;1;1;1974.0;0;8;-1;-1;-1; -1;-1
202400015383;203 952 321;155 754 678;A01;10;3;4;2;1934.0;5;0;-1;-1;9;3;1
202400015383;203 952 323;155 754 678;A01;1;1;1;1;2000.0;9;1;0;-1;-1; -1;-1
202400015385;203 952 318;155 754 675;A01;1;1;1;2;1945.0;5;1;-1;-1;-1; -1;-1
202400015385;203 952 320;155 754 677;B01;1;1;3;1;1957.0;5;2;8;-1;-1; -1;-1
202400015388;203 952 312;155 754 671;A01;3;2;4;1;2020.0;0;1;0;-1;-1; -1;-1
202400015388;203 952 313;155 754 671;A01;1;1;1;2;1983.0;3;1;0;-1;-1; -1;-1
202400015400;203 952 285;155 754 652;A01;1;1;1;1;1981.0;0;1;8;-1;0;0;-1
202400015400;203 952 287;155 754 654;B01;1;1;4;1;1966.0;0;1;8;-1;0;0;-1
202400015405;203 952 275;155 754 643;A01;10;3;4;1;1980.0;4;0;-1;-1;9;B;1
202400015405;203 952 276;155 754 643;A01;1;1;1;2;1966.0;0;1;-1;-1;-1; -1;-1
202400015421;203 952 233;155 754 612;A01;1;1;1;1;1992.0;5;1;0;-1;-1; -1;-1
202400015421;203 952 235;155 754 614;B01;2;2;4;1;2004.0;0;2;0;-1;-1; -1;-1
202400015421;203 952 236;155 754 614;B01;1;1;3;1;1989.0;0;2;6;-1;-1; -1;-1
202400015444;203 952 179;155 754 572;A01;1;1;1;1;2000.0;1;1;0;-1;-1; -1;-1
202400015444;203 952 180;155 754 573;B01;1;1;4;1;1976.0;1;1;0;-1;-1; -1;-1
202400015445;203 952 177;155 754 570;A01;1;1;1;2;1993.0;5;1;-1;-1;-1; -1;-1
202400015445;203 952 178;155 754 571;B01;1;1;4;1;2006.0;5;8;0;-1;-1; -1;-1
202400015460;203 952 141;155 754 541;A01;10;3;4;1;1992.0;0;0;-1;-1;8;1;1
202400015460;203 952 142;155 754 541;A01;1;1;1;-1;;-1;-1;-1;-1;-1; -1;-1
202400015487;203 952 084;155 754 490;AC01;1;1;1;1;1990.0;0;1;0;-1;-1; -1;-1
202400015487;203 952 086;155 754 492;A01;1;1;1;1;2003.0;0;1;0;-1;-1; -1;-1
202400015487;203 952 088;155 754 494;B01;1;1;4;1;2004.0;0;1;0;-1;-1; -1;-1
202400015510;203 952 028;155 754 455;A01;1;1;3;1;1962.0;5;2;8;-1;-1; -1;-1
202400015518;203 952 011;155 754 443;A01;10;3;3;2;1945.0;0;0;-1;-1;3;3;1
202400015518;203 952 012;155 754 443;A01;1;1;1;1;1933.0;5;1;0;-1;-1; -1;-1
202400015538;203 951 960;155 754 409;A01;1;1;1;2;1960.0;1;1;-1;-1;-1; -1;-1
202400015538;203 951 961;155 754 409;A01;10;3;3;2;2007.0;0;0;-1;-1;3;3;1
202400015538;203 951 962;155 754 409;A01;10;3;1;2;2009.0;0;0;-1;-1;3;3;2
202400015542;203 951 952;155 754 403;B01;1;1;4;2;2005.0;2;8;0;-1;-1; -1;-1
202400015542;203 951 953;155 754 404;A01;1;1;1;1;1936.0;5;1;0;-1;-1; -1;-1
202400015552;203 951 930;155 754 389;A01;10;3;4;1;1979.0;5;0;-1;-1;4;3;1
202400015552;203 951 931;155 754 389;A01;1;1;1;1;1970.0;9;8;0;-1;0;0;-1
202400015558;203 951 916;155 754 379;A01;1;1;4;1;1962.0;5;8;0;-1;0;0;-1
202400015558;203 951 917;155 754 380;B01;1;1;1;2;1986.0;9;1;0;-1;0;0;-1
202400015573;203 951 887;155 754 355;B01;1;1;4;2;2005.0;0;8;0;0;-1; -1;-1
202400015573;203 951 888;155 754 356;A01;1;1;1;1;1991.0;0;2;6;0;-1; -1;-1
202400015588;203 951 857;155 754 329;A01;2;2;4;1;2004.0;9;1;-1;-1;0;0;-1
202400015588;203 951 858;155 754 329;A01;1;1;3;1;1972.0;1;1;-1;-1;0;0;-1
202400015588;203 951 859;155 754 330;B01;1;1;1;1;1994.0;9;1;-1;-1;0;0;-1
202400015591;203 951 850;155 754 325;A01;10;3;4;2;1980.0;9;0;-1;-1;3;3;2
202400015591;203 951 851;155 754 325;A01;10;3;4;2;2005.0;9;0;-1;-1;3;3;2
202400015591;203 951 852;155 754 325;A01;1;1;1;1;1952.0;5;1;-1;-1;0;0;-1
202400015598;203 951 830;155 754 311;B01;1;1;4;2;2007.0;3;2;6;-1;0;0;-1
202400015598;203 951 831;155 754 312;A01;1;1;1;2;1953.0;3;1;-1;-1;0;0;-1
202400015599;203 951 829;155 754 310;A01;1;1;3;1;1999.0;1;1;-1;-1;0;0;-1
202400015600;203 951 826;155 754 308;B01;1;1;1;1;1941.0;5;1;-1;-1;0;0;-1
202400015600;203 951 827;155 754 309;A01;1;1;1;2;1954.0;5;1;-1;-1;0;0;-1
202400015600;203 951 828;155 754 309;A01;2;2;4;1;1952.0;5;1;-1;-1;0;0;-1
202400015607;203 951 807;155 754 296;B01;2;2;4;2;1996.0;0;8;-1;-1;0;0;-1
202400015607;203 951 808;155 754 296;B01;9;2;4;2;2022.0;0;8;-1;-1;0;0;-1
202400015607;203 951 809;155 754 296;B01;1;1;4;1;1995.0;0;8;-1;-1;0;0;-1
202400015607;203 951 810;155 754 297;A01;1;1;1;1;1989.0;0;8;-1;-1;0;0;-1
202400015613;203 951 797;155 754 288;A01;1;1;3;1;1951.0;5;1;-1;-1;0;0;-1
202400015615;203 951 790;155 754 281;C01;1;1;4;1;1977.0;0;1;-1;-1;0;0;-1
202400015615;203 951 791;155 754 283;A01;1;1;1;1;1979.0;0;1;-1;-1;0;0;-1
202400015615;203 951 792;155 754 284;B01;2;2;1;2;1957.0;0;1;-1;-1;0;0;-1
202400015615;203 951 794;155 754 284;B01;1;1;4;1;1948.0;0;1;-1;-1;0;0;-1
202400015619;203 951 782;155 754 275;A01;1;1;3;1;1997.0;1;1;-1;-1;0;0;-1
202400015622;203 951 776;155 754 271;A01;1;1;3;1;1988.0;5;2;-1;-1;0;0;-1
202400015627;203 951 762;155 754 260;A01;1;1;3;2;1950.0;3;1;5;-1;0;0;-1
202400015651;203 951 694;155 754 214;A01;10;3;3;2;1946.0;3;0;-1;-1;1;1;2
202400015651;203 951 695;155 754 214;A01;1;1;1;1;1968.0;3;1;-1;-1;0;0;-1
202400015663;203 951 670;155 754 196;A01;1;1;4;1;1961.0;1;1;-1;-1;0;0;-1
202400015663;203 951 672;155 754 198;B01;1;1;1;1;1996.0;4;1;-1;-1;0;0;-1
202400015666;203 951 662;155 754 191;A01;1;1;1;1;1990.0;9;1;0;0;-1; -1;-1
202400015666;203 951 665;155 754 192;B01;1;1;4;1;1981.0;1;1;0;0;-1; -1;-1
202400015693;203 951 600;155 754 137;A01;1;1;3;1;1980.0;5;1;-1;-1;0;0;-1
202400015704;203 951 575;155 754 118;B01;1;1;1;1;1976.0;0;1;0;-1;-1; -1;-1
202400015704;203 951 577;155 754 120;A01;1;1;4;1;1997.0;0;1;0;-1;-1; -1;-1
202400015712;203 951 564;155 754 107;A01;2;2;4;1;1996.0;5;1;0;-1;-1; -1;-1
202400015712;203 951 565;155 754 107;A01;1;1;1;2;1989.0;5;1;0;-1;-1; -1;-1
202400015725;203 951 538;155 754 087;A01;10;3;4;1;1949.0;5;0;-1;-1;2;1;1
202400015725;203 951 540;155 754 087;A01;1;1;1;1;1998.0;5;1;0;-1;0;0;-1
202400015727;203 951 530;155 754 082;B01;1;1;4;1;1984.0;0;2;0;-1;-1; -1;-1
202400015727;203 951 531;155 754 083;A01;1;1;1;2;1965.0;0;1;8;-1;-1; -1;-1
202400015728;203 951 528;155 754 079;A01;1;1;1;2;1963.0;0;1;0;-1;-1; -1;-1
202400015728;203 951 529;155 754 080;B01;1;1;4;1;1952.0;5;2;6;-1;-1; -1;-1
202400015739;203 951 504;155 754 060;A01;1;1;1;2;1995.0;0;8;0;-1;-1; -1;-1
202400015739;203 951 505;155 754 061;B01;1;1;1;2;1990.0;0;1;0;-1;-1; -1;-1
202400015739;203 951 506;155 754 062;C01;4;2;3;2;2002.0;0;8;0;-1;-1; -1;-1
202400015739;203 951 507;155 754 062;C01;2;2;4;2;2002.0;0;8;0;-1;-1; -1;-1
202400015739;203 951 508;155 754 062;C01;1;1;4;1;1998.0;0;1;0;-1;-1; -1;-1
202400015743;203 951 494;155 754 052;A01;1;1;1;2;1992.0;5;1;-1;-1;-1; -1;-1
202400015743;203 951 495;155 754 053;C01;1;1;1;2;1984.0;5;1;-1;-1;-1; -1;-1
202400015743;203 951 496;155 754 053;C01;2;2;1;1;1983.0;5;1;-1;-1;-1; -1;-1
202400015743;203 951 497;155 754 054;B01;1;1;4;1;1964.0;9;1;-1;-1;-1; -1;-1
202400015748;203 951 481;155 754 044;B01;1;1;4;2;1991.0;1;2;-1;-1;-1; -1;-1
202400015748;203 951 482;155 754 045;A01;1;1;1;1;2005.0;4;2;-1;-1;-1; -1;-1
202400015760;203 951 456;155 754 025;A01;2;2;1;2;2018.0;0;9;-1;-1;-1; -1;-1
202400015760;203 951 457;155 754 025;A01;1;1;3;2;1978.0;0;8;0;-1;-1; -1;-1
202400015768;203 951 436;155 754 009;A01;1;1;4;1;1957.0;0;8;0;-1;-1; -1;-1
202400015768;203 951 437;155 754 010;B01;1;1;4;1;1994.0;0;1;0;-1;0;0;-1
202400015775;203 951 423;155 754 000;A01;10;3;4;2;1959.0;3;0;-1;-1;3;3;1
202400015775;203 951 424;155 754 000;A01;1;1;1;1;2002.0;4;1;-1;-1;3;3;1
202400015781;203 951 408;155 753 988;A01;2;2;4;1;1989.0;1;1;0;-1;-1; -1;-1
202400015781;203 951 409;155 753 988;A01;1;1;4;1;1995.0;1;1;0;-1;-1; -1;-1
202400015790;203 951 387;155 753 970;A01;1;1;4;1;1997.0;5;1;0;-1;0;0;-1
202400015790;203 951 390;155 753 972;B01;1;1;1;1;1992.0;5;1;0;-1;0;0;-1
202400015790;203 951 392;155 753 974;C01;1;1;1;2;1990.0;5;1;0;-1;0;0;-1
202400015790;203 951 394;155 753 976;D01;1;1;1;1;1964.0;5;1;0;-1;0;0;-1
202400015807;203 951 355;155 753 947;B01;1;1;4;2;1961.0;0;1;0;-1;0;0;-1
202400015807;203 951 357;155 753 949;A01;1;1;1;1;1952.0;9;1;0;-1;0;0;-1
202400015812;203 951 337;155 753 933;A01;1;1;4;1;2003.0;5;1;-1;-1;0;0;-1
202400015814;203 951 339;155 753 932;A01;1;1;1;1;1972.0;5;1;0;-1;-1; -1;-1
202400015814;203 951 340;155 753 936;B01;1;1;4;1;2001.0;5;2;6;-1;-1; -1;-1
202400015815;203 951 330;155 753 927;B01;1;1;3;2;1985.0;0;2;0;-1;0;0;-1
202400015815;203 951 332;155 753 929;A01;1;1;1;-1;;-1;-1;-1;-1;0;0;-1
202400015822;203 951 309;155 753 912;A01;1;1;4;1;2007.0;9;2;6;-1;-1; -1;-1
202400015822;203 951 312;155 753 914;B01;1;1;1;1;1991.0;1;1;0;-1;-1; -1;-1
202400015852;203 951 240;155 753 854;B01;1;1;3;2;1972.0;5;1;0;-1;-1; -1;-1
202400015852;203 951 243;155 753 857;A01;1;1;1;1;1993.0;4;1;8;-1;-1; -1;-1
202400015869;203 951 202;155 753 822;B01;1;1;3;1;2001.0;4;2;6;-1;0;0;-1
202400015869;203 951 204;155 753 824;A01;1;1;1;2;1975.0;0;1;0;-1;0;0;-1
202400015915;203 951 094;155 753 738;A01;1;1;1;1;1980.0;4;1;0;-1;-1; -1;-1
202400015915;203 951 095;155 753 738;A01;10;3;4;1;1996.0;4;0;-1;-1;2;3;1
202400015937;203 951 001;155 753 699;A01;1;1;2;1;2004.0;5;0;-1;-1;0;0;-1
202400015939;203 950 996;155 753 696;A01;1;1;2;1;1995.0;5;8;-1;-1;0;0;-1
202400015941;203 950 992;155 753 691;B01;1;1;1;-1;;0;1;-1;-1;-1; -1;-1
202400015941;203 950 995;155 753 694;A01;1;1;4;2;2007.0;5;1;0;-1;-1; -1;-1
202400015941;203 950 997;155 753 694;A01;2;2;4;1;1970.0;5;1;0;-1;-1; -1;-1
202400015952;203 950 967;155 753 671;A01;2;2;4;1;1995.0;4;1;8;-1;-1; -1;-1
202400015952;203 950 969;155 753 671;A01;4;2;4;1;1983.0;4;1;8;-1;-1; -1;-1
202400015952;203 950 970;155 753 671;A01;1;1;4;2;1996.0;4;1;8;-1;-1; -1;-1
202400015952;203 950 976;155 753 678;B01;2;2;4;1;1966.0;5;1;0;-1;-1; -1;-1
202400015952;203 950 978;155 753 678;B01;1;1;4;1;1960.0;5;1;0;-1;-1; -1;-1
202400015962;203 950 941;155 753 653;A01;2;2;4;1;2007.0;9;1;-1;-1;0;0;-1
202400015962;203 950 943;155 753 653;A01;1;1;3;2;1971.0;9;1;-1;-1;0;0;-1
202400015962;203 950 946;155 753 656;B01;1;1;4;1;1995.0;4;1;-1;-1;0;0;-1
202400015971;203 950 925;155 753 637;B01;1;1;1;1;1966.0;5;1;-1;-1;0;0;-1
202400015971;203 950 928;155 753 640;A01;1;1;3;1;1951.0;5;1;-1;-1;0;0;-1
202400016028;203 950 796;155 753 542;A01;2;2;3;1;2007.0;5;1;-1;-1;0;0;-1
202400016028;203 950 799;155 753 542;A01;1;1;1;1;1997.0;5;1;-1;-1;0;0;-1
202400016032;203 950 789;155 753 537;A01;10;3;2;2;1937.0;5;0;-1;-1;3;3;1
202400016032;203 950 791;155 753 537;A01;1;1;1;2;1960.0;0;1;-1;-1;0;0;-1
202400016034;203 950 784;155 753 532;B01;1;1;4;1;2021.0;0;8;-1;-1;0;0;-1
202400016034;203 950 787;155 753 535;A01;1;1;1;1;1962.0;0;8;-1;-1;-1; -1;-1
202400016073;203 950 691;155 753 461;A01;2;2;1;2;1994.0;5;1;-1;-1;0;0;-1
202400016073;203 950 693;155 753 461;A01;1;1;1;1;1983.0;5;1;-1;-1;0;0;-1
202400016073;203 950 694;155 753 462;B01;2;2;1;1;1979.0;5;1;-1;-1;0;0;-1
202400016073;203 950 695;155 753 462;B01;1;1;4;1;1981.0;5;1;-1;-1;0;0;-1
202400016085;203 950 668;155 753 447;B01;1;1;1;1;1995.0;5;1;-1;-1;-1; -1;-1
202400016085;203 950 672;155 753 447;B01;2;2;3;2;1996.0;5;1;-1;-1;-1; -1;-1
202400016085;203 950 673;155 753 447;B01;3;2;1;2;1971.0;5;1;-1;-1;-1; -1;-1
202400016085;203 950 675;155 753 447;B01;4;2;1;1;2023.0;5;1;-1;-1;-1; -1;-1
202400016085;203 950 677;155 753 452;A01;1;1;1;1;2001.0;4;1;0;-1;-1; -1;-1
202400016098;203 950 643;155 753 428;A01;1;1;4;2;2006.0;0;8;0;-1;-1; -1;-1
202400016108;203 950 623;155 753 411;A01;1;1;3;1;1946.0;5;2;-1;-1;0;0;-1
202400016112;203 950 607;155 753 403;A01;1;1;1;2;1981.0;5;1;-1;-1;0;0;-1
202400016112;203 950 609;155 753 403;A01;2;2;1;1;1973.0;5;1;-1;-1;0;0;-1
202400016112;203 950 610;155 753 403;A01;9;2;4;2;2010.0;5;1;-1;-1;0;0;-1
202400016112;203 950 611;155 753 404;B01;1;1;3;2;2000.0;5;1;-1;-1;0;0;-1
202400016113;203 950 605;155 753 400;B01;1;1;1;1;1967.0;0;1;8;-1;-1; -1;-1
202400016113;203 950 608;155 753 402;A01;1;1;3;1;1967.0;0;2;8;-1;-1; -1;-1
202400016115;203 950 590;155 753 390;A01;1;1;4;1;1970.0;5;1;0;-1;-1; -1;-1
202400016115;203 950 593;155 753 393;C01;1;1;1;1;1993.0;4;1;0;-1;-1; -1;-1
202400016115;203 950 598;155 753 397;B01;1;1;3;1;1955.0;1;1;0;-1;-1; -1;-1
202400016116;203 950 589;155 753 389;D01;1;1;4;2;1995.0;9;1;-1;-1;-1; -1;-1
202400016116;203 950 591;155 753 392;A01;1;1;1;1;2004.0;9;1;-1;-1;-1; -1;-1
202400016116;203 950 594;155 753 394;B01;1;1;1;1;1986.0;9;1;-1;-1;-1; -1;-1
202400016116;203 950 597;155 753 396;C01;1;1;4;1;1997.0;9;1;-1;-1;-1; -1;-1
202400016124;203 950 574;155 753 377;A01;1;1;4;1;1992.0;0;2;-1;-1;-1; -1;-1
202400016125;203 950 571;155 753 375;B01;1;1;4;1;2006.0;1;1;-1;-1;0;0;-1
202400016125;203 950 572;155 753 376;C01;1;1;1;1;1978.0;0;8;-1;-1;0;0;-1
202400016125;203 950 576;155 753 380;A01;2;2;3;2;1946.0;0;8;-1;-1;0;0;-1
202400016125;203 950 577;155 753 380;A01;1;1;4;1;1945.0;0;8;-1;-1;0;0;-1
202400016141;203 950 525;155 753 345;A01;1;1;4;1;1993.0;0;2;6;0;-1; -1;-1
202400016141;203 950 528;155 753 348;B01;1;1;1;2;2000.0;1;1;0;0;-1; -1;-1
202400016141;203 950 532;155 753 349;C01;1;1;1;1;1973.0;1;1;0;0;-1; -1;-1
202400016145;203 950 516;155 753 338;B01;1;1;1;1;1984.0;5;1;8;-1;-1; -1;-1
202400016145;203 950 518;155 753 340;A01;1;1;4;1;1993.0;5;2;8;-1;-1; -1;-1
202400016146;203 950 519;155 753 339;A01;1;1;4;1;2005.0;1;1;0;-1;-1; -1;-1
202400016163;203 950 467;155 753 307;A01;10;3;4;2;1963.0;1;0;-1;-1;3;3;1
202400016163;203 950 470;155 753 307;A01;1;1;1;2;1993.0;5;1;0;-1;3;3;1
202400016170;203 950 452;155 753 292;Z01;1;1;1;-1;;-1;-1;-1;-1;-1; -1;-1
202400016170;203 950 454;155 753 294;A01;1;1;4;1;2003.0;1;8;0;-1;-1; -1;-1
202400016179;203 950 429;155 753 277;A01;1;1;1;1;2002.0;3;1;-1;-1;-1; -1;-1
202400016179;203 950 431;155 753 279;B01;1;1;3;1;1991.0;0;2;-1;-1;-1; -1;-1
202400016181;203 950 427;155 753 276;A01;1;1;1;1;1999.0;4;1;0;-1;-1; -1;-1
202400016181;203 950 428;155 753 276;A01;10;3;4;1;2006.0;5;8;8;-1;1;5;1
202400016189;203 950 400;155 753 258;C01;1;1;1;2;1996.0;9;1;0;-1;-1; -1;-1
202400016189;203 950 403;155 753 261;D01;1;1;1;1;1985.0;5;1;0;-1;-1; -1;-1
202400016189;203 950 408;155 753 263;E01;1;1;1;1;1989.0;9;1;0;-1;-1; -1;-1
202400016189;203 950 410;155 753 265;A01;1;1;3;2;1992.0;0;1;0;-1;-1; -1;-1
202400016189;203 950 411;155 753 266;B01;1;1;1;1;1960.0;9;1;0;-1;-1; -1;-1
202400016197;203 950 385;155 753 246;A01;1;1;1;1;1970.0;1;1;8;-1;-1; -1;-1
202400016197;203 950 388;155 753 247;B01;1;1;4;1;1966.0;1;2;6;-1;-1; -1;-1
202400016228;203 950 303;155 753 191;A01;1;1;4;1;2004.0;5;1;-1;-1;-1; -1;-1
202400016228;203 950 304;155 753 191;A01;2;2;4;1;2006.0;5;1;-1;-1;-1; -1;-1
202400016232;203 950 293;155 753 181;A01;1;1;4;1;2005.0;2;2;-1;-1;0;0;-1
202400016232;203 950 297;155 753 185;B01;1;1;1;1;1969.0;1;1;-1;-1;0;0;-1
202400016243;203 950 271;155 753 161;A01;1;1;3;2;1969.0;1;2;6;-1;0;0;-1
202400016248;203 950 255;155 753 149;A01;1;1;1;1;1987.0;1;8;0;-1;0;0;-1
202400016248;203 950 260;155 753 152;B01;1;1;4;1;1971.0;1;2;6;-1;0;0;-1
202400016276;203 950 198;155 753 102;A01;1;1;1;1;1987.0;0;1;0;-1;-1; -1;-1
202400016276;203 950 201;155 753 105;B01;1;1;4;1;1973.0;1;2;6;-1;-1; -1;-1
202400016277;203 950 196;155 753 100;A01;1;1;4;1;1987.0;5;0;0;0;-1; -1;-1
202400016277;203 950 202;155 753 106;B01;1;1;4;1;2006.0;0;1;0;0;-1; -1;-1
202400016285;203 950 172;155 753 086;A01;1;1;4;1;1950.0;5;1;0;0;-1; -1;-1
202400016285;203 950 176;155 753 088;B01;1;1;1;1;1990.0;5;1;0;0;-1; -1;-1
202400016312;203 950 094;155 753 034;B01;1;1;1;1;1983.0;9;1;-1;-1;-1; -1;-1
202400016312;203 950 098;155 753 038;A01;1;1;3;1;1989.0;5;2;6;-1;-1; -1;-1
202400016321;203 950 082;155 753 022;A01;1;1;4;1;1998.0;0;1;0;-1;-1; -1;-1
202400016331;203 950 054;155 753 002;B01;1;1;1;1;1983.0;4;1;-1;-1;0;0;-1
202400016331;203 950 057;155 753 004;A01;1;1;3;1;1966.0;0;1;-1;-1;0;0;-1
202400016349;203 950 019;155 752 972;A01;1;1;3;1;1993.0;1;2;8;-1;0;0;-1
202400016367;203 949 965;155 752 937;A01;1;1;2;1;1977.0;5;2;6;-1;0;0;-1
202400016367;203 949 966;155 752 939;B01;1;1;1;1;1986.0;5;1;-1;-1;0;0;-1
202400016393;203 949 903;155 752 895;B01;2;2;1;2;1966.0;5;1;-1;-1;0;0;-1
202400016393;203 949 904;155 752 895;B01;1;1;4;2;1991.0;5;1;-1;-1;0;0;-1
202400016393;203 949 908;155 752 898;A01;1;1;1;1;1972.0;4;1;-1;-1;0;0;-1
202400016398;203 949 890;155 752 885;A01;1;1;2;1;1937.0;5;8;-1;-1;0;0;-1
202400016404;203 949 874;155 752 872;A01;1;1;4;1;1989.0;5;2;0;-1;-1; -1;-1
202400016404;203 949 878;155 752 876;B01;2;2;1;2;1998.0;5;8;0;-1;-1; -1;-1
202400016404;203 949 879;155 752 876;B01;1;1;1;1;1993.0;5;8;0;-1;-1; -1;-1
202400016410;203 949 861;155 752 865;A01;2;2;4;1;2000.0;5;1;-1;-1;0;0;-1
202400016410;203 949 862;155 752 865;A01;4;2;4;2;2000.0;5;1;-1;-1;0;0;-1
202400016410;203 949 863;155 752 865;A01;3;2;4;2;2005.0;5;1;-1;-1;0;0;-1
202400016410;203 949 865;155 752 865;A01;1;1;4;1;1998.0;5;1;-1;-1;0;0;-1
202400016414;203 949 853;155 752 859;B01;1;1;4;1;2005.0;5;1;-1;-1;0;0;-1
202400016414;203 949 856;155 752 862;A01;1;1;4;1;1987.0;5;1;-1;-1;0;0;-1
202400016417;203 949 844;155 752 853;B01;1;1;4;1;2005.0;0;2;0;-1;-1; -1;-1
202400016417;203 949 847;155 752 856;A01;1;1;1;1;1970.0;0;1;0;-1;-1; -1;-1
202400016421;203 949 836;155 752 845;A01;1;1;3;1;1991.0;0;1;-1;-1;0;0;-1
202400016421;203 949 838;155 752 847;B01;1;1;4;1;2001.0;4;1;-1;-1;0;0;-1
202400016421;203 949 841;155 752 851;C01;1;1;1;1;1979.0;4;0;-1;-1;0;0;-1
202400016422;203 949 835;155 752 844;B01;1;1;1;2;1943.0;0;1;0;-1;-1; -1;-1
202400016422;203 949 840;155 752 849;A01;1;1;4;1;2004.0;0;1;0;-1;-1; -1;-1
202400016468;203 949 731;155 752 762;B01;1;1;1;2;1999.0;9;1;8;-1;-1; -1;-1
202400016468;203 949 734;155 752 764;A01;1;1;4;1;1969.0;9;1;8;-1;-1; -1;-1
202400016469;203 949 729;155 752 760;B01;1;1;3;1;1970.0;1;2;6;9;0;0;-1
202400016469;203 949 732;155 752 763;A01;1;1;1;2;1968.0;0;1;-1;-1;0;0;-1
202400016471;203 949 725;155 752 756;A01;1;1;4;2;2004.0;0;8;0;-1;0;0;-1
202400016471;203 949 727;155 752 758;B01;1;1;1;2;1968.0;0;1;8;-1;0;0;-1
202400016508;203 949 644;155 752 690;A01;1;1;4;2;1994.0;1;1;-1;-1;0;0;-1
202400016508;203 949 646;155 752 692;B01;1;1;4;1;2000.0;1;1;-1;-1;0;0;-1
202400016508;203 949 647;155 752 693;C01;7;2;3;2;2007.0;3;1;-1;-1;0;0;-1
202400016508;203 949 648;155 752 693;C01;2;2;1;2;2003.0;3;1;-1;-1;0;0;-1
202400016508;203 949 649;155 752 693;C01;9;2;3;2;2007.0;3;1;-1;-1;0;0;-1
202400016508;203 949 651;155 752 693;C01;1;1;4;2;2003.0;3;1;-1;-1;0;0;-1
202400016508;203 949 653;155 752 696;D01;1;1;4;2;1952.0;9;1;-1;-1;0;0;-1
202400016511;203 949 640;155 752 686;A01;1;1;1;2;2000.0;5;1;-1;-1;-1; -1;-1
202400016511;203 949 641;155 752 688;B01;1;1;4;2;1983.0;0;2;-1;-1;-1; -1;-1
202400016517;203 949 628;155 752 676;A01;1;1;1;-1;;-1;-1;-1;-1;-1; -1;-1
202400016517;203 949 630;155 752 678;B01;1;1;1;1;1965.0;0;1;0;-1;-1; -1;-1
202400016517;203 949 632;155 752 678;B01;2;2;4;1;1963.0;0;1;0;-1;-1; -1;-1
202400016530;203 949 598;155 752 654;A01;1;1;1;2;1946.0;0;1;-1;-1;0;0;-1
202400016530;203 949 599;155 752 655;B01;1;1;3;1;1986.0;9;0;-1;-1;0;0;-1
202400016531;203 949 596;155 752 652;B01;1;1;4;1;1950.0;5;1;-1;-1;-1; -1;-1
202400016531;203 949 597;155 752 653;A01;1;1;4;2;2002.0;4;1;-1;-1;-1; -1;-1
202400016541;203 949 573;155 752 634;B01;10;3;3;2;1988.0;5;0;-1;-1;1;A;1
202400016541;203 949 574;155 752 634;B01;1;1;1;2;1939.0;5;1;-1;-1;0;0;-1
202400016564;203 949 516;155 752 591;C01;1;1;1;1;1981.0;9;1;0;-1;0;0;-1
202400016564;203 949 517;155 752 592;D01;1;1;1;1;1981.0;9;1;0;-1;0;0;-1
202400016564;203 949 518;155 752 593;A01;1;1;4;1;1975.0;9;2;6;-1;0;0;-1
202400016564;203 949 522;155 752 595;B01;1;1;1;1;1993.0;4;1;0;-1;0;0;-1
202400016592;203 949 451;155 752 540;A01;2;2;3;2;1980.0;5;0;-1;-1;0;0;-1
202400016592;203 949 452;155 752 540;A01;1;1;4;1;1976.0;5;0;-1;-1;0;0;-1
202400016649;203 949 328;155 752 446;A01;1;1;1;1;1999.0;5;1;0;-1;-1; -1;-1
202400016649;203 949 330;155 752 448;B01;1;1;4;2;1999.0;5;1;0;-1;-1; -1;-1
202400016658;203 949 305;155 752 433;A01;1;1;4;2;1987.0;4;8;8;-1;-1; -1;-1
202400016658;203 949 306;155 752 434;B01;1;1;1;2;2003.0;4;1;0;-1;-1; -1;-1
202400016676;203 949 271;155 752 405;A01;1;1;4;1;1984.0;9;2;0;-1;0;0;-1
202400016691;203 949 237;155 752 380;B01;1;1;1;1;1980.0;4;2;6;0;-1; -1;-1
202400016691;203 949 238;155 752 381;A01;1;1;4;1;2003.0;0;2;6;0;-1; -1;-1
202400016697;203 949 226;155 752 369;B01;1;1;4;2;1992.0;1;2;0;0;-1; -1;-1
202400016697;203 949 227;155 752 370;A01;1;1;1;1;1998.0;1;1;0;0;-1; -1;-1
202400016708;203 949 207;155 752 353;B01;1;1;3;1;1954.0;5;1;-1;-1;0;0;-1
202400016708;203 949 208;155 752 354;A01;1;1;3;1;2000.0;1;1;-1;-1;0;0;-1
202400016712;203 949 195;155 752 344;B01;1;1;4;2;1996.0;3;1;-1;-1;0;0;-1
202400016712;203 949 196;155 752 345;A01;1;1;3;1;1999.0;5;2;6;-1;0;0;-1
202400016719;203 949 178;155 752 332;A01;1;1;3;1;1972.0;0;2;6;9;0;0;-1
202400016719;203 949 179;155 752 333;B01;1;1;1;-1;;-1;-1;-1;-1;-1; -1;-1
202400016732;203 949 148;155 752 310;A01;2;2;4;2;1984.0;5;2;6;-1;0;0;-1
202400016732;203 949 149;155 752 310;A01;1;1;3;1;1984.0;5;2;6;-1;0;0;-1
202400016732;203 949 150;155 752 311;B01;1;1;1;1;2000.0;4;1;-1;-1;0;0;-1
202400016743;203 949 127;155 752 296;A01;9;2;1;1;2007.0;5;1;-1;-1;0;0;-1
202400016743;203 949 128;155 752 296;A01;2;2;3;2;2003.0;5;1;-1;-1;0;0;-1
202400016743;203 949 129;155 752 296;A01;1;1;1;2;1993.0;5;1;-1;-1;0;0;-1
202400016752;203 949 099;155 752 280;B01;1;1;4;1;1985.0;0;2;6;-1;-1; -1;-1
202400016752;203 949 100;155 752 281;A01;1;1;1;1;2002.0;0;1;0;-1;-1; -1;-1
202400016755;203 949 093;155 752 274;A01;1;1;1;1;1997.0;1;1;0;0;-1; -1;-1
202400016755;203 949 094;155 752 275;B01;1;1;4;1;2000.0;1;2;6;0;-1; -1;-1
202400016759;203 949 084;155 752 265;B01;1;1;1;1;1995.0;0;1;0;-1;-1; -1;-1
202400016759;203 949 085;155 752 266;A01;1;1;4;1;2002.0;0;2;6;-1;-1; -1;-1
202400016760;203 949 082;155 752 263;A01;1;1;4;1;2003.0;9;2;0;-1;-1; -1;-1
202400016760;203 949 083;155 752 264;B01;1;1;1;2;2005.0;2;1;0;-1;-1; -1;-1
202400016766;203 949 068;155 752 253;A01;1;1;3;1;1993.0;1;2;6;-1;0;0;-1
202400016766;203 949 069;155 752 254;B01;1;1;1;1;1997.0;0;8;-1;-1;0;0;-1
202400016769;203 949 058;155 752 248;A01;1;1;1;2;1977.0;0;8;0;-1;-1; -1;-1
202400016769;203 949 059;155 752 249;B01;1;1;4;1;1962.0;0;2;0;-1;-1; -1;-1
202400016777;203 949 036;155 752 234;A01;10;3;4;1;2017.0;2;8;8;-1;2;3;2
202400016777;203 949 037;155 752 234;A01;1;1;1;1;1939.0;0;1;0;-1;-1; -1;-1
202400016779;203 949 033;155 752 232;A01;1;1;1;1;1976.0;5;1;0;-1;0;0;-1
202400016779;203 949 034;155 752 232;A01;2;2;4;1;2009.0;0;1;0;-1;0;0;-1
202400016786;203 949 021;155 752 220;A01;1;1;3;2;2004.0;5;2;6;0;0;0;-1
202400016791;203 949 012;155 752 212;A01;1;1;4;2;1969.0;1;1;0;-1;-1; -1;-1
202400016811;203 948 970;155 752 177;WX01;1;1;2;2;1972.0;0;8;8;-1;-1; -1;-1
202400016813;203 948 966;155 752 174;A01;10;3;3;1;1993.0;0;0;-1;-1;2;3;1
202400016813;203 948 967;155 752 174;A01;1;1;1;1;1957.0;9;1;8;-1;-1; -1;-1
202400016827;203 948 928;155 752 145;A01;1;1;1;2;1991.0;1;1;8;-1;-1; -1;-1
202400016827;203 948 929;155 752 146;B01;2;2;4;2;2021.0;5;3;8;-1;-1; -1;-1
202400016827;203 948 930;155 752 146;B01;1;1;4;2;1992.0;5;1;8;-1;-1; -1;-1
202400016832;203 948 917;155 752 135;A01;1;1;1;1;1974.0;4;1;-1;-1;0;0;-1
202400016832;203 948 918;155 752 136;B01;1;1;3;1;1967.0;4;1;-1;-1;0;0;-1
202400016841;203 948 897;155 752 119;A01;9;2;4;1;2017.0;2;1;-1;-1;0;0;-1
202400016841;203 948 899;155 752 119;A01;1;1;4;2;1990.0;2;1;-1;-1;0;0;-1
202400016841;203 948 900;155 752 121;B01;1;1;1;1;1985.0;2;1;-1;-1;0;0;-1
202400016850;203 948 874;155 752 104;B01;1;1;1;1;1980.0;-1;9;9;9;-1; -1;-1
202400016850;203 948 876;155 752 106;A01;3;2;4;1;2013.0;5;1;-1;-1;-1; -1;-1
202400016850;203 948 877;155 752 106;A01;2;2;4;2;2005.0;5;1;-1;-1;-1; -1;-1
202400016850;203 948 878;155 752 106;A01;4;2;4;1;2014.0;5;1;-1;-1;-1; -1;-1
202400016850;203 948 879;155 752 106;A01;1;1;4;2;1994.0;5;1;-1;-1;-1; -1;-1
202400016855;203 948 865;155 752 096;B01;1;1;4;1;2008.0;5;2;6;-1;0;0;-1
202400016855;203 948 867;155 752 098;A01;1;1;1;1;1968.0;5;1;-1;-1;0;0;-1
202400016858;203 948 855;155 752 091;B01;4;2;4;2;2023.0;0;1;-1;-1;-1; -1;-1
202400016858;203 948 856;155 752 091;B01;3;2;4;2;2022.0;0;1;-1;-1;-1; -1;-1
202400016858;203 948 857;155 752 091;B01;1;1;4;2;1981.0;0;1;-1;-1;-1; -1;-1
202400016858;203 948 858;155 752 093;A01;1;1;1;2;2002.0;1;1;-1;-1;-1; -1;-1
202400016871;203 948 827;155 752 068;A01;10;3;4;2;1997.0;0;0;-1;-1;4;3;1
202400016871;203 948 829;155 752 068;A01;1;1;1;2;2005.0;9;1;0;-1;-1; -1;-1
202400016876;203 948 818;155 752 059;B01;1;1;4;1;1991.0;1;1;-1;-1;-1; -1;-1
202400016876;203 948 819;155 752 060;A01;1;1;1;1;1970.0;5;1;-1;-1;-1; -1;-1
202400016884;203 948 796;155 752 041;A01;2;2;1;1;1989.0;5;1;0;-1;-1; -1;-1
202400016884;203 948 798;155 752 041;A01;1;1;1;2;1963.0;4;1;0;-1;-1; -1;-1
202400016884;203 948 799;155 752 043;B01;1;1;4;1;1993.0;5;1;0;-1;-1; -1;-1
202400016888;203 948 788;155 752 034;B01;1;1;4;1;1982.0;4;1;0;-1;0;0;-1
202400016888;203 948 790;155 752 035;A01;1;1;1;1;1984.0;4;1;8;-1;0;0;-1
202400016905;203 948 755;155 752 009;A01;1;1;4;1;1975.0;5;2;6;-1;-1; -1;-1
202400016905;203 948 756;155 752 010;B01;1;1;1;2;1979.0;0;1;8;-1;-1; -1;-1
202400016919;203 948 722;155 751 983;A01;1;1;1;1;2005.0;0;1;-1;-1;0;0;-1
202400016919;203 948 723;155 751 984;B01;1;1;3;1;1991.0;0;8;-1;-1;0;0;-1
202400016930;203 948 685;155 751 958;A01;1;1;1;1;2003.0;5;1;0;-1;-1; -1;-1
202400016930;203 948 686;155 751 959;B01;2;2;4;1;2004.0;5;1;0;-1;-1; -1;-1
202400016930;203 948 687;155 751 959;B01;1;1;4;1;1996.0;5;1;0;-1;-1; -1;-1
202400016930;203 948 688;155 751 960;C01;1;1;4;1;1984.0;5;1;0;-1;-1; -1;-1
202400016934;203 948 677;155 751 952;A01;1;1;3;1;2004.0;9;8;0;-1;-1; -1;-1
202400016947;203 948 648;155 751 931;A01;10;3;4;2;2005.0;0;0;0;0;4;3;3
202400016947;203 948 649;155 751 931;A01;1;1;1;2;2001.0;0;1;0;0;-1; -1;-1
202400016948;203 948 646;155 751 930;A01;1;1;4;1;1990.0;0;0;0;0;0;0;-1
202400016948;203 948 647;155 751 930;A01;10;3;1;1;1998.0;0;0;-1;-1;3;3;1
202400016955;203 948 624;155 751 916;B01;1;1;1;1;1988.0;5;1;-1;-1;0;0;-1
202400016955;203 948 625;155 751 917;A01;1;1;3;2;1988.0;5;2;6;9;0;0;-1
202400016972;203 948 591;155 751 891;B01;1;1;3;1;2009.0;0;2;-1;-1;0;0;-1
202400016972;203 948 592;155 751 892;A01;1;1;1;1;1944.0;0;8;-1;-1;0;0;-1
202400016990;203 948 541;155 751 860;B01;9;2;4;1;2023.0;9;3;1;-1;0;0;-1
202400016990;203 948 542;155 751 860;B01;2;2;4;1;1997.0;9;1;5;-1;0;0;-1
202400016990;203 948 543;155 751 860;B01;7;2;4;2;1994.0;9;1;-1;-1;0;0;-1
202400016990;203 948 544;155 751 860;B01;1;1;4;1;1991.0;9;1;5;-1;0;0;-1
202400016990;203 948 545;155 751 861;A01;1;1;1;1;2004.0;9;1;-1;-1;0;0;-1
202400017004;203 948 511;155 751 836;B01;2;2;3;2;2010.0;1;2;-1;-1;0;0;-1
202400017004;203 948 512;155 751 836;B01;1;1;3;1;1998.0;1;2;-1;-1;0;0;-1
202400017004;203 948 513;155 751 837;A01;1;1;1;1;1978.0;1;1;-1;-1;0;0;-1
202400017010;203 948 496;155 751 826;A01;1;1;4;1;2006.0;5;2;6;-1;-1; -1;-1
202400017021;203 948 460;155 751 799;A01;1;1;1;1;1981.0;0;1;0;0;-1; -1;-1
202400017021;203 948 461;155 751 800;B01;1;1;1;1;1989.0;0;1;0;0;-1; -1;-1
202400017021;203 948 462;155 751 801;C01;2;2;4;2;1988.0;5;1;0;0;-1; -1;-1
202400017021;203 948 463;155 751 801;C01;1;1;1;1;1980.0;5;1;0;0;-1; -1;-1
202400017021;203 948 464;155 751 802;Z01;1;1;1;-1;;-1;8;8;8;-1; -1;-1
202400017021;203 948 465;155 751 803;D01;1;1;1;1;1989.0;0;1;0;0;-1; -1;-1
202400017027;203 948 445;155 751 786;A01;1;1;1;1;1997.0;0;8;-1;-1;0;0;-1
202400017027;203 948 446;155 751 787;B01;1;1;4;1;1990.0;0;8;-1;-1;0;0;-1
202400017040;203 948 420;155 751 767;B01;1;1;4;1;1985.0;4;2;6;-1;-1; -1;-1
202400017040;203 948 421;155 751 768;A01;1;1;1;1;1990.0;5;1;0;-1;-1; -1;-1
202400017048;203 948 404;155 751 756;A01;1;1;1;2;1994.0;5;1;0;0;-1; -1;-1
202400017048;203 948 405;155 751 757;B01;1;1;4;2;1974.0;5;2;6;0;-1; -1;-1
202400017050;203 948 400;155 751 752;B01;1;1;4;1;1971.0;0;1;0;-1;-1; -1;-1
202400017050;203 948 402;155 751 754;A01;1;1;1;1;1972.0;4;1;0;-1;-1; -1;-1
202400017053;203 948 394;155 751 748;A01;1;1;1;2;1966.0;0;1;0;0;-1; -1;-1
202400017053;203 948 395;155 751 748;A01;10;3;4;1;1943.0;5;0;0;0;2;3;1
202400017073;203 948 341;155 751 709;B01;1;1;1;1;1982.0;1;1;0;0;-1; -1;-1
202400017073;203 948 343;155 751 711;A01;1;1;4;1;1997.0;5;2;6;0;-1; -1;-1
202400017075;203 948 336;155 751 705;A01;1;1;3;1;1994.0;1;2;6;-1;0;0;-1
202400017076;203 948 335;155 751 704;B01;1;1;4;1;1969.0;1;2;6;0;-1; -1;-1
202400017076;203 948 337;155 751 706;A01;1;1;1;1;2005.0;3;2;6;0;-1; -1;-1
202400017105;203 948 268;155 751 652;A01;1;1;3;1;2001.0;5;2;6;-1;0;0;-1
202400017109;203 948 252;155 751 640;A01;1;1;1;1;1973.0;4;1;-1;-1;0;0;-1
202400017109;203 948 254;155 751 642;B01;1;1;3;2;1975.0;4;1;-1;-1;0;0;-1
202400017124;203 948 219;155 751 611;A01;1;1;3;1;1992.0;1;1;-1;-1;0;0;-1
202400017133;203 948 200;155 751 598;A01;1;1;3;1;1977.0;1;2;6;-1;0;0;-1
202400017136;203 948 194;155 751 593;B01;1;1;4;1;1986.0;1;2;0;-1;0;0;-1
202400017136;203 948 196;155 751 595;A01;1;1;1;1;1977.0;1;1;0;-1;0;0;-1
202400017161;203 948 134;155 751 548;A01;1;1;1;2;1960.0;5;1;-1;-1;0;0;-1
202400017161;203 948 135;155 751 549;B01;1;1;3;1;1946.0;5;1;-1;-1;0;0;-1
202400017163;203 948 130;155 751 544;A01;1;1;3;1;1990.0;0;2;6;-1;0;0;-1
202400017163;203 948 132;155 751 546;B01;1;1;1;1;1971.0;0;1;-1;-1;0;0;-1
202400017164;203 948 126;155 751 541;B01;1;1;3;1;1969.0;0;1;-1;-1;-1; -1;-1
202400017164;203 948 129;155 751 543;A01;1;1;4;1;2001.0;5;1;-1;-1;-1; -1;-1
202400017180;203 948 087;155 751 515;B01;1;1;4;1;2010.0;3;0;-1;-1;0;0;-1
202400017180;203 948 088;155 751 516;A01;1;1;1;1;1958.0;3;1;-1;-1;0;0;-1
202400017205;203 948 019;155 751 464;A01;1;1;2;1;2004.0;5;2;6;-1;-1; -1;-1
202400017209;203 948 009;155 751 456;B01;1;1;1;2;1984.0;1;1;0;-1;-1; -1;-1
202400017209;203 948 011;155 751 459;A01;1;1;4;1;2009.0;2;8;0;-1;-1; -1;-1
202400017211;203 948 001;155 751 451;Z01;10;3;4;2;2016.0;2;0;-1;-1;2;1;2
202400017211;203 948 003;155 751 451;Z01;1;1;1;-1;;-1;-1;-1;-1;-1; -1;-1
202400017213;203 947 994;155 751 446;A01;2;2;4;2;2002.0;5;2;8;-1;-1; -1;-1
202400017213;203 947 995;155 751 446;A01;1;1;1;1;2001.0;5;2;8;-1;-1; -1;-1
202400017213;203 947 996;155 751 447;B01;1;1;1;1;2001.0;5;2;8;-1;-1; -1;-1
202400017213;203 947 998;155 751 449;C01;1;1;1;1;1998.0;5;2;8;-1;-1; -1;-1
202400017248;203 947 905;155 751 386;A01;1;1;1;2;1978.0;5;8;0;-1;-1; -1;-1
202400017248;203 947 906;155 751 387;B01;3;2;4;1;2023.0;9;8;8;-1;-1; -1;-1
202400017248;203 947 907;155 751 387;B01;4;2;1;2;2020.0;5;8;8;-1;-1; -1;-1
202400017248;203 947 908;155 751 387;B01;1;1;4;2;1992.0;5;8;0;-1;-1; -1;-1
202400017250;203 947 901;155 751 383;A01;1;1;1;1;1953.0;0;1;0;-1;-1; -1;-1
202400017250;203 947 902;155 751 384;B01;1;1;4;2;1995.0;0;1;0;-1;-1; -1;-1
202400017279;203 947 838;155 751 336;A01;1;1;1;1;1974.0;4;8;0;0;-1; -1;-1
202400017279;203 947 841;155 751 338;B01;1;1;4;1;2006.0;0;2;0;0;-1; -1;-1
202400017283;203 947 831;155 751 330;A01;1;1;4;2;1970.0;5;8;0;-1;0;0;-1
202400017285;203 947 819;155 751 322;A01;10;3;3;2;1951.0;0;8;8;-1;9;3;1
202400017285;203 947 821;155 751 322;A01;1;1;1;1;2005.0;4;1;0;-1;-1; -1;-1
202400017287;203 947 816;155 751 320;B01;1;1;4;1;2001.0;4;2;6;0;-1; -1;-1
202400017287;203 947 822;155 751 323;A01;1;1;1;1;2001.0;1;1;0;0;-1; -1;-1
202400017290;203 947 808;155 751 314;A01;1;1;1;1;1984.0;5;1;0;0;-1; -1;-1
202400017290;203 947 812;155 751 317;B01;1;1;4;1;1973.0;1;2;6;0;-1; -1;-1
202400017292;203 947 803;155 751 310;A01;1;1;1;1;1961.0;5;8;-1;-1;-1; -1;-1
202400017292;203 947 806;155 751 313;B01;1;1;3;1;2002.0;5;2;0;-1;-1; -1;-1
202400017299;203 947 789;155 751 301;A01;1;1;2;1;1994.0;0;0;-1;-1;0;0;-1
202400017300;203 947 787;155 751 299;A01;1;1;3;1;1969.0;1;1;-1;-1;0;0;-1
202400017300;203 947 791;155 751 302;B01;1;1;1;1;1994.0;4;1;-1;-1;0;0;-1
202400017325;203 947 737;155 751 259;B01;2;2;1;1;1945.0;9;1;0;-1;-1; -1;-1
202400017325;203 947 739;155 751 259;B01;1;1;4;1;1948.0;0;1;0;-1;-1; -1;-1
202400017325;203 947 741;155 751 262;A01;1;1;1;2;1983.0;1;1;0;-1;-1; -1;-1
202400017347;203 947 693;155 751 224;A01;1;1;3;1;1995.0;5;1;9;-1;0;0;-1
202400017347;203 947 694;155 751 224;A01;2;2;3;1;1997.0;5;1;9;-1;0;0;-1
202400017349;203 947 684;155 751 218;A01;1;1;1;2;1954.0;0;1;0;0;-1; -1;-1
202400017349;203 947 686;155 751 220;B01;2;2;4;1;1981.0;0;1;0;0;-1; -1;-1
202400017349;203 947 688;155 751 220;B01;1;1;4;1;1952.0;0;1;0;0;-1; -1;-1
202400017349;203 947 690;155 751 222;C01;1;1;1;1;1980.0;0;1;0;0;-1; -1;-1
202400017349;203 947 692;155 751 222;C01;2;2;4;1;1980.0;0;1;0;0;-1; -1;-1
202400017354;203 947 675;155 751 212;A01;1;1;4;1;1998.0;5;8;0;0;-1; -1;-1
202400017354;203 947 678;155 751 213;B01;1;1;1;2;1978.0;5;1;0;0;-1; -1;-1
202400017355;203 947 673;155 751 210;A01;10;3;4;1;1956.0;5;0;-1;-1;4;3;1
202400017355;203 947 676;155 751 210;A01;1;1;1;2;2003.0;1;1;8;-1;4;3;1
202400017357;203 947 670;155 751 208;A01;10;3;4;2;2003.0;9;0;-1;-1;9;3;1
202400017357;203 947 671;155 751 208;A01;1;1;1;2;1979.0;9;1;-1;-1;0;0;-1
202400017364;203 947 657;155 751 197;B01;1;1;1;1;1993.0;0;1;9;-1;0;0;-1
202400017364;203 947 658;155 751 198;A01;1;1;3;1;2001.0;5;2;6;9;0;0;-1
202400017365;203 947 653;155 751 194;A01;1;1;1;2;1959.0;5;1;-1;-1;-1; -1;-1
202400017365;203 947 655;155 751 195;B01;1;1;4;2;1950.0;5;2;-1;-1;-1; -1;-1
202400017378;203 947 620;155 751 169;A01;2;2;1;1;2005.0;5;1;-1;-1;0;0;-1
202400017378;203 947 622;155 751 169;A01;4;2;3;2;2007.0;5;1;-1;-1;0;0;-1
202400017378;203 947 624;155 751 169;A01;3;2;1;2;2009.0;5;1;-1;-1;0;0;-1
202400017378;203 947 625;155 751 169;A01;1;1;1;1;2005.0;5;1;-1;-1;0;0;-1
202400017379;203 947 616;155 751 167;A01;2;2;3;2;1998.0;0;1;-1;-1;0;0;-1
202400017379;203 947 618;155 751 167;A01;9;2;3;2;2020.0;0;1;3;-1;0;0;-1
202400017379;203 947 621;155 751 167;A01;7;2;3;2;2019.0;0;1;3;-1;0;0;-1
202400017379;203 947 623;155 751 167;A01;1;1;3;1;1984.0;0;1;-1;-1;0;0;-1
202400017379;203 947 626;155 751 170;B01;1;1;1;1;1991.0;1;1;-1;-1;0;0;-1
202400017386;203 947 593;155 751 152;B01;1;1;2;2;1950.0;0;8;8;-1;-1; -1;-1
202400017386;203 947 597;155 751 154;A01;1;1;1;1;2008.0;0;1;0;-1;-1; -1;-1
202400017386;203 947 600;155 751 154;A01;2;2;1;1;2000.0;0;1;0;-1;-1; -1;-1
202400017412;203 947 537;155 751 111;A01;1;1;1;1;1956.0;0;8;0;-1;0;0;-1
202400017412;203 947 540;155 751 111;A01;10;3;4;1;1953.0;0;0;-1;-1;8;B;1
202400017417;203 947 525;155 751 102;A01;1;1;4;1;2005.0;0;2;6;9;0;0;-1
202400017417;203 947 529;155 751 105;B01;1;1;1;1;1982.0;4;1;-1;-1;0;0;-1
202400017419;203 947 521;155 751 098;A01;1;1;4;1;2001.0;1;2;6;-1;0;0;-1
202400017419;203 947 524;155 751 101;B01;1;1;1;1;1979.0;1;1;0;-1;0;0;-1
202400017438;203 947 482;155 751 064;A01;1;1;3;1;1953.0;5;1;-1;-1;0;0;-1
202400017447;203 947 461;155 751 050;A01;10;3;4;2;1974.0;4;0;-1;-1;3;3;3
202400017447;203 947 463;155 751 050;A01;1;1;1;1;2001.0;1;1;0;-1;-1; -1;-1
202400017449;203 947 459;155 751 048;A01;1;1;1;1;1933.0;0;1;-1;-1;0;0;-1
202400017449;203 947 462;155 751 051;B01;3;2;1;2;2023.0;2;1;-1;-1;0;0;-1
202400017449;203 947 464;155 751 051;B01;1;1;4;1;1992.0;2;1;-1;-1;0;0;-1
202400017463;203 947 427;155 751 026;A01;1;1;3;1;1975.0;5;6;2;-1;0;0;-1
202400017472;203 947 411;155 751 013;A01;1;1;1;1;1980.0;1;1;0;0;-1; -1;-1
202400017472;203 947 414;155 751 015;B01;1;1;4;1;1985.0;1;2;8;0;-1; -1;-1
202400017474;203 947 405;155 751 011;A01;3;2;1;2;2011.0;5;8;-1;-1;0;0;-1
202400017474;203 947 406;155 751 011;A01;4;2;1;2;2010.0;5;8;-1;-1;0;0;-1
202400017474;203 947 407;155 751 011;A01;2;2;3;2;1981.0;5;8;-1;-1;0;0;-1
202400017474;203 947 409;155 751 011;A01;1;1;1;1;1981.0;5;8;-1;-1;0;0;-1
202400017478;203 947 395;155 751 005;B01;1;1;1;1;1971.0;4;1;0;0;-1; -1;-1
202400017478;203 947 397;155 751 007;A01;1;1;4;1;2005.0;4;2;6;0;-1; -1;-1
202400017484;203 947 380;155 750 996;A01;9;2;1;2;2020.0;5;1;3;-1;0;0;-1
202400017484;203 947 381;155 750 996;A01;2;2;1;2;2022.0;5;1;3;-1;0;0;-1
202400017484;203 947 382;155 750 996;A01;1;1;1;2;1990.0;5;1;-1;-1;0;0;-1
202400017484;203 947 384;155 750 998;B01;2;2;1;1;2011.0;5;1;-1;-1;0;0;-1
202400017484;203 947 385;155 750 998;B01;7;2;1;1;2011.0;5;1;-1;-1;0;0;-1
202400017484;203 947 387;155 750 998;B01;9;2;4;1;2022.0;5;1;3;-1;0;0;-1
202400017484;203 947 388;155 750 998;B01;1;1;1;1;1984.0;5;1;-1;-1;0;0;-1
202400017504;203 947 329;155 750 962;A01;1;1;3;1;1995.0;0;1;-1;-1;0;0;-1
202400017516;203 947 300;155 750 940;A01;1;1;1;1;1983.0;5;1;-1;-1;0;0;-1
202400017516;203 947 301;155 750 941;B01;1;1;3;1;2007.0;2;2;6;-1;0;0;-1
202400017517;203 947 296;155 750 938;A01;1;1;4;1;2001.0;5;1;-1;-1;0;0;-1
202400017517;203 947 297;155 750 939;B01;2;2;3;1;1994.0;5;1;-1;-1;0;0;-1
202400017517;203 947 298;155 750 939;B01;3;2;3;1;1988.0;5;1;-1;-1;0;0;-1
202400017517;203 947 299;155 750 939;B01;1;1;3;1;1995.0;5;1;-1;-1;0;0;-1
202400017524;203 947 278;155 750 922;A01;1;1;1;1;1992.0;4;1;-1;-1;0;0;-1
202400017524;203 947 279;155 750 923;B01;1;1;3;1;1968.0;5;1;-1;-1;0;0;-1
202400017526;203 947 275;155 750 919;A01;1;1;3;1;2004.0;2;2;6;9;0;0;-1
202400017533;203 947 262;155 750 909;A01;1;1;1;-1;;-1;-1;-1;-1;-1; -1;-1
202400017533;203 947 263;155 750 910;B01;1;1;4;2;1957.0;5;1;-1;-1;0;0;-1
202400017547;203 947 228;155 750 882;A01;1;1;2;2;1963.0;5;0;-1;-1;0;0;-1
202400017547;203 947 229;155 750 883;B01;1;1;1;1;1988.0;4;0;-1;-1;0;0;-1
202400017553;203 947 210;155 750 871;A01;2;2;3;2;1987.0;0;1;0;-1;-1; -1;-1
202400017553;203 947 211;155 750 871;A01;1;1;1;1;1951.0;0;1;8;-1;-1; -1;-1
202400017558;203 947 195;155 750 862;B01;1;1;3;1;2001.0;1;2;6;-1;0;0;-1
202400017558;203 947 196;155 750 863;A01;1;1;1;1;1961.0;5;1;0;-1;0;0;-1
202400017558;203 947 197;155 750 863;A01;2;2;1;2;1968.0;5;1;8;-1;0;0;-1
202400017584;203 947 120;155 750 810;A01;1;1;1;1;1985.0;4;1;0;-1;-1; -1;-1
202400017584;203 947 121;155 750 811;B01;1;1;4;1;1995.0;5;8;0;-1;-1; -1;-1
202400017610;203 947 050;155 750 768;A01;9;2;1;1;2006.0;5;0;-1;-1;0;0;-1
202400017610;203 947 051;155 750 768;A01;2;2;3;1;2007.0;5;0;-1;-1;0;0;-1
202400017610;203 947 052;155 750 768;A01;1;1;1;1;2004.0;5;1;-1;-1;0;0;-1
202400017610;203 947 053;155 750 769;B01;1;1;1;1;1973.0;4;1;-1;-1;0;0;-1
202400017613;203 947 043;155 750 763;A01;1;1;3;1;2004.0;0;0;-1;-1;0;0;-1
202400017613;203 947 044;155 750 764;B01;1;1;1;1;1982.0;0;1;-1;-1;0;0;-1
202400017639;203 946 978;155 750 715;B01;1;1;4;1;1993.0;5;8;8;-1;-1; -1;-1
202400017639;203 946 979;155 750 716;A01;1;1;1;2;1992.0;5;1;8;-1;-1; -1;-1
202400017645;203 946 962;155 750 703;B01;1;1;4;1;1985.0;0;8;0;-1;-1; -1;-1
202400017645;203 946 963;155 750 704;A01;2;2;1;1;1985.0;9;1;0;-1;-1; -1;-1
202400017645;203 946 964;155 750 704;A01;1;1;4;2;1979.0;0;1;0;-1;-1; -1;-1
202400017663;203 946 928;155 750 678;A01;10;3;4;1;1978.0;0;0;-1;-1;2;3;1
202400017663;203 946 930;155 750 678;A01;1;1;1;1;2000.0;4;1;-1;-1;0;0;-1
202400017688;203 946 870;155 750 629;A01;10;3;4;2;1949.0;5;0;-1;-1;9;9;1
202400017688;203 946 872;155 750 629;A01;1;1;1;-1;;-1;8;-1;-1;-1; -1;-1
202400017690;203 946 866;155 750 625;A01;1;1;1;1;1990.0;5;1;8;-1;-1; -1;-1
202400017690;203 946 869;155 750 627;B01;1;1;4;1;1977.0;5;8;8;-1;-1; -1;-1
202400017691;203 946 864;155 750 623;A01;1;1;1;1;1984.0;0;1;0;-1;-1; -1;-1
202400017691;203 946 865;155 750 624;B01;1;1;4;1;1991.0;0;2;0;-1;-1; -1;-1
202400017693;203 946 855;155 750 618;C01;1;1;1;1;1994.0;5;1;8;-1;-1; -1;-1
202400017693;203 946 857;155 750 620;A01;3;2;1;1;2020.0;5;3;8;-1;-1; -1;-1
202400017693;203 946 859;155 750 620;A01;1;1;4;2;1991.0;5;1;8;-1;-1; -1;-1
202400017693;203 946 860;155 750 620;A01;4;2;1;2;2019.0;5;3;8;-1;-1; -1;-1
202400017693;203 946 861;155 750 621;B01;1;1;1;1;1961.0;5;1;8;-1;-1; -1;-1
202400017698;203 946 843;155 750 610;A01;10;3;4;2;1946.0;9;0;-1;-1;3;3;2
202400017698;203 946 845;155 750 610;A01;10;3;4;2;1969.0;9;0;-1;-1;3;3;2
202400017698;203 946 846;155 750 610;A01;1;1;1;1;1996.0;9;1;-1;-1;-1; -1;-1
202400017713;203 946 807;155 750 585;B01;1;1;1;1;2004.0;0;1;0;-1;0;0;-1
202400017713;203 946 808;155 750 586;A01;1;1;1;2;1987.0;0;1;0;-1;0;0;-1
202400017713;203 946 810;155 750 586;A01;2;2;4;2;2012.0;0;1;0;-1;0;0;-1
202400017713;203 946 811;155 750 586;A01;4;2;4;1;2018.0;0;1;0;-1;0;0;-1
202400017713;203 946 812;155 750 586;A01;3;2;4;2;2016.0;0;1;0;-1;0;0;-1
202400017725;203 946 782;155 750 566;A01;1;1;1;2;1941.0;0;1;0;-1;-1; -1;-1
202400017725;203 946 785;155 750 567;B01;1;1;4;1;1979.0;0;8;0;-1;-1; -1;-1
202400017769;203 946 668;155 750 477;A01;10;3;3;2;1959.0;5;0;-1;-1;5;2;2
202400017769;203 946 670;155 750 477;A01;1;1;1;1;1992.0;5;0;0;0;-1; -1;-1
202400017776;203 946 645;155 750 461;B01;1;1;3;2;2007.0;2;2;0;-1;-1; -1;-1
202400017776;203 946 648;155 750 463;A01;1;1;1;1;1999.0;1;1;0;-1;-1; -1;-1
202400017778;203 946 638;155 750 458;B01;1;1;1;-1;;0;1;0;0;-1; -1;-1
202400017778;203 946 642;155 750 460;A01;1;1;1;1;1994.0;0;1;0;-1;-1; -1;-1
202400017778;203 946 646;155 750 462;C01;1;1;4;1;2002.0;4;1;0;-1;-1; -1;-1
202400017778;203 946 651;155 750 466;D01;1;1;4;2;1994.0;0;1;0;-1;-1; -1;-1
202400017778;203 946 653;155 750 468;E01;2;2;4;1;1971.0;0;1;4;-1;-1; -1;-1
202400017778;203 946 654;155 750 468;E01;1;1;1;1;1982.0;0;1;4;-1;-1; -1;-1
202400017781;203 946 633;155 750 453;A01;1;1;1;1;1989.0;0;8;0;-1;-1; -1;-1
202400017781;203 946 636;155 750 455;B01;1;1;4;1;1974.0;1;8;4;-1;-1; -1;-1
202400017782;203 946 631;155 750 450;B01;1;1;4;2;1997.0;0;2;0;-1;-1; -1;-1
202400017782;203 946 634;155 750 452;A01;1;1;1;1;2003.0;0;1;8;-1;-1; -1;-1
202400017783;203 946 627;155 750 448;B01;2;2;1;1;2008.0;3;2;6;-1;0;0;-1
202400017783;203 946 629;155 750 448;B01;1;1;3;1;2008.0;3;2;6;-1;0;0;-1
202400017783;203 946 630;155 750 449;A01;1;1;1;2;1964.0;1;1;0;-1;0;0;-1
202400017793;203 946 602;155 750 429;A01;1;1;1;1;2002.0;9;8;0;0;-1; -1;-1
202400017793;203 946 604;155 750 430;B01;1;1;1;1;2005.0;9;8;0;0;-1; -1;-1
202400017793;203 946 606;155 750 432;C01;1;1;4;1;1968.0;1;2;0;0;-1; -1;-1
202400017803;203 946 579;155 750 411;A01;1;1;1;2;1998.0;0;1;8;-1;-1; -1;-1
202400017803;203 946 581;155 750 414;B01;1;1;4;1;1963.0;0;2;8;-1;-1; -1;-1
202400017806;203 946 566;155 750 402;B01;1;1;4;1;1993.0;5;8;0;0;-1; -1;-1
202400017806;203 946 572;155 750 406;C01;1;1;1;1;2002.0;5;8;0;0;-1; -1;-1
202400017806;203 946 574;155 750 408;A01;2;2;4;2;1965.0;5;1;0;0;-1; -1;-1
202400017806;203 946 575;155 750 408;A01;1;1;4;2;1969.0;5;8;0;-1;-1; -1;-1
202400017813;203 946 550;155 750 388;A01;1;1;1;1;1987.0;3;1;0;-1;-1; -1;-1
202400017813;203 946 553;155 750 390;B01;1;1;4;1;1957.0;3;1;0;-1;-1; -1;-1
202400017818;203 946 543;155 750 384;A01;1;1;4;1;2002.0;4;1;0;-1;-1; -1;-1
202400017818;203 946 544;155 750 384;A01;2;2;1;1;2004.0;5;1;0;-1;-1; -1;-1
202400017833;203 946 508;155 750 357;A01;10;3;4;2;1943.0;9;0;-1;-1;1;3;2
202400017833;203 946 510;155 750 357;A01;1;1;1;1;1985.0;9;8;0;-1;-1; -1;-1
202400017835;203 946 505;155 750 354;A01;1;1;4;1;1989.0;1;2;6;-1;0;0;-1
202400017835;203 946 507;155 750 356;B01;1;1;1;1;2005.0;4;1;4;-1;0;0;-1
202400017842;203 946 487;155 750 342;A01;1;1;4;1;1948.0;0;8;0;-1;-1; -1;-1
202400017842;203 946 492;155 750 344;B01;1;1;1;1;1966.0;0;1;8;-1;-1; -1;-1
202400017868;203 946 435;155 750 302;B01;1;1;1;1;1981.0;1;1;0;-1;-1; -1;-1
202400017868;203 946 439;155 750 305;A01;1;1;4;2;2001.0;2;8;0;-1;-1; -1;-1
202400017875;203 946 414;155 750 286;B01;1;1;1;1;1959.0;3;0;-1;-1;0;0;-1
202400017875;203 946 418;155 750 289;A01;10;3;3;1;1962.0;3;0;-1;-1;2;3;1
202400017875;203 946 419;155 750 289;A01;1;1;1;2;1990.0;3;1;0;-1;2;3;1
202400017888;203 946 377;155 750 259;B01;1;1;4;2;1985.0;0;1;0;-1;-1; -1;-1
202400017888;203 946 380;155 750 263;A01;4;2;4;2;2021.0;2;1;0;-1;-1; -1;-1
202400017888;203 946 382;155 750 263;A01;5;2;4;2;2019.0;2;1;0;-1;-1; -1;-1
202400017888;203 946 383;155 750 263;A01;3;2;4;2;2021.0;2;1;0;-1;-1; -1;-1
202400017888;203 946 384;155 750 263;A01;1;1;4;2;1995.0;2;1;0;-1;-1; -1;-1
202400017888;203 946 387;155 750 266;C01;1;1;3;2;1971.0;0;1;0;-1;-1; -1;-1
202400017891;203 946 375;155 750 257;A01;1;1;3;1;1978.0;1;2;6;0;-1; -1;-1
202400017891;203 946 378;155 750 260;B01;1;1;1;1;2002.0;1;1;0;0;-1; -1;-1
202400017897;203 946 365;155 750 250;B01;1;1;4;2;1998.0;5;8;0;0;-1; -1;-1
202400017897;203 946 373;155 750 256;A01;1;1;1;2;1970.0;5;8;0;0;-1; -1;-1
202400017929;203 946 288;155 750 194;B01;1;1;4;2;1989.0;5;8;0;-1;-1; -1;-1
202400017929;203 946 291;155 750 197;A01;1;1;1;1;1967.0;5;8;6;-1;-1; -1;-1
202400017931;203 946 285;155 750 191;A01;1;1;4;1;2003.0;5;2;8;-1;-1; -1;-1
202400017931;203 946 287;155 750 193;Z01;1;1;1;-1;;-1;-1;-1;-1;-1; -1;-1
202400017938;203 946 268;155 750 178;A01;1;1;1;1;2005.0;0;1;-1;-1;0;0;-1
202400017938;203 946 270;155 750 181;B01;1;1;2;1;1948.0;3;1;-1;-1;0;0;-1
202400017955;203 946 225;155 750 146;A01;1;1;3;1;2004.0;0;1;-1;-1;0;0;-1
202400017963;203 946 202;155 750 133;A01;10;3;3;2;2016.0;2;0;-1;-1;5;9;2
202400017963;203 946 203;155 750 133;A01;1;1;1;1;1974.0;1;1;-1;-1;0;0;-1
202400017964;203 946 196;155 750 131;A01;1;1;3;2;2004.0;9;8;-1;-1;0;0;-1
202400017966;203 946 193;155 750 128;B01;1;1;4;1;2012.0;5;0;-1;-1;0;0;-1
202400017966;203 946 198;155 750 132;A01;1;1;1;1;2000.0;5;1;-1;-1;0;0;-1
202400017988;203 946 142;155 750 094;A01;1;1;2;1;1947.0;5;0;-1;-1;0;0;-1
202400017996;203 946 121;155 750 077;B01;1;1;2;1;2000.0;9;2;6;-1;0;0;-1
202400017996;203 946 126;155 750 081;A01;1;1;1;1;1996.0;1;1;-1;-1;0;0;-1
202400018046;203 946 015;155 749 991;B01;1;1;3;1;2001.0;1;2;0;-1;0;0;-1
202400018046;203 946 017;155 749 993;A01;1;1;1;1;1977.0;4;1;0;-1;0;0;-1
202400018057;203 945 989;155 749 969;A01;1;1;4;1;1995.0;0;1;-1;-1;0;0;-1
202400018057;203 945 992;155 749 972;B01;1;1;1;2;1978.0;5;1;-1;-1;0;0;-1
202400018068;203 945 960;155 749 950;B01;1;1;3;1;2005.0;1;8;0;0;-1; -1;-1
202400018068;203 945 962;155 749 953;A01;1;1;1;1;1985.0;5;1;0;0;-1; -1;-1
202400018082;203 945 925;155 749 928;A01;1;1;3;1;1966.0;5;1;-1;-1;0;0;-1
202400018082;203 945 927;155 749 929;B01;1;1;3;1;1961.0;5;1;-1;-1;0;0;-1
202400018087;203 945 919;155 749 922;A01;1;1;3;1;1986.0;4;2;-1;-1;0;0;-1
202400018103;203 945 891;155 749 900;A01;1;1;4;2;1958.0;9;1;-1;-1;0;0;-1
202400018103;203 945 892;155 749 902;B01;1;1;1;2;1979.0;4;1;-1;-1;0;0;-1
202400018112;203 945 868;155 749 885;A01;1;1;4;2;2000.0;1;1;0;-1;-1; -1;-1
202400018112;203 945 871;155 749 888;B01;1;1;1;1;1991.0;4;1;0;-1;-1; -1;-1
202400018127;203 945 833;155 749 858;A01;10;3;2;1;2006.0;0;0;-1;-1;6;9;1
202400018127;203 945 836;155 749 858;A01;1;1;1;1;1983.0;0;1;0;-1;-1; -1;-1
202400018128;203 945 830;155 749 855;A01;1;1;3;1;1989.0;1;1;-1;-1;0;0;-1
202400018145;203 945 792;155 749 824;B01;1;1;4;1;2007.0;2;2;6;-1;-1; -1;-1
202400018145;203 945 795;155 749 827;A01;1;1;1;2;1985.0;1;1;-1;-1;-1; -1;-1
202400018150;203 945 781;155 749 817;A01;2;2;3;2;2009.0;5;1;-1;-1;0;0;-1
202400018150;203 945 783;155 749 817;A01;1;1;3;1;2006.0;5;1;-1;-1;0;0;-1
202400018160;203 945 752;155 749 799;A01;1;1;4;1;2009.0;0;2;0;-1;-1; -1;-1
202400018160;203 945 754;155 749 802;B01;1;1;1;2;1996.0;0;1;0;-1;-1; -1;-1
202400018170;203 945 734;155 749 787;A01;1;1;3;2;2009.0;5;0;-1;-1;0;0;-1
202400018170;203 945 736;155 749 787;A01;2;2;3;2;2009.0;5;0;-1;-1;0;0;-1
202400018174;203 945 725;155 749 781;A01;1;1;2;1;1974.0;9;0;-1;-1;0;0;-1
202400018193;203 945 685;155 749 751;A01;1;1;1;1;1946.0;9;1;8;-1;0;0;-1
202400018193;203 945 688;155 749 753;B01;1;1;3;2;2009.0;0;2;8;-1;0;0;-1
202400018210;203 945 644;155 749 725;A01;7;2;1;1;2020.0;5;1;3;-1;0;0;-1
202400018210;203 945 646;155 749 725;A01;1;1;3;2;1993.0;5;1;-1;-1;0;0;-1
202400018216;203 945 632;155 749 715;B01;1;1;4;2;1981.0;0;1;8;-1;-1; -1;-1
202400018216;203 945 633;155 749 716;A01;1;1;1;1;1964.0;0;1;8;-1;-1; -1;-1
202400018222;203 945 620;155 749 705;A01;1;1;3;1;1989.0;5;2;6;-1;0;0;-1
202400018237;203 945 583;155 749 681;A01;2;2;4;1;2002.0;5;1;-1;-1;0;0;-1
202400018237;203 945 585;155 749 681;A01;1;1;1;1;2001.0;5;1;-1;-1;0;0;-1
202400018251;203 945 549;155 749 657;A01;10;3;3;1;1956.0;9;0;-1;-1;1;1;1
202400018251;203 945 550;155 749 657;A01;1;1;1;2;1983.0;9;1;-1;-1;0;0;-1
202400018267;203 945 510;155 749 630;A01;2;2;4;2;2004.0;5;1;-1;-1;0;0;-1
202400018267;203 945 511;155 749 630;A01;1;1;1;2;1999.0;5;1;-1;-1;0;0;-1
202400018276;203 945 485;155 749 610;C01;1;1;4;1;1961.0;5;2;8;-1;0;0;-1
202400018276;203 945 487;155 749 612;B01;1;1;4;1;1991.0;5;2;8;-1;0;0;-1
202400018276;203 945 490;155 749 614;A01;1;1;1;1;1984.0;5;2;0;-1;0;0;-1
202400018296;203 945 438;155 749 570;A01;1;1;4;2;1973.0;5;8;0;-1;-1; -1;-1
202400018315;203 945 396;155 749 535;C01;1;1;1;1;1985.0;1;1;-1;-1;0;0;-1
202400018315;203 945 400;155 749 538;A01;10;3;1;1;1983.0;4;0;-1;-1;6;9;1
202400018315;203 945 402;155 749 540;B01;1;1;3;1;1979.0;0;1;-1;-1;0;0;-1
202400018327;203 945 362;155 749 514;A01;1;1;4;1;2003.0;0;2;0;-1;-1; -1;-1
202400018327;203 945 366;155 749 514;A01;2;2;4;2;1997.0;0;2;8;-1;-1; -1;-1
202400018340;203 945 325;155 749 490;B01;1;1;1;1;1999.0;5;1;8;-1;-1; -1;-1
202400018340;203 945 329;155 749 493;A01;2;2;4;1;2003.0;5;1;0;-1;-1; -1;-1
202400018340;203 945 331;155 749 493;A01;3;2;4;1;2003.0;5;1;0;-1;-1; -1;-1
202400018340;203 945 332;155 749 493;A01;1;1;4;1;2003.0;5;1;0;-1;-1; -1;-1
202400018366;203 945 265;155 749 440;A01;1;1;1;1;2001.0;1;1;-1;-1;0;0;-1
202400018366;203 945 266;155 749 441;B01;1;1;3;1;1989.0;5;2;-1;-1;0;0;-1
202400018387;203 945 217;155 749 406;B01;1;1;1;1;1980.0;5;1;8;-1;-1; -1;-1
202400018387;203 945 220;155 749 408;A01;1;1;4;1;2002.0;9;2;6;-1;-1; -1;-1
202400018390;203 945 208;155 749 398;A01;1;1;4;1;1971.0;5;1;-1;-1;0;0;-1
202400018390;203 945 209;155 749 399;B01;1;1;1;1;1980.0;1;1;-1;-1;0;0;-1
202400018390;203 945 212;155 749 401;C01;1;1;1;1;1983.0;1;1;-1;-1;0;0;-1
202400018390;203 945 214;155 749 403;D01;1;1;1;1;1960.0;5;1;-1;-1;0;0;-1
202400018398;203 945 188;155 749 383;A01;1;1;4;1;1986.0;4;1;-1;-1;0;0;-1
202400018416;203 945 146;155 749 350;A01;2;2;4;1;1984.0;5;1;8;-1;-1; -1;-1
202400018416;203 945 148;155 749 350;A01;1;1;4;1;1994.0;5;1;8;-1;-1; -1;-1
202400018416;203 945 150;155 749 352;B01;1;1;4;2;2002.0;5;1;8;-1;-1; -1;-1
202400018416;203 945 151;155 749 352;B01;2;2;4;1;1999.0;5;1;8;-1;-1; -1;-1
202400018416;203 945 152;155 749 352;B01;4;2;4;1;2005.0;5;1;8;-1;-1; -1;-1
202400018416;203 945 153;155 749 353;C01;1;1;1;1;1968.0;5;1;8;-1;-1; -1;-1
202400018425;203 945 120;155 749 331;B01;1;1;1;1;2007.0;5;0;0;0;-1; -1;-1
202400018425;203 945 122;155 749 331;B01;2;2;4;1;2007.0;5;8;0;0;-1; -1;-1
202400018425;203 945 128;155 749 334;A01;1;1;1;1;1987.0;5;1;0;0;-1; -1;-1
202400018431;203 945 106;155 749 322;A01;10;3;3;2;1989.0;9;0;-1;-1;3;3;1
202400018431;203 945 108;155 749 322;A01;1;1;1;2;2003.0;1;1;-1;-1;0;0;-1
202400018433;203 945 093;155 749 317;A01;2;2;1;2;1977.0;5;1;0;-1;-1; -1;-1
202400018433;203 945 095;155 749 317;A01;9;2;1;2;2008.0;5;1;0;-1;-1; -1;-1
202400018433;203 945 097;155 749 317;A01;7;2;4;2;1951.0;5;1;0;-1;-1; -1;-1
202400018433;203 945 100;155 749 317;A01;8;2;1;2;2012.0;5;1;0;-1;-1; -1;-1
202400018433;203 945 101;155 749 317;A01;4;2;1;1;2015.0;5;1;0;-1;-1; -1;-1
202400018433;203 945 102;155 749 317;A01;1;1;1;1;1973.0;5;1;0;-1;-1; -1;-1
202400018433;203 945 104;155 749 321;B01;2;2;1;2;1990.0;0;1;0;-1;-1; -1;-1
202400018433;203 945 105;155 749 321;B01;3;2;1;1;2019.0;5;1;0;-1;-1; -1;-1
202400018433;203 945 107;155 749 321;B01;1;1;1;1;1988.0;5;1;0;-1;-1; -1;-1
202400018447;203 945 056;155 749 291;B01;1;1;4;1;1992.0;1;1;-1;-1;0;0;-1
202400018447;203 945 057;155 749 292;A01;1;1;1;1;1990.0;1;1;0;-1;0;0;-1
202400018456;203 945 033;155 749 273;A01;2;2;4;2;1995.0;0;1;4;-1;-1; -1;-1
202400018456;203 945 034;155 749 273;A01;1;1;1;1;1990.0;0;1;4;-1;-1; -1;-1
202400018467;203 945 009;155 749 256;B01;1;1;4;1;1979.0;0;1;-1;-1;-1; -1;-1
202400018467;203 945 012;155 749 257;A01;1;1;1;1;1960.0;0;1;-1;-1;-1; -1;-1
202400018484;203 944 970;155 749 226;A01;10;3;4;1;1974.0;5;0;-1;-1;3;3;1
202400018484;203 944 971;155 749 226;A01;1;1;1;2;1974.0;4;1;0;-1;3;3;1
202400018512;203 944 905;155 749 178;A01;9;2;4;2;2019.0;5;3;1;-1;0;0;-1
202400018512;203 944 906;155 749 178;A01;2;2;4;2;2010.0;5;1;-1;-1;0;0;-1
202400018512;203 944 907;155 749 178;A01;1;1;4;2;1982.0;5;1;-1;-1;0;0;-1
202400018518;203 944 886;155 749 167;C01;2;2;1;2;2006.0;0;8;-1;-1;0;0;-1
202400018518;203 944 887;155 749 167;C01;9;2;1;2;2023.0;0;3;-1;-1;0;0;-1
202400018518;203 944 888;155 749 167;C01;1;1;1;2;1996.0;0;8;-1;-1;0;0;-1
202400018518;203 944 889;155 749 168;B01;2;2;4;2;1998.0;5;8;-1;-1;0;0;-1
202400018518;203 944 890;155 749 168;B01;1;1;4;1;1998.0;5;8;-1;-1;0;0;-1
202400018518;203 944 891;155 749 169;A01;1;1;4;2;1978.0;5;1;-1;-1;0;0;-1
202400018529;203 944 861;155 749 150;A01;1;1;1;1;1988.0;1;2;6;-1;-1; -1;-1
202400018529;203 944 862;155 749 150;A01;10;3;4;2;1965.0;5;0;-1;-1;2;3;1
202400018553;203 944 800;155 749 109;A01;1;1;1;1;1949.0;3;1;-1;-1;0;0;-1
202400018553;203 944 801;155 749 110;B01;1;1;3;1;2005.0;3;0;-1;-1;0;0;-1
202400018556;203 944 788;155 749 101;B01;1;1;3;1;2008.0;5;2;-1;-1;0;0;-1
202400018556;203 944 790;155 749 103;A01;1;1;1;1;1986.0;0;1;-1;-1;0;0;-1
202400018577;203 944 740;155 749 065;B01;1;1;4;2;1980.0;0;8;0;0;-1; -1;-1
202400018577;203 944 742;155 749 067;A01;1;1;1;2;1995.0;0;1;0;0;-1; -1;-1
202400018578;203 944 739;155 749 064;A01;1;1;1;2;1981.0;4;1;-1;-1;0;0;-1
202400018578;203 944 741;155 749 066;B01;1;1;3;1;1951.0;5;2;-1;-1;0;0;-1
202400018584;203 944 728;155 749 054;A01;2;2;4;1;2003.0;5;2;8;-1;0;0;-1
202400018584;203 944 729;155 749 054;A01;1;1;4;1;1998.0;5;2;8;-1;0;0;-1
202400018587;203 944 720;155 749 048;A01;2;2;3;2;1991.0;5;2;6;9;0;0;-1
202400018587;203 944 721;155 749 048;A01;1;1;4;1;1991.0;5;2;6;9;0;0;-1
202400018601;203 944 696;155 749 028;A01;1;1;3;2;1995.0;0;2;6;9;0;0;-1
202400018608;203 944 682;155 749 015;A01;1;1;1;1;1999.0;0;8;-1;-1;0;0;-1
202400018608;203 944 684;155 749 017;B01;1;1;3;1;1992.0;5;0;-1;-1;0;0;-1
202400018620;203 944 654;155 748 992;A01;1;1;2;1;1973.0;5;2;-1;-1;0;0;-1
202400018620;203 944 655;155 748 993;B01;1;1;1;1;1980.0;4;1;-1;-1;0;0;-1
202400018620;203 944 657;155 748 995;C01;1;1;3;1;1954.0;0;1;-1;-1;0;0;-1
202400018634;203 944 615;155 748 964;A01;2;2;4;1;1953.0;5;1;-1;-1;0;0;-1
202400018634;203 944 617;155 748 964;A01;1;1;2;2;1954.0;5;1;-1;-1;0;0;-1
202400018662;203 944 550;155 748 914;A01;1;1;1;1;1966.0;1;1;0;-1;-1; -1;-1
202400018662;203 944 551;155 748 915;B01;1;1;4;1;1982.0;0;8;0;-1;-1; -1;-1
202400018667;203 944 538;155 748 906;B01;3;2;4;1;2022.0;0;1;0;-1;-1; -1;-1
202400018667;203 944 539;155 748 906;B01;1;1;4;2;1990.0;0;1;0;-1;-1; -1;-1
202400018667;203 944 540;155 748 907;A01;1;1;1;1;1966.0;1;1;0;-1;-1; -1;-1
202400018667;203 944 541;155 748 908;C01;2;2;1;2;1999.0;0;1;0;-1;-1; -1;-1
202400018667;203 944 542;155 748 908;C01;1;1;1;1;2004.0;0;1;0;-1;-1; -1;-1
202400018672;203 944 519;155 748 895;A01;1;1;1;2;1979.0;5;1;-1;-1;-1; -1;-1
202400018672;203 944 520;155 748 896;B01;1;1;4;1;1965.0;5;1;-1;-1;-1; -1;-1
202400018675;203 944 512;155 748 889;A01;1;1;4;2;2003.0;5;1;0;-1;-1; -1;-1
202400018675;203 944 513;155 748 890;B01;2;2;4;2;2004.0;5;1;0;-1;-1; -1;-1
202400018675;203 944 514;155 748 890;B01;1;1;4;1;2001.0;5;1;0;-1;-1; -1;-1
202400018684;203 944 491;155 748 874;A01;1;1;4;1;1966.0;0;2;6;-1;0;0;-1
202400018684;203 944 492;155 748 875;B01;1;1;1;1;2005.0;0;1;0;-1;0;0;-1
202400018685;203 944 489;155 748 872;A01;1;1;1;2;1971.0;5;1;0;-1;-1; -1;-1
202400018685;203 944 490;155 748 873;B01;1;1;4;2;2005.0;1;8;0;-1;-1; -1;-1
202400018697;203 944 452;155 748 851;A01;3;2;4;1;2006.0;5;1;0;-1;-1; -1;-1
202400018697;203 944 453;155 748 851;A01;2;2;1;1;2006.0;0;1;0;-1;-1; -1;-1
202400018697;203 944 454;155 748 851;A01;4;2;3;1;2005.0;0;1;0;-1;-1; -1;-1
202400018697;203 944 455;155 748 851;A01;1;1;1;1;1970.0;5;1;0;-1;-1; -1;-1
202400018747;203 944 342;155 748 764;A01;1;1;1;2;1987.0;0;1;0;-1;0;0;-1
202400018747;203 944 344;155 748 764;A01;2;2;1;2;2024.0;0;1;0;-1;0;0;-1
202400018747;203 944 345;155 748 764;A01;4;2;1;1;2008.0;0;1;0;-1;0;0;-1
202400018747;203 944 346;155 748 764;A01;3;2;1;1;2004.0;0;1;0;-1;0;0;-1
202400018747;203 944 349;155 748 767;B01;1;1;4;1;2002.0;0;2;0;-1;0;0;-1
202400018766;203 944 301;155 748 733;A01;1;1;2;1;1974.0;0;8;-1;-1;0;0;-1
202400018770;203 944 294;155 748 729;A01;3;2;4;2;2007.0;5;1;-1;-1;-1; -1;-1
202400018770;203 944 295;155 748 729;A01;2;2;1;1;2006.0;5;1;-1;-1;-1; -1;-1
202400018770;203 944 297;155 748 729;A01;4;2;4;2;2007.0;5;1;-1;-1;-1; -1;-1
202400018770;203 944 298;155 748 729;A01;1;1;4;1;2006.0;5;1;-1;-1;-1; -1;-1
202400018779;203 944 267;155 748 707;A01;10;3;3;1;1994.0;5;0;-1;-1;4;3;1
202400018779;203 944 269;155 748 707;A01;1;1;1;1;1977.0;0;8;0;-1;0;0;-1
202400018798;203 944 218;155 748 674;A01;1;1;4;1;1947.0;0;1;0;-1;0;0;-1
202400018798;203 944 219;155 748 675;B01;1;1;1;1;1998.0;0;1;0;-1;0;0;-1
202400018811;203 944 186;155 748 651;A01;10;3;4;2;1952.0;3;0;-1;-1;3;3;1
202400018811;203 944 188;155 748 651;A01;1;1;1;1;1967.0;3;1;-1;-1;-1; -1;-1
202400018830;203 944 138;155 748 618;A01;2;2;1;1;1988.0;1;1;0;-1;-1; -1;-1
202400018830;203 944 139;155 748 618;A01;1;1;4;2;1990.0;1;1;0;-1;-1; -1;-1
202400018830;203 944 140;155 748 619;B01;1;1;1;-1;;-1;-1;-1;-1;-1; -1;-1
202400018835;203 944 122;155 748 608;B01;4;2;4;2;1998.0;5;1;0;-1;-1; -1;-1
202400018835;203 944 123;155 748 608;B01;2;2;4;2;2001.0;5;1;0;-1;-1; -1;-1
202400018835;203 944 124;155 748 608;B01;3;2;4;2;1998.0;5;1;0;-1;-1; -1;-1
202400018835;203 944 125;155 748 608;B01;1;1;4;1;1986.0;4;1;0;-1;-1; -1;-1
202400018835;203 944 126;155 748 609;C01;1;1;1;2;1987.0;5;1;0;-1;-1; -1;-1
202400018835;203 944 127;155 748 610;A01;2;2;4;1;2001.0;5;1;0;-1;-1; -1;-1
202400018835;203 944 128;155 748 610;A01;1;1;1;1;1999.0;5;1;4;-1;-1; -1;-1
202400018862;203 944 060;155 748 561;A01;2;2;1;1;1987.0;5;1;-1;-1;0;0;-1
202400018862;203 944 061;155 748 561;A01;1;1;4;1;1963.0;5;1;-1;-1;0;0;-1
202400018863;203 944 059;155 748 560;A01;1;1;2;1;2000.0;5;2;6;-1;0;0;-1
202400018866;203 944 052;155 748 555;A01;1;1;1;1;1990.0;5;1;-1;-1;0;0;-1
202400018866;203 944 053;155 748 556;B01;2;2;1;1;1965.0;5;1;-1;-1;0;0;-1
202400018866;203 944 054;155 748 556;B01;1;1;4;2;1969.0;5;1;-1;-1;0;0;-1
202400018871;203 944 038;155 748 547;A01;2;2;4;2;2006.0;5;1;-1;-1;0;0;-1
202400018871;203 944 039;155 748 547;A01;1;1;3;1;2006.0;5;5;1;-1;0;0;-1
202400018882;203 944 009;155 748 525;A01;1;1;3;1;1977.0;5;1;-1;-1;0;0;-1
202400018882;203 944 010;155 748 526;B01;2;2;3;1;1983.0;5;1;-1;-1;0;0;-1
202400018882;203 944 011;155 748 526;B01;1;1;2;1;1945.0;5;1;-1;-1;0;0;-1
202400018893;203 943 984;155 748 508;A01;1;1;4;1;1968.0;5;2;6;-1;0;0;-1
202400018897;203 943 977;155 748 502;A01;1;1;4;1;1976.0;0;1;5;-1;0;0;-1
202400018906;203 943 951;155 748 485;B01;2;2;4;1;2011.0;5;1;-1;-1;0;0;-1
202400018906;203 943 952;155 748 485;B01;1;1;4;2;1981.0;5;1;-1;-1;0;0;-1
202400018906;203 943 953;155 748 486;A01;1;1;2;1;1976.0;9;2;6;-1;0;0;-1
202400018922;203 943 916;155 748 454;A01;1;1;4;2;1971.0;0;1;0;-1;-1; -1;-1
202400018922;203 943 917;155 748 455;B01;1;1;1;1;2004.0;0;1;0;-1;-1; -1;-1
202400018957;203 943 839;155 748 392;A01;2;2;4;1;2011.0;2;1;8;-1;0;0;-1
202400018957;203 943 840;155 748 392;A01;1;1;4;1;1950.0;9;1;8;-1;0;0;-1
202400018973;203 943 795;155 748 361;A01;1;1;1;2;2003.0;4;1;-1;-1;0;0;-1
202400018973;203 943 796;155 748 362;B01;1;1;3;1;1958.0;5;2;-1;-1;0;0;-1
202400018999;203 943 734;155 748 310;D01;1;1;1;1;1971.0;1;1;0;-1;-1; -1;-1
202400018999;203 943 735;155 748 311;A01;1;1;1;1;1970.0;1;1;0;-1;-1; -1;-1
202400018999;203 943 736;155 748 313;B01;1;1;1;1;2001.0;1;1;0;-1;-1; -1;-1
202400018999;203 943 739;155 748 314;C01;1;1;4;1;1991.0;1;1;0;-1;-1; -1;-1
202400019008;203 943 711;155 748 291;A01;1;1;4;1;1966.0;0;1;0;-1;-1; -1;-1
202400019008;203 943 713;155 748 292;B01;1;1;1;1;2001.0;0;1;0;-1;-1; -1;-1
202400019008;203 943 715;155 748 294;C01;1;1;4;1;1982.0;0;1;0;-1;-1; -1;-1
202400019016;203 943 694;155 748 276;A01;1;1;4;1;1994.0;1;1;-1;-1;-1; -1;-1
202400019021;203 943 681;155 748 267;A01;3;2;3;1;2018.0;5;1;-1;-1;0;0;-1
202400019021;203 943 683;155 748 267;A01;4;2;4;2;2024.0;5;3;-1;-1;0;0;-1
202400019021;203 943 684;155 748 267;A01;5;2;4;2;2014.0;5;1;-1;-1;0;0;-1
202400019021;203 943 686;155 748 267;A01;2;2;4;2;2007.0;5;1;-1;-1;0;0;-1
202400019021;203 943 687;155 748 267;A01;1;1;4;2;1990.0;5;1;-1;-1;0;0;-1
202400019028;203 943 662;155 748 254;A01;1;1;4;2;2000.0;0;1;0;-1;-1; -1;-1
202400019028;203 943 663;155 748 255;B01;1;1;1;1;1987.0;4;1;4;-1;-1; -1;-1
202400019036;203 943 644;155 748 238;B01;1;1;1;1;1996.0;0;8;-1;-1;0;0;-1
202400019036;203 943 647;155 748 241;A01;2;2;1;1;2003.0;0;8;-1;-1;0;0;-1
202400019036;203 943 648;155 748 241;A01;1;1;4;2;2003.0;0;8;-1;-1;0;0;-1
202400019037;203 943 645;155 748 239;B01;1;1;1;2;1996.0;4;1;8;-1;-1; -1;-1
202400019037;203 943 649;155 748 242;A01;1;1;3;1;1967.0;1;2;6;-1;-1; -1;-1
202400019039;203 943 641;155 748 235;A01;10;3;4;1;1944.0;0;0;-1;-1;4;3;1
202400019039;203 943 642;155 748 235;A01;1;1;1;1;1988.0;0;8;-1;-1;0;0;-1
202400019043;203 943 632;155 748 231;A01;10;3;4;2;1976.0;0;0;-1;-1;4;3;2
202400019043;203 943 633;155 748 231;A01;2;2;4;1;1995.0;0;1;-1;-1;0;0;-1
202400019043;203 943 634;155 748 231;A01;1;1;1;1;1989.0;0;1;-1;-1;0;0;-1
202400019045;203 943 628;155 748 228;A01;1;1;3;1;1978.0;9;2;0;-1;-1; -1;-1
202400019045;203 943 629;155 748 229;B01;1;1;1;1;1968.0;9;1;0;-1;-1; -1;-1
202400019046;203 943 627;155 748 227;A01;1;1;3;1;1960.0;5;1;4;-1;-1; -1;-1
202400019052;203 943 612;155 748 217;A01;10;3;4;1;1968.0;1;0;-1;-1;3;3;1
202400019052;203 943 613;155 748 217;A01;1;1;1;2;1977.0;5;1;0;-1;-1; -1;-1
202400019067;203 943 580;155 748 190;A01;1;1;4;1;1972.0;0;1;-1;-1;-1; -1;-1
202400019067;203 943 583;155 748 192;B01;1;1;1;1;1961.0;4;1;-1;-1;-1; -1;-1
202400019080;203 943 539;155 748 158;A01;4;2;3;1;1992.0;5;1;0;-1;-1; -1;-1
202400019080;203 943 541;155 748 158;A01;2;2;4;2;1996.0;5;1;5;-1;-1; -1;-1
202400019080;203 943 542;155 748 158;A01;1;1;3;1;1993.0;5;-1;0;-1;-1; -1;-1
202400019080;203 943 546;155 748 162;B01;1;1;1;1;1982.0;0;1;0;-1;-1; -1;-1
202400019121;203 943 454;155 748 092;A01;1;1;1;1;1998.0;5;1;-1;-1;-1; -1;-1
202400019121;203 943 457;155 748 094;B01;1;1;4;1;1998.0;9;1;-1;-1;-1; -1;-1
202400019128;203 943 439;155 748 082;A01;1;1;4;1;1990.0;9;2;0;-1;-1; -1;-1
202400019131;203 943 422;155 748 075;A01;2;2;1;2;1997.0;0;1;-1;-1;-1; -1;-1
202400019131;203 943 424;155 748 075;A01;1;1;1;1;1997.0;5;1;-1;-1;-1; -1;-1
202400019131;203 943 427;155 748 077;B01;4;2;1;1;1989.0;5;1;-1;-1;-1; -1;-1
202400019131;203 943 430;155 748 077;B01;3;2;1;1;1980.0;0;1;-1;-1;-1; -1;-1
202400019131;203 943 431;155 748 077;B01;2;2;1;1;1954.0;5;1;-1;-1;-1; -1;-1
202400019131;203 943 433;155 748 077;B01;1;1;4;2;1976.0;5;1;-1;-1;-1; -1;-1
202400019137;203 943 407;155 748 064;A01;1;1;4;1;1964.0;5;2;6;-1;-1; -1;-1
202400019137;203 943 411;155 748 067;B01;1;1;1;1;2001.0;0;1;-1;-1;-1; -1;-1
202400019194;203 943 281;155 747 962;A01;10;3;4;2;1959.0;5;8;8;-1;2;3;1
202400019194;203 943 284;155 747 962;A01;1;1;1;1;1967.0;9;8;0;-1;2;3;1
202400019210;203 943 246;155 747 934;B01;1;1;1;1;1964.0;4;1;5;-1;-1; -1;-1
202400019210;203 943 247;155 747 935;A01;1;1;4;2;1979.0;1;1;5;-1;-1; -1;-1
202400019211;203 943 241;155 747 932;A01;10;3;3;2;2022.0;5;0;-1;-1;5;2;2
202400019211;203 943 242;155 747 932;A01;1;1;3;1;2000.0;4;1;0;-1;-1; -1;-1
202400019211;203 943 244;155 747 932;A01;10;3;3;2;1990.0;5;0;-1;-1;5;2;2
202400019218;203 943 228;155 747 923;A01;1;1;1;1;1999.0;0;2;6;-1;-1; -1;-1
202400019218;203 943 229;155 747 923;A01;10;3;4;2;1961.0;0;0;-1;-1;2;3;1
202400019233;203 943 194;155 747 900;A01;2;2;4;1;2007.0;5;1;-1;-1;0;0;-1
202400019233;203 943 195;155 747 900;A01;1;1;3;1;1978.0;5;1;-1;-1;0;0;-1
202400019233;203 943 196;155 747 901;C01;2;2;1;1;1988.0;1;1;-1;-1;0;0;-1
202400019233;203 943 198;155 747 901;C01;1;1;1;1;1986.0;1;1;-1;-1;0;0;-1
202400019233;203 943 201;155 747 904;B01;1;1;3;1;1979.0;1;1;-1;-1;0;0;-1
202400019243;203 943 170;155 747 882;B01;1;1;4;1;1985.0;1;2;8;-1;-1; -1;-1
202400019243;203 943 172;155 747 884;A01;1;1;4;1;1984.0;1;2;8;-1;-1; -1;-1
202400019246;203 943 163;155 747 878;A01;10;3;4;1;1981.0;5;0;-1;-1;4;3;1
202400019246;203 943 165;155 747 878;A01;1;1;1;1;1961.0;5;1;0;-1;-1; -1;-1
202400019248;203 943 152;155 747 873;A01;1;1;1;1;1987.0;4;1;-1;-1;0;0;-1
202400019248;203 943 153;155 747 875;B01;3;2;4;2;1994.0;5;1;-1;-1;0;0;-1
202400019248;203 943 155;155 747 875;B01;4;2;4;1;1965.0;5;1;-1;-1;0;0;-1
202400019248;203 943 157;155 747 875;B01;5;2;4;2;1967.0;5;1;-1;-1;0;0;-1
202400019248;203 943 158;155 747 875;B01;2;2;1;1;1978.0;5;1;-1;-1;0;0;-1
202400019248;203 943 159;155 747 875;B01;1;1;4;2;1982.0;5;1;-1;-1;0;0;-1
202400019248;203 943 160;155 747 876;C01;2;2;1;1;2000.0;5;1;-1;-1;0;0;-1
202400019248;203 943 162;155 747 876;C01;1;1;4;1;1999.0;5;1;-1;-1;0;0;-1
202400019248;203 943 166;155 747 879;D01;1;1;1;1;1971.0;1;1;-1;-1;0;0;-1
202400019254;203 943 141;155 747 865;A01;1;1;1;2;1999.0;0;1;0;0;-1; -1;-1
202400019254;203 943 145;155 747 867;B01;1;1;4;2;1997.0;0;2;0;0;-1; -1;-1
202400019272;203 943 098;155 747 837;A01;10;3;3;2;2017.0;2;0;-1;-1;2;3;1
202400019272;203 943 099;155 747 837;A01;1;1;1;1;1977.0;4;1;-1;-1;0;0;-1
202400019273;203 943 096;155 747 835;A01;1;1;1;2;1969.0;9;1;-1;-1;0;0;-1
202400019273;203 943 097;155 747 836;B01;1;1;3;2;1993.0;5;2;-1;-1;0;0;-1
202400019275;203 943 088;155 747 831;A01;1;1;4;2;1972.0;0;1;-1;-1;0;0;-1
202400019275;203 943 092;155 747 834;B01;2;2;4;1;2007.0;9;1;-1;-1;0;0;-1
202400019275;203 943 095;155 747 834;B01;1;1;1;1;2005.0;4;0;-1;-1;0;0;-1
202400019292;203 943 045;155 747 801;A01;2;2;4;2;1964.0;5;1;-1;-1;0;0;-1
202400019292;203 943 046;155 747 801;A01;2;2;4;2;2006.0;5;1;-1;-1;0;0;-1
202400019292;203 943 048;155 747 801;A01;1;1;4;1;1966.0;5;1;-1;-1;0;0;-1
202400019292;203 943 049;155 747 803;B01;1;1;4;1;1990.0;0;1;-1;-1;0;0;-1
202400019294;203 943 042;155 747 798;A01;1;1;3;1;1956.0;5;1;-1;-1;0;0;-1
202400019294;203 943 043;155 747 799;B01;1;1;4;1;2006.0;0;1;-1;-1;0;0;-1
202400019305;203 943 016;155 747 779;A01;1;1;4;1;2004.0;0;2;6;0;-1; -1;-1
202400019305;203 943 017;155 747 780;B01;1;1;1;2;1988.0;0;1;0;0;-1; -1;-1
202400019335;203 942 956;155 747 736;A01;10;3;4;1;2010.0;0;0;0;0;2;5;1
202400019335;203 942 958;155 747 736;A01;1;1;1;2;1985.0;4;1;0;0;-1; -1;-1
202400019348;203 942 919;155 747 714;A01;2;2;4;2;1992.0;0;2;6;-1;0;0;-1
202400019348;203 942 920;155 747 714;A01;1;1;3;1;1977.0;0;2;6;-1;0;0;-1
202400019367;203 942 873;155 747 684;A01;1;1;3;1;2003.0;5;2;6;9;0;0;-1
202400019376;203 942 853;155 747 671;A01;1;1;1;1;1988.0;0;1;-1;-1;0;0;-1
202400019376;203 942 854;155 747 672;B01;1;1;4;2;1985.0;1;1;-1;-1;0;0;-1
202400019389;203 942 828;155 747 654;A01;1;1;2;1;1986.0;5;1;-1;-1;0;0;-1
202400019403;203 942 787;155 747 629;A01;1;1;1;1;1963.0;5;1;-1;-1;0;0;-1
202400019403;203 942 790;155 747 632;B01;4;2;4;2;2013.0;5;1;-1;-1;0;0;-1
202400019403;203 942 792;155 747 632;B01;2;2;4;2;1982.0;5;1;-1;-1;0;0;-1
202400019403;203 942 796;155 747 632;B01;3;2;4;2;2012.0;5;1;-1;-1;0;0;-1
202400019403;203 942 797;155 747 632;B01;1;1;4;2;1989.0;5;1;-1;-1;0;0;-1
202400019416;203 942 750;155 747 608;A01;10;3;4;1;1967.0;3;0;-1;-1;4;1;2
202400019416;203 942 752;155 747 608;A01;1;1;1;1;1992.0;5;1;0;-1;-1; -1;-1
202400019425;203 942 723;155 747 587;A01;1;1;1;2;1959.0;5;1;-1;-1;0;0;-1
202400019425;203 942 724;155 747 587;A01;10;3;3;2;1938.0;3;0;-1;-1;1;9;1
202400019425;203 942 727;155 747 590;B01;1;1;1;2;1965.0;4;0;-1;-1;0;0;-1
202400019430;203 942 717;155 747 581;A01;1;1;3;1;2002.0;1;2;6;-1;0;0;-1
202400019434;203 942 710;155 747 575;A01;10;3;3;2;2008.0;2;0;-1;-1;3;3;1
202400019434;203 942 711;155 747 575;A01;1;1;1;1;1980.0;1;1;-1;-1;0;0;-1
202400019438;203 942 699;155 747 568;A01;1;1;1;1;1987.0;5;1;-1;-1;-1; -1;-1
202400019438;203 942 701;155 747 570;B01;1;1;4;1;1996.0;5;2;6;-1;-1; -1;-1
202400019439;203 942 693;155 747 563;A01;1;1;1;1;2002.0;5;1;-1;-1;-1; -1;-1
202400019439;203 942 696;155 747 565;B01;1;1;4;1;2000.0;5;1;-1;-1;-1; -1;-1
202400019454;203 942 656;155 747 532;C01;2;2;1;1;1998.0;0;1;0;-1;-1; -1;-1
202400019454;203 942 658;155 747 532;C01;1;1;1;1;2002.0;0;1;0;-1;-1; -1;-1
202400019454;203 942 660;155 747 535;B01;2;2;4;1;2000.0;0;1;0;-1;-1; -1;-1
202400019454;203 942 661;155 747 535;B01;1;1;4;1;2000.0;0;1;0;-1;-1; -1;-1
202400019454;203 942 663;155 747 535;B01;4;2;4;2;2000.0;0;1;0;-1;-1; -1;-1
202400019454;203 942 665;155 747 535;B01;3;2;4;2;2000.0;0;1;0;-1;-1; -1;-1
202400019454;203 942 669;155 747 540;A01;1;1;1;1;1989.0;0;1;0;-1;-1; -1;-1
202400019459;203 942 644;155 747 526;A01;1;1;4;1;1989.0;5;2;6;-1;-1; -1;-1
202400019462;203 942 637;155 747 522;A01;3;2;1;1;2003.0;0;1;0;0;-1; -1;-1
202400019462;203 942 638;155 747 522;A01;5;2;4;1;2004.0;0;1;0;0;-1; -1;-1
202400019462;203 942 640;155 747 522;A01;2;2;1;1;2003.0;0;1;0;0;-1; -1;-1
202400019462;203 942 641;155 747 522;A01;1;1;4;2;2002.0;0;8;0;0;-1; -1;-1
202400019470;203 942 621;155 747 511;A01;1;1;2;1;1944.0;5;2;0;-1;0;0;-1
202400019488;203 942 575;155 747 481;A01;1;1;4;1;1994.0;5;2;-1;-1;0;0;-1
202400019499;203 942 547;155 747 461;A01;7;2;4;2;2011.0;2;1;-1;-1;0;0;-1
202400019499;203 942 549;155 747 461;A01;4;2;1;2;2012.0;2;1;-1;-1;0;0;-1
202400019499;203 942 551;155 747 461;A01;3;2;1;2;2012.0;2;1;-1;-1;0;0;-1
202400019499;203 942 552;155 747 461;A01;5;2;1;1;2011.0;2;1;-1;-1;0;0;-1
202400019499;203 942 553;155 747 461;A01;1;1;1;2;1984.0;4;1;-1;-1;0;0;-1
202400019533;203 942 475;155 747 411;A01;1;1;1;2;1969.0;1;1;-1;-1;0;0;-1
202400019533;203 942 476;155 747 412;B01;1;1;4;1;1989.0;1;6;-1;-1;0;0;-1
202400019547;203 942 433;155 747 379;A01;1;1;4;1;1999.0;1;2;8;-1;-1; -1;-1
202400019547;203 942 434;155 747 380;B01;1;1;1;2;2003.0;1;1;8;-1;-1; -1;-1
202400019549;203 942 428;155 747 374;A01;1;1;1;2;1988.0;0;1;-1;-1;-1; -1;-1
202400019549;203 942 429;155 747 375;B01;1;1;4;1;1965.0;0;8;-1;-1;-1; -1;-1
202400019560;203 942 406;155 747 355;A01;1;1;3;1;2007.0;0;2;-1;-1;-1; -1;-1
202400019569;203 942 389;155 747 340;A01;1;1;4;2;1998.0;0;8;0;-1;-1; -1;-1
202400019569;203 942 390;155 747 341;B01;1;1;1;1;1999.0;0;8;0;-1;-1; -1;-1
202400019589;203 942 342;155 747 301;B01;1;1;1;2;1984.0;1;1;-1;-1;0;0;-1
202400019589;203 942 344;155 747 302;A01;1;1;4;1;2000.0;1;6;2;-1;0;0;-1
202400019593;203 942 333;155 747 295;A01;1;1;1;2;1973.0;3;1;-1;-1;0;0;-1
202400019593;203 942 334;155 747 296;B01;1;1;3;1;1986.0;1;2;6;-1;0;0;-1
202400019594;203 942 331;155 747 294;A01;2;2;4;2;2002.0;5;1;0;-1;0;0;-1
202400019594;203 942 332;155 747 294;A01;1;1;1;2;2002.0;5;1;0;-1;0;0;-1
202400019610;203 942 292;155 747 267;A01;10;3;4;1;2019.0;0;0;-1;-1;2;5;2
202400019610;203 942 294;155 747 267;A01;1;1;1;1;1986.0;4;8;0;-1;0;0;-1
202400019648;203 942 201;155 747 206;A01;10;3;4;1;1972.0;1;0;0;0;1;3;1
202400019648;203 942 203;155 747 206;A01;1;1;1;1;1987.0;1;2;6;0;-1; -1;-1
202400019653;203 942 189;155 747 196;A01;1;1;1;1;1997.0;1;1;-1;-1;0;0;-1
202400019653;203 942 192;155 747 199;B01;1;1;4;2;1960.0;0;1;-1;-1;0;0;-1
202400019662;203 942 169;155 747 179;A01;1;1;1;1;1949.0;5;1;-1;-1;0;0;-1
202400019662;203 942 171;155 747 181;B01;2;2;4;2;2003.0;5;2;9;-1;0;0;-1
202400019662;203 942 173;155 747 181;B01;1;1;4;1;2001.0;5;2;9;-1;0;0;-1
202400019662;203 942 174;155 747 182;C01;1;1;1;1;1994.0;1;1;-1;-1;0;0;-1
202400019663;203 942 168;155 747 177;B01;1;1;3;1;2003.0;0;1;-1;-1;0;0;-1
202400019663;203 942 172;155 747 180;A01;1;1;3;1;1955.0;0;1;-1;-1;0;0;-1
202400019665;203 942 165;155 747 174;A01;1;1;2;1;1998.0;5;2;-1;-1;0;0;-1
202400019673;203 942 140;155 747 157;A01;1;1;3;1;2009.0;2;2;6;-1;0;0;-1
202400019673;203 942 141;155 747 158;B01;1;1;1;1;1961.0;5;1;-1;-1;0;0;-1
202400019689;203 942 088;155 747 123;A01;1;1;4;1;2000.0;0;2;6;-1;-1; -1;-1
202400019698;203 942 073;155 747 110;A01;1;1;4;2;2000.0;5;1;0;0;-1; -1;-1
202400019710;203 942 045;155 747 087;B01;1;1;1;1;1990.0;0;8;-1;-1;0;0;-1
202400019710;203 942 047;155 747 089;A01;1;1;4;2;1997.0;0;8;-1;-1;0;0;-1
202400019731;203 941 996;155 747 046;B01;2;2;4;1;1949.0;5;1;-1;-1;0;0;-1
202400019731;203 941 997;155 747 046;B01;1;1;4;2;1952.0;5;1;-1;-1;0;0;-1
202400019731;203 942 000;155 747 048;A01;3;2;4;2;1970.0;4;1;-1;-1;0;0;-1
202400019731;203 942 001;155 747 048;A01;4;2;1;1;1962.0;9;1;-1;-1;0;0;-1
202400019731;203 942 004;155 747 048;A01;1;1;4;1;1972.0;4;1;-1;-1;0;0;-1
202400019733;203 941 990;155 747 040;A01;1;1;1;1;1967.0;0;8;0;-1;-1; -1;-1
202400019733;203 941 991;155 747 041;B01;1;1;4;1;1991.0;1;1;0;-1;-1; -1;-1
202400019733;203 941 993;155 747 044;C01;1;1;1;1;1959.0;5;1;0;-1;-1; -1;-1
202400019747;203 941 951;155 747 012;A01;2;2;1;2;1955.0;9;1;-1;-1;0;0;-1
202400019747;203 941 954;155 747 012;A01;1;1;1;1;1950.0;9;1;-1;-1;0;0;-1
202400019747;203 941 957;155 747 016;B01;2;2;3;2;1976.0;5;2;6;-1;0;0;-1
202400019747;203 941 958;155 747 016;B01;1;1;4;1;1971.0;5;2;6;-1;0;0;-1
202400019754;203 941 940;155 747 001;A01;1;1;1;1;1997.0;5;1;9;-1;0;0;-1
202400019754;203 941 941;155 747 002;B01;1;1;3;1;1951.0;5;2;-1;-1;0;0;-1
202400019786;203 941 873;155 746 948;Z01;1;1;1;-1;;-1;-1;-1;-1;-1; -1;-1
202400019786;203 941 880;155 746 953;B01;1;1;4;1;2000.0;5;2;6;-1;-1; -1;-1
202400019790;203 941 856;155 746 939;B01;2;2;1;1;2008.0;2;1;0;-1;-1; -1;-1
202400019790;203 941 857;155 746 939;B01;1;1;4;2;1973.0;2;1;0;-1;-1; -1;-1
202400019790;203 941 859;155 746 941;A01;1;1;1;1;1994.0;5;1;0;-1;-1; -1;-1
202400019792;203 941 854;155 746 937;A01;1;1;2;1;1975.0;3;8;-1;-1;0;0;-1
202400019793;203 941 852;155 746 935;A01;1;1;4;1;2001.0;5;1;-1;-1;-1; -1;-1
202400019816;203 941 772;155 746 890;A01;1;1;1;1;1977.0;0;1;0;-1;-1; -1;-1
202400019816;203 941 779;155 746 890;A01;2;2;1;2;2006.0;0;1;0;-1;-1; -1;-1
202400019816;203 941 786;155 746 896;C01;1;1;1;2;1999.0;0;1;0;-1;-1; -1;-1
202400019816;203 941 790;155 746 896;C01;2;2;1;2;2001.0;0;1;0;-1;-1; -1;-1
202400019816;203 941 794;155 746 901;B01;1;1;2;1;2002.0;0;8;0;-1;1;1;1
202400019818;203 941 769;155 746 888;A01;2;2;4;2;1942.0;5;1;8;-1;-1; -1;-1
202400019818;203 941 770;155 746 888;A01;1;1;4;2;1950.0;5;1;8;-1;-1; -1;-1
202400019820;203 941 763;155 746 884;A01;10;3;3;1;2003.0;4;0;-1;-1;5;9;1
202400019820;203 941 766;155 746 884;A01;1;1;1;1;2003.0;4;1;0;-1;5;9;1
202400019826;203 941 754;155 746 876;A01;10;3;4;1;1996.0;5;0;-1;-1;3;3;1
202400019826;203 941 756;155 746 876;A01;1;1;1;1;1992.0;5;1;0;-1;-1; -1;-1
202400019827;203 941 752;155 746 875;B01;1;1;4;1;1969.0;0;2;5;-1;-1; -1;-1
202400019827;203 941 753;155 746 875;B01;2;2;4;2;1970.0;5;2;6;-1;-1; -1;-1
202400019827;203 941 758;155 746 879;A01;1;1;1;1;1955.0;5;1;-1;-1;-1; -1;-1
202400019828;203 941 751;155 746 874;A01;1;1;1;1;1979.0;2;1;0;-1;-1; -1;-1
202400019828;203 941 759;155 746 880;B01;1;1;4;1;2005.0;5;8;0;-1;-1; -1;-1
202400019829;203 941 748;155 746 872;B01;10;3;4;1;1982.0;5;8;8;-1;4;3;1
202400019829;203 941 749;155 746 872;B01;1;1;1;1;1987.0;4;1;0;-1;4;3;1
202400019834;203 941 729;155 746 859;A01;1;1;3;1;1990.0;9;-1;0;-1;0;0;-1
202400019834;203 941 731;155 746 861;B01;1;1;1;1;1998.0;9;1;0;-1;0;0;-1
202400019834;203 941 732;155 746 861;B01;2;2;4;2;1998.0;9;1;8;-1;0;0;-1
202400019835;203 941 733;155 746 862;A01;2;2;4;2;2004.0;5;1;5;-1;-1; -1;-1
202400019835;203 941 736;155 746 862;A01;1;1;4;2;1999.0;5;1;5;-1;-1; -1;-1
202400019835;203 941 744;155 746 869;B01;2;2;1;1;2005.0;5;1;5;-1;-1; -1;-1
202400019835;203 941 745;155 746 869;B01;1;1;1;1;1971.0;5;1;5;-1;-1; -1;-1
202400019842;203 941 714;155 746 846;A01;1;1;3;2;1992.0;5;2;8;-1;-1; -1;-1
202400019842;203 941 718;155 746 848;Z01;1;1;1;-1;;-1;-1;-1;-1;-1; -1;-1
202400019883;203 941 601;155 746 776;C01;1;1;3;2;1966.0;5;2;6;-1;-1; -1;-1
202400019883;203 941 609;155 746 780;A01;1;1;1;2;1980.0;5;1;8;-1;-1; -1;-1
202400019883;203 941 611;155 746 782;B01;1;1;1;1;1966.0;5;2;6;-1;-1; -1;-1
202400019892;203 941 580;155 746 759;A01;1;1;4;2;1980.0;5;1;5;-1;-1; -1;-1
202400019902;203 941 558;155 746 742;A01;1;1;1;1;2002.0;0;8;-1;-1;-1; -1;-1
202400019902;203 941 559;155 746 743;B01;1;1;1;1;1966.0;1;1;-1;-1;-1; -1;-1
202400019902;203 941 561;155 746 743;B01;2;2;4;1;1981.0;1;8;-1;-1;-1; -1;-1
202400019905;203 941 550;155 746 737;A01;1;1;1;2;1964.0;0;1;0;-1;-1; -1;-1
202400019905;203 941 553;155 746 740;B01;1;1;3;2;1936.0;0;8;0;-1;-1; -1;-1
202400019927;203 941 500;155 746 700;B01;1;1;4;1;1931.0;0;1;0;-1;-1; -1;-1
202400019927;203 941 501;155 746 701;C01;1;1;1;1;1969.0;0;1;0;-1;-1; -1;-1
202400019927;203 941 504;155 746 704;D01;1;1;1;1;1998.0;-1;8;-1;-1;-1; -1;-1
202400019984;203 941 360;155 746 601;A01;1;1;4;1;1999.0;0;2;6;0;-1; -1;-1
202400019984;203 941 367;155 746 605;B01;1;1;1;2;1980.0;5;1;0;0;-1; -1;-1
202400019989;203 941 349;155 746 595;A01;10;3;4;1;1964.0;5;8;8;-1;3;3;1
202400019989;203 941 350;155 746 595;A01;1;1;1;1;1961.0;5;1;0;-1;-1; -1;-1
202400019991;203 941 346;155 746 592;B01;1;1;4;1;1990.0;0;8;0;0;-1; -1;-1
202400019991;203 941 351;155 746 596;A01;1;1;1;1;1960.0;1;1;0;0;-1; -1;-1
202400019999;203 941 332;155 746 582;B01;2;2;4;1;1993.0;4;0;0;0;-1; -1;-1
202400019999;203 941 334;155 746 582;B01;1;1;1;1;1991.0;4;0;0;0;-1; -1;-1
202400019999;203 941 338;155 746 584;A01;1;1;1;2;1996.0;5;1;0;0;-1; -1;-1
202400020001;203 941 322;155 746 576;A01;2;2;4;1;1964.0;0;1;-1;-1;0;0;-1
202400020001;203 941 323;155 746 576;A01;1;1;1;1;1968.0;0;1;-1;-1;0;0;-1
202400020001;203 941 328;155 746 579;B01;1;1;4;2;1991.0;0;1;-1;-1;0;0;-1
202400020039;203 941 234;155 746 508;A01;2;2;4;1;2008.0;5;2;-1;-1;0;0;-1
202400020039;203 941 235;155 746 508;A01;1;1;1;1;2005.0;5;2;-1;-1;0;0;-1
202400020061;203 941 187;155 746 473;A01;1;1;1;1;1969.0;9;2;6;-1;-1; -1;-1
202400020061;203 941 190;155 746 475;B01;1;1;4;1;1996.0;9;8;0;-1;-1; -1;-1
202400020064;203 941 182;155 746 470;A01;1;1;3;1;2000.0;5;2;6;5;0;0;-1
202400020074;203 941 155;155 746 452;A01;1;1;1;1;1948.0;5;1;-1;-1;0;0;-1
202400020074;203 941 161;155 746 456;B01;1;1;3;1;2001.0;5;2;-1;-1;0;0;-1
202400020074;203 941 163;155 746 457;C01;1;1;1;1;2001.0;5;2;-1;-1;0;0;-1
202400020076;203 941 151;155 746 450;B01;1;1;3;1;1967.0;5;8;0;-1;-1; -1;-1
202400020076;203 941 157;155 746 453;A01;1;1;1;1;1964.0;1;1;0;-1;-1; -1;-1
202400020079;203 941 143;155 746 445;A01;2;2;4;1;2006.0;5;8;0;0;-1; -1;-1
202400020079;203 941 144;155 746 445;A01;1;1;1;1;1995.0;5;8;0;0;-1; -1;-1
202400020090;203 941 105;155 746 428;A01;1;1;1;1;;0;2;6;-1;-1; -1;-1
202400020090;203 941 109;155 746 428;A01;2;2;4;1;1987.0;0;2;6;-1;-1; -1;-1
202400020121;203 941 033;155 746 379;A01;1;1;4;2;2004.0;5;1;-1;-1;0;0;-1
202400020125;203 941 026;155 746 373;B01;2;2;4;2;2003.0;5;1;0;-1;-1; -1;-1
202400020125;203 941 027;155 746 373;B01;1;1;1;2;1968.0;0;1;0;-1;-1; -1;-1
202400020125;203 941 030;155 746 376;A01;1;1;1;1;1985.0;5;1;0;-1;-1; -1;-1
202400020154;203 940 944;155 746 317;A01;1;1;1;1;1939.0;5;1;8;-1;-1; -1;-1
202400020154;203 940 947;155 746 317;A01;10;3;4;2;2006.0;5;0;-1;-1;1;3;1
202400020156;203 940 935;155 746 311;A01;1;1;3;2;1995.0;5;1;-1;-1;-1; -1;-1
202400020156;203 940 937;155 746 313;B01;2;2;4;1;2005.0;5;1;-1;-1;-1; -1;-1
202400020156;203 940 939;155 746 313;B01;9;2;4;2;2007.0;5;1;-1;-1;-1; -1;-1
202400020156;203 940 940;155 746 313;B01;4;2;3;2;2012.0;5;1;-1;-1;-1; -1;-1
202400020156;203 940 943;155 746 313;B01;7;2;4;2;1979.0;5;1;-1;-1;-1; -1;-1
202400020156;203 940 946;155 746 313;B01;8;2;1;1;2021.0;5;1;-1;-1;-1; -1;-1
202400020156;203 940 948;155 746 313;B01;3;2;1;2;2015.0;5;1;-1;-1;-1; -1;-1
202400020156;203 940 949;155 746 313;B01;1;1;4;1;1980.0;5;1;-1;-1;-1; -1;-1
202400020175;203 940 886;155 746 274;A01;1;1;1;1;1970.0;4;1;0;-1;-1; -1;-1
202400020175;203 940 888;155 746 275;B01;2;2;4;2;1998.0;5;2;6;-1;-1; -1;-1
202400020175;203 940 890;155 746 275;B01;1;1;4;1;1996.0;5;2;6;-1;-1; -1;-1
202400020175;203 940 891;155 746 277;C01;1;1;1;1;1977.0;4;1;0;-1;-1; -1;-1
202400020197;203 940 823;155 746 227;B01;1;1;1;2;1972.0;5;1;0;-1;-1; -1;-1
202400020197;203 940 826;155 746 228;A01;1;1;4;1;2006.0;5;2;0;-1;-1; -1;-1
202400020205;203 940 801;155 746 211;A01;1;1;4;1;1988.0;5;1;0;-1;-1; -1;-1
202400020207;203 940 797;155 746 207;Z01;1;1;1;-1;;-1;-1;-1;-1;-1; -1;-1
202400020207;203 940 800;155 746 210;A01;1;1;3;1;1949.0;0;8;0;-1;0;0;-1
202400020213;203 940 785;155 746 196;A01;1;1;1;-1;;-1;-1;-1;-1;-1; -1;-1
202400020213;203 940 786;155 746 196;A01;2;2;3;2;1977.0;0;8;0;-1;-1; -1;-1
202400020227;203 940 748;155 746 168;A01;1;1;4;2;1985.0;0;8;0;-1;-1; -1;-1
202400020227;203 940 751;155 746 171;B01;1;1;1;1;1946.0;0;1;0;-1;-1; -1;-1
202400020252;203 940 690;155 746 120;A01;10;3;4;2;2007.0;2;0;-1;-1;3;3;1
202400020252;203 940 691;155 746 120;A01;1;1;1;1;1976.0;4;1;-1;-1;-1; -1;-1
202400020258;203 940 674;155 746 109;A01;10;3;3;2;1983.0;0;0;-1;-1;3;3;1
202400020258;203 940 675;155 746 109;A01;1;1;1;1;1952.0;3;1;-1;-1;-1; -1;-1
202400020261;203 940 665;155 746 103;A01;2;2;4;1;2002.0;5;1;-1;-1;-1; -1;-1
202400020261;203 940 667;155 746 103;A01;1;1;3;1;2002.0;5;1;-1;-1;-1; -1;-1
202400020261;203 940 669;155 746 106;B01;2;2;4;2;2002.0;5;1;-1;-1;-1; -1;-1
202400020261;203 940 670;155 746 106;B01;1;1;4;1;1999.0;5;1;-1;-1;-1; -1;-1
202400020263;203 940 663;155 746 102;A01;1;1;1;1;2004.0;0;1;0;0;-1; -1;-1
202400020263;203 940 664;155 746 102;A01;10;3;3;1;1995.0;0;0;-1;-1;5;B;1
202400020277;203 940 632;155 746 080;A01;1;1;1;2;1958.0;0;1;-1;-1;-1; -1;-1
202400020277;203 940 635;155 746 083;B01;1;1;4;1;1982.0;4;1;-1;-1;-1; -1;-1
202400020278;203 940 634;155 746 081;A01;1;1;1;2;1987.0;0;1;0;0;-1; -1;-1
202400020278;203 940 636;155 746 084;B01;1;1;4;1;1975.0;0;2;0;0;-1; -1;-1
202400020280;203 940 626;155 746 077;A01;1;1;1;2;2003.0;0;1;0;-1;-1; -1;-1
202400020280;203 940 629;155 746 078;B01;1;1;3;1;2003.0;0;8;0;-1;-1; -1;-1
202400020284;203 940 619;155 746 071;A01;1;1;1;1;1965.0;0;1;0;-1;-1; -1;-1
202400020284;203 940 621;155 746 073;B01;1;1;4;2;1972.0;0;8;4;-1;-1; -1;-1
202400020306;203 940 567;155 746 033;A01;2;2;4;2;2003.0;5;1;-1;-1;0;0;-1
202400020306;203 940 568;155 746 033;A01;7;2;3;2;2000.0;5;1;-1;-1;0;0;-1
202400020306;203 940 569;155 746 033;A01;9;2;3;1;1992.0;5;1;-1;-1;0;0;-1
202400020306;203 940 570;155 746 033;A01;1;1;4;1;2001.0;5;1;-1;-1;0;0;-1
202400020322;203 940 528;155 746 006;A01;10;3;4;1;2004.0;0;0;-1;-1;3;3;1
202400020322;203 940 529;155 746 006;A01;1;1;1;2;1992.0;2;1;0;-1;-1; -1;-1
202400020328;203 940 516;155 745 996;A01;1;1;3;1;2001.0;0;2;6;-1;-1; -1;-1
202400020331;203 940 509;155 745 989;A01;1;1;1;2;1985.0;0;1;0;-1;-1; -1;-1
202400020331;203 940 511;155 745 991;B01;1;1;3;1;1981.0;0;2;0;-1;-1; -1;-1
202400020340;203 940 485;155 745 971;A01;1;1;4;1;2002.0;1;2;8;-1;0;0;-1
202400020340;203 940 487;155 745 973;B01;1;1;1;1;1957.0;0;1;0;-1;0;0;-1
202400020341;203 940 481;155 745 968;B01;1;2;4;2;1964.0;5;1;-1;-1;0;0;-1
202400020341;203 940 482;155 745 968;B01;2;1;4;1;1959.0;5;1;-1;-1;0;0;-1
202400020341;203 940 483;155 745 969;A01;1;1;4;2;1996.0;0;1;-1;-1;0;0;-1
202400020350;203 940 456;155 745 952;A01;1;1;3;2;1943.0;3;1;-1;-1;0;0;-1
202400020350;203 940 457;155 745 953;B01;1;1;4;1;1952.0;3;1;-1;-1;0;0;-1
202400020350;203 940 459;155 745 953;B01;2;2;3;1;1955.0;3;1;-1;-1;0;0;-1
202400020353;203 940 444;155 745 944;A01;1;1;4;1;1944.0;0;1;0;-1;-1; -1;-1
202400020353;203 940 446;155 745 945;B01;1;1;1;1;1993.0;4;1;0;-1;-1; -1;-1
202400020353;203 940 448;155 745 947;C01;1;1;1;1;1995.0;0;1;0;-1;-1; -1;-1
202400020353;203 940 449;155 745 947;C01;2;2;1;2;1996.0;0;1;0;-1;-1; -1;-1
202400020358;203 940 434;155 745 937;A01;1;1;1;1;1949.0;0;1;-1;-1;0;0;-1
202400020358;203 940 435;155 745 938;B01;1;1;4;1;1996.0;0;2;6;-1;0;0;-1
202400020368;203 940 407;155 745 916;B01;2;2;4;2;1960.0;5;1;0;-1;-1; -1;-1
202400020368;203 940 408;155 745 916;B01;1;1;4;2;1985.0;5;1;0;-1;-1; -1;-1
202400020368;203 940 410;155 745 918;C01;1;1;1;1;1984.0;4;1;0;-1;-1; -1;-1
202400020368;203 940 413;155 745 921;D01;1;1;1;1;1990.0;4;1;0;-1;-1; -1;-1
202400020368;203 940 415;155 745 923;E01;1;1;4;1;2000.0;5;1;0;-1;-1; -1;-1
202400020368;203 940 417;155 745 925;A01;1;1;1;1;1968.0;5;1;0;-1;-1; -1;-1
202400020377;203 940 387;155 745 899;B01;1;1;1;2;1954.0;5;1;0;-1;-1; -1;-1
202400020377;203 940 389;155 745 901;A01;1;1;4;1;1997.0;5;8;6;-1;-1; -1;-1
202400020407;203 940 317;155 745 839;B01;1;1;1;1;1950.0;5;1;0;-1;0;0;-1
202400020407;203 940 320;155 745 842;A01;1;1;4;1;1997.0;1;2;6;-1;0;0;-1
202400020414;203 940 299;155 745 825;A01;1;1;4;1;1998.0;5;2;6;-1;-1; -1;-1
202400020414;203 940 302;155 745 827;B01;1;1;1;1;1987.0;4;1;0;-1;-1; -1;-1
202400020419;203 940 289;155 745 816;A01;1;1;3;1;2001.0;1;1;0;-1;-1; -1;-1
202400020439;203 940 243;155 745 781;A01;1;1;1;1;1999.0;1;1;0;-1;-1; -1;-1
202400020439;203 940 244;155 745 781;A01;10;3;1;1;1966.0;0;0;-1;-1;5;B;1
202400020439;203 940 247;155 745 784;B01;1;1;4;2;1989.0;0;1;0;-1;-1; -1;-1
202400020475;203 940 156;155 745 709;A01;1;1;4;1;1991.0;5;2;6;-1;-1; -1;-1
202400020475;203 940 157;155 745 710;B01;1;1;1;1;1936.0;5;1;0;-1;-1; -1;-1
202400020476;203 940 155;155 745 708;A01;1;1;3;1;1991.0;0;2;-1;-1;-1; -1;-1
202400020480;203 940 146;155 745 702;A01;2;2;1;1;1934.0;3;1;-1;-1;-1; -1;-1
202400020480;203 940 147;155 745 702;A01;1;1;4;2;1943.0;5;1;0;-1;-1; -1;-1
202400020480;203 940 149;155 745 704;B01;1;1;1;1;1951.0;5;1;0;-1;-1; -1;-1
202400020486;203 940 133;155 745 693;B01;1;1;4;1;1995.0;1;2;0;-1;-1; -1;-1
202400020486;203 940 135;155 745 695;A01;1;1;1;2;1998.0;1;1;0;-1;-1; -1;-1
202400020525;203 940 044;155 745 630;A01;1;1;1;1;2004.0;4;8;0;4;-1; -1;-1
202400020525;203 940 045;155 745 630;A01;10;3;4;2;1947.0;0;0;0;0;2;3;2
202400020555;203 939 968;155 745 576;A01;1;1;1;1;1990.0;5;1;0;-1;0;0;-1
202400020555;203 939 969;155 745 577;B01;1;1;4;2;1940.0;3;8;0;-1;0;0;-1
202400020565;203 939 945;155 745 559;B01;1;1;1;2;1975.0;0;1;0;-1;-1; -1;-1
202400020565;203 939 947;155 745 560;A01;1;1;3;1;1995.0;0;2;0;-1;-1; -1;-1
202400020577;203 939 918;155 745 537;A01;10;3;4;2;2009.0;0;0;-1;-1;3;3;1
202400020577;203 939 919;155 745 537;A01;1;1;1;1;1938.0;5;8;0;-1;-1; -1;-1
202400020580;203 939 908;155 745 528;A01;1;1;1;2;1999.0;5;1;0;-1;-1; -1;-1
202400020580;203 939 910;155 745 530;B01;1;1;4;1;1983.0;4;1;4;-1;-1; -1;-1
202400020580;203 939 912;155 745 532;C01;1;1;1;1;1982.0;9;1;4;-1;-1; -1;-1
202400020583;203 939 901;155 745 521;A01;1;1;1;1;1980.0;4;1;4;-1;-1; -1;-1
202400020583;203 939 902;155 745 522;B01;1;1;4;1;1968.0;4;1;4;-1;-1; -1;-1
202400020583;203 939 904;155 745 524;C01;1;1;1;1;1997.0;5;1;4;-1;-1; -1;-1
202400020583;203 939 905;155 745 525;D01;1;1;1;1;1998.0;1;1;4;-1;-1; -1;-1
202400020583;203 939 907;155 745 527;E01;1;1;1;1;1962.0;1;1;4;-1;-1; -1;-1
202400020625;203 939 798;155 745 449;A01;1;1;4;2;1994.0;5;2;5;0;-1; -1;-1
202400020625;203 939 799;155 745 450;B01;2;2;1;1;1987.0;5;1;0;0;-1; -1;-1
202400020625;203 939 800;155 745 450;B01;1;1;1;1;1992.0;5;1;0;0;-1; -1;-1
202400020627;203 939 792;155 745 445;A01;3;2;4;2;2009.0;5;8;0;0;-1; -1;-1
202400020627;203 939 793;155 745 445;A01;2;2;4;2;1969.0;5;8;0;0;-1; -1;-1
202400020627;203 939 794;155 745 445;A01;1;1;4;1;1967.0;5;8;0;0;-1; -1;-1
202400020627;203 939 795;155 745 446;B01;1;1;1;1;1968.0;0;8;0;0;-1; -1;-1
202400020647;203 939 734;155 745 396;A01;1;1;1;1;2001.0;1;1;-1;-1;-1; -1;-1
202400020647;203 939 738;155 745 399;B01;1;1;4;1;1976.0;1;0;-1;-1;0;0;-1
202400020651;203 939 720;155 745 389;A01;10;3;3;2;1945.0;5;0;-1;-1;3;3;1
202400020651;203 939 722;155 745 389;A01;1;1;3;1;1945.0;5;1;8;-1;-1; -1;-1
202400020664;203 939 684;155 745 369;B01;2;2;1;2;1994.0;0;1;-1;-1;-1; -1;-1
202400020664;203 939 685;155 745 369;B01;1;1;1;2;1993.0;5;1;-1;-1;-1; -1;-1
202400020664;203 939 688;155 745 371;A01;4;2;4;2;2001.0;0;1;-1;-1;-1; -1;-1
202400020664;203 939 689;155 745 371;A01;1;1;1;2;2001.0;0;1;-1;-1;-1; -1;-1
202400020665;203 939 686;155 745 370;A01;10;3;3;2;1949.0;5;0;-1;-1;3;3;1
202400020665;203 939 687;155 745 370;A01;1;1;1;2;2006.0;5;1;0;-1;-1; -1;-1
202400020677;203 939 660;155 745 351;A01;1;1;1;1;1974.0;0;1;0;-1;-1; -1;-1
202400020677;203 939 661;155 745 352;B01;1;1;4;2;2000.0;0;2;8;-1;-1; -1;-1
202400020680;203 939 655;155 745 347;A01;10;3;4;1;2013.0;0;0;-1;-1;1;3;2
202400020680;203 939 656;155 745 347;A01;1;1;1;1;1991.0;0;1;0;-1;-1; -1;-1
202400020683;203 939 647;155 745 340;A01;1;1;1;2;2001.0;2;1;0;-1;-1; -1;-1
202400020683;203 939 648;155 745 342;B01;1;1;4;1;2007.0;2;2;6;-1;-1; -1;-1
202400020702;203 939 608;155 745 308;A01;1;1;4;1;1997.0;0;2;6;-1;-1; -1;-1
202400020702;203 939 609;155 745 309;B01;1;1;1;1;1982.0;0;1;-1;-1;-1; -1;-1
202400020714;203 939 575;155 745 285;A01;10;3;3;1;1974.0;0;0;-1;-1;3;3;1
202400020714;203 939 577;155 745 285;A01;1;1;1;1;1994.0;0;1;0;-1;-1; -1;-1
202400020716;203 939 572;155 745 283;A01;1;1;4;2;2007.0;0;2;0;-1;0;0;-1
202400020724;203 939 554;155 745 266;A01;2;2;4;2;2002.0;5;2;6;-1;0;0;-1
202400020724;203 939 555;155 745 266;A01;1;1;1;1;2001.0;5;2;6;-1;0;0;-1
202400020724;203 939 556;155 745 267;B01;1;1;1;1;1994.0;5;1;0;-1;0;0;-1
202400020732;203 939 533;155 745 253;A01;1;1;4;1;1978.0;5;2;6;-1;-1; -1;-1
202400020736;203 939 524;155 745 245;B01;1;1;4;1;2001.0;5;2;0;-1;0;0;-1
202400020736;203 939 525;155 745 246;A01;1;1;1;1;2000.0;0;1;0;-1;-1; -1;-1
202400020738;203 939 520;155 745 242;A01;1;1;1;1;1974.0;9;8;0;-1;0;0;-1
202400020738;203 939 521;155 745 243;B01;1;1;4;1;1987.0;0;8;0;-1;0;0;-1
202400020745;203 939 501;155 745 228;A01;1;1;4;1;2000.0;5;2;6;-1;-1; -1;-1
202400020745;203 939 502;155 745 229;B01;2;2;1;2;2006.0;0;1;0;-1;-1; -1;-1
202400020745;203 939 503;155 745 229;B01;4;2;1;2;2006.0;5;1;0;-1;-1; -1;-1
202400020745;203 939 504;155 745 229;B01;3;2;1;1;2004.0;5;1;0;-1;-1; -1;-1
202400020745;203 939 505;155 745 229;B01;1;1;1;2;2005.0;5;1;0;-1;-1; -1;-1
202400020756;203 939 482;155 745 212;A01;1;1;1;1;2004.0;5;1;0;-1;-1; -1;-1
202400020756;203 939 483;155 745 213;B01;1;1;4;1;1959.0;4;1;0;-1;-1; -1;-1
202400020756;203 939 484;155 745 214;C01;1;1;1;1;1960.0;4;1;0;-1;-1; -1;-1
202400020769;203 939 454;155 745 193;A01;10;3;4;1;1971.0;0;8;0;0;2;3;1
202400020769;203 939 455;155 745 193;A01;1;1;1;1;1955.0;0;1;0;0;2;3;1
202400020771;203 939 450;155 745 190;A01;1;1;1;-1;;-1;8;8;8;-1; -1;-1
202400020771;203 939 451;155 745 190;A01;10;3;3;2;1973.0;0;0;0;0;3;3;1
202400020776;203 939 440;155 745 180;B01;1;1;4;1;1978.0;1;2;6;0;-1; -1;-1
202400020776;203 939 441;155 745 181;A01;1;1;4;1;1968.0;1;1;0;0;-1; -1;-1
202400020789;203 939 404;155 745 155;A01;1;1;2;1;1992.0;5;2;6;-1;0;0;-1
202400020789;203 939 405;155 745 156;B01;1;1;1;1;1994.0;0;1;-1;-1;0;0;-1
202400020789;203 939 406;155 745 157;C01;1;1;1;1;1976.0;0;1;-1;-1;0;0;-1
202400020815;203 939 346;155 745 111;A01;1;1;2;1;1968.0;0;2;6;-1;0;0;-1
202400020815;203 939 347;155 745 112;B01;2;2;1;1;2018.0;0;1;-1;-1;0;0;-1
202400020815;203 939 348;155 745 112;B01;1;1;1;1;1971.0;0;1;-1;-1;0;0;-1
202400020822;203 939 325;155 745 099;A01;1;1;4;1;2007.0;5;2;6;-1;0;0;-1
202400020822;203 939 326;155 745 100;B01;1;1;1;1;1954.0;5;8;-1;-1;0;0;-1
202400020832;203 939 303;155 745 083;A01;1;1;1;1;1980.0;0;1;-1;-1;-1; -1;-1
202400020832;203 939 304;155 745 084;B01;1;1;4;2;2004.0;1;1;-1;-1;-1; -1;-1
202400020832;203 939 305;155 745 085;C01;1;1;1;2;1988.0;1;1;-1;-1;-1; -1;-1
202400020866;203 939 225;155 745 019;A01;10;3;3;1;1939.0;0;0;-1;-1;3;3;1
202400020866;203 939 226;155 745 019;A01;1;1;1;1;1950.0;5;1;-1;-1;-1; -1;-1
202400020869;203 939 211;155 745 008;B01;1;1;4;2;1991.0;0;1;0;-1;-1; -1;-1
202400020869;203 939 212;155 745 009;C01;1;1;4;1;1983.0;0;1;0;-1;-1; -1;-1
202400020869;203 939 213;155 745 010;A01;1;1;1;1;1943.0;5;1;0;-1;-1; -1;-1
202400020871;203 939 203;155 745 000;B01;1;1;4;1;1996.0;0;2;6;-1;-1; -1;-1
202400020871;203 939 204;155 745 001;A01;1;1;1;2;2004.0;0;1;-1;-1;-1; -1;-1
202400020903;203 939 120;155 744 938;A01;1;1;1;2;1989.0;0;1;0;-1;-1; -1;-1
202400020903;203 939 121;155 744 939;B01;2;2;4;2;1974.0;0;2;6;-1;-1; -1;-1
202400020903;203 939 122;155 744 939;B01;1;1;4;1;1969.0;5;2;-1;-1;-1; -1;-1
202400020913;203 939 098;155 744 922;A01;1;1;1;-1;;-1;-1;-1;-1;-1; -1;-1
202400020913;203 939 099;155 744 923;B01;1;1;4;1;1994.0;0;1;0;-1;-1; -1;-1
202400020920;203 939 084;155 744 910;A01;1;1;4;1;2002.0;0;2;6;-1;-1; -1;-1
202400020920;203 939 085;155 744 911;B01;1;1;1;1;2005.0;0;1;8;-1;-1; -1;-1
202400020921;203 939 082;155 744 909;A01;10;3;3;2;1992.0;0;0;-1;-1;2;9;1
202400020921;203 939 083;155 744 909;A01;1;1;1;1;2003.0;9;1;8;-1;0;0;-1
202400020945;203 939 027;155 744 866;A01;1;1;1;1;1973.0;4;1;8;-1;-1; -1;-1
202400020945;203 939 029;155 744 868;B01;1;1;4;1;2010.0;5;8;0;-1;-1; -1;-1
202400021007;203 938 879;155 744 759;A01;1;1;4;1;1962.0;1;2;6;-1;0;0;-1
202400021007;203 938 881;155 744 760;B01;1;1;1;2;1968.0;5;1;0;-1;0;0;-1
202400021021;203 938 843;155 744 734;A01;2;2;2;1;2004.0;5;0;-1;-1;0;0;-1
202400021021;203 938 845;155 744 734;A01;1;1;2;1;2004.0;5;1;-1;-1;0;0;-1
202400021024;203 938 835;155 744 730;A01;9;2;3;2;2007.0;5;1;-1;-1;0;0;-1
202400021024;203 938 836;155 744 730;A01;2;2;3;1;2008.0;5;1;-1;-1;0;0;-1
202400021024;203 938 837;155 744 730;A01;7;2;1;1;2008.0;5;1;-1;-1;0;0;-1
202400021024;203 938 838;155 744 730;A01;1;1;1;1;2005.0;5;1;-1;-1;0;0;-1
202400021040;203 938 804;155 744 706;A01;10;3;3;1;1968.0;0;0;-1;-1;2;3;1
202400021040;203 938 805;155 744 706;A01;1;1;1;1;1962.0;0;1;-1;-1;0;0;-1
202400021042;203 938 799;155 744 702;A01;1;1;4;1;1980.0;1;2;0;-1;0;0;-1
202400021042;203 938 801;155 744 704;Z01;1;1;1;-1;;-1;-1;-1;-1;-1; -1;-1
202400021045;203 938 791;155 744 697;A01;8;2;3;1;1971.0;9;8;-1;-1;0;0;-1
202400021045;203 938 793;155 744 697;A01;1;1;4;1;2006.0;9;8;-1;-1;0;0;-1
202400021053;203 938 773;155 744 685;A01;1;1;4;1;1977.0;5;1;-1;-1;0;0;-1
202400021053;203 938 774;155 744 686;B01;7;2;1;2;2022.0;5;3;-1;-1;0;0;-1
202400021053;203 938 776;155 744 686;B01;2;2;4;2;1994.0;5;1;-1;-1;0;0;-1
202400021053;203 938 777;155 744 686;B01;1;1;4;1;1985.0;5;1;-1;-1;0;0;-1
202400021093;203 938 680;155 744 619;B01;2;2;1;1;2008.0;5;1;-1;-1;0;0;-1
202400021093;203 938 682;155 744 619;B01;1;1;1;1;2005.0;5;1;-1;-1;0;0;-1
202400021093;203 938 684;155 744 622;A01;2;2;1;2;1954.0;5;1;-1;-1;0;0;-1
202400021093;203 938 685;155 744 622;A01;1;1;4;1;1953.0;5;1;-1;-1;0;0;-1
202400021101;203 938 656;155 744 606;A01;1;1;2;1;1949.0;5;1;-1;-1;0;0;-1
202400021122;203 938 603;155 744 570;B01;2;2;1;1;1998.0;9;1;0;0;-1; -1;-1
202400021122;203 938 606;155 744 570;B01;1;1;1;2;1970.0;9;1;0;0;-1; -1;-1
202400021122;203 938 609;155 744 574;A01;1;1;4;1;2003.0;5;2;6;0;-1; -1;-1
202400021127;203 938 596;155 744 564;B01;1;1;4;1;1968.0;0;2;-1;-1;0;0;-1
202400021127;203 938 597;155 744 565;A01;1;1;1;1;1983.0;5;1;-1;-1;0;0;-1
202400021131;203 938 589;155 744 557;A01;1;1;3;1;1962.0;5;2;-1;-1;0;0;-1
202400021161;203 938 529;155 744 509;A01;2;2;1;1;2003.0;5;1;-1;-1;0;0;-1
202400021161;203 938 530;155 744 509;A01;9;2;3;1;1994.0;5;1;-1;-1;0;0;-1
202400021161;203 938 531;155 744 509;A01;1;1;4;1;1985.0;5;0;-1;-1;0;0;-1
202400021172;203 938 503;155 744 490;A01;1;1;3;1;1984.0;5;1;-1;-1;0;0;-1
202400021177;203 938 495;155 744 483;A01;1;1;3;1;1971.0;4;0;-1;-1;0;0;-1
202400021187;203 938 470;155 744 462;A01;10;3;3;2;1965.0;0;0;-1;-1;9;B;1
202400021187;203 938 471;155 744 462;A01;1;1;1;-1;;-1;-1;-1;-1;-1; -1;-1
202400021202;203 938 443;155 744 440;B01;1;1;3;2;2007.0;5;1;-1;-1;0;0;-1
202400021202;203 938 444;155 744 441;A01;1;1;1;2;1998.0;4;1;-1;-1;0;0;-1
202400021203;203 938 442;155 744 439;B01;1;1;4;1;1950.0;5;1;-1;-1;0;0;-1
202400021203;203 938 445;155 744 442;A01;1;1;3;2;1968.0;4;1;-1;-1;0;0;-1
202400021215;203 938 407;155 744 415;A01;1;1;3;1;2004.0;5;0;-1;-1;0;0;-1
202400021223;203 938 385;155 744 399;B01;1;1;1;1;1989.0;0;1;0;-1;-1; -1;-1
202400021223;203 938 388;155 744 402;C01;1;1;1;1;1976.0;0;1;0;-1;-1; -1;-1
202400021223;203 938 389;155 744 403;A01;1;1;3;1;2001.0;0;2;6;-1;-1; -1;-1
202400021230;203 938 367;155 744 389;A01;9;2;4;2;2015.0;0;1;-1;-1;0;0;-1
202400021230;203 938 370;155 744 389;A01;7;2;4;2;2015.0;0;1;-1;-1;0;0;-1
202400021230;203 938 373;155 744 389;A01;1;1;1;1;1988.0;0;1;9;-1;0;0;-1
202400021236;203 938 352;155 744 382;A01;10;3;4;1;2013.0;5;0;-1;-1;2;3;3
202400021236;203 938 353;155 744 382;A01;1;1;4;1;1991.0;4;2;0;-1;-1; -1;-1
202400021269;203 938 266;155 744 323;A01;1;1;4;2;1984.0;5;1;0;-1;-1; -1;-1
202400021300;203 938 204;155 744 275;B01;1;1;4;1;1995.0;4;2;6;0;-1; -1;-1
202400021300;203 938 205;155 744 276;A01;1;1;1;2;1985.0;0;1;0;0;-1; -1;-1
202400021328;203 938 129;155 744 220;B01;1;1;1;1;1971.0;1;2;7;-1;-1; -1;-1
202400021328;203 938 131;155 744 222;A01;2;2;4;2;2017.0;2;0;-1;-1;-1; -1;-1
202400021328;203 938 132;155 744 222;A01;1;1;4;2;1992.0;2;0;-1;-1;-1; -1;-1
202400021340;203 938 106;155 744 200;A01;2;2;3;1;1992.0;0;1;5;-1;-1; -1;-1
202400021340;203 938 107;155 744 200;A01;1;1;1;-1;;-1;-1;-1;-1;-1; -1;-1
202400021346;203 938 093;155 744 190;A01;1;1;1;1;1950.0;3;1;-1;-1;0;0;-1
202400021346;203 938 095;155 744 191;B01;1;1;3;1;1964.0;5;2;7;-1;0;0;-1
202400021348;203 938 088;155 744 186;A01;1;1;2;2;1948.0;9;1;-1;-1;0;0;-1
202400021350;203 938 085;155 744 183;A01;1;1;3;1;1999.0;5;2;0;-1;-1; -1;-1
202400021359;203 938 071;155 744 170;A01;1;1;3;1;2003.0;0;1;0;-1;0;0;-1
202400021363;203 938 060;155 744 162;B01;1;1;1;2;1990.0;0;1;0;-1;-1; -1;-1
202400021363;203 938 062;155 744 162;B01;2;2;4;2;1961.0;0;1;0;-1;-1; -1;-1
202400021363;203 938 064;155 744 162;B01;2;2;1;2;1986.0;0;1;0;-1;-1; -1;-1
202400021363;203 938 067;155 744 166;A01;1;1;1;2;1965.0;0;1;0;-1;-1; -1;-1
202400021366;203 938 052;155 744 156;A01;10;3;3;1;1960.0;0;0;-1;-1;1;3;1
202400021366;203 938 054;155 744 156;A01;1;1;1;1;1985.0;5;1;0;-1;0;0;-1
202400021378;203 938 026;155 744 136;A01;1;1;1;1;2000.0;0;8;0;-1;-1; -1;-1
202400021378;203 938 027;155 744 136;A01;10;3;4;2;1993.0;3;0;-1;-1;2;3;2
202400021378;203 938 029;155 744 136;A01;10;3;4;2;2019.0;3;0;-1;-1;2;3;2
202400021380;203 938 019;155 744 132;A01;2;2;4;2;1992.0;0;1;0;-1;-1; -1;-1
202400021380;203 938 020;155 744 132;A01;1;1;4;1;1987.0;9;1;0;-1;-1; -1;-1
202400021380;203 938 021;155 744 133;Z01;2;2;4;1;1987.0;9;1;0;-1;-1; -1;-1
202400021380;203 938 022;155 744 133;Z01;4;2;4;1;1987.0;9;8;0;-1;-1; -1;-1
202400021380;203 938 024;155 744 133;Z01;1;1;1;1;1997.0;9;8;0;-1;-1; -1;-1
202400021386;203 938 001;155 744 122;B01;1;1;4;2;1976.0;5;1;-1;-1;-1; -1;-1
202400021386;203 938 002;155 744 122;B01;4;2;4;1;2009.0;0;1;-1;-1;-1; -1;-1
202400021386;203 938 003;155 744 122;B01;3;2;4;1;2006.0;0;1;-1;-1;-1; -1;-1
202400021386;203 938 005;155 744 122;B01;2;2;4;1;1973.0;5;1;-1;-1;-1; -1;-1
202400021386;203 938 007;155 744 122;B01;5;2;4;2;2008.0;0;1;-1;-1;-1; -1;-1
202400021386;203 938 009;155 744 124;A01;1;1;2;1;1968.0;5;0;-1;-1;-1; -1;-1
202400021392;203 937 987;155 744 111;A01;1;1;1;1;2001.0;5;1;0;-1;-1; -1;-1
202400021392;203 937 989;155 744 113;B01;1;1;4;2;1991.0;5;2;0;-1;-1; -1;-1
202400021395;203 937 981;155 744 106;B01;1;1;1;1;1964.0;5;2;0;-1;-1; -1;-1
202400021395;203 937 982;155 744 106;B01;2;2;4;2;1975.0;5;2;0;-1;-1; -1;-1
202400021395;203 937 984;155 744 108;A01;1;1;1;1;1993.0;1;1;0;-1;-1; -1;-1
202400021398;203 937 973;155 744 100;B01;1;1;1;2;1988.0;0;1;-1;-1;-1; -1;-1
202400021398;203 937 975;155 744 102;A01;1;1;4;2;2000.0;0;1;-1;-1;-1; -1;-1
202400021411;203 937 941;155 744 078;A01;1;1;1;1;1985.0;0;1;-1;-1;0;0;-1
202400021411;203 937 944;155 744 080;B01;1;1;4;1;1969.0;0;8;-1;-1;0;0;-1
202400021429;203 937 900;155 744 052;A01;2;2;1;1;1953.0;5;1;-1;-1;0;0;-1
202400021429;203 937 901;155 744 052;A01;7;2;1;2;2013.0;5;1;-1;-1;0;0;-1
202400021429;203 937 903;155 744 052;A01;9;2;1;1;2010.0;5;1;-1;-1;0;0;-1
202400021429;203 937 905;155 744 052;A01;1;1;4;2;1954.0;5;1;-1;-1;0;0;-1
202400021430;203 937 898;155 744 050;A01;1;1;3;1;2006.0;1;2;-1;-1;0;0;-1
202400021446;203 937 861;155 744 026;A01;1;1;3;1;1991.0;0;8;-1;-1;0;0;-1
202400021446;203 937 863;155 744 028;B01;2;2;2;2;1943.0;0;1;-1;-1;0;0;-1
202400021446;203 937 864;155 744 028;B01;1;1;2;2;1967.0;0;1;-1;-1;0;0;-1
202400021461;203 937 814;155 743 995;A01;1;1;3;1;1965.0;9;2;6;-1;-1; -1;-1
202400021461;203 937 815;155 743 996;B01;1;1;1;2;2003.0;9;1;0;-1;-1; -1;-1
202400021480;203 937 770;155 743 961;C01;1;1;3;1;1957.0;3;0;-1;-1;6;2;1
202400021480;203 937 771;155 743 962;A01;1;1;4;2;1998.0;3;1;0;-1;-1; -1;-1
202400021480;203 937 772;155 743 963;B01;1;1;4;1;1990.0;3;1;0;-1;-1; -1;-1
202400021489;203 937 746;155 743 944;Z01;1;1;1;-1;;-1;-1;-1;-1;-1; -1;-1
202400021489;203 937 747;155 743 945;B01;1;1;4;2;1964.0;5;2;6;-1;-1; -1;-1
202400021500;203 937 719;155 743 929;A01;2;2;4;2;2004.0;5;8;0;-1;-1; -1;-1
202400021500;203 937 720;155 743 929;A01;2;2;1;1;2006.0;5;1;0;-1;-1; -1;-1
202400021500;203 937 721;155 743 929;A01;3;2;4;2;2007.0;5;8;0;-1;-1; -1;-1
202400021500;203 937 722;155 743 929;A01;1;1;4;1;2006.0;5;1;0;-1;-1; -1;-1
202400021513;203 937 689;155 743 905;B01;1;1;3;1;1973.0;9;2;0;-1;-1; -1;-1
202400021513;203 937 690;155 743 906;A01;1;1;1;1;1965.0;9;1;0;-1;-1; -1;-1
202400021525;203 937 665;155 743 884;A01;1;1;4;1;2002.0;1;1;0;0;-1; -1;-1
202400021525;203 937 666;155 743 885;B01;1;1;4;1;1964.0;0;1;0;0;-1; -1;-1
202400021539;203 937 634;155 743 862;A01;1;1;3;1;1978.0;5;1;-1;-1;0;0;-1
202400021547;203 937 619;155 743 850;A01;1;1;1;-1;;-1;-1;-1;-1;-1; -1;-1
202400021547;203 937 620;155 743 851;B01;1;1;3;1;1952.0;5;2;4;9;0;0;-1
202400021565;203 937 581;155 743 822;A01;2;2;3;2;1981.0;5;1;-1;-1;0;0;-1
202400021565;203 937 583;155 743 822;A01;1;1;1;1;1970.0;5;1;-1;-1;0;0;-1
202400021570;203 937 566;155 743 813;A01;1;1;1;2;1977.0;9;1;-1;-1;0;0;-1
202400021570;203 937 567;155 743 815;B01;1;1;3;2;1965.0;5;1;-1;-1;0;0;-1
202400021591;203 937 517;155 743 775;A01;1;1;3;2;2006.0;5;1;-1;-1;0;0;-1
202400021591;203 937 518;155 743 776;B01;1;1;3;2;1946.0;5;1;-1;-1;0;0;-1
202400021595;203 937 508;155 743 768;A01;1;1;3;1;1996.0;0;1;-1;-1;0;0;-1
202400021595;203 937 511;155 743 770;B01;1;1;3;1;1978.0;0;1;-1;-1;0;0;-1
202400021595;203 937 512;155 743 771;C01;1;1;1;2;2004.0;0;1;-1;-1;0;0;-1
202400021596;203 937 509;155 743 767;A01;1;1;4;1;2001.0;1;1;-1;-1;0;0;-1
202400021596;203 937 510;155 743 769;B01;1;1;1;1;1973.0;1;1;-1;-1;0;0;-1
202400021610;203 937 463;155 743 740;B01;7;2;4;2;1955.0;5;1;-1;-1;0;0;-1
202400021610;203 937 464;155 743 740;B01;8;2;1;1;1975.0;5;1;-1;-1;0;0;-1
202400021610;203 937 465;155 743 740;B01;9;2;4;2;1963.0;5;1;-1;-1;0;0;-1
202400021610;203 937 467;155 743 740;B01;4;2;1;2;1995.0;5;0;-1;-1;0;0;-1
202400021610;203 937 468;155 743 740;B01;3;2;1;1;1984.0;5;0;-1;-1;0;0;-1
202400021610;203 937 469;155 743 740;B01;1;1;1;1;1975.0;4;1;-1;-1;0;0;-1
202400021610;203 937 470;155 743 742;A01;9;2;3;1;2022.0;0;1;-1;-1;0;0;-1
202400021610;203 937 471;155 743 742;A01;9;2;3;2;2022.0;0;1;-1;-1;0;0;-1
202400021610;203 937 472;155 743 742;A01;1;1;2;2;1997.0;0;1;-1;-1;0;0;-1
202400021611;203 937 458;155 743 736;B01;1;1;1;1;1966.0;4;1;-1;-1;0;0;-1
202400021611;203 937 460;155 743 738;A01;1;1;2;1;1966.0;0;1;-1;-1;0;0;-1
202400021612;203 937 459;155 743 737;A01;1;1;1;2;2004.0;5;1;-1;-1;0;0;-1
202400021612;203 937 461;155 743 739;B01;2;2;3;2;1944.0;9;1;-1;-1;0;0;-1
202400021612;203 937 462;155 743 739;B01;1;1;1;1;1943.0;5;1;-1;-1;0;0;-1
202400021627;203 937 421;155 743 714;A01;2;2;3;1;2005.0;5;8;-1;-1;0;0;-1
202400021627;203 937 422;155 743 714;A01;1;1;3;1;2005.0;5;8;-1;-1;0;0;-1
202400021632;203 937 405;155 743 705;A01;2;2;4;2;1993.0;0;1;-1;-1;0;0;-1
202400021632;203 937 407;155 743 705;A01;7;2;4;2;1991.0;0;1;-1;-1;0;0;-1
202400021632;203 937 408;155 743 705;A01;1;1;3;1;1981.0;0;1;-1;-1;0;0;-1
202400021632;203 937 409;155 743 707;B01;2;2;4;1;1975.0;0;1;-1;-1;0;0;-1
202400021632;203 937 410;155 743 707;B01;9;2;4;1;2002.0;0;1;-1;-1;0;0;-1
202400021632;203 937 412;155 743 707;B01;7;2;3;1;1997.0;0;1;-1;-1;0;0;-1
202400021632;203 937 413;155 743 707;B01;1;1;3;1;1983.0;0;1;-1;-1;0;0;-1
202400021641;203 937 386;155 743 690;A01;1;1;1;1;2005.0;0;8;0;-1;-1; -1;-1
202400021641;203 937 389;155 743 692;B01;2;2;3;1;2006.0;5;1;-1;-1;-1; -1;-1
202400021641;203 937 391;155 743 692;B01;3;2;3;2;2006.0;5;1;-1;-1;-1; -1;-1
202400021641;203 937 392;155 743 692;B01;1;1;3;1;2006.0;5;1;-1;-1;-1; -1;-1
202400021642;203 937 382;155 743 687;B01;1;1;1;1;2000.0;0;1;-1;-1;0;0;-1
202400021642;203 937 385;155 743 689;A01;1;1;3;1;1990.0;1;2;-1;-1;0;0;-1
202400021648;203 937 366;155 743 676;A01;1;1;1;1;1979.0;4;1;0;-1;-1; -1;-1
202400021648;203 937 367;155 743 677;B01;2;2;4;2;1999.0;5;1;0;-1;-1; -1;-1
202400021648;203 937 368;155 743 677;B01;3;2;4;2;2022.0;0;1;0;-1;-1; -1;-1
202400021648;203 937 371;155 743 677;B01;4;2;4;1;2023.0;0;1;0;-1;-1; -1;-1
202400021648;203 937 373;155 743 677;B01;1;1;4;1;1999.0;5;1;0;-1;-1; -1;-1
202400021661;203 937 338;155 743 652;A01;1;1;1;1;1980.0;4;1;-1;-1;-1; -1;-1
202400021661;203 937 340;155 743 654;B01;1;1;4;1;1992.0;1;2;6;-1;-1; -1;-1
202400021668;203 937 318;155 743 636;B01;1;1;1;1;1993.0;5;1;0;-1;-1; -1;-1
202400021668;203 937 319;155 743 638;A01;2;2;4;1;1987.0;5;1;0;-1;-1; -1;-1
202400021668;203 937 321;155 743 638;A01;1;1;1;2;1991.0;5;1;0;-1;-1; -1;-1
202400021679;203 937 284;155 743 615;A01;1;1;4;2;1961.0;0;8;0;-1;-1; -1;-1
202400021708;203 937 221;155 743 564;A01;1;1;1;1;1990.0;1;8;0;0;-1; -1;-1
202400021708;203 937 225;155 743 568;B01;1;1;4;1;1990.0;1;2;8;0;-1; -1;-1
202400021709;203 937 217;155 743 561;A01;1;1;1;1;2001.0;0;1;0;-1;-1; -1;-1
202400021709;203 937 218;155 743 562;B01;1;1;4;2;2000.0;0;1;0;-1;-1; -1;-1
202400021716;203 937 197;155 743 549;A01;10;3;4;2;1973.0;9;0;-1;-1;4;3;1
202400021716;203 937 200;155 743 549;A01;1;1;1;1;1952.0;0;1;0;-1;-1; -1;-1
202400021721;203 937 189;155 743 543;B01;1;1;1;1;1986.0;0;1;8;-1;-1; -1;-1
202400021721;203 937 192;155 743 545;A01;1;1;3;1;1989.0;0;8;0;-1;-1; -1;-1
202400021727;203 937 178;155 743 534;B01;1;1;2;1;1964.0;1;2;0;-1;-1; -1;-1
202400021727;203 937 181;155 743 537;A01;1;1;1;1;1932.0;0;1;0;-1;-1; -1;-1
202400021729;203 937 170;155 743 530;B01;1;1;4;1;1984.0;9;2;0;-1;-1; -1;-1
202400021729;203 937 171;155 743 530;B01;2;2;1;1;1980.0;0;2;0;-1;-1; -1;-1
202400021729;203 937 174;155 743 532;A01;2;2;1;2;1991.0;4;1;0;-1;-1; -1;-1
202400021729;203 937 175;155 743 532;A01;1;1;1;1;1983.0;4;1;0;-1;-1; -1;-1
202400021750;203 937 127;155 743 497;B01;1;1;4;1;1995.0;0;2;0;-1;0;0;-1
202400021750;203 937 130;155 743 499;A01;1;1;1;1;1956.0;5;8;0;-1;0;0;-1
202400021754;203 937 119;155 743 490;A01;10;3;4;2;1962.0;0;0;0;0;5;3;1
202400021754;203 937 121;155 743 490;A01;1;1;1;1;1950.0;0;1;0;0;-1; -1;-1
202400021838;203 936 925;155 743 353;A01;1;1;1;1;1958.0;3;1;-1;-1;0;0;-1
202400021838;203 936 929;155 743 356;B01;1;1;3;1;1972.0;5;2;6;-1;0;0;-1
202400021841;203 936 919;155 743 350;A01;2;2;3;1;1999.0;5;1;-1;-1;0;0;-1
202400021841;203 936 920;155 743 350;A01;1;1;4;1;2000.0;5;1;-1;-1;0;0;-1
202400021861;203 936 863;155 743 314;A01;1;1;4;1;1986.0;5;2;8;-1;-1; -1;-1
202400021862;203 936 858;155 743 312;Z01;10;3;3;2;1963.0;0;0;-1;-1;4;3;1
202400021862;203 936 860;155 743 312;Z01;1;1;1;-1;;-1;-1;-1;-1;-1; -1;-1
202400021863;203 936 861;155 743 313;A01;1;1;4;1;1964.0;5;2;6;-1;0;0;-1
202400021868;203 936 847;155 743 303;A01;2;2;2;2;1972.0;5;2;6;-1;0;0;-1
202400021868;203 936 848;155 743 303;A01;1;1;3;1;1972.0;5;2;6;-1;0;0;-1
202400021891;203 936 793;155 743 260;A01;1;1;1;1;1944.0;3;1;-1;-1;0;0;-1
202400021891;203 936 797;155 743 264;B01;1;1;4;1;1966.0;5;2;-1;-1;0;0;-1
202400021893;203 936 784;155 743 257;A01;4;2;4;1;1985.0;4;8;0;-1;0;0;-1
202400021893;203 936 786;155 743 257;A01;4;2;1;1;1996.0;4;8;0;-1;0;0;-1
202400021893;203 936 789;155 743 257;A01;3;2;1;1;1993.0;4;8;0;-1;0;0;-1
202400021893;203 936 790;155 743 257;A01;3;2;1;1;2004.0;4;8;0;-1;0;0;-1
202400021893;203 936 791;155 743 257;A01;2;2;1;1;1977.0;4;8;0;-1;0;0;-1
202400021893;203 936 792;155 743 257;A01;1;1;1;2;2001.0;4;8;0;-1;0;0;-1
202400021893;203 936 795;155 743 262;B01;1;1;1;1;2001.0;4;8;0;-1;0;0;-1
202400021908;203 936 747;155 743 231;B01;3;2;4;1;2008.0;0;1;0;-1;-1; -1;-1
202400021908;203 936 748;155 743 231;B01;2;2;4;2;2008.0;0;1;0;-1;-1; -1;-1
202400021908;203 936 751;155 743 231;B01;1;1;4;2;1996.0;4;1;0;-1;-1; -1;-1
202400021908;203 936 752;155 743 233;A01;1;1;1;1;1973.0;0;1;0;-1;-1; -1;-1
202400021936;203 936 676;155 743 175;A01;1;1;1;1;1993.0;1;1;-1;-1;0;0;-1
202400021936;203 936 678;155 743 177;B01;1;1;4;2;1976.0;1;1;-1;-1;0;0;-1
202400021938;203 936 668;155 743 171;A01;1;1;1;1;1978.0;5;1;0;0;-1; -1;-1
202400021938;203 936 670;155 743 171;A01;10;3;4;1;2008.0;5;0;0;0;2;3;1
202400021956;203 936 627;155 743 142;A01;1;1;4;2;1973.0;1;1;-1;-1;0;0;-1
202400021956;203 936 630;155 743 144;B01;1;1;4;1;1996.0;1;1;-1;-1;0;0;-1
202400021957;203 936 626;155 743 141;A01;1;1;1;1;1997.0;9;1;0;-1;-1; -1;-1
202400021957;203 936 628;155 743 143;B01;1;1;4;1;1987.0;9;2;0;-1;-1; -1;-1
202400021968;203 936 603;155 743 121;B01;1;1;4;1;1961.0;2;2;-1;-1;0;0;-1
202400021968;203 936 605;155 743 122;A01;1;1;1;1;1989.0;2;1;-1;-1;0;0;-1
202400021982;203 936 569;155 743 095;A01;1;1;1;1;1988.0;4;1;4;-1;-1; -1;-1
202400021982;203 936 573;155 743 098;B01;1;1;4;2;1997.0;5;1;-1;-1;-1; -1;-1
202400022002;203 936 526;155 743 062;B01;2;2;4;2;1981.0;0;2;0;-1;-1; -1;-1
202400022002;203 936 528;155 743 062;B01;1;1;1;1;1972.0;0;2;0;-1;-1; -1;-1
202400022002;203 936 532;155 743 067;A01;1;1;1;1;1987.0;0;8;0;-1;-1; -1;-1
202400022014;203 936 508;155 743 045;A01;1;1;4;2;1996.0;0;2;0;-1;-1; -1;-1
202400022014;203 936 509;155 743 046;Z01;1;1;1;1;2000.0;0;1;8;-1;-1; -1;-1
202400022021;203 936 488;155 743 032;A01;4;2;2;1;2005.0;5;0;-1;-1;0;0;-1
202400022021;203 936 490;155 743 032;A01;3;2;3;1;2004.0;5;0;-1;-1;0;0;-1
202400022021;203 936 491;155 743 032;A01;2;2;2;2;2005.0;5;0;-1;-1;0;0;-1
202400022021;203 936 492;155 743 032;A01;1;1;4;2;2004.0;5;1;-1;-1;0;0;-1
202400022034;203 936 459;155 743 009;A01;2;2;4;2;2004.0;5;1;-1;-1;0;0;-1
202400022034;203 936 462;155 743 009;A01;1;1;4;1;1996.0;5;1;-1;-1;0;0;-1
202400022034;203 936 464;155 743 012;B01;1;1;4;1;1994.0;5;1;-1;-1;0;0;-1
202400022039;203 936 453;155 743 004;A01;1;1;3;1;1967.0;5;2;6;-1;0;0;-1
202400022039;203 936 455;155 743 006;B01;1;1;1;1;2003.0;5;1;-1;-1;0;0;-1
202400022041;203 936 447;155 742 998;A01;1;1;3;1;1993.0;5;2;6;-1;0;0;-1
202400022042;203 936 444;155 742 997;A01;10;3;4;2;2010.0;5;0;-1;-1;5;1;2
202400022042;203 936 445;155 742 997;A01;10;3;3;2;2010.0;5;0;-1;-1;5;1;2
202400022042;203 936 446;155 742 997;A01;1;1;1;2;1974.0;9;1;-1;-1;0;0;-1
202400022047;203 936 433;155 742 989;A01;1;1;3;1;2003.0;5;2;6;9;0;0;-1
202400022086;203 936 348;155 742 923;A01;1;1;1;1;1991.0;5;1;-1;-1;0;0;-1
202400022086;203 936 350;155 742 925;B01;1;1;4;2;1957.0;5;1;-1;-1;0;0;-1
202400022088;203 936 341;155 742 919;A01;1;1;4;1;1996.0;5;1;9;-1;0;0;-1
202400022088;203 936 343;155 742 921;B01;1;1;1;1;1993.0;4;1;9;-1;0;0;-1
202400022131;203 936 246;155 742 852;A01;2;2;4;2;2011.0;5;1;-1;-1;0;0;-1
202400022131;203 936 248;155 742 852;A01;8;2;1;1;2017.0;5;1;-1;-1;0;0;-1
202400022131;203 936 249;155 742 852;A01;7;2;1;1;2014.0;5;1;-1;-1;0;0;-1
202400022131;203 936 250;155 742 852;A01;9;2;1;2;2016.0;5;1;-1;-1;0;0;-1
202400022131;203 936 251;155 742 852;A01;1;1;1;2;1981.0;5;1;-1;-1;0;0;-1
202400022147;203 936 211;155 742 827;A01;10;3;3;2;1941.0;5;0;-1;-1;3;3;1
202400022147;203 936 212;155 742 827;A01;1;1;1;1;1975.0;5;2;6;-1;0;0;-1
202400022154;203 936 197;155 742 817;A01;10;3;4;2;1966.0;0;0;-1;-1;3;3;1
202400022154;203 936 198;155 742 817;A01;1;1;1;1;1999.0;0;1;-1;-1;0;0;-1
202400022157;203 936 187;155 742 809;B01;1;1;1;1;1975.0;0;1;-1;-1;0;0;-1
202400022157;203 936 191;155 742 812;A01;1;1;4;2;2003.0;0;1;-1;-1;0;0;-1
202400022168;203 936 166;155 742 794;A01;1;1;4;2;1968.0;1;1;0;-1;-1; -1;-1
202400022168;203 936 168;155 742 796;B01;1;1;4;1;1996.0;4;1;0;-1;-1; -1;-1
202400022187;203 936 119;155 742 752;B01;1;1;1;1;1975.0;4;1;0;-1;-1; -1;-1
202400022187;203 936 123;155 742 756;A01;1;1;3;1;2003.0;5;2;0;-1;-1; -1;-1
202400022195;203 936 101;155 742 736;A01;10;3;4;1;2002.0;0;0;-1;-1;3;3;1
202400022195;203 936 103;155 742 736;A01;1;1;1;2;1993.0;0;1;0;-1;-1; -1;-1
202400022200;203 936 090;155 742 729;A01;1;1;1;1;1969.0;0;1;0;-1;-1; -1;-1
202400022200;203 936 093;155 742 731;B01;1;1;4;2;1982.0;0;8;0;-1;-1; -1;-1
202400022221;203 936 039;155 742 691;A01;1;1;4;2;2002.0;2;1;0;-1;-1; -1;-1
202400022230;203 936 015;155 742 673;D01;1;1;1;1;1983.0;1;1;0;-1;-1; -1;-1
202400022230;203 936 018;155 742 675;B01;1;1;4;1;2003.0;5;1;0;-1;-1; -1;-1
202400022230;203 936 020;155 742 677;C01;1;1;4;1;1981.0;5;1;0;-1;-1; -1;-1
202400022230;203 936 023;155 742 679;A01;2;2;4;2;1990.0;5;1;0;-1;-1; -1;-1
202400022230;203 936 025;155 742 679;A01;1;1;1;1;1974.0;5;1;0;-1;-1; -1;-1
202400022241;203 935 996;155 742 655;B01;1;1;4;1;2007.0;2;8;0;-1;0;0;-1
202400022241;203 935 999;155 742 658;A01;1;1;1;2;1981.0;2;1;0;-1;0;0;-1
202400022246;203 935 980;155 742 644;B01;1;1;1;1;1984.0;0;1;0;-1;0;0;-1
202400022246;203 935 983;155 742 646;A01;1;1;4;2;1998.0;0;1;0;-1;0;0;-1
202400022250;203 935 974;155 742 639;A01;1;1;1;1;1969.0;1;1;-1;-1;0;0;-1
202400022250;203 935 978;155 742 642;B01;1;1;4;2;2005.0;1;8;-1;-1;0;0;-1
202400022256;203 935 955;155 742 623;A01;1;1;1;1;1976.0;5;1;0;-1;0;0;-1
202400022256;203 935 958;155 742 625;B01;1;1;4;1;1952.0;1;2;6;-1;0;0;-1
202400022256;203 935 959;155 742 626;C01;1;1;4;2;1961.0;5;1;0;-1;0;0;-1
202400022256;203 935 961;155 742 628;D01;1;1;1;1;1980.0;4;1;0;-1;0;0;-1
202400022256;203 935 964;155 742 631;E01;1;1;1;-1;;-1;-1;-1;-1;0;0;-1
202400022281;203 935 901;155 742 580;B01;1;1;4;2;1972.0;1;1;0;-1;0;0;-1
202400022281;203 935 904;155 742 583;A01;1;1;1;1;1999.0;4;1;0;-1;0;0;-1
202400022282;203 935 902;155 742 581;A01;1;1;1;2;1984.0;1;1;0;-1;-1; -1;-1
202400022282;203 935 906;155 742 584;B01;1;1;4;2;1973.0;9;2;0;-1;-1; -1;-1
202400022284;203 935 895;155 742 576;A01;1;1;1;1;1980.0;1;1;0;-1;-1; -1;-1
202400022284;203 935 897;155 742 577;B01;1;1;4;2;1970.0;5;8;0;-1;-1; -1;-1
202400022293;203 935 874;155 742 561;A01;1;1;4;1;1967.0;1;2;6;-1;-1; -1;-1
202400022304;203 935 852;155 742 541;B01;1;1;3;1;1934.0;0;1;8;-1;-1; -1;-1
202400022304;203 935 855;155 742 543;A01;1;1;4;1;1976.0;0;1;8;-1;-1; -1;-1
202400022313;203 935 834;155 742 527;A01;10;3;1;2;1981.0;9;0;-1;-1;1;9;2
202400022313;203 935 836;155 742 527;A01;10;3;4;2;2014.0;9;0;-1;-1;1;9;2
202400022313;203 935 838;155 742 527;A01;1;1;1;1;1976.0;9;8;0;-1;-1; -1;-1
202400022335;203 935 788;155 742 487;A01;2;2;4;2;2000.0;1;8;0;0;-1; -1;-1
202400022335;203 935 791;155 742 487;A01;1;1;1;1;1987.0;1;1;0;0;-1; -1;-1
202400022342;203 935 773;155 742 473;A01;1;1;1;1;1984.0;0;1;0;0;-1; -1;-1
202400022342;203 935 776;155 742 473;A01;10;3;4;1;2014.0;2;0;0;0;2;3;1
202400022347;203 935 763;155 742 464;A01;1;1;4;1;1984.0;9;2;6;-1;0;0;-1
202400022347;203 935 766;155 742 467;B01;1;1;1;2;2004.0;5;1;4;-1;0;0;-1
202400022359;203 935 738;155 742 443;A01;1;1;3;1;1990.0;9;2;6;-1;0;0;-1
202400022401;203 935 645;155 742 377;A01;2;2;1;1;2005.0;5;8;-1;-1;0;0;-1
202400022401;203 935 646;155 742 377;A01;1;1;2;1;2005.0;5;0;0;-1;0;0;-1
202400022418;203 935 611;155 742 350;A01;1;1;3;2;2007.0;5;2;6;-1;0;0;-1
202400022418;203 935 615;155 742 354;B01;1;1;1;1;1988.0;0;8;-1;-1;0;0;-1
202400022431;203 935 569;155 742 325;A01;1;1;1;2;1998.0;0;1;-1;-1;-1; -1;-1
202400022431;203 935 572;155 742 327;B01;2;2;4;1;2003.0;0;1;-1;-1;-1; -1;-1
202400022431;203 935 573;155 742 327;B01;1;1;1;1;1996.0;0;1;-1;-1;-1; -1;-1
202400022431;203 935 574;155 742 328;C01;2;2;1;1;2000.0;0;1;-1;-1;-1; -1;-1
202400022431;203 935 575;155 742 328;C01;1;1;4;2;1994.0;0;1;-1;-1;-1; -1;-1
202400022469;203 935 469;155 742 259;B01;1;1;3;1;1997.0;5;8;-1;-1;0;0;-1
202400022469;203 935 470;155 742 260;A01;1;1;3;1;2004.0;5;8;-1;-1;0;0;-1
202400022472;203 935 457;155 742 253;A01;1;1;1;1;1969.0;9;1;0;-1;-1; -1;-1
202400022472;203 935 459;155 742 253;A01;2;2;1;1;2008.0;9;1;0;-1;-1; -1;-1
202400022472;203 935 461;155 742 253;A01;4;2;4;1;1968.0;9;1;0;-1;-1; -1;-1
202400022472;203 935 463;155 742 253;A01;3;2;1;2;2011.0;9;1;0;-1;-1; -1;-1
202400022472;203 935 464;155 742 253;A01;10;3;1;1;1968.0;9;0;-1;-1;9;9;1
202400022477;203 935 446;155 742 243;A01;2;2;3;1;1976.0;5;7;2;-1;0;0;-1
202400022477;203 935 447;155 742 243;A01;1;1;1;1;1995.0;5;2;7;-1;0;0;-1
202400022478;203 935 445;155 742 244;A01;1;1;1;1;1995.0;9;1;0;-1;-1; -1;-1
202400022478;203 935 448;155 742 245;B01;2;2;4;2;2002.0;1;1;0;-1;-1; -1;-1
202400022478;203 935 449;155 742 245;B01;1;1;1;1;1963.0;0;1;0;-1;-1; -1;-1
202400022479;203 935 444;155 742 242;A01;1;1;4;1;1978.0;9;1;0;-1;-1; -1;-1
202400022493;203 935 408;155 742 213;A01;1;1;4;1;2000.0;1;2;6;-1;-1; -1;-1
202400022493;203 935 409;155 742 214;B01;1;1;1;1;1967.0;0;1;0;-1;-1; -1;-1
202400022493;203 935 411;155 742 215;C01;1;1;1;1;1984.0;1;1;4;-1;-1; -1;-1
202400022494;203 935 405;155 742 211;A01;1;1;4;1;2005.0;5;1;0;-1;-1; -1;-1
202400022499;203 935 396;155 742 203;A01;1;1;4;1;1971.0;1;2;6;0;-1; -1;-1
202400022499;203 935 397;155 742 204;Z01;1;1;1;-1;;-1;8;8;8;-1; -1;-1
202400022501;203 935 395;155 742 201;A01;1;1;2;1;1957.0;5;2;8;-1;-1; -1;-1
202400022515;203 935 364;155 742 179;A01;1;1;4;1;1946.0;5;1;8;-1;-1; -1;-1
202400022528;203 935 332;155 742 156;A01;1;1;1;2;1986.0;1;1;0;-1;-1; -1;-1
202400022528;203 935 333;155 742 157;B01;1;1;4;2;1974.0;1;8;0;-1;-1; -1;-1
202400022551;203 935 281;155 742 114;B01;1;1;3;1;2004.0;5;8;0;-1;-1; -1;-1
202400022551;203 935 282;155 742 115;A01;1;1;1;1;1974.0;5;1;0;-1;-1; -1;-1
202400022559;203 935 260;155 742 096;A01;10;3;4;2;1967.0;0;0;-1;-1;9;3;1
202400022559;203 935 261;155 742 096;A01;1;1;1;1;2001.0;0;8;0;-1;-1; -1;-1
202400022566;203 935 236;155 742 078;A01;1;1;1;1;1974.0;1;1;-1;-1;-1; -1;-1
202400022566;203 935 237;155 742 079;B01;1;1;4;1;1992.0;1;1;-1;-1;-1; -1;-1
202400022568;203 935 232;155 742 074;B01;1;1;4;1;2002.0;5;8;0;-1;-1; -1;-1
202400022568;203 935 233;155 742 075;A01;1;1;1;2;1940.0;5;8;0;-1;-1; -1;-1
202400022570;203 935 227;155 742 069;A01;1;1;1;1;1981.0;5;8;8;-1;-1; -1;-1
202400022570;203 935 228;155 742 070;B01;1;1;3;1;1954.0;0;8;0;-1;-1; -1;-1
202400022571;203 935 224;155 742 067;A01;1;1;1;1;2000.0;5;8;0;-1;-1; -1;-1
202400022571;203 935 225;155 742 068;B01;4;2;1;2;2022.0;5;1;8;-1;-1; -1;-1
202400022571;203 935 226;155 742 068;B01;1;1;4;2;2003.0;5;1;0;-1;-1; -1;-1
202400022591;203 935 179;155 742 030;A01;1;1;4;1;2004.0;5;2;6;-1;0;0;-1
202400022603;203 935 148;155 742 005;A01;1;1;1;1;1991.0;0;1;0;-1;-1; -1;-1
202400022603;203 935 149;155 742 005;A01;10;3;4;2;2011.0;0;0;-1;-1;4;3;1
202400022611;203 935 135;155 741 996;A01;10;3;4;2;1941.0;3;0;-1;-1;2;1;1
202400022611;203 935 136;155 741 996;A01;1;1;1;1;1986.0;1;1;0;-1;-1; -1;-1
202400022644;203 935 048;155 741 931;A01;1;1;3;1;2009.0;5;2;6;-1;0;0;-1
202400022644;203 935 049;155 741 932;B01;7;2;1;2;2018.0;5;3;1;-1;0;0;-1
202400022644;203 935 050;155 741 932;B01;9;2;1;1;2020.0;5;1;3;-1;0;0;-1
202400022644;203 935 051;155 741 932;B01;1;1;1;1;1996.0;5;1;-1;-1;0;0;-1
202400022676;203 934 976;155 741 868;B01;1;1;4;1;1969.0;9;1;0;-1;-1; -1;-1
202400022676;203 934 977;155 741 869;A01;1;1;4;1;1963.0;0;1;0;-1;-1; -1;-1
202400022682;203 934 961;155 741 855;C01;1;1;1;1;2004.0;-1;8;0;0;-1; -1;-1
202400022682;203 934 962;155 741 856;A01;1;1;1;2;1994.0;1;1;0;0;-1; -1;-1
202400022682;203 934 963;155 741 857;B01;1;1;4;1;1990.0;1;2;6;-1;-1; -1;-1
202400022705;203 934 911;155 741 819;B01;1;1;1;2;1988.0;1;8;-1;-1;0;0;-1
202400022705;203 934 912;155 741 820;A01;1;1;3;1;2010.0;0;8;-1;-1;0;0;-1
202400022711;203 934 897;155 741 809;A01;1;1;3;2;1950.0;5;1;-1;-1;0;0;-1
202400022715;203 934 889;155 741 801;B01;1;1;4;2;1973.0;0;1;-1;-1;0;0;-1
202400022715;203 934 890;155 741 802;A01;1;1;1;2;1961.0;0;1;-1;-1;0;0;-1
202400022727;203 934 867;155 741 783;A01;1;1;3;1;1977.0;9;0;-1;-1;0;0;-1
202400022731;203 934 856;155 741 774;A01;1;1;3;1;1996.0;1;1;-1;-1;0;0;-1
202400022751;203 934 805;155 741 730;A01;1;1;3;1;1996.0;0;2;5;0;-1; -1;-1
202400022753;203 934 800;155 741 726;A01;1;1;3;1;2001.0;0;1;0;-1;-1; -1;-1
202400022753;203 934 801;155 741 727;B01;1;1;4;1;1997.0;0;1;0;-1;-1; -1;-1
202400022754;203 934 798;155 741 724;A01;1;1;4;1;1975.0;5;1;0;-1;-1; -1;-1
202400022754;203 934 799;155 741 725;B01;1;1;1;1;1986.0;4;1;0;-1;-1; -1;-1
202400022775;203 934 751;155 741 688;A01;1;1;1;1;1995.0;4;1;0;-1;0;0;-1
202400022775;203 934 752;155 741 688;A01;10;3;3;2;2002.0;5;0;-1;-1;2;3;1
202400022780;203 934 740;155 741 678;A01;10;3;4;2;1969.0;0;0;-1;-1;3;3;1
202400022780;203 934 741;155 741 678;A01;1;1;1;1;1950.0;0;1;0;-1;-1; -1;-1
202400022782;203 934 736;155 741 676;A01;10;3;3;2;1973.0;5;0;-1;-1;4;3;1
202400022782;203 934 737;155 741 676;A01;1;1;1;2;1956.0;5;1;-1;-1;-1; -1;-1
202400022796;203 934 692;155 741 645;A01;1;1;1;2;2003.0;9;1;8;-1;0;0;-1
202400022796;203 934 693;155 741 646;B01;1;1;4;1;1992.0;9;1;0;-1;0;0;-1
202400022803;203 934 676;155 741 632;B01;10;3;4;2;2013.0;5;0;-1;-1;2;3;2
202400022803;203 934 677;155 741 632;B01;1;1;1;2;1986.0;4;1;-1;-1;-1; -1;-1
202400022803;203 934 678;155 741 633;A01;1;1;1;2;1997.0;9;1;0;-1;-1; -1;-1
202400022804;203 934 674;155 741 630;B01;1;1;4;1;1950.0;0;0;-1;-1;-1; -1;-1
202400022804;203 934 675;155 741 631;A01;1;1;1;1;1980.0;0;1;0;-1;-1; -1;-1
202400022819;203 934 643;155 741 606;A01;1;1;1;-1;;-1;-1;-1;-1;-1; -1;-1
202400022819;203 934 644;155 741 607;B01;1;1;3;2;2005.0;5;8;0;-1;-1; -1;-1
202400022823;203 934 634;155 741 598;A01;1;1;4;2;1966.0;9;2;6;-1;-1; -1;-1
202400022823;203 934 635;155 741 599;B01;1;1;1;2;1996.0;9;1;0;-1;-1; -1;-1
202400022846;203 934 581;155 741 553;A01;1;1;1;1;1956.0;5;1;0;-1;0;0;-1
202400022846;203 934 582;155 741 554;B01;1;1;3;1;1998.0;1;8;0;-1;0;0;-1
202400022854;203 934 566;155 741 539;A01;10;3;4;2;1948.0;5;0;-1;-1;3;3;1
202400022854;203 934 567;155 741 539;A01;1;1;1;2;1989.0;5;1;-1;-1;-1; -1;-1
202400022859;203 934 553;155 741 530;A01;10;3;3;1;2012.0;2;0;-1;-1;3;4;1
202400022859;203 934 554;155 741 530;A01;1;1;1;2;1999.0;0;1;0;-1;-1; -1;-1
202400022865;203 934 539;155 741 521;A01;10;3;4;1;1954.0;0;0;-1;-1;1;3;1
202400022865;203 934 540;155 741 521;A01;1;1;1;2;1966.0;5;1;0;-1;-1; -1;-1
202400022873;203 934 517;155 741 503;Z01;1;1;1;1;2000.0;0;1;0;-1;0;0;-1
202400022873;203 934 518;155 741 504;A01;1;1;4;1;1961.0;1;2;6;-1;0;0;-1
202400022873;203 934 519;155 741 505;B01;1;1;1;2;1966.0;4;1;4;-1;0;0;-1
202400022878;203 934 506;155 741 497;Z01;10;3;4;2;2012.0;5;8;8;-1;2;3;1
202400022878;203 934 507;155 741 497;Z01;1;1;1;-1;;9;-1;-1;-1;2;3;1
202400022879;203 934 504;155 741 496;A01;10;3;2;1;1946.0;3;0;0;0;9;3;1
202400022879;203 934 505;155 741 496;A01;1;1;1;2;1999.0;3;1;0;-1;-1; -1;-1
202400022899;203 934 442;155 741 453;B01;1;1;3;2;1950.0;3;1;0;-1;-1; -1;-1
202400022899;203 934 444;155 741 456;A01;1;1;1;1;1974.0;0;1;0;-1;-1; -1;-1
202400022911;203 934 414;155 741 433;B01;2;2;1;1;1998.0;4;2;6;-1;-1; -1;-1
202400022911;203 934 415;155 741 433;B01;1;1;1;1;1978.0;4;2;6;-1;-1; -1;-1
202400022911;203 934 418;155 741 435;A01;2;2;1;1;1999.0;4;2;6;-1;-1; -1;-1
202400022911;203 934 419;155 741 435;A01;1;1;3;1;1996.0;4;2;6;-1;-1; -1;-1
202400022914;203 934 408;155 741 428;A01;10;3;4;1;2015.0;0;0;-1;-1;2;3;1
202400022914;203 934 409;155 741 428;A01;1;1;1;1;1963.0;0;1;0;-1;-1; -1;-1
202400022916;203 934 404;155 741 425;A01;1;1;1;2;1983.0;3;1;0;-1;-1; -1;-1
202400022916;203 934 405;155 741 425;A01;10;3;4;2;1948.0;0;0;-1;-1;5;3;1
202400022930;203 934 367;155 741 402;A01;10;3;4;1;2013.0;0;0;-1;-1;5;3;1
202400022930;203 934 370;155 741 402;A01;1;1;1;1;1979.0;0;1;0;-1;-1; -1;-1
202400022947;203 934 332;155 741 373;A01;1;1;4;1;1994.0;5;1;-1;-1;0;0;-1
202400022962;203 934 300;155 741 348;A01;1;1;1;2;1940.0;5;1;-1;-1;0;0;-1
202400022962;203 934 302;155 741 350;B01;1;1;2;1;1955.0;5;2;-1;-1;0;0;-1
202400022969;203 934 283;155 741 334;A01;2;2;2;1;1981.0;5;1;-1;-1;0;0;-1
202400022969;203 934 284;155 741 334;A01;1;1;3;1;1974.0;5;1;-1;-1;0;0;-1
202400022983;203 934 256;155 741 311;A01;1;1;3;1;2004.0;5;8;-1;-1;0;0;-1
202400022983;203 934 257;155 741 311;A01;2;2;3;1;2000.0;5;8;-1;-1;0;0;-1
202400022995;203 934 234;155 741 292;A01;1;1;4;1;1974.0;1;1;-1;-1;0;0;-1
202400022995;203 934 236;155 741 294;B01;1;1;4;1;1969.0;1;1;-1;-1;0;0;-1
202400022997;203 934 229;155 741 290;A01;10;3;3;1;2021.0;2;0;-1;-1;4;3;2
202400022997;203 934 230;155 741 290;A01;1;1;1;2;1961.0;0;1;-1;-1;0;0;-1
202400023001;203 934 214;155 741 279;A01;1;1;4;2;1997.0;0;1;0;-1;-1; -1;-1
202400023001;203 934 215;155 741 280;B01;1;1;4;2;2003.0;0;1;0;-1;-1; -1;-1
202400023001;203 934 217;155 741 282;C01;2;2;1;1;2022.0;0;3;0;-1;-1; -1;-1
202400023001;203 934 219;155 741 282;C01;1;1;4;2;1996.0;0;1;0;-1;-1; -1;-1
202400023001;203 934 221;155 741 285;D01;2;2;4;1;1977.0;0;1;0;-1;-1; -1;-1
202400023001;203 934 222;155 741 285;D01;1;1;4;1;1971.0;0;1;0;-1;-1; -1;-1
202400023001;203 934 223;155 741 286;E01;1;1;1;2;1950.0;0;1;0;-1;-1; -1;-1
202400023002;203 934 212;155 741 278;A01;2;2;3;2;2006.0;5;1;-1;-1;0;0;-1
202400023002;203 934 213;155 741 278;A01;1;1;4;1;2005.0;5;1;-1;-1;0;0;-1
202400023006;203 934 201;155 741 271;A01;10;3;3;2;1957.0;3;0;-1;-1;6;3;1
202400023006;203 934 203;155 741 271;A01;1;1;1;1;1985.0;4;1;-1;-1;0;0;-1
202400023016;203 934 177;155 741 252;A01;1;1;3;1;1979.0;4;1;-1;-1;0;0;-1
202400023030;203 934 134;155 741 225;B01;1;1;3;1;1990.0;5;0;-1;-1;0;0;-1
202400023030;203 934 136;155 741 227;A01;1;1;1;1;1964.0;4;1;-1;-1;0;0;-1
202400023035;203 934 123;155 741 216;A01;4;2;3;2;1972.0;0;1;0;-1;-1; -1;-1
202400023035;203 934 124;155 741 216;A01;2;2;3;2;1996.0;0;1;0;-1;-1; -1;-1
202400023035;203 934 125;155 741 216;A01;1;1;3;2;1964.0;0;1;0;-1;-1; -1;-1
202400023035;203 934 127;155 741 218;C01;1;1;4;2;1995.0;0;1;0;-1;-1; -1;-1
202400023035;203 934 128;155 741 219;B01;1;1;3;2;1998.0;0;1;0;-1;-1; -1;-1
202400023047;203 934 100;155 741 195;A01;1;1;3;1;1977.0;5;8;-1;-1;0;0;-1
202400023049;203 934 094;155 741 190;A01;1;1;1;1;1987.0;4;1;0;-1;-1; -1;-1
202400023049;203 934 099;155 741 193;B01;1;1;4;2;1990.0;0;2;6;-1;-1; -1;-1
202400023059;203 934 067;155 741 172;A01;1;1;2;1;2008.0;5;2;8;-1;-1; -1;-1
202400023060;203 934 063;155 741 169;A01;2;2;1;1;2005.0;5;1;-1;-1;0;0;-1
202400023060;203 934 064;155 741 169;A01;1;1;1;2;2005.0;5;1;-1;-1;0;0;-1
202400023060;203 934 065;155 741 170;B01;2;2;1;2;1981.0;5;1;-1;-1;0;0;-1
202400023060;203 934 066;155 741 170;B01;9;2;1;1;2015.0;5;1;3;-1;0;0;-1
202400023060;203 934 069;155 741 170;B01;7;2;1;2;2020.0;5;3;1;-1;0;0;-1
202400023060;203 934 070;155 741 170;B01;1;1;1;1;1984.0;5;1;-1;-1;0;0;-1
202400023060;203 934 071;155 741 173;C01;1;1;4;2;1992.0;4;1;-1;-1;0;0;-1
202400023060;203 934 073;155 741 175;D01;2;2;1;2;1946.0;5;1;-1;-1;0;0;-1
202400023060;203 934 075;155 741 175;D01;1;1;1;1;1949.0;5;1;-1;-1;0;0;-1
202400023078;203 934 024;155 741 135;A01;1;1;4;1;2005.0;0;8;0;-1;0;0;-1
202400023078;203 934 025;155 741 136;B01;1;1;1;1;1998.0;0;1;0;-1;-1; -1;-1
202400023102;203 933 958;155 741 088;B01;1;1;4;1;1997.0;0;1;0;-1;-1; -1;-1
202400023102;203 933 960;155 741 090;C01;1;1;1;2;1969.0;0;1;0;-1;-1; -1;-1
202400023102;203 933 963;155 741 093;A01;1;1;4;1;1985.0;0;1;0;-1;-1; -1;-1
202400023110;203 933 940;155 741 073;A01;1;1;4;1;1973.0;0;8;0;-1;-1; -1;-1
202400023110;203 933 941;155 741 075;B01;1;1;1;-1;;-1;-1;-1;-1;-1; -1;-1
202400023121;203 933 906;155 741 046;A01;1;1;1;2;1993.0;0;1;0;-1;-1; -1;-1
202400023121;203 933 908;155 741 048;Z01;1;1;1;1;2001.0;0;2;0;-1;-1; -1;-1
202400023121;203 933 909;155 741 048;Z01;2;2;4;2;2002.0;0;2;0;-1;-1; -1;-1
202400023128;203 933 892;155 741 032;B01;1;1;4;1;1991.0;0;8;0;-1;-1; -1;-1
202400023128;203 933 894;155 741 034;A01;1;1;1;1;1978.0;0;8;0;-1;-1; -1;-1
202400023142;203 933 850;155 740 999;A01;1;1;3;1;2001.0;0;8;0;-1;-1; -1;-1
202400023167;203 933 794;155 740 954;B01;1;1;1;1;1947.0;1;2;6;-1;-1; -1;-1
202400023167;203 933 796;155 740 956;A01;1;1;4;1;1947.0;1;2;6;-1;-1; -1;-1
202400023177;203 933 764;155 740 932;A01;1;1;1;1;1973.0;1;8;-1;-1;0;0;-1
202400023177;203 933 765;155 740 932;A01;10;3;4;1;2020.0;2;0;-1;-1;1;5;2
202400023181;203 933 758;155 740 927;A01;10;3;4;1;2016.0;2;8;8;-1;2;3;1
202400023181;203 933 759;155 740 927;A01;1;1;1;-1;;-1;-1;-1;-1;-1; -1;-1
202400023204;203 933 707;155 740 889;A01;1;1;4;2;1999.0;9;8;0;-1;-1; -1;-1
202400023204;203 933 708;155 740 890;B01;1;1;1;1;1986.0;9;1;0;-1;-1; -1;-1
202400023207;203 933 704;155 740 885;A01;1;1;4;1;1975.0;9;2;6;-1;-1; -1;-1
202400023207;203 933 705;155 740 887;B01;1;1;1;1;2000.0;9;1;0;-1;-1; -1;-1
202400023216;203 933 684;155 740 868;A01;1;1;1;1;1971.0;5;1;0;-1;-1; -1;-1
202400023216;203 933 686;155 740 870;B01;1;1;4;1;1980.0;1;1;0;-1;-1; -1;-1
202400023218;203 933 680;155 740 864;A01;1;1;1;2;1972.0;5;8;8;-1;0;0;-1
202400023218;203 933 682;155 740 866;B01;1;1;4;1;1969.0;1;2;0;-1;0;0;-1
202400023255;203 933 595;155 740 802;A01;1;1;2;1;1965.0;0;1;-1;-1;0;0;-1
202400023286;203 933 523;155 740 748;A01;1;1;3;1;2005.0;5;1;-1;-1;0;0;-1
202400023306;203 933 481;155 740 714;A01;1;1;1;1;1947.0;0;1;-1;-1;0;0;-1
202400023306;203 933 483;155 740 716;B01;2;2;4;2;1995.0;0;2;6;9;0;0;-1
202400023306;203 933 484;155 740 716;B01;1;1;4;1;1997.0;0;2;6;9;0;0;-1
202400023311;203 933 470;155 740 708;A01;1;1;1;2;1983.0;5;1;0;0;-1; -1;-1
202400023311;203 933 471;155 740 709;B01;1;1;4;1;2006.0;2;2;0;0;-1; -1;-1
202400023330;203 933 428;155 740 674;A01;1;1;4;1;2004.0;5;1;-1;-1;0;0;-1
202400023331;203 933 426;155 740 672;A01;1;1;1;1;1985.0;5;1;-1;-1;0;0;-1
202400023331;203 933 427;155 740 673;B01;1;1;4;1;2001.0;5;0;-1;-1;1;2;1
202400023336;203 933 417;155 740 666;A01;1;1;3;1;2003.0;0;1;-1;-1;0;0;-1
202400023345;203 933 393;155 740 649;B01;1;1;3;1;1978.0;5;2;-1;-1;0;0;-1
202400023345;203 933 394;155 740 650;A01;2;2;1;2;1970.0;5;1;-1;-1;0;0;-1
202400023345;203 933 395;155 740 650;A01;1;1;1;1;1960.0;5;1;-1;-1;0;0;-1
202400023347;203 933 390;155 740 646;A01;1;1;4;1;1991.0;0;1;9;-1;0;0;-1
202400023358;203 933 361;155 740 623;A01;1;1;4;2;1985.0;5;1;0;-1;-1; -1;-1
202400023358;203 933 362;155 740 624;B01;2;2;4;2;1969.0;5;1;0;-1;-1; -1;-1
202400023358;203 933 364;155 740 624;B01;1;1;1;1;1969.0;5;1;0;-1;-1; -1;-1
202400023358;203 933 366;155 740 627;C01;1;1;1;1;2005.0;0;1;0;-1;-1; -1;-1
202400023365;203 933 339;155 740 606;B01;1;1;4;1;2000.0;0;1;0;-1;-1; -1;-1
202400023365;203 933 340;155 740 607;A01;1;1;1;1;2000.0;1;1;0;-1;-1; -1;-1
202400023367;203 933 336;155 740 603;A01;1;1;2;1;1977.0;5;2;6;-1;-1; -1;-1
202400023377;203 933 311;155 740 585;B01;1;1;4;2;1996.0;5;1;0;-1;-1; -1;-1
202400023377;203 933 313;155 740 587;A01;1;1;1;-1;;-1;-1;-1;-1;-1; -1;-1
202400023400;203 933 255;155 740 543;B01;1;1;1;2;2003.0;0;1;0;-1;-1; -1;-1
202400023400;203 933 257;155 740 545;A01;1;1;4;1;1958.0;0;2;6;-1;-1; -1;-1
202400023401;203 933 256;155 740 544;A01;1;1;1;1;1954.0;9;8;0;-1;0;0;-1
202400023401;203 933 258;155 740 544;A01;10;3;4;2;1933.0;9;0;-1;-1;4;3;1
202400023414;203 933 226;155 740 520;A01;1;1;1;1;1959.0;0;2;6;-1;-1; -1;-1
202400023414;203 933 228;155 740 521;B01;1;1;4;1;1981.0;0;2;0;-1;-1; -1;-1
202400023418;203 933 213;155 740 511;C01;2;2;1;2;1970.0;3;1;0;-1;-1; -1;-1
202400023418;203 933 215;155 740 511;C01;1;1;1;1;1970.0;3;1;0;-1;-1; -1;-1
202400023418;203 933 216;155 740 513;A01;1;1;4;1;1974.0;0;-1;0;-1;-1; -1;-1
202400023418;203 933 217;155 740 514;B01;1;1;4;1;1975.0;0;1;0;-1;-1; -1;-1
202400023418;203 933 219;155 740 514;B01;2;2;4;2;1981.0;0;1;0;-1;-1; -1;-1
202400023444;203 933 158;155 740 467;A01;1;1;3;1;1995.0;5;8;-1;-1;0;0;-1
202400023522;203 932 959;155 740 323;A01;1;1;1;1;1996.0;5;1;8;-1;-1; -1;-1
202400023522;203 932 961;155 740 324;B01;1;1;1;1;1978.0;5;1;0;-1;-1; -1;-1
202400023522;203 932 963;155 740 327;C01;1;1;1;1;2000.0;5;1;0;-1;-1; -1;-1
202400023522;203 932 964;155 740 328;E01;1;1;4;1;2002.0;5;1;0;-1;-1; -1;-1
202400023522;203 932 966;155 740 329;F01;3;2;4;2;1955.0;5;1;0;-1;-1; -1;-1
202400023522;203 932 967;155 740 329;F01;1;1;1;2;1957.0;5;1;0;-1;-1; -1;-1
202400023522;203 932 968;155 740 331;D01;1;1;4;1;1991.0;5;1;0;-1;-1; -1;-1
202400023574;203 932 833;155 740 227;A01;1;1;4;2;1976.0;0;2;0;0;-1; -1;-1
202400023574;203 932 836;155 740 231;B01;1;1;1;1;1971.0;0;1;0;0;-1; -1;-1
202400023595;203 932 772;155 740 185;B01;1;1;1;1;2005.0;5;1;0;-1;-1; -1;-1
202400023595;203 932 774;155 740 187;A01;1;1;4;1;1984.0;5;2;6;-1;-1; -1;-1
202400023595;203 932 776;155 740 189;C01;1;1;1;1;1958.0;5;1;0;-1;-1; -1;-1
202400023606;203 932 748;155 740 170;B01;1;1;3;1;2001.0;0;0;-1;-1;0;0;-1
202400023606;203 932 753;155 740 172;A01;1;1;4;1;2001.0;0;0;-1;-1;0;0;-1
202400023616;203 932 721;155 740 152;A01;1;1;1;2;1951.0;3;1;-1;-1;0;0;-1
202400023616;203 932 724;155 740 154;B01;1;1;3;1;2006.0;5;0;-1;-1;0;0;-1
202400023620;203 932 709;155 740 147;A01;1;1;4;1;2002.0;5;0;-1;-1;0;0;-1
202400023655;203 932 629;155 740 083;Z01;10;3;4;2;1976.0;0;0;-1;-1;4;3;1
202400023655;203 932 630;155 740 083;Z01;1;1;1;-1;;-1;-1;-1;-1;-1; -1;-1
202400023671;203 932 599;155 740 061;A01;1;1;3;1;1993.0;5;1;-1;-1;0;0;-1
202400023673;203 932 594;155 740 058;A01;1;1;1;1;1982.0;0;1;-1;-1;-1; -1;-1
202400023673;203 932 596;155 740 059;B01;2;2;3;2;1951.0;0;2;6;-1;-1; -1;-1
202400023673;203 932 597;155 740 059;B01;1;1;3;2;1984.0;9;2;6;-1;-1; -1;-1
202400023679;203 932 579;155 740 044;A01;1;1;4;2;1949.0;5;1;8;-1;-1; -1;-1
202400023684;203 932 565;155 740 037;A01;2;2;3;1;2006.0;2;1;-1;-1;0;0;-1
202400023684;203 932 566;155 740 037;A01;9;2;1;2;2009.0;9;1;-1;-1;0;0;-1
202400023684;203 932 567;155 740 037;A01;7;2;1;1;2023.0;9;1;-1;-1;0;0;-1
202400023684;203 932 569;155 740 037;A01;1;1;1;1;2004.0;2;1;-1;-1;0;0;-1
202400023688;203 932 555;155 740 027;B01;2;2;4;1;2012.0;5;1;-1;-1;0;0;-1
202400023688;203 932 557;155 740 027;B01;7;2;3;1;2012.0;5;1;-1;-1;0;0;-1
202400023688;203 932 561;155 740 027;B01;1;1;4;1;1957.0;5;1;-1;-1;0;0;-1
202400023688;203 932 563;155 740 035;A01;1;1;4;2;2005.0;5;1;-1;-1;0;0;-1
202400023691;203 932 547;155 740 022;A01;1;1;3;2;1953.0;0;1;8;-1;-1; -1;-1
202400023702;203 932 518;155 740 000;A01;1;1;1;2;1979.0;0;1;-1;-1;-1; -1;-1
202400023702;203 932 523;155 740 004;B01;1;1;4;2;2007.0;0;8;-1;-1;-1; -1;-1
202400023710;203 932 502;155 739 986;A01;2;2;3;1;1999.0;1;8;-1;-1;0;0;-1
202400023710;203 932 504;155 739 986;A01;1;1;3;1;2000.0;1;8;-1;-1;0;0;-1
202400023710;203 932 506;155 739 989;B01;1;1;1;1;1989.0;5;8;-1;-1;0;0;-1
202400023714;203 932 493;155 739 981;B01;1;1;3;1;1978.0;0;0;-1;-1;0;0;-1
202400023714;203 932 495;155 739 982;A01;1;1;1;1;1967.0;5;1;-1;-1;0;0;-1
202400023717;203 932 489;155 739 977;A01;1;1;1;1;1991.0;0;1;0;-1;0;0;-1
202400023717;203 932 490;155 739 978;B01;1;1;3;1;1951.0;0;2;6;-1;0;0;-1
202400023728;203 932 461;155 739 958;A01;1;1;1;2;1951.0;5;1;0;-1;-1; -1;-1
202400023728;203 932 465;155 739 962;B01;1;1;3;2;2006.0;2;2;6;-1;-1; -1;-1
202400023729;203 932 457;155 739 955;A01;10;3;3;2;1944.0;3;0;-1;-1;1;B;2
202400023729;203 932 459;155 739 955;A01;1;1;1;1;1953.0;3;1;-1;-1;0;0;-1
202400023735;203 932 438;155 739 942;A01;1;1;2;1;2006.0;9;1;-1;-1;-1; -1;-1
202400023736;203 932 435;155 739 940;A01;9;2;1;2;2009.0;5;1;-1;-1;0;0;-1
202400023736;203 932 437;155 739 940;A01;7;2;1;2;2012.0;5;1;-1;-1;0;0;-1
202400023736;203 932 439;155 739 940;A01;1;1;1;2;1988.0;5;1;-1;-1;0;0;-1
202400023736;203 932 441;155 739 944;D01;1;1;1;1;1991.0;1;1;-1;-1;0;0;-1
202400023736;203 932 444;155 739 946;B01;1;1;1;2;1995.0;0;1;-1;-1;0;0;-1
202400023736;203 932 449;155 739 949;C01;1;1;2;1;1978.0;0;2;-1;-1;0;0;-1
202400023767;203 932 368;155 739 892;A01;2;2;4;1;2004.0;5;1;-1;-1;0;0;-1
202400023767;203 932 370;155 739 892;A01;1;1;3;1;2000.0;5;1;-1;-1;0;0;-1
202400023767;203 932 374;155 739 895;B01;1;1;3;1;1993.0;0;1;-1;-1;0;0;-1
202400023786;203 932 320;155 739 854;A01;1;1;1;2;2000.0;5;8;0;-1;-1; -1;-1
202400023786;203 932 321;155 739 854;A01;10;3;4;2;1940.0;5;0;-1;-1;4;3;1
202400023789;203 932 308;155 739 845;A01;2;2;4;1;1982.0;4;1;0;-1;-1; -1;-1
202400023789;203 932 311;155 739 845;A01;1;1;4;1;1991.0;4;1;0;-1;-1; -1;-1
202400023789;203 932 313;155 739 850;B01;1;1;1;2;2003.0;9;1;0;-1;-1; -1;-1
202400023790;203 932 309;155 739 847;A01;1;1;1;1;;4;8;0;-1;0;0;-1
202400023790;203 932 312;155 739 848;B01;2;2;1;2;2010.0;5;2;6;-1;0;0;-1
202400023790;203 932 315;155 739 848;B01;1;1;4;2;1958.0;5;2;6;-1;0;0;-1
202400023795;203 932 297;155 739 836;A01;1;1;4;2;2000.0;0;1;0;-1;-1; -1;-1
202400023795;203 932 300;155 739 839;B01;1;1;1;2;2002.0;0;1;0;-1;-1; -1;-1
202400023797;203 932 290;155 739 832;B01;1;1;4;1;2002.0;9;2;6;-1;-1; -1;-1
202400023797;203 932 294;155 739 834;A01;1;1;1;1;1982.0;4;1;0;-1;-1; -1;-1
202400023802;203 932 278;155 739 821;A01;1;1;1;1;1999.0;1;1;0;-1;-1; -1;-1
202400023802;203 932 280;155 739 823;B01;1;1;4;1;1999.0;1;1;0;-1;-1; -1;-1
202400023802;203 932 282;155 739 825;C01;1;1;1;1;1966.0;0;1;0;-1;-1; -1;-1
202400023803;203 932 277;155 739 820;A01;1;1;1;-1;;-1;-1;-1;-1;-1; -1;-1
202400023803;203 932 279;155 739 822;B01;1;1;4;1;1987.0;0;1;0;-1;-1; -1;-1
202400023812;203 932 251;155 739 801;B01;1;1;4;2;1959.0;5;2;8;0;-1; -1;-1
202400023812;203 932 254;155 739 804;A01;1;1;1;1;1946.0;5;1;0;0;-1; -1;-1
202400023820;203 932 234;155 739 788;A01;1;1;4;1;2002.0;5;1;-1;-1;0;0;-1
202400023838;203 932 192;155 739 751;A01;1;1;4;2;1955.0;5;1;-1;-1;0;0;-1
202400023838;203 932 194;155 739 753;B01;1;1;4;2;1977.0;4;1;-1;-1;0;0;-1
202400023873;203 932 111;155 739 686;A01;1;1;3;1;2005.0;5;2;-1;-1;0;0;-1
202400023876;203 932 106;155 739 681;B01;1;1;4;2;1986.0;1;2;8;-1;-1; -1;-1
202400023876;203 932 108;155 739 683;A01;1;1;1;2;1962.0;3;1;0;-1;-1; -1;-1
202400023877;203 932 102;155 739 680;B01;7;2;1;2;1951.0;0;1;-1;-1;0;0;-1
202400023877;203 932 104;155 739 680;B01;2;2;1;2;1958.0;0;1;-1;-1;0;0;-1
202400023877;203 932 105;155 739 680;B01;1;1;1;1;1954.0;5;1;-1;-1;0;0;-1
202400023877;203 932 107;155 739 682;A01;1;1;3;1;2010.0;0;0;-1;-1;0;0;-1
202400023910;203 932 029;155 739 626;B01;1;1;4;1;1984.0;1;8;0;-1;-1; -1;-1
202400023910;203 932 032;155 739 629;A01;1;1;1;2;1963.0;1;1;8;-1;-1; -1;-1
202400023921;203 932 006;155 739 608;B01;1;1;3;1;1983.0;5;2;-1;-1;0;0;-1
202400023921;203 932 010;155 739 611;A01;1;1;4;1;1997.0;5;1;-1;-1;0;0;-1
202400023935;203 931 974;155 739 585;B01;2;2;1;1;1933.0;-1;1;-1;-1;-1; -1;-1
202400023935;203 931 975;155 739 585;B01;1;1;1;2;1934.0;5;1;0;0;-1; -1;-1
202400023935;203 931 978;155 739 588;A01;1;1;4;2;1969.0;5;8;0;0;0;0;-1
202400023949;203 931 942;155 739 563;A01;1;1;1;1;1968.0;0;1;0;-1;-1; -1;-1
202400023949;203 931 944;155 739 563;A01;10;3;3;2;1978.0;5;0;-1;-1;9;A;1
202400023962;203 931 907;155 739 543;A01;1;1;4;1;1990.0;5;1;8;-1;0;0;-1
202400023967;203 931 893;155 739 532;A01;1;1;3;1;1964.0;4;1;-1;-1;0;0;-1
202400023970;203 931 886;155 739 527;A01;1;1;4;2;2008.0;5;2;6;-1;-1; -1;-1
202400023972;203 931 881;155 739 523;A01;1;1;4;1;2007.0;1;2;6;-1;-1; -1;-1
202400023972;203 931 884;155 739 526;B01;1;1;1;2;1977.0;1;1;0;-1;-1; -1;-1
202400023995;203 931 831;155 739 487;A01;4;2;3;2;2003.0;5;8;-1;-1;0;0;-1
202400023995;203 931 834;155 739 487;A01;3;2;3;2;2004.0;5;1;-1;-1;0;0;-1
202400023995;203 931 837;155 739 487;A01;2;2;4;1;2003.0;5;1;-1;-1;0;0;-1
202400023995;203 931 838;155 739 487;A01;1;1;4;1;2000.0;5;1;-1;-1;0;0;-1
202400024005;203 931 805;155 739 466;A01;1;1;4;1;1977.0;5;2;6;-1;0;0;-1
202400024005;203 931 806;155 739 467;B01;1;1;1;1;1996.0;5;1;-1;-1;0;0;-1
202400024009;203 931 796;155 739 460;A01;1;1;3;2;1955.0;5;2;-1;-1;0;0;-1
202400024030;203 931 744;155 739 418;A01;10;3;2;1;1949.0;5;0;-1;-1;2;3;1
202400024030;203 931 747;155 739 418;A01;1;1;1;1;1993.0;4;1;0;-1;0;0;-1
202400024033;203 931 740;155 739 417;A01;1;1;1;1;1964.0;5;1;-1;-1;0;0;-1
202400024033;203 931 743;155 739 420;B01;1;1;3;1;1991.0;5;2;6;9;0;0;-1
202400024038;203 931 727;155 739 408;A01;2;2;4;1;2006.0;5;1;-1;-1;-1; -1;-1
202400024038;203 931 728;155 739 408;A01;1;1;4;2;2003.0;5;1;-1;-1;-1; -1;-1
202400024077;203 931 554;155 739 332;A01;2;2;1;1;1993.0;4;8;-1;-1;0;0;-1
202400024077;203 931 557;155 739 332;A01;6;2;3;1;1982.0;4;0;-1;-1;0;0;-1
202400024077;203 931 559;155 739 332;A01;1;1;1;1;2000.0;4;0;-1;-1;0;0;-1
202400024077;203 931 561;155 739 336;B01;5;2;1;1;2006.0;5;8;-1;-1;0;0;-1
202400024077;203 931 563;155 739 336;B01;4;2;1;1;2006.0;5;8;-1;-1;0;0;-1
202400024077;203 931 565;155 739 336;B01;2;2;1;1;2001.0;5;8;-1;-1;0;0;-1
202400024077;203 931 568;155 739 336;B01;4;2;1;2;2006.0;5;8;-1;-1;0;0;-1
202400024077;203 931 571;155 739 336;B01;3;2;1;1;2006.0;5;8;-1;-1;0;0;-1
202400024077;203 931 572;155 739 336;B01;4;2;1;2;2006.0;5;8;-1;-1;0;0;-1
202400024077;203 931 574;155 739 336;B01;7;2;1;1;2006.0;5;8;-1;-1;0;0;-1
202400024077;203 931 577;155 739 336;B01;9;2;1;2;2006.0;5;8;-1;-1;0;0;-1
202400024077;203 931 581;155 739 336;B01;3;2;1;2;2006.0;5;8;-1;-1;0;0;-1
202400024077;203 931 584;155 739 336;B01;8;2;1;1;2006.0;5;8;-1;-1;0;0;-1
202400024077;203 931 586;155 739 336;B01;9;2;1;2;2006.0;5;8;-1;-1;0;0;-1
202400024077;203 931 587;155 739 336;B01;4;2;1;2;2006.0;5;8;-1;-1;0;0;-1
202400024077;203 931 589;155 739 336;B01;7;2;1;1;2006.0;5;8;-1;-1;0;0;-1
202400024077;203 931 590;155 739 336;B01;3;2;1;1;1959.0;5;8;-1;-1;0;0;-1
202400024077;203 931 593;155 739 336;B01;8;2;1;1;2006.0;5;8;-1;-1;0;0;-1
202400024077;203 931 594;155 739 336;B01;9;2;1;2;2006.0;5;8;-1;-1;0;0;-1
202400024077;203 931 596;155 739 336;B01;9;2;1;2;2001.0;5;8;-1;-1;0;0;-1
202400024077;203 931 598;155 739 336;B01;4;2;1;1;2006.0;5;8;-1;-1;0;0;-1
202400024077;203 931 599;155 739 336;B01;3;2;1;1;2006.0;5;8;-1;-1;0;0;-1
202400024077;203 931 601;155 739 336;B01;4;2;1;1;2001.0;5;8;-1;-1;0;0;-1
202400024077;203 931 604;155 739 336;B01;7;2;1;1;2006.0;5;8;-1;-1;0;0;-1
202400024077;203 931 607;155 739 336;B01;5;2;1;1;2006.0;5;8;-1;-1;0;0;-1
202400024077;203 931 611;155 739 336;B01;8;2;1;2;2001.0;5;8;-1;-1;0;0;-1
202400024077;203 931 612;155 739 336;B01;8;2;1;2;2002.0;5;8;-1;-1;0;0;-1
202400024077;203 931 614;155 739 336;B01;7;2;1;2;1978.0;5;8;-1;-1;0;0;-1
202400024077;203 931 615;155 739 336;B01;8;2;1;2;2006.0;4;8;-1;-1;0;0;-1
202400024077;203 931 618;155 739 336;B01;7;2;1;1;2006.0;5;8;-1;-1;0;0;-1
202400024077;203 931 619;155 739 336;B01;3;2;1;1;2006.0;5;8;-1;-1;0;0;-1
202400024077;203 931 621;155 739 336;B01;4;2;1;1;2006.0;5;8;-1;-1;0;0;-1
202400024077;203 931 624;155 739 336;B01;3;2;1;2;2006.0;5;8;-1;-1;0;0;-1
202400024077;203 931 626;155 739 336;B01;3;2;1;1;2001.0;5;8;-1;-1;0;0;-1
202400024077;203 931 628;155 739 336;B01;8;2;1;1;2006.0;5;8;-1;-1;0;0;-1
202400024077;203 931 630;155 739 336;B01;9;2;1;2;2010.0;5;8;-1;-1;0;0;-1
202400024077;203 931 631;155 739 336;B01;9;2;1;1;2006.0;5;8;-1;-1;0;0;-1
202400024077;203 931 632;155 739 336;B01;7;2;1;2;2006.0;5;8;-1;-1;0;0;-1
202400024077;203 931 633;155 739 336;B01;2;2;1;1;1985.0;4;8;-1;-1;0;0;-1
202400024077;203 931 635;155 739 336;B01;9;2;1;1;1984.0;5;8;-1;-1;0;0;-1
202400024077;203 931 637;155 739 336;B01;8;2;1;1;2006.0;5;8;-1;-1;0;0;-1
202400024077;203 931 641;155 739 336;B01;5;2;1;1;2006.0;5;8;-1;-1;0;0;-1
202400024077;203 931 644;155 739 336;B01;5;2;1;1;2006.0;5;8;-1;-1;0;0;-1
202400024077;203 931 645;155 739 336;B01;5;2;1;2;1981.0;5;8;-1;-1;0;0;-1
202400024077;203 931 646;155 739 336;B01;5;2;1;2;1992.0;5;8;-1;-1;0;0;-1
202400024077;203 931 648;155 739 336;B01;5;2;1;1;2004.0;5;8;-1;-1;0;0;-1
202400024077;203 931 649;155 739 336;B01;4;2;1;1;2001.0;5;8;-1;-1;0;0;-1
202400024077;203 931 654;155 739 336;B01;8;2;1;2;2006.0;5;8;-1;-1;0;0;-1
202400024077;203 931 657;155 739 336;B01;1;1;1;1;1981.0;4;8;-1;-1;0;0;-1
202400024085;203 931 537;155 739 317;A01;1;1;1;1;1985.0;0;1;-1;-1;-1; -1;-1
202400024085;203 931 539;155 739 320;B01;1;1;4;2;1989.0;9;1;-1;-1;-1; -1;-1
202400024096;203 931 515;155 739 301;B01;1;1;3;1;1972.0;9;2;-1;-1;0;0;-1
202400024096;203 931 517;155 739 302;A01;1;1;1;2;1983.0;9;1;-1;-1;0;0;-1
202400024109;203 931 479;155 739 273;A01;1;1;1;1;1964.0;4;8;0;0;-1; -1;-1
202400024109;203 931 483;155 739 277;B01;1;1;4;1;1978.0;1;2;6;0;-1; -1;-1
202400024109;203 931 484;155 739 278;C01;1;1;1;2;1963.0;5;1;0;0;-1; -1;-1
202400024116;203 931 461;155 739 261;B01;1;1;1;1;1998.0;1;2;6;-1;-1; -1;-1
202400024116;203 931 463;155 739 262;A01;1;1;4;2;1999.0;9;2;6;-1;-1; -1;-1
202400024129;203 931 437;155 739 243;B01;1;1;4;1;2006.0;1;1;-1;-1;0;0;-1
202400024129;203 931 438;155 739 244;A01;1;1;2;1;1989.0;0;1;-1;-1;0;0;-1
202400024142;203 931 405;155 739 223;A01;1;1;4;1;1967.0;1;8;0;-1;-1; -1;-1
202400024142;203 931 406;155 739 225;B01;1;1;1;1;1993.0;1;8;0;-1;-1; -1;-1
202400024148;203 931 391;155 739 213;B01;1;1;4;1;1998.0;9;2;6;-1;-1; -1;-1
202400024148;203 931 393;155 739 215;A01;1;1;1;2;1999.0;9;1;0;-1;-1; -1;-1
202400024154;203 931 379;155 739 205;A01;1;1;1;1;1961.0;3;1;-1;-1;0;0;-1
202400024154;203 931 381;155 739 208;B01;3;2;4;2;1990.0;5;1;-1;-1;0;0;-1
202400024154;203 931 383;155 739 208;B01;4;2;1;1;2023.0;5;3;1;-1;0;0;-1
202400024154;203 931 384;155 739 208;B01;2;2;4;2;1957.0;5;1;-1;-1;0;0;-1
202400024154;203 931 385;155 739 208;B01;1;1;4;1;1957.0;5;1;-1;-1;0;0;-1
202400024156;203 931 376;155 739 202;A01;1;1;4;1;2005.0;1;1;0;-1;-1; -1;-1
202400024158;203 931 371;155 739 198;B01;1;1;4;1;2003.0;9;8;-1;-1;0;0;-1
202400024158;203 931 373;155 739 201;A01;7;2;1;2;2011.0;9;1;-1;-1;0;0;-1
202400024158;203 931 374;155 739 201;A01;8;2;1;1;2016.0;9;1;-1;-1;0;0;-1
202400024158;203 931 375;155 739 201;A01;1;1;1;2;1984.0;9;1;-1;-1;0;0;-1
202400024185;203 931 311;155 739 153;A01;1;1;4;1;1969.0;4;1;-1;-1;0;0;-1
202400024207;203 931 262;155 739 114;B01;1;1;4;1;1957.0;5;2;-1;-1;0;0;-1
202400024207;203 931 265;155 739 117;A01;1;1;1;1;1949.0;3;8;-1;-1;0;0;-1
202400024212;203 931 254;155 739 108;A01;10;3;3;2;2015.0;5;8;8;-1;3;3;2
202400024212;203 931 256;155 739 108;A01;1;1;1;1;1969.0;3;1;0;-1;3;3;2
202400024222;203 931 228;155 739 090;A01;1;1;2;1;1983.0;0;0;-1;-1;0;0;-1
202400024234;203 931 201;155 739 072;A01;1;1;3;2;2006.0;2;1;-1;-1;0;0;-1
202400024238;203 931 192;155 739 064;A01;1;1;4;1;2010.0;5;2;6;-1;0;0;-1
202400024238;203 931 195;155 739 066;B01;1;1;1;1;1949.0;3;1;-1;-1;0;0;-1
202400024297;203 931 068;155 738 967;A01;10;3;4;2;1964.0;5;0;-1;-1;3;3;1
202400024297;203 931 070;155 738 967;A01;1;1;1;1;2005.0;0;8;-1;-1;0;0;-1
202400024329;203 930 999;155 738 918;A01;1;1;1;2;2002.0;5;1;-1;-1;0;0;-1
202400024329;203 931 001;155 738 920;B01;1;1;4;2;1956.0;5;0;-1;-1;0;0;-1
202400024334;203 930 984;155 738 904;A01;1;1;3;2;1997.0;5;1;0;-1;-1; -1;-1
202400024334;203 930 986;155 738 906;B01;1;1;1;2;1992.0;0;1;0;-1;-1; -1;-1
202400024340;203 930 969;155 738 894;A01;1;1;4;1;1945.0;5;1;-1;-1;0;0;-1
202400024350;203 930 941;155 738 875;A01;2;2;4;1;1999.0;0;1;-1;-1;0;0;-1
202400024350;203 930 943;155 738 875;A01;1;1;4;2;2000.0;0;1;-1;-1;0;0;-1
202400024351;203 930 940;155 738 874;A01;2;2;1;2;1961.0;4;1;-1;-1;-1; -1;-1
202400024351;203 930 942;155 738 874;A01;1;1;2;1;1947.0;5;1;-1;-1;-1; -1;-1
202400024357;203 930 925;155 738 864;A01;1;1;3;1;1980.0;1;2;6;-1;-1; -1;-1
202400024357;203 930 927;155 738 866;B01;1;1;1;1;1990.0;0;1;0;-1;-1; -1;-1
202400024389;203 930 857;155 738 811;A01;1;1;3;1;1963.0;5;2;6;9;0;0;-1
202400024389;203 930 858;155 738 812;B01;1;1;3;1;1964.0;5;2;6;9;0;0;-1
202400024392;203 930 851;155 738 806;B01;1;1;1;1;1988.0;0;1;0;-1;-1; -1;-1
202400024392;203 930 853;155 738 808;A01;1;1;4;1;1962.0;0;1;0;-1;-1; -1;-1
202400024412;203 930 799;155 738 764;A01;1;1;4;1;1978.0;5;2;6;-1;-1; -1;-1
202400024412;203 930 802;155 738 766;B01;1;1;1;1;1967.0;5;1;-1;-1;-1; -1;-1
202400024413;203 930 796;155 738 761;A01;1;1;4;1;2002.0;4;2;6;-1;-1; -1;-1
202400024416;203 930 793;155 738 759;A01;10;3;4;1;2013.0;5;0;-1;-1;1;3;1
202400024416;203 930 794;155 738 759;A01;1;1;1;1;1979.0;1;8;-1;-1;-1; -1;-1
202400024419;203 930 787;155 738 757;A01;2;2;4;1;1981.0;9;8;-1;-1;-1; -1;-1
202400024419;203 930 788;155 738 757;A01;1;1;1;-1;;-1;8;-1;-1;-1; -1;-1
202400024423;203 930 775;155 738 748;A01;1;1;1;1;1978.0;0;1;-1;-1;-1; -1;-1
202400024423;203 930 777;155 738 750;B01;2;2;4;1;1993.0;0;1;-1;-1;-1; -1;-1
202400024423;203 930 779;155 738 750;B01;1;1;1;1;1988.0;0;1;-1;-1;-1; -1;-1
202400024425;203 930 766;155 738 744;A01;1;1;1;1;2000.0;5;8;8;-1;-1; -1;-1
202400024425;203 930 771;155 738 746;B01;2;2;4;2;1974.0;5;1;-1;-1;-1; -1;-1
202400024425;203 930 773;155 738 746;B01;1;1;4;2;1977.0;5;1;-1;-1;-1; -1;-1
202400024430;203 930 754;155 738 732;A01;1;1;1;2;1999.0;0;1;0;0;-1; -1;-1
202400024430;203 930 755;155 738 733;B01;1;1;4;1;2001.0;4;2;6;0;-1; -1;-1
202400024430;203 930 757;155 738 735;C01;1;1;1;2;1953.0;0;1;0;0;-1; -1;-1
202400024433;203 930 749;155 738 728;A01;1;1;4;1;1978.0;1;1;0;0;-1; -1;-1
202400024440;203 930 734;155 738 717;A01;1;1;4;1;1982.0;5;1;0;-1;0;0;-1
202400024442;203 930 728;155 738 713;A01;1;1;3;1;1985.0;3;2;0;-1;-1; -1;-1
202400024442;203 930 731;155 738 715;B01;1;1;1;2;1969.0;9;1;0;-1;-1; -1;-1
202400024446;203 930 722;155 738 708;A01;1;1;4;1;1966.0;5;1;0;-1;-1; -1;-1
202400024447;203 930 719;155 738 706;B01;2;2;4;1;2021.0;0;1;0;-1;-1; -1;-1
202400024447;203 930 720;155 738 706;B01;1;1;4;2;1988.0;5;1;0;-1;-1; -1;-1
202400024447;203 930 721;155 738 707;A01;1;1;1;2;1963.0;1;1;0;-1;-1; -1;-1
202400024448;203 930 718;155 738 705;A01;1;1;4;1;1973.0;5;1;-1;-1;-1; -1;-1
202400024453;203 930 703;155 738 695;A01;2;2;1;1;2007.0;5;1;-1;-1;-1; -1;-1
202400024453;203 930 704;155 738 695;A01;8;2;1;2;2008.0;5;1;-1;-1;-1; -1;-1
202400024453;203 930 705;155 738 695;A01;4;2;1;2;2007.0;5;0;-1;-1;-1; -1;-1
202400024453;203 930 707;155 738 695;A01;4;2;1;1;2007.0;5;1;-1;-1;-1; -1;-1
202400024453;203 930 708;155 738 695;A01;3;2;4;2;2006.0;5;0;-1;-1;-1; -1;-1
202400024453;203 930 709;155 738 695;A01;1;1;1;1;2006.0;5;1;-1;-1;-1; -1;-1
202400024461;203 930 685;155 738 680;B01;1;1;4;1;1988.0;1;8;4;-1;-1; -1;-1
202400024461;203 930 686;155 738 681;A01;1;1;1;1;1992.0;0;1;0;-1;-1; -1;-1
202400024469;203 930 666;155 738 663;A01;1;1;4;1;1986.0;5;1;-1;-1;-1; -1;-1
202400024469;203 930 667;155 738 664;B01;1;1;1;-1;;-1;-1;-1;-1;-1; -1;-1
202400024472;203 930 659;155 738 657;A01;1;1;1;1;2003.0;1;1;8;-1;-1; -1;-1
202400024472;203 930 660;155 738 658;B01;1;1;4;1;1993.0;5;0;0;-1;-1; -1;-1
202400024494;203 930 609;155 738 619;A01;10;3;4;1;1960.0;5;0;-1;-1;4;3;1
202400024494;203 930 610;155 738 619;A01;1;1;1;1;2004.0;5;1;8;-1;-1; -1;-1
202400024500;203 930 594;155 738 612;Z01;1;1;1;-1;;-1;-1;-1;-1;4;3;1
202400024500;203 930 595;155 738 612;Z01;10;3;4;2;1960.0;5;0;-1;-1;4;3;1
202400024506;203 930 581;155 738 603;A01;10;3;4;1;2012.0;2;0;-1;-1;2;3;2
202400024506;203 930 582;155 738 603;A01;1;1;1;2;1971.0;1;1;0;-1;-1; -1;-1
202400024526;203 930 542;155 738 573;B01;1;1;3;2;1974.0;5;2;0;0;-1; -1;-1
202400024526;203 930 543;155 738 574;A01;1;1;1;2;1989.0;5;1;0;0;-1; -1;-1
202400024529;203 930 536;155 738 568;A01;1;1;1;1;2000.0;1;1;0;-1;-1; -1;-1
202400024529;203 930 537;155 738 569;B01;1;1;4;2;1997.0;5;1;0;-1;-1; -1;-1
202400024547;203 930 494;155 738 537;A01;1;1;3;1;2000.0;0;1;-1;-1;0;0;-1
202400024557;203 930 479;155 738 522;C01;1;1;1;1;1969.0;0;1;-1;-1;-1; -1;-1
202400024557;203 930 481;155 738 523;B01;1;1;4;2;1969.0;0;1;-1;-1;-1; -1;-1
202400024557;203 930 483;155 738 526;Z01;1;1;1;-1;;-1;-1;-1;-1;-1; -1;-1
202400024565;203 930 458;155 738 508;A01;1;1;1;1;2005.0;3;1;-1;-1;-1; -1;-1
202400024565;203 930 460;155 738 508;A01;10;3;4;2;2009.0;0;0;-1;-1;3;3;2
202400024565;203 930 462;155 738 508;A01;10;3;4;1;1972.0;0;0;-1;-1;3;3;2
202400024591;203 930 401;155 738 461;A01;1;1;4;1;1991.0;9;8;0;-1;-1; -1;-1
202400024591;203 930 402;155 738 462;B01;1;1;1;1;1960.0;1;1;0;-1;-1; -1;-1
202400024599;203 930 383;155 738 447;B01;1;1;4;2;1972.0;1;4;0;0;-1; -1;-1
202400024599;203 930 384;155 738 448;A01;1;1;1;1;1975.0;1;1;0;0;-1; -1;-1
202400024603;203 930 374;155 738 439;A01;1;1;4;2;1999.0;1;8;0;0;-1; -1;-1
202400024607;203 930 363;155 738 433;A01;1;1;1;2;2005.0;1;1;-1;-1;0;0;-1
202400024607;203 930 364;155 738 434;B01;1;1;4;1;1997.0;1;2;6;-1;0;0;-1
202400024608;203 930 361;155 738 431;A01;1;1;3;1;1972.0;0;2;6;-1;0;0;-1
202400024608;203 930 362;155 738 432;B01;1;1;1;1;1982.0;9;1;-1;-1;0;0;-1
202400024610;203 930 358;155 738 428;A01;1;1;4;1;2010.0;5;2;6;-1;0;0;-1
202400024610;203 930 359;155 738 429;B01;1;1;1;1;1979.0;5;1;-1;-1;0;0;-1
202400024621;203 930 331;155 738 408;A01;1;1;3;1;1995.0;5;2;6;9;0;0;-1
202400024621;203 930 332;155 738 409;B01;1;1;3;1;1996.0;5;6;2;9;0;0;-1
202400024629;203 930 316;155 738 395;B01;1;1;4;1;1972.0;4;1;-1;-1;0;0;-1
202400024629;203 930 317;155 738 396;A01;1;1;1;1;2006.0;5;8;-1;-1;0;0;-1
202400024654;203 930 258;155 738 350;A01;10;3;4;1;1981.0;4;4;-1;-1;6;3;1
202400024654;203 930 259;155 738 350;A01;1;1;1;1;1949.0;5;1;0;-1;0;0;-1
202400024664;203 930 237;155 738 329;A01;1;1;4;1;1991.0;0;1;7;-1;-1; -1;-1
202400024671;203 930 222;155 738 316;A01;1;1;1;1;1999.0;4;1;0;-1;-1; -1;-1
202400024671;203 930 223;155 738 317;B01;1;1;4;1;1964.0;1;2;0;-1;-1; -1;-1
202400024675;203 930 215;155 738 310;A01;1;1;1;1;1991.0;0;8;8;-1;-1; -1;-1
202400024675;203 930 216;155 738 311;B01;1;1;4;2;2006.0;0;8;8;-1;-1; -1;-1
202400024694;203 930 173;155 738 277;A01;1;1;2;2;1976.0;5;1;0;-1;-1; -1;-1
202400024694;203 930 174;155 738 278;B01;1;1;1;1;2000.0;4;1;0;-1;-1; -1;-1
202400024702;203 930 152;155 738 262;B01;1;1;1;1;1992.0;5;1;0;-1;-1; -1;-1
202400024702;203 930 153;155 738 263;A01;10;3;4;1;2016.0;3;0;-1;-1;3;3;2
202400024702;203 930 154;155 738 263;A01;10;3;4;2;2010.0;3;0;-1;-1;3;3;2
202400024702;203 930 155;155 738 263;A01;1;1;1;1;1995.0;5;1;0;-1;-1; -1;-1
202400024703;203 930 150;155 738 260;A01;1;1;1;1;1979.0;4;1;-1;-1;-1; -1;-1
202400024703;203 930 151;155 738 261;B01;1;1;4;1;1968.0;1;2;-1;-1;-1; -1;-1
202400024706;203 930 144;155 738 255;A01;10;3;4;2;1949.0;9;0;-1;-1;3;3;1
202400024706;203 930 145;155 738 255;A01;1;1;1;2;1989.0;4;1;8;-1;-1; -1;-1
202400024707;203 930 142;155 738 254;A01;10;3;4;1;1935.0;5;0;-1;-1;2;2;1
202400024707;203 930 143;155 738 254;A01;1;1;1;1;1996.0;4;1;0;-1;-1; -1;-1
202400024725;203 930 104;155 738 221;A01;1;1;4;1;2002.0;1;1;8;-1;-1; -1;-1
202400024732;203 930 090;155 738 209;B01;1;1;4;1;2001.0;0;0;-1;-1;-1; -1;-1
202400024732;203 930 091;155 738 210;A01;1;1;1;1;1980.0;1;1;-1;-1;-1; -1;-1
202400024736;203 930 079;155 738 200;C01;1;1;4;1;1975.0;0;1;0;-1;-1; -1;-1
202400024736;203 930 080;155 738 201;A01;1;1;4;2;2003.0;1;1;8;-1;-1; -1;-1
202400024736;203 930 081;155 738 202;B01;1;1;1;1;1978.0;1;1;8;-1;-1; -1;-1
202400024736;203 930 082;155 738 203;Z01;1;1;1;-1;;-1;-1;-1;-1;-1; -1;-1
202400024744;203 930 061;155 738 186;B01;1;1;1;1;1962.0;5;1;0;-1;-1; -1;-1
202400024744;203 930 062;155 738 187;A01;1;1;4;1;1986.0;0;8;0;-1;-1; -1;-1
202400024750;203 930 050;155 738 179;A01;2;2;4;2;2005.0;0;2;6;-1;-1; -1;-1
202400024750;203 930 051;155 738 179;A01;1;1;4;1;2005.0;0;2;6;-1;-1; -1;-1
202400024750;203 930 052;155 738 180;Z01;1;1;1;-1;;-1;8;-1;-1;-1; -1;-1
202400024758;203 930 031;155 738 168;A01;10;3;4;2;1964.0;0;0;-1;-1;3;3;1
202400024758;203 930 032;155 738 168;A01;1;1;1;1;1968.0;0;1;0;-1;-1; -1;-1
202400024773;203 929 998;155 738 144;A01;1;1;4;2;1998.0;5;8;0;-1;-1; -1;-1
202400024779;203 929 986;155 738 135;A01;1;1;1;1;1998.0;5;1;0;-1;-1; -1;-1
202400024779;203 929 987;155 738 136;B01;1;1;4;1;1998.0;5;2;8;-1;-1; -1;-1
202400024780;203 929 984;155 738 133;B01;1;1;3;1;1978.0;0;2;8;-1;-1; -1;-1
202400024780;203 929 985;155 738 134;A01;1;1;1;2;1993.0;0;1;8;-1;-1; -1;-1
202400024794;203 929 954;155 738 114;A01;1;1;3;2;1949.0;5;1;-1;-1;-1; -1;-1
202400024794;203 929 955;155 738 115;B01;1;1;1;1;1999.0;4;1;-1;-1;-1; -1;-1
202400024798;203 929 944;155 738 106;A01;1;1;1;1;1940.0;5;1;-1;-1;-1; -1;-1
202400024798;203 929 945;155 738 107;B01;1;1;4;1;1946.0;3;8;0;-1;-1; -1;-1
202400024800;203 929 941;155 738 104;A01;1;1;3;1;1981.0;5;8;0;-1;-1; -1;-1
202400024802;203 929 936;155 738 100;A01;2;2;4;2;1962.0;0;1;0;-1;-1; -1;-1
202400024802;203 929 937;155 738 100;A01;1;1;1;1;1951.0;0;1;0;-1;-1; -1;-1
202400024802;203 929 938;155 738 101;B01;1;1;1;1;1964.0;0;1;0;-1;-1; -1;-1
202400024803;203 929 934;155 738 099;A01;10;3;3;2;1959.0;3;0;-1;-1;3;3;1
202400024803;203 929 935;155 738 099;A01;1;1;1;1;2000.0;3;1;0;-1;-1; -1;-1
202400024804;203 929 929;155 738 096;B01;2;2;4;1;1999.0;0;1;0;-1;-1; -1;-1
202400024804;203 929 930;155 738 096;B01;3;2;4;1;1975.0;4;1;4;-1;-1; -1;-1
202400024804;203 929 931;155 738 096;B01;1;1;4;1;1968.0;4;1;4;-1;-1; -1;-1
202400024804;203 929 932;155 738 097;Z01;1;1;1;-1;;-1;-1;-1;-1;-1; -1;-1
202400024815;203 929 906;155 738 081;A01;2;2;1;1;2009.0;5;1;0;-1;0;0;-1
202400024815;203 929 907;155 738 081;A01;1;1;1;1;2008.0;5;1;0;-1;0;0;-1
202400024815;203 929 908;155 738 081;A01;4;2;4;1;2009.0;5;8;0;-1;0;0;-1
202400024815;203 929 909;155 738 082;B01;2;2;1;1;2014.0;9;1;0;-1;0;0;-1
202400024837;203 929 856;155 738 045;A01;1;1;1;1;1992.0;4;8;0;-1;-1; -1;-1
202400024837;203 929 857;155 738 046;B01;1;1;4;1;1977.0;9;8;0;-1;-1; -1;-1
202400024842;203 929 843;155 738 037;Z01;1;1;1;1;2000.0;0;8;0;-1;-1; -1;-1
202400024842;203 929 845;155 738 039;A01;10;3;4;1;1992.0;9;0;-1;-1;5;9;1
202400024842;203 929 846;155 738 039;A01;4;2;4;1;2014.0;9;1;0;-1;5;9;1
202400024842;203 929 847;155 738 039;A01;1;1;1;2;1952.0;9;1;0;-1;5;9;1
202400024863;203 929 795;155 737 996;A01;1;1;1;-1;;-1;8;8;8;-1; -1;-1
202400024863;203 929 797;155 737 998;B01;1;1;4;2;1992.0;0;1;0;0;-1; -1;-1
202400024863;203 929 798;155 737 999;C01;1;1;1;1;1985.0;1;1;0;0;-1; -1;-1
202400024863;203 929 800;155 737 999;C01;2;2;1;1;1990.0;1;1;0;0;-1; -1;-1
202400024865;203 929 791;155 737 992;A01;1;1;4;1;2000.0;0;1;0;0;-1; -1;-1
202400024865;203 929 792;155 737 993;B01;1;1;1;1;1986.0;0;1;0;0;-1; -1;-1
202400024873;203 929 775;155 737 978;A01;1;1;1;1;1962.0;5;1;0;-1;0;0;-1
202400024873;203 929 777;155 737 980;B01;1;1;4;1;1982.0;5;1;0;-1;0;0;-1
202400024889;203 929 739;155 737 946;A01;1;1;1;1;1988.0;5;1;0;0;-1; -1;-1
202400024889;203 929 740;155 737 947;B01;1;1;4;1;1991.0;5;8;8;0;-1; -1;-1
202400024895;203 929 732;155 737 941;A01;1;1;1;1;1985.0;4;1;-1;-1;-1; -1;-1
202400024895;203 929 733;155 737 941;A01;10;3;4;2;1996.0;0;0;-1;-1;1;3;1
202400024899;203 929 720;155 737 929;B01;1;1;4;2;1996.0;0;1;5;-1;-1; -1;-1
202400024899;203 929 722;155 737 931;A01;1;1;1;1;1974.0;0;1;5;-1;-1; -1;-1
202400024914;203 929 675;155 737 900;A01;10;3;4;2;1982.0;1;0;-1;-1;4;3;1
202400024914;203 929 676;155 737 900;A01;1;1;1;2;1987.0;2;1;0;-1;0;0;-1
202400024922;203 929 658;155 737 885;A01;1;1;4;2;1968.0;0;2;-1;-1;0;0;-1
202400024922;203 929 659;155 737 887;B01;7;2;1;1;2017.0;2;1;-1;-1;0;0;-1
202400024922;203 929 660;155 737 887;B01;1;1;1;2;1999.0;1;1;-1;-1;0;0;-1
202400024924;203 929 652;155 737 882;A01;10;3;3;2;1936.0;9;0;-1;-1;1;3;1
202400024924;203 929 653;155 737 882;A01;1;1;1;2;1982.0;1;1;-1;-1;0;0;-1
202400024927;203 929 643;155 737 878;A01;1;1;1;1;2006.0;0;1;-1;-1;0;0;-1
202400024927;203 929 646;155 737 879;B01;1;1;3;1;1965.0;0;2;6;-1;0;0;-1
202400024933;203 929 629;155 737 868;A01;1;1;1;2;1989.0;1;1;0;-1;-1; -1;-1
202400024933;203 929 630;155 737 869;B01;2;2;4;2;2000.0;0;8;0;-1;-1; -1;-1
202400024933;203 929 631;155 737 869;B01;1;1;1;1;1995.0;0;1;0;-1;-1; -1;-1
202400024949;203 929 591;155 737 840;A01;1;1;4;2;1965.0;3;8;0;-1;-1; -1;-1
202400024949;203 929 592;155 737 841;B01;1;1;4;2;1954.0;5;1;5;-1;-1; -1;-1
202400024958;203 929 570;155 737 825;A01;2;2;3;1;2002.0;5;2;6;-1;0;0;-1
202400024958;203 929 571;155 737 825;A01;1;1;3;1;2001.0;5;2;6;-1;0;0;-1
202400024958;203 929 572;155 737 827;B01;1;1;1;-1;;-1;8;-1;-1;-1; -1;-1
202400024964;203 929 556;155 737 815;A01;2;2;3;2;2001.0;5;2;6;-1;-1; -1;-1
202400024964;203 929 557;155 737 815;A01;1;1;4;1;2000.0;5;2;6;-1;-1; -1;-1
202400024976;203 929 531;155 737 797;A01;10;3;3;2;1937.0;5;0;-1;-1;3;3;2
202400024976;203 929 534;155 737 797;A01;1;1;1;1;1982.0;3;1;0;-1;-1; -1;-1
202400024980;203 929 524;155 737 792;A01;10;3;4;2;1962.0;1;0;-1;-1;5;3;1
202400024980;203 929 525;155 737 792;A01;1;1;1;2;1987.0;0;8;-1;-1;5;3;1
202400024984;203 929 516;155 737 784;A01;1;1;3;1;1958.0;5;2;6;-1;0;0;-1
202400024984;203 929 519;155 737 787;B01;1;1;1;2;1946.0;5;1;-1;-1;0;0;-1
202400024991;203 929 506;155 737 776;A01;1;1;1;1;1987.0;1;1;-1;-1;0;0;-1
202400024991;203 929 508;155 737 778;B01;1;1;3;2;1995.0;5;2;6;-1;0;0;-1
202400024992;203 929 503;155 737 774;A01;10;3;4;2;1952.0;0;0;-1;-1;3;3;1
202400024992;203 929 504;155 737 774;A01;1;1;1;1;1972.0;4;1;0;-1;-1; -1;-1
202400025014;203 929 447;155 737 733;A01;1;1;1;1;1973.0;1;1;-1;-1;0;0;-1
202400025014;203 929 449;155 737 735;B01;1;1;3;1;1994.0;9;0;-1;-1;0;0;-1
202400025025;203 929 420;155 737 712;A01;10;3;4;2;1946.0;9;0;-1;-1;9;9;1
202400025025;203 929 422;155 737 712;A01;1;1;3;1;1932.0;5;1;0;-1;-1; -1;-1
202400025032;203 929 402;155 737 701;A01;10;3;4;1;1993.0;0;8;8;-1;2;B;1
202400025032;203 929 404;155 737 701;A01;1;1;1;-1;;-1;-1;-1;-1;-1; -1;-1
202400025049;203 929 363;155 737 669;A01;1;1;1;2;1987.0;5;1;0;-1;0;0;-1
202400025049;203 929 364;155 737 670;B01;1;1;4;1;1971.0;1;2;8;-1;0;0;-1
202400025058;203 929 341;155 737 652;B01;1;1;1;1;1991.0;0;1;0;-1;-1; -1;-1
202400025058;203 929 345;155 737 655;A01;1;1;4;1;2008.0;2;8;0;-1;-1; -1;-1
202400025081;203 929 290;155 737 609;B01;1;1;1;2;1984.0;-1;0;-1;-1;-1; -1;-1
202400025081;203 929 292;155 737 611;A01;1;1;2;1;1930.0;-1;0;-1;-1;-1; -1;-1
202400025081;203 929 293;155 737 612;C01;1;1;1;2;1999.0;-1;0;-1;-1;-1; -1;-1
202400025117;203 929 215;155 737 551;A01;1;1;1;1;1991.0;0;8;0;0;-1; -1;-1
202400025117;203 929 216;155 737 551;A01;10;3;4;1;1968.0;9;0;0;0;4;3;1
202400025133;203 929 183;155 737 527;A01;1;1;3;1;1951.0;9;1;-1;-1;0;0;-1
202400025133;203 929 184;155 737 528;B01;1;1;4;1;2000.0;5;1;-1;-1;0;0;-1
202400025149;203 929 143;155 737 498;A01;10;3;4;1;2021.0;5;0;-1;-1;2;3;2
202400025149;203 929 144;155 737 498;A01;1;1;1;1;1999.0;4;1;0;-1;-1; -1;-1
202400025171;203 929 087;155 737 455;A01;10;3;3;2;1954.0;3;0;-1;-1;2;3;1
202400025171;203 929 088;155 737 455;A01;1;1;1;1;2002.0;4;0;-1;-1;0;0;-1
202400025172;203 929 089;155 737 456;B01;1;1;4;2;1999.0;1;2;6;-1;0;0;-1
202400025172;203 929 090;155 737 457;A01;1;1;1;-1;;9;-1;-1;-1;0;0;-1
202400025178;203 929 075;155 737 446;A01;1;1;4;1;1996.0;9;2;8;-1;0;0;-1
202400025178;203 929 077;155 737 447;B01;1;1;1;2;1963.0;9;1;8;-1;0;0;-1
202400025182;203 929 065;155 737 438;A01;1;1;1;1;1990.0;1;8;-1;-1;-1; -1;-1
202400025182;203 929 067;155 737 440;B01;1;1;4;1;1980.0;0;2;4;-1;-1; -1;-1
202400025194;203 929 032;155 737 413;A01;2;2;4;2;2008.0;5;1;0;-1;-1; -1;-1
202400025194;203 929 034;155 737 413;A01;1;1;1;1;1963.0;5;1;0;-1;-1; -1;-1
202400025194;203 929 036;155 737 416;B01;4;2;1;1;2021.0;5;3;0;-1;-1; -1;-1
202400025194;203 929 037;155 737 416;B01;3;2;4;2;2016.0;5;1;0;-1;-1; -1;-1
202400025194;203 929 039;155 737 416;B01;1;1;4;1;1986.0;5;1;0;-1;-1; -1;-1
202400025202;203 929 019;155 737 399;B01;1;1;1;1;1987.0;9;1;0;-1;-1; -1;-1
202400025202;203 929 021;155 737 401;A01;1;1;4;1;1980.0;0;8;0;-1;-1; -1;-1
202400025204;203 929 011;155 737 392;A01;2;2;4;2;2006.0;5;1;0;-1;0;0;-1
202400025204;203 929 012;155 737 392;A01;1;1;4;2;1972.0;5;1;0;-1;0;0;-1
202400025204;203 929 014;155 737 394;B01;1;1;1;1;2001.0;5;1;0;-1;0;0;-1
202400025204;203 929 015;155 737 396;C01;1;1;1;2;1981.0;5;1;0;-1;0;0;-1
202400025205;203 929 013;155 737 393;A01;1;1;1;1;1986.0;9;1;0;-1;-1; -1;-1
202400025205;203 929 016;155 737 395;B01;1;1;4;1;2007.0;1;1;0;-1;-1; -1;-1
202400025207;203 929 007;155 737 388;A01;1;1;4;2;1996.0;4;1;0;0;-1; -1;-1
202400025207;203 929 009;155 737 390;B01;1;1;3;1;1979.0;4;2;6;0;-1; -1;-1
202400025211;203 928 996;155 737 379;A01;2;2;4;2;2002.0;9;1;0;0;-1; -1;-1
202400025211;203 928 998;155 737 379;A01;1;1;1;1;2001.0;5;1;0;-1;-1; -1;-1
202400025211;203 929 001;155 737 383;B01;1;1;4;1;2003.0;9;1;0;0;-1; -1;-1
202400025221;203 928 975;155 737 361;B01;1;1;4;1;2007.0;2;2;6;0;-1; -1;-1
202400025221;203 928 976;155 737 361;B01;2;2;4;1;2007.0;2;2;6;0;-1; -1;-1
202400025221;203 928 977;155 737 362;Z01;1;1;1;-1;;-1;8;8;8;-1; -1;-1
202400025225;203 928 967;155 737 354;A01;1;1;1;2;1951.0;1;1;0;0;-1; -1;-1
202400025225;203 928 968;155 737 355;B01;1;1;4;1;1971.0;0;8;0;0;-1; -1;-1
202400025229;203 928 958;155 737 346;B01;1;1;1;2;1946.0;5;1;-1;-1;0;0;-1
202400025229;203 928 959;155 737 346;B01;2;2;2;1;1946.0;5;0;-1;-1;0;0;-1
202400025229;203 928 960;155 737 347;A01;1;1;1;1;1987.0;4;1;-1;-1;0;0;-1
202400025246;203 928 912;155 737 315;A01;2;2;4;1;1946.0;5;1;0;-1;-1; -1;-1
202400025246;203 928 913;155 737 315;A01;1;1;1;1;1961.0;5;1;8;-1;-1; -1;-1
202400025246;203 928 914;155 737 316;B01;1;1;1;1;1985.0;4;1;0;-1;-1; -1;-1
202400025246;203 928 916;155 737 318;C01;1;1;1;1;1986.0;9;1;0;-1;-1; -1;-1
202400025297;203 928 783;155 737 225;B01;1;1;1;1;1972.0;4;1;-1;-1;-1; -1;-1
202400025297;203 928 784;155 737 226;A01;1;1;3;1;1980.0;0;0;-1;-1;-1; -1;-1
202400025301;203 928 775;155 737 218;A01;1;1;4;1;1945.0;5;2;-1;-1;0;0;-1
202400025301;203 928 778;155 737 220;B01;1;1;1;1;2007.0;9;2;-1;-1;0;0;-1
202400025307;203 928 761;155 737 205;A01;1;1;4;1;1941.0;5;1;-1;-1;0;0;-1
202400025307;203 928 762;155 737 206;B01;1;1;1;1;2005.0;5;1;-1;-1;0;0;-1
202400025312;203 928 744;155 737 195;A01;10;3;3;2;1958.0;1;8;8;-1;3;3;1
202400025312;203 928 745;155 737 195;A01;1;1;1;-1;;-1;-1;-1;-1;-1; -1;-1
202400025314;203 928 740;155 737 191;A01;1;1;3;1;1991.0;0;2;8;-1;-1; -1;-1
202400025314;203 928 742;155 737 193;B01;1;1;3;1;1993.0;0;2;8;-1;-1; -1;-1
202400025326;203 928 707;155 737 164;B01;1;1;4;1;1980.0;1;2;6;-1;0;0;-1
202400025326;203 928 709;155 737 166;A01;1;1;1;1;1984.0;5;1;0;-1;0;0;-1
202400025330;203 928 698;155 737 155;B01;1;1;1;1;1965.0;4;1;8;-1;-1; -1;-1
202400025330;203 928 700;155 737 157;C01;1;1;4;2;2005.0;1;1;8;-1;-1; -1;-1
202400025330;203 928 701;155 737 158;A01;1;1;1;2;1980.0;1;1;8;-1;-1; -1;-1
202400025335;203 928 686;155 737 145;B01;1;1;1;1;1989.0;1;1;0;-1;0;0;-1
202400025335;203 928 688;155 737 147;D01;1;1;1;1;1990.0;1;1;0;-1;0;0;-1
202400025335;203 928 690;155 737 149;C01;1;1;1;1;1975.0;1;1;0;-1;0;0;-1
202400025335;203 928 693;155 737 151;A01;2;2;4;1;1988.0;1;1;0;-1;0;0;-1
202400025335;203 928 694;155 737 151;A01;1;1;4;1;1974.0;1;1;0;-1;0;0;-1
202400025338;203 928 678;155 737 137;A01;1;1;4;2;1993.0;9;8;0;-1;0;0;-1
202400025338;203 928 679;155 737 138;Z01;1;1;1;-1;;-1;-1;-1;-1;0;0;-1
202400025342;203 928 669;155 737 129;B01;1;1;4;1;1993.0;0;2;6;-1;-1; -1;-1
202400025342;203 928 670;155 737 130;A01;1;1;1;1;1994.0;4;8;0;-1;-1; -1;-1
202400025348;203 928 658;155 737 118;A01;1;1;4;2;1975.0;1;2;6;-1;-1; -1;-1
202400025348;203 928 660;155 737 120;B01;1;1;1;1;1974.0;4;1;0;-1;-1; -1;-1
202400025378;203 928 587;155 737 066;A01;1;1;4;2;1973.0;0;1;0;0;-1; -1;-1
202400025378;203 928 590;155 737 068;B01;1;1;1;2;1955.0;0;1;0;0;-1; -1;-1
202400025387;203 928 569;155 737 055;B01;1;1;3;1;1949.0;5;0;-1;-1;-1; -1;-1
202400025387;203 928 570;155 737 056;A01;1;1;1;1;1943.0;5;8;-1;-1;-1; -1;-1
202400025392;203 928 563;155 737 049;A01;1;1;2;1;1996.0;5;2;0;-1;0;0;-1
202400025401;203 928 544;155 737 035;A01;10;3;3;2;1990.0;0;0;-1;-1;3;3;1
202400025401;203 928 547;155 737 035;A01;1;1;1;1;1996.0;4;8;0;-1;3;3;1
202400025418;203 928 494;155 737 006;A01;1;1;4;2;1968.0;9;1;-1;-1;-1; -1;-1
202400025435;203 928 456;155 736 979;A01;1;1;3;2;1963.0;0;1;5;-1;0;0;-1
202400025436;203 928 454;155 736 977;A01;1;1;4;1;1975.0;0;2;6;-1;-1; -1;-1
202400025436;203 928 455;155 736 978;B01;1;1;1;1;2001.0;0;1;0;-1;-1; -1;-1
202400025439;203 928 447;155 736 971;A01;1;1;4;2;1974.0;5;1;5;-1;0;0;-1
202400025443;203 928 440;155 736 965;A01;10;3;3;2;1942.0;5;0;-1;-1;2;3;1
202400025443;203 928 442;155 736 965;A01;1;1;1;2;1956.0;5;1;0;-1;0;0;-1
202400025450;203 928 425;155 736 952;A01;1;1;4;1;2009.0;0;8;0;-1;-1; -1;-1
202400025450;203 928 426;155 736 953;B01;1;1;1;1;1994.0;0;1;8;-1;-1; -1;-1
202400025473;203 928 376;155 736 914;A01;1;1;1;2;1971.0;0;1;-1;-1;0;0;-1
202400025473;203 928 378;155 736 916;B01;1;1;3;1;1977.0;1;0;-1;-1;0;0;-1
202400025478;203 928 365;155 736 906;A01;2;2;4;1;2006.0;5;1;-1;-1;0;0;-1
202400025478;203 928 366;155 736 906;A01;1;1;4;1;2006.0;5;1;-1;-1;0;0;-1
202400025479;203 928 363;155 736 904;A01;1;1;1;1;1954.0;0;1;-1;-1;-1; -1;-1
202400025479;203 928 364;155 736 905;B01;1;1;3;1;1991.0;0;2;-1;-1;-1; -1;-1
202400025488;203 928 341;155 736 886;B01;1;1;1;1;1970.0;4;1;-1;-1;0;0;-1
202400025488;203 928 343;155 736 888;C01;1;1;4;1;1984.0;0;1;-1;-1;0;0;-1
202400025488;203 928 346;155 736 890;D01;1;1;1;1;1974.0;0;1;-1;-1;0;0;-1
202400025488;203 928 347;155 736 891;A01;1;1;4;1;1954.0;9;1;-1;-1;0;0;-1
202400025488;203 928 348;155 736 892;E01;2;2;1;2;1949.0;0;1;-1;-1;0;0;-1
202400025488;203 928 349;155 736 892;E01;1;1;1;1;1949.0;0;1;-1;-1;0;0;-1
202400025493;203 928 325;155 736 875;A01;1;1;3;1;2003.0;0;0;-1;-1;0;0;-1
202400025493;203 928 326;155 736 876;B01;1;1;1;1;1965.0;0;1;-1;-1;0;0;-1
202400025505;203 928 297;155 736 857;B01;1;1;1;1;1939.0;3;1;0;-1;-1; -1;-1
202400025505;203 928 300;155 736 859;A01;1;1;4;1;2008.0;0;8;0;-1;-1; -1;-1
202400025510;203 928 285;155 736 846;A01;1;1;1;-1;;-1;-1;-1;-1;-1; -1;-1
202400025510;203 928 287;155 736 848;B01;2;2;4;2;1962.0;0;1;0;-1;-1; -1;-1
202400025510;203 928 289;155 736 848;B01;1;1;4;1;1960.0;3;8;0;-1;-1; -1;-1
202400025515;203 928 272;155 736 836;A01;1;1;4;1;1998.0;1;1;0;-1;-1; -1;-1
202400025543;203 928 203;155 736 780;A01;1;1;1;2;1989.0;0;1;8;-1;-1; -1;-1
202400025543;203 928 204;155 736 780;A01;4;2;1;2;2015.0;0;1;8;-1;-1; -1;-1
202400025543;203 928 206;155 736 782;B01;1;1;4;1;1976.0;0;1;8;-1;-1; -1;-1
202400025551;203 928 186;155 736 765;A01;1;1;4;1;1974.0;0;1;0;-1;-1; -1;-1
202400025551;203 928 187;155 736 765;A01;10;3;4;1;2007.0;0;0;-1;-1;4;1;1
202400025561;203 928 164;155 736 744;A01;1;1;2;2;1930.0;0;1;8;-1;-1; -1;-1
202400025566;203 928 160;155 736 739;A01;1;1;4;1;2001.0;5;1;8;-1;-1; -1;-1
202400025589;203 928 096;155 736 687;A01;1;1;3;1;2003.0;5;1;-1;-1;0;0;-1
202400025589;203 928 100;155 736 689;B01;1;1;3;1;2002.0;5;1;-1;-1;0;0;-1
202400025599;203 928 077;155 736 669;A01;1;1;4;1;1992.0;1;1;0;-1;-1; -1;-1
202400025613;203 928 045;155 736 645;A01;1;1;4;2;1990.0;4;1;-1;-1;0;0;-1
202400025613;203 928 049;155 736 647;C01;1;1;1;1;1963.0;0;1;-1;-1;0;0;-1
202400025613;203 928 052;155 736 650;B01;2;2;4;1;1989.0;4;1;-1;-1;0;0;-1
202400025613;203 928 054;155 736 650;B01;1;1;4;1;1990.0;4;1;-1;-1;0;0;-1
202400025613;203 928 055;155 736 650;B01;7;2;4;1;1993.0;4;1;-1;-1;0;0;-1
202400025627;203 928 007;155 736 616;C01;1;1;1;1;2003.0;4;1;-1;-1;0;0;-1
202400025627;203 928 010;155 736 617;B01;1;1;4;1;1975.0;9;1;-1;-1;0;0;-1
202400025627;203 928 011;155 736 619;A01;2;2;1;1;1983.0;5;1;-1;-1;0;0;-1
202400025627;203 928 013;155 736 619;A01;1;1;1;1;1989.0;5;1;-1;-1;0;0;-1
202400025634;203 927 995;155 736 605;A01;2;2;4;1;1993.0;0;8;-1;-1;-1; -1;-1
202400025634;203 927 996;155 736 605;A01;1;1;4;1;2001.0;0;8;-1;-1;-1; -1;-1
202400025640;203 927 983;155 736 595;A01;1;1;1;1;1959.0;9;8;0;-1;-1; -1;-1
202400025640;203 927 989;155 736 599;B01;1;1;4;1;1986.0;5;8;6;-1;-1; -1;-1
202400025649;203 927 964;155 736 580;A01;2;2;4;2;2002.0;5;1;0;-1;-1; -1;-1
202400025649;203 927 966;155 736 580;A01;3;2;4;2;2003.0;5;8;0;-1;-1; -1;-1
202400025649;203 927 969;155 736 580;A01;4;2;4;2;2002.0;5;8;0;-1;-1; -1;-1
202400025649;203 927 971;155 736 580;A01;1;1;4;2;2002.0;5;1;0;-1;-1; -1;-1
202400025666;203 927 914;155 736 540;B01;1;1;4;1;2003.0;0;2;6;-1;-1; -1;-1
202400025666;203 927 916;155 736 542;A01;1;1;4;1;1953.0;5;1;0;-1;-1; -1;-1
202400025700;203 927 833;155 736 471;A01;1;1;4;1;1986.0;0;-1;0;-1;-1; -1;-1
202400025700;203 927 836;155 736 473;Z01;1;1;1;-1;;-1;-1;-1;-1;-1; -1;-1
202400025714;203 927 802;155 736 446;A01;1;1;3;1;2002.0;5;0;-1;-1;0;0;-1
202400025720;203 927 790;155 736 438;A01;7;2;4;2;1999.0;0;1;-1;-1;0;0;-1
202400025720;203 927 791;155 736 438;A01;2;2;2;1;2000.0;5;1;-1;-1;0;0;-1
202400025720;203 927 793;155 736 438;A01;1;1;3;1;1999.0;0;1;-1;-1;0;0;-1
202400025723;203 927 777;155 736 430;A01;2;2;1;2;1996.0;3;1;0;-1;0;0;-1
202400025723;203 927 780;155 736 430;A01;1;1;1;1;1995.0;3;1;0;-1;0;0;-1
202400025723;203 927 784;155 736 434;B01;2;2;4;1;2003.0;5;1;0;-1;0;0;-1
202400025723;203 927 786;155 736 434;B01;1;1;4;1;1998.0;5;1;0;-1;0;0;-1
202400025723;203 927 788;155 736 436;C01;1;1;4;1;1969.0;4;1;0;-1;0;0;-1
202400025729;203 927 765;155 736 421;B01;1;1;4;1;1987.0;5;1;0;-1;-1; -1;-1
202400025729;203 927 766;155 736 422;A01;1;1;1;1;1978.0;4;1;0;-1;-1; -1;-1
202400025733;203 927 757;155 736 413;B01;1;1;4;2;1989.0;4;8;0;-1;-1; -1;-1
202400025733;203 927 760;155 736 416;A01;1;1;1;-1;;-1;-1;-1;-1;-1; -1;-1
202400025748;203 927 714;155 736 386;A01;2;2;4;1;2006.0;0;8;-1;-1;0;0;-1
202400025748;203 927 715;155 736 386;A01;1;1;4;1;2003.0;5;8;-1;-1;0;0;-1
202400025748;203 927 718;155 736 389;B01;1;1;1;1;1999.0;5;8;-1;-1;0;0;-1
202400025748;203 927 720;155 736 390;C01;9;2;1;1;2020.0;0;8;-1;-1;0;0;-1
202400025748;203 927 721;155 736 390;C01;8;2;1;2;2015.0;0;8;-1;-1;0;0;-1
202400025748;203 927 723;155 736 390;C01;2;2;1;2;2009.0;0;8;-1;-1;0;0;-1
202400025748;203 927 724;155 736 390;C01;7;2;3;2;2019.0;0;8;-1;-1;0;0;-1
202400025748;203 927 726;155 736 390;C01;7;2;1;2;2012.0;0;8;-1;-1;0;0;-1
202400025748;203 927 728;155 736 390;C01;1;1;4;2;1985.0;5;8;-1;-1;0;0;-1
202400025751;203 927 707;155 736 381;B01;1;1;3;1;2006.0;2;2;6;-1;-1; -1;-1
202400025751;203 927 711;155 736 383;A01;1;1;1;1;1965.0;4;1;-1;-1;-1; -1;-1
202400025768;203 927 667;155 736 352;B01;1;1;1;-1;;-1;-1;-1;-1;-1; -1;-1
202400025768;203 927 670;155 736 353;A01;1;1;3;1;1997.0;3;2;6;-1;-1; -1;-1
202400025768;203 927 674;155 736 353;A01;2;2;3;1;2001.0;0;2;6;-1;-1; -1;-1
202400025771;203 927 661;155 736 346;A01;1;1;4;2;1999.0;9;2;6;-1;-1; -1;-1
202400025771;203 927 664;155 736 349;B01;1;1;1;1;1952.0;9;1;0;-1;-1; -1;-1
202400025772;203 927 660;155 736 345;B01;1;1;3;1;1971.0;9;2;6;-1;-1; -1;-1
202400025772;203 927 663;155 736 348;A01;1;1;1;1;1958.0;1;1;-1;-1;-1; -1;-1
202400025778;203 927 651;155 736 338;A01;1;1;4;1;1991.0;0;8;0;-1;-1; -1;-1
202400025778;203 927 654;155 736 341;B01;1;1;1;2;1998.0;0;1;0;-1;-1; -1;-1
202400025800;203 927 600;155 736 297;A01;10;3;3;2;1982.0;0;0;-1;-1;3;3;1
202400025800;203 927 601;155 736 297;A01;1;1;1;2;1973.0;0;1;0;-1;-1; -1;-1
202400025816;203 927 562;155 736 270;B01;1;1;1;1;1967.0;4;1;4;-1;-1; -1;-1
202400025816;203 927 563;155 736 271;A01;1;1;4;1;1987.0;1;1;8;-1;-1; -1;-1
202400025892;203 927 379;155 736 139;B01;1;1;4;1;1960.0;0;2;0;-1;-1; -1;-1
202400025892;203 927 380;155 736 140;Z01;1;1;1;-1;;-1;-1;-1;-1;-1; -1;-1
202400025895;203 927 371;155 736 132;A01;1;1;1;1;1971.0;4;1;0;-1;-1; -1;-1
202400025895;203 927 373;155 736 132;A01;10;3;4;2;1963.0;4;8;8;-1;8;2;1
202400025898;203 927 369;155 736 130;A01;1;1;4;2;2003.0;4;8;0;-1;-1; -1;-1
202400025901;203 927 360;155 736 124;A01;10;3;4;1;2017.0;9;0;-1;-1;4;3;2
202400025901;203 927 363;155 736 124;A01;1;1;1;1;1991.0;0;1;0;-1;-1; -1;-1
202400025908;203 927 343;155 736 108;A01;1;1;4;1;1973.0;5;1;-1;-1;0;0;-1
202400025908;203 927 346;155 736 111;B01;2;2;1;2;1999.0;5;1;-1;-1;0;0;-1
202400025908;203 927 347;155 736 111;B01;1;1;1;2;1998.0;5;1;-1;-1;0;0;-1
202400025928;203 927 292;155 736 071;A01;1;1;1;-1;;-1;-1;-1;-1;0;0;-1
202400025928;203 927 297;155 736 071;A01;10;3;4;1;2005.0;5;8;8;-1;3;3;1
202400025929;203 927 294;155 736 072;A01;2;2;4;1;2005.0;0;1;0;0;-1; -1;-1
202400025929;203 927 298;155 736 072;A01;1;1;1;1;2005.0;0;1;0;0;-1; -1;-1
202400025929;203 927 304;155 736 077;B01;1;1;4;2;1971.0;0;1;0;0;-1; -1;-1
202400025941;203 927 261;155 736 048;A01;1;1;4;2;1973.0;5;1;-1;-1;0;0;-1
202400025941;203 927 265;155 736 050;C01;1;1;4;2;1945.0;5;8;-1;-1;0;0;-1
202400025951;203 927 238;155 736 029;A01;1;1;1;2;1991.0;9;1;0;-1;-1; -1;-1
202400025951;203 927 240;155 736 030;B01;2;2;4;2;1998.0;0;1;0;-1;-1; -1;-1
202400025951;203 927 241;155 736 030;B01;1;1;1;2;2004.0;0;1;0;-1;-1; -1;-1
202400025953;203 927 234;155 736 026;A01;10;3;4;2;2005.0;0;0;-1;-1;3;3;1
202400025953;203 927 236;155 736 026;A01;1;1;1;1;1972.0;9;1;8;-1;-1; -1;-1
202400025954;203 927 233;155 736 024;A01;1;1;1;1;1963.0;0;8;0;-1;-1; -1;-1
202400025954;203 927 239;155 736 028;B01;1;1;4;1;1970.0;0;2;6;-1;-1; -1;-1
202400025956;203 927 225;155 736 018;A01;10;3;4;1;1961.0;5;0;-1;-1;9;3;1
202400025956;203 927 228;155 736 018;A01;1;1;1;1;1961.0;5;8;0;-1;-1; -1;-1
202400025962;203 927 210;155 736 005;A01;1;1;4;1;2008.0;5;2;6;-1;-1; -1;-1
202400025962;203 927 218;155 736 012;B01;1;1;3;1;1991.0;5;2;6;-1;-1; -1;-1
202400025968;203 927 203;155 736 001;A01;10;3;3;2;1947.0;0;0;-1;-1;4;3;1
202400025968;203 927 206;155 736 001;A01;1;1;1;1;1982.0;1;1;-1;-1;-1; -1;-1
202400025988;203 927 157;155 735 963;A01;10;3;3;1;1965.0;4;0;-1;-1;6;1;1
202400025988;203 927 159;155 735 963;A01;1;1;1;1;1998.0;1;1;-1;-1;0;0;-1
202400026005;203 927 119;155 735 933;A01;1;1;4;1;2005.0;1;2;6;-1;0;0;-1
202400026005;203 927 124;155 735 936;B01;1;1;1;1;2001.0;5;8;-1;-1;0;0;-1
202400026031;203 927 053;155 735 883;C01;4;2;4;2;2017.0;5;1;0;-1;-1; -1;-1
202400026031;203 927 054;155 735 883;C01;3;2;4;2;2020.0;5;1;0;-1;-1; -1;-1
202400026031;203 927 056;155 735 883;C01;1;1;1;1;1988.0;5;1;0;-1;-1; -1;-1
202400026031;203 927 058;155 735 887;B01;1;1;4;1;1961.0;5;1;0;-1;-1; -1;-1
202400026031;203 927 062;155 735 890;A01;1;1;1;-1;;-1;-1;-1;-1;-1; -1;-1
202400026032;203 927 055;155 735 884;A01;1;1;4;1;1990.0;5;2;6;-1;0;0;-1
202400026032;203 927 057;155 735 885;B01;1;1;1;1;1994.0;5;1;0;-1;0;0;-1
202400026034;203 927 048;155 735 881;A01;1;1;4;1;1996.0;5;8;0;-1;0;0;-1
202400026046;203 927 022;155 735 861;A01;1;1;1;1;2003.0;5;1;8;-1;-1; -1;-1
202400026046;203 927 025;155 735 864;B01;1;1;4;1;1944.0;9;2;6;-1;-1; -1;-1
202400026047;203 927 020;155 735 860;A01;10;3;4;1;2006.0;2;0;-1;-1;4;3;1
202400026047;203 927 021;155 735 860;A01;1;1;1;2;1960.0;9;1;-1;-1;0;0;-1
202400026049;203 927 015;155 735 857;A01;10;3;3;1;1973.0;9;0;-1;-1;1;1;1
202400026049;203 927 017;155 735 857;A01;1;1;1;1;1972.0;9;1;-1;-1;0;0;-1
202400026053;203 927 006;155 735 849;B01;1;1;3;1;2001.0;1;2;6;-1;0;0;-1
202400026053;203 927 007;155 735 850;A01;1;1;4;2;1983.0;2;1;-1;-1;0;0;-1
202400026061;203 926 985;155 735 833;B01;1;1;4;1;1982.0;0;1;0;0;-1; -1;-1
202400026061;203 926 988;155 735 837;A01;1;1;1;2;1995.0;0;1;0;4;-1; -1;-1
202400026080;203 926 930;155 735 797;A01;1;1;3;2;1988.0;3;1;-1;-1;0;0;-1
202400026086;203 926 912;155 735 785;B01;10;3;4;2;1980.0;5;0;0;0;9;9;2
202400026086;203 926 913;155 735 785;B01;1;1;4;1;2000.0;9;8;0;-1;9;9;2
202400026090;203 926 899;155 735 776;B01;1;1;1;1;1984.0;0;1;8;-1;-1; -1;-1
202400026090;203 926 901;155 735 777;D01;1;1;1;1;1979.0;0;1;0;-1;-1; -1;-1
202400026090;203 926 908;155 735 780;A01;1;1;3;1;1991.0;0;2;8;-1;-1; -1;-1
202400026090;203 926 909;155 735 780;A01;2;2;3;2;1985.0;0;2;0;-1;-1; -1;-1
202400026090;203 926 911;155 735 784;C01;1;1;1;1;1937.0;0;1;8;-1;-1; -1;-1
202400026096;203 926 885;155 735 763;A01;1;1;4;1;1996.0;0;1;0;-1;-1; -1;-1
202400026096;203 926 888;155 735 766;B01;1;1;1;1;1984.0;0;1;0;-1;-1; -1;-1
202400026104;203 926 862;155 735 746;A01;1;1;4;1;1982.0;0;8;-1;-1;-1; -1;-1
202400026104;203 926 864;155 735 748;B01;1;1;1;1;1971.0;0;1;-1;-1;-1; -1;-1
202400026113;203 926 843;155 735 730;B01;1;1;3;1;2008.0;1;2;6;-1;0;0;-1
202400026113;203 926 846;155 735 732;A01;1;1;1;2;1946.0;5;1;-1;-1;0;0;-1
202400026122;203 926 823;155 735 714;A01;1;1;1;1;1977.0;5;1;-1;-1;0;0;-1
202400026122;203 926 827;155 735 718;B01;1;1;3;1;1981.0;4;2;-1;-1;0;0;-1
202400026126;203 926 812;155 735 708;A01;5;2;3;1;2007.0;5;8;0;-1;-1; -1;-1
202400026126;203 926 813;155 735 708;A01;2;2;4;1;2005.0;5;8;0;-1;-1; -1;-1
202400026126;203 926 815;155 735 708;A01;3;2;4;1;2007.0;5;8;0;-1;-1; -1;-1
202400026126;203 926 817;155 735 708;A01;4;2;4;1;2007.0;5;8;0;-1;-1; -1;-1
202400026126;203 926 819;155 735 708;A01;1;1;4;1;2004.0;5;8;0;-1;-1; -1;-1
202400026138;203 926 785;155 735 684;A01;1;1;4;1;1981.0;0;2;6;9;0;0;-1
202400026138;203 926 788;155 735 688;B01;2;2;1;2;1972.0;4;1;-1;-1;0;0;-1
202400026138;203 926 790;155 735 688;B01;1;1;1;2;1974.0;4;1;-1;-1;0;0;-1
202400026139;203 926 781;155 735 683;A01;1;1;1;1;1974.0;4;1;0;-1;-1; -1;-1
202400026139;203 926 786;155 735 685;B01;1;1;4;1;1973.0;1;2;6;-1;-1; -1;-1
202400026147;203 926 765;155 735 669;A01;1;1;1;1;1992.0;4;1;0;-1;-1; -1;-1
202400026147;203 926 768;155 735 672;B01;1;1;3;2;1977.0;1;2;0;-1;-1; -1;-1
202400026151;203 926 757;155 735 663;A01;1;1;1;1;2001.0;5;1;-1;-1;0;0;-1
202400026151;203 926 758;155 735 664;B01;1;1;4;1;1969.0;1;1;-1;-1;0;0;-1
202400026157;203 926 742;155 735 651;A01;1;1;1;2;2000.0;5;1;0;-1;-1; -1;-1
202400026157;203 926 745;155 735 653;B01;1;1;4;2;2013.0;5;8;0;-1;-1; -1;-1
202400026165;203 926 723;155 735 638;Z01;1;1;1;-1;;-1;-1;-1;-1;0;0;-1
202400026165;203 926 727;155 735 641;B01;1;1;4;2;1976.0;5;8;0;-1;0;0;-1
202400026177;203 926 697;155 735 619;A01;1;1;1;2;1989.0;1;1;-1;-1;0;0;-1
202400026177;203 926 699;155 735 621;B01;2;2;3;2;1963.0;5;1;-1;-1;0;0;-1
202400026177;203 926 700;155 735 621;B01;1;1;3;1;1963.0;5;1;-1;-1;0;0;-1
202400026177;203 926 703;155 735 624;C01;1;1;3;2;1978.0;3;1;-1;-1;0;0;-1
202400026177;203 926 706;155 735 626;D01;1;1;1;1;1968.0;1;1;-1;-1;0;0;-1
202400026196;203 926 655;155 735 585;A01;1;1;3;1;1970.0;5;1;-1;-1;0;0;-1
202400026196;203 926 657;155 735 587;B01;1;1;3;1;2001.0;4;1;-1;-1;0;0;-1
202400026199;203 926 646;155 735 580;A01;3;2;3;1;2017.0;5;1;3;-1;0;0;-1
202400026199;203 926 648;155 735 580;A01;4;2;1;2;2014.0;5;1;3;-1;0;0;-1
202400026199;203 926 650;155 735 580;A01;1;1;1;2;1984.0;5;1;5;-1;0;0;-1
202400026233;203 926 573;155 735 527;Z01;1;1;1;-1;;-1;-1;-1;-1;-1; -1;-1
202400026233;203 926 579;155 735 531;B01;1;1;4;1;2003.0;1;2;0;-1;-1; -1;-1
202400026243;203 926 558;155 735 514;B01;1;1;3;1;1964.0;0;2;4;-1;0;0;-1
202400026243;203 926 562;155 735 517;A01;1;1;1;1;1974.0;4;1;-1;-1;0;0;-1
202400026245;203 926 551;155 735 509;A01;2;2;1;2;1978.0;5;1;-1;-1;0;0;-1
202400026245;203 926 553;155 735 509;A01;9;2;1;2;2011.0;5;1;-1;-1;0;0;-1
202400026245;203 926 554;155 735 509;A01;1;1;1;1;1978.0;5;1;-1;-1;0;0;-1
202400026245;203 926 556;155 735 512;B01;1;1;3;2;1999.0;1;1;-1;-1;0;0;-1
202400026261;203 926 517;155 735 484;A01;1;1;4;1;1968.0;9;8;8;-1;-1; -1;-1
202400026261;203 926 518;155 735 485;Z01;1;1;1;1;;9;8;8;8;-1; -1;-1
202400026263;203 926 510;155 735 481;A01;10;3;4;2;1955.0;0;0;-1;-1;2;3;1
202400026263;203 926 511;155 735 481;A01;1;1;1;1;1974.0;0;1;-1;-1;0;0;-1
202400026272;203 926 489;155 735 464;A01;1;1;4;1;1963.0;4;2;0;-1;-1; -1;-1
202400026304;203 926 410;155 735 404;A01;1;1;3;1;2004.0;0;8;0;0;-1; -1;-1
202400026312;203 926 387;155 735 389;B01;1;1;1;1;1956.0;4;1;8;-1;-1; -1;-1
202400026312;203 926 389;155 735 391;A01;2;2;4;1;2024.0;5;3;8;-1;-1; -1;-1
202400026312;203 926 393;155 735 391;A01;1;1;4;2;1995.0;5;1;8;-1;-1; -1;-1
202400026314;203 926 384;155 735 386;A01;1;1;3;2;1959.0;0;8;-1;-1;0;0;-1
202400026318;203 926 377;155 735 379;B01;1;1;4;1;1972.0;1;2;6;-1;0;0;-1
202400026318;203 926 379;155 735 380;A01;1;1;1;1;1989.0;5;1;-1;-1;0;0;-1
202400026319;203 926 374;155 735 376;A01;1;1;1;1;1996.0;0;1;-1;-1;0;0;-1
202400026319;203 926 375;155 735 377;B01;1;1;3;1;1974.0;5;1;-1;-1;0;0;-1
202400026320;203 926 373;155 735 375;A01;1;1;3;1;1958.0;5;1;-1;-1;0;0;-1
202400026349;203 926 305;155 735 326;A01;2;2;4;1;2001.0;1;1;-1;-1;0;0;-1
202400026349;203 926 306;155 735 326;A01;3;2;4;1;1992.0;1;1;-1;-1;0;0;-1
202400026349;203 926 307;155 735 326;A01;1;1;1;1;2003.0;0;1;-1;-1;0;0;-1
202400026349;203 926 308;155 735 328;B01;2;2;3;2;1966.0;1;1;-1;-1;0;0;-1
202400026349;203 926 310;155 735 328;B01;1;1;4;2;1961.0;1;1;-1;-1;0;0;-1
202400026351;203 926 302;155 735 323;A01;1;1;3;2;1952.0;5;1;-1;-1;0;0;-1
202400026358;203 926 292;155 735 313;A01;1;1;2;1;1987.0;2;9;2;6;0;0;-1
202400026361;203 926 286;155 735 307;A01;1;1;1;1;1998.0;1;1;-1;-1;0;0;-1
202400026361;203 926 287;155 735 308;B01;1;1;4;1;2011.0;5;0;-1;-1;0;0;-1
202400026365;203 926 273;155 735 299;A01;1;1;1;1;2002.0;5;1;-1;-1;0;0;-1
202400026365;203 926 275;155 735 301;B01;2;2;4;1;1992.0;4;1;-1;-1;0;0;-1
202400026365;203 926 276;155 735 301;B01;9;2;1;2;1997.0;4;1;-1;-1;0;0;-1
202400026365;203 926 278;155 735 301;B01;1;1;4;1;1983.0;4;1;-1;-1;0;0;-1
202400026372;203 926 253;155 735 286;A01;1;1;1;1;1979.0;0;1;0;-1;-1; -1;-1
202400026372;203 926 254;155 735 287;B01;1;1;4;1;1997.0;9;2;0;-1;-1; -1;-1
202400026372;203 926 255;155 735 288;C01;1;1;1;2;2003.0;9;1;0;-1;-1; -1;-1
202400026395;203 926 211;155 735 250;A01;1;1;4;2;2002.0;5;1;0;-1;0;0;-1
202400026398;203 926 205;155 735 245;A01;1;1;4;1;1993.0;4;2;6;-1;-1; -1;-1
202400026398;203 926 206;155 735 246;B01;1;1;1;1;1982.0;0;1;0;-1;-1; -1;-1
202400026420;203 926 151;155 735 198;B01;1;1;4;1;1999.0;9;8;4;-1;-1; -1;-1
202400026420;203 926 152;155 735 199;A01;1;1;1;1;1958.0;0;1;0;-1;-1; -1;-1
202400026434;203 926 119;155 735 171;B01;1;1;4;2;1980.0;0;8;0;-1;0;0;-1
202400026434;203 926 121;155 735 173;A01;1;1;4;1;1987.0;0;0;0;-1;0;0;-1
202400026444;203 926 094;155 735 153;A01;1;1;4;2;1984.0;5;1;8;-1;0;0;-1
202400026444;203 926 096;155 735 154;B01;1;1;4;2;1990.0;5;1;0;-1;0;0;-1
202400026449;203 926 083;155 735 145;A01;1;1;4;1;1944.0;0;1;0;-1;-1; -1;-1
202400026480;203 926 012;155 735 092;A01;2;2;4;2;1997.0;5;1;0;-1;-1; -1;-1
202400026480;203 926 013;155 735 092;A01;1;1;4;1;2003.0;5;1;8;-1;-1; -1;-1
202400026488;203 925 979;155 735 078;A01;1;1;1;2;2005.0;5;1;0;-1;-1; -1;-1
202400026488;203 925 980;155 735 079;B01;1;1;4;1;1979.0;5;-1;0;-1;-1; -1;-1
202400026492;203 925 971;155 735 072;A01;1;1;1;2;1981.0;9;8;0;-1;-1; -1;-1
202400026492;203 925 972;155 735 072;A01;10;3;4;2;1947.0;9;0;-1;-1;4;3;1
202400026496;203 925 961;155 735 063;B01;1;1;4;2;1971.0;5;1;0;-1;-1; -1;-1
202400026496;203 925 962;155 735 064;C01;1;1;1;-1;;9;-1;-1;-1;-1; -1;-1
202400026496;203 925 963;155 735 065;A01;1;1;1;1;2003.0;4;1;0;-1;-1; -1;-1
202400026497;203 925 959;155 735 062;A01;10;3;4;1;2010.0;5;0;-1;-1;3;3;1
202400026497;203 925 960;155 735 062;A01;1;1;1;2;1951.0;9;1;0;-1;-1; -1;-1
202400026511;203 925 929;155 735 039;B01;1;1;4;1;1971.0;1;2;0;0;-1; -1;-1
202400026511;203 925 930;155 735 040;A01;1;1;1;1;2006.0;2;1;0;0;-1; -1;-1
202400026512;203 925 925;155 735 036;A01;1;1;4;1;1964.0;1;1;0;0;-1; -1;-1
202400026512;203 925 926;155 735 037;B01;2;2;4;1;1995.0;4;1;0;0;-1; -1;-1
202400026512;203 925 927;155 735 037;B01;1;1;4;2;2006.0;9;1;0;0;-1; -1;-1
202400026512;203 925 928;155 735 038;C01;1;1;1;1;1964.0;4;1;0;0;-1; -1;-1
202400026514;203 925 921;155 735 032;A01;1;1;4;1;1976.0;0;2;0;0;-1; -1;-1
202400026514;203 925 922;155 735 033;B01;1;1;1;1;2000.0;9;1;0;0;-1; -1;-1
202400026518;203 925 914;155 735 025;A01;1;1;4;2;1991.0;1;2;4;0;-1; -1;-1
202400026525;203 925 901;155 735 013;A01;1;1;2;1;1975.0;1;8;-1;-1;0;0;-1
202400026528;203 925 897;155 735 010;A01;1;1;1;2;2006.0;2;8;-1;-1;0;0;-1
202400026528;203 925 898;155 735 010;A01;10;3;4;2;1959.0;9;0;-1;-1;1;3;1
202400026530;203 925 894;155 735 007;A01;1;1;4;1;1977.0;1;2;6;-1;0;0;-1
202400026538;203 925 877;155 734 994;A01;1;1;2;2;1944.0;5;0;-1;-1;0;0;-1
202400026547;203 925 857;155 734 975;B01;1;1;4;2;1999.0;1;1;5;-1;0;0;-1
202400026547;203 925 858;155 734 976;A01;1;1;4;2;1968.0;5;1;-1;-1;0;0;-1
202400026578;203 925 777;155 734 923;A01;1;1;1;1;1982.0;5;1;-1;-1;0;0;-1
202400026578;203 925 778;155 734 924;B01;2;2;3;2;1971.0;5;0;-1;-1;0;0;-1
202400026578;203 925 779;155 734 924;B01;1;1;3;1;1988.0;5;0;-1;-1;0;0;-1
202400026594;203 925 738;155 734 895;A01;1;1;4;1;1972.0;0;8;0;0;-1; -1;-1
202400026594;203 925 739;155 734 896;B01;1;1;1;1;1942.0;0;8;0;0;-1; -1;-1
202400026608;203 925 714;155 734 872;A01;1;1;1;1;1979.0;4;0;-1;-1;0;0;-1
202400026608;203 925 715;155 734 873;B01;1;1;3;1;2008.0;2;2;6;-1;0;0;-1
202400026609;203 925 713;155 734 871;A01;1;1;3;2;1968.0;5;2;6;-1;0;0;-1
202400026611;203 925 710;155 734 868;A01;1;1;2;1;1967.0;0;8;-1;-1;0;0;-1
202400026616;203 925 699;155 734 860;A01;2;2;4;1;2014.0;2;2;0;-1;-1; -1;-1
202400026616;203 925 700;155 734 860;A01;1;1;4;2;1988.0;2;2;0;-1;-1; -1;-1
202400026622;203 925 688;155 734 850;A01;1;1;4;2;1983.0;1;1;-1;-1;-1; -1;-1
202400026622;203 925 689;155 734 851;B01;1;1;4;1;1980.0;1;1;-1;-1;-1; -1;-1
202400026669;203 925 587;155 734 770;A01;1;1;4;1;1985.0;4;1;0;-1;-1; -1;-1
202400026669;203 925 588;155 734 771;B01;1;1;1;1;1961.0;9;1;0;-1;-1; -1;-1
202400026683;203 925 557;155 734 747;A01;10;3;3;1;2019.0;9;0;-1;-1;1;3;1
202400026683;203 925 558;155 734 747;A01;1;1;1;2;1978.0;0;1;8;-1;-1; -1;-1
202400026697;203 925 526;155 734 720;A01;1;1;1;2;1970.0;5;1;0;-1;-1; -1;-1
202400026697;203 925 527;155 734 721;B01;1;1;3;1;1989.0;2;2;6;-1;-1; -1;-1
202400026703;203 925 510;155 734 706;A01;1;1;1;1;1974.0;0;8;-1;-1;-1; -1;-1
202400026703;203 925 511;155 734 707;C01;1;1;1;2;1970.0;-1;8;-1;-1;-1; -1;-1
202400026703;203 925 512;155 734 708;B01;1;1;4;1;1963.0;0;8;-1;-1;-1; -1;-1
202400026707;203 925 502;155 734 698;A01;1;1;1;1;1995.0;0;1;8;-1;-1; -1;-1
202400026707;203 925 503;155 734 699;B01;1;1;4;2;2014.0;5;8;8;-1;-1; -1;-1
202400026707;203 925 504;155 734 700;C01;1;1;1;1;1982.0;5;8;8;-1;-1; -1;-1
202400026742;203 925 420;155 734 640;A01;1;1;1;1;1961.0;0;1;0;-1;-1; -1;-1
202400026742;203 925 421;155 734 641;B01;1;1;4;1;2007.0;9;2;6;-1;-1; -1;-1
202400026749;203 925 403;155 734 631;A01;1;1;1;-1;;-1;-1;-1;-1;-1; -1;-1
202400026749;203 925 404;155 734 631;A01;10;3;4;1;1959.0;0;0;-1;-1;3;3;1
202400026773;203 925 350;155 734 583;A01;1;1;4;1;1991.0;9;2;0;-1;-1; -1;-1
202400026773;203 925 351;155 734 584;B01;1;1;1;1;1978.0;9;1;0;-1;0;0;-1
202400026782;203 925 328;155 734 567;A01;1;1;1;2;2002.0;5;1;-1;-1;0;0;-1
202400026782;203 925 329;155 734 567;A01;10;3;4;1;1939.0;0;0;-1;-1;4;3;1
202400026783;203 925 326;155 734 565;B01;1;1;4;1;1971.0;9;2;6;-1;-1; -1;-1
202400026783;203 925 327;155 734 566;A01;1;1;1;1;1971.0;9;8;0;-1;-1; -1;-1
202400026790;203 925 310;155 734 551;A01;2;2;3;1;1999.0;5;1;0;-1;-1; -1;-1
202400026790;203 925 312;155 734 551;A01;1;1;3;2;1993.0;5;8;0;-1;-1; -1;-1
202400026794;203 925 304;155 734 545;A01;1;1;3;1;1993.0;1;8;0;-1;-1; -1;-1
202400026794;203 925 305;155 734 546;B01;1;1;1;1;1971.0;1;1;0;-1;-1; -1;-1
202400026801;203 925 292;155 734 536;A01;1;1;4;2;1972.0;5;1;0;-1;-1; -1;-1
202400026801;203 925 293;155 734 537;B01;1;1;1;1;1977.0;5;1;0;-1;-1; -1;-1
202400026825;203 925 238;155 734 491;A01;1;1;2;1;1949.0;0;1;-1;-1;0;0;-1
202400026825;203 925 239;155 734 492;B01;1;1;4;1;1983.0;0;1;-1;-1;0;0;-1
202400026832;203 925 226;155 734 478;A01;1;1;3;1;1954.0;0;1;-1;-1;0;0;-1
202400026832;203 925 227;155 734 479;B01;1;1;1;1;1967.0;0;1;-1;-1;0;0;-1
202400026835;203 925 218;155 734 472;A01;1;1;4;1;1992.0;1;1;-1;-1;0;0;-1
202400026835;203 925 219;155 734 473;B01;1;1;3;2;1947.0;3;1;-1;-1;0;0;-1
202400026859;203 925 168;155 734 438;A01;1;1;3;1;1990.0;5;1;-1;-1;0;0;-1
202400026861;203 925 162;155 734 434;B01;1;1;1;1;1980.0;4;1;-1;-1;0;0;-1
202400026861;203 925 164;155 734 436;A01;2;2;3;1;1935.0;5;1;-1;-1;0;0;-1
202400026861;203 925 165;155 734 436;A01;1;1;1;2;1967.0;5;1;-1;-1;0;0;-1
202400026880;203 925 124;155 734 405;A01;1;1;4;1;2013.0;5;8;0;0;-1; -1;-1
202400026882;203 925 117;155 734 401;B01;1;1;4;2;2004.0;5;1;0;0;-1; -1;-1
202400026882;203 925 118;155 734 402;A01;2;2;4;2;2003.0;5;1;0;0;-1; -1;-1
202400026882;203 925 119;155 734 402;A01;1;1;4;1;2003.0;5;1;0;0;-1; -1;-1
202400026886;203 925 107;155 734 393;A01;1;1;4;1;1996.0;5;2;-1;-1;0;0;-1
202400026886;203 925 109;155 734 395;B01;1;1;3;1;1961.0;5;2;-1;-1;0;0;-1
202400026896;203 925 081;155 734 373;A01;1;1;4;1;1958.0;0;1;-1;-1;0;0;-1
202400026896;203 925 083;155 734 375;B01;1;1;4;1;1967.0;0;1;-1;-1;0;0;-1
202400026905;203 925 051;155 734 355;A01;10;3;4;2;1957.0;3;0;-1;-1;3;3;1
202400026905;203 925 052;155 734 355;A01;1;1;1;1;1934.0;0;1;5;-1;0;0;-1
202400026938;203 924 976;155 734 301;B01;1;1;3;2;1998.0;5;2;6;-1;0;0;-1
202400026938;203 924 977;155 734 302;A01;1;1;1;1;1993.0;5;9;2;6;0;0;-1
202400026940;203 924 971;155 734 297;A01;1;1;3;2;2001.0;1;1;-1;-1;0;0;-1
202400026940;203 924 972;155 734 298;B01;2;2;1;1;2008.0;0;1;-1;-1;0;0;-1
202400026940;203 924 973;155 734 298;B01;1;1;1;2;1976.0;1;1;-1;-1;0;0;-1
202400026961;203 924 915;155 734 255;A01;1;1;3;2;1979.0;0;1;-1;-1;0;0;-1
202400026961;203 924 916;155 734 256;B01;1;1;4;1;1971.0;4;1;-1;-1;0;0;-1
202400026962;203 924 913;155 734 253;A01;1;1;4;2;2000.0;1;2;6;-1;-1; -1;-1
202400026962;203 924 914;155 734 254;B01;1;1;1;2;1981.0;5;1;-1;-1;-1; -1;-1
202400026964;203 924 909;155 734 249;B01;1;1;3;1;1982.0;0;1;0;-1;-1; -1;-1
202400026964;203 924 910;155 734 250;A01;1;1;1;1;1999.0;4;1;0;-1;-1; -1;-1
202400026968;203 924 894;155 734 237;A01;1;1;4;2;1963.0;0;1;-1;-1;0;0;-1
202400026968;203 924 895;155 734 238;B01;1;1;4;1;1966.0;0;1;-1;-1;0;0;-1
202400026970;203 924 888;155 734 234;B01;2;2;4;1;1996.0;1;1;0;-1;-1; -1;-1
202400026970;203 924 889;155 734 234;B01;1;1;1;1;1974.0;1;1;0;-1;-1; -1;-1
202400026970;203 924 890;155 734 235;C01;1;1;4;1;1969.0;0;1;0;-1;-1; -1;-1
202400026970;203 924 892;155 734 236;A01;1;1;4;2;1984.0;1;1;0;-1;-1; -1;-1
202400027017;203 924 783;155 734 145;A01;1;1;3;2;1976.0;5;0;-1;-1;0;0;-1
202400027031;203 924 757;155 734 123;A01;1;1;4;1;1979.0;9;1;8;-1;-1; -1;-1
202400027032;203 924 756;155 734 122;A01;1;1;3;1;1964.0;0;2;8;-1;-1; -1;-1
202400027055;203 924 706;155 734 080;A01;10;3;4;1;1966.0;0;0;-1;-1;2;3;1
202400027055;203 924 707;155 734 080;A01;1;1;1;1;1972.0;0;1;0;-1;-1; -1;-1
202400027056;203 924 704;155 734 078;B01;1;1;1;1;1984.0;0;1;8;-1;-1; -1;-1
202400027056;203 924 705;155 734 079;A01;1;1;4;1;1990.0;5;8;8;-1;-1; -1;-1
202400027058;203 924 696;155 734 074;A01;1;1;1;1;1986.0;0;1;0;-1;-1; -1;-1
202400027058;203 924 698;155 734 075;B01;2;2;1;1;1960.0;5;1;0;-1;-1; -1;-1
202400027058;203 924 699;155 734 075;B01;3;2;4;2;2024.0;5;3;0;-1;-1; -1;-1
202400027058;203 924 700;155 734 075;B01;4;2;1;2;1963.0;5;1;0;-1;-1; -1;-1
202400027058;203 924 703;155 734 075;B01;1;1;1;1;1990.0;5;1;0;-1;-1; -1;-1
202400027093;203 924 617;155 734 012;B01;1;1;3;1;1998.0;4;2;0;-1;-1; -1;-1
202400027093;203 924 618;155 734 013;A01;2;2;1;2;1993.0;4;1;0;-1;-1; -1;-1
202400027093;203 924 619;155 734 013;A01;1;1;1;2;1991.0;4;1;0;-1;-1; -1;-1
202400027133;203 924 509;155 733 924;B01;1;1;4;1;1995.0;0;2;0;0;-1; -1;-1
202400027133;203 924 511;155 733 926;A01;1;1;1;1;1995.0;0;1;0;0;-1; -1;-1
202400027144;203 924 489;155 733 908;A01;1;1;4;2;1995.0;9;1;0;0;-1; -1;-1
202400027144;203 924 490;155 733 909;B01;1;1;1;1;1998.0;9;1;0;0;-1; -1;-1
202400027148;203 924 479;155 733 901;A01;10;3;4;1;2014.0;0;0;0;0;2;3;1
202400027148;203 924 480;155 733 901;A01;1;1;1;1;1991.0;1;2;0;0;-1; -1;-1
202400027155;203 924 461;155 733 889;A01;1;1;1;2;1998.0;0;1;0;0;-1; -1;-1
202400027155;203 924 463;155 733 891;B01;1;1;4;1;1995.0;0;2;0;0;-1; -1;-1
202400027155;203 924 466;155 733 891;B01;2;2;4;2;2001.0;0;2;0;0;-1; -1;-1
202400027164;203 924 440;155 733 871;A01;1;1;4;1;1972.0;3;2;8;-1;0;0;-1
202400027164;203 924 441;155 733 873;B01;1;1;1;2;1985.0;3;1;0;-1;0;0;-1
202400027178;203 924 414;155 733 851;A01;1;1;1;1;1980.0;9;1;-1;-1;0;0;-1
202400027178;203 924 415;155 733 852;B01;1;1;3;1;2009.0;0;2;-1;-1;0;0;-1
202400027179;203 924 409;155 733 847;B01;1;1;4;1;2009.0;0;2;0;-1;-1; -1;-1
202400027179;203 924 410;155 733 847;B01;2;2;4;1;2008.0;0;2;0;-1;-1; -1;-1
202400027179;203 924 412;155 733 849;A01;1;1;1;1;1987.0;0;1;0;-1;-1; -1;-1
202400027199;203 924 372;155 733 818;A01;1;1;4;1;1995.0;1;8;0;-1;-1; -1;-1
202400027199;203 924 374;155 733 819;B01;1;1;4;1;1980.0;0;8;0;-1;-1; -1;-1
202400027206;203 924 355;155 733 804;B01;1;1;1;1;1972.0;4;1;-1;-1;0;0;-1
202400027206;203 924 357;155 733 805;A01;1;1;3;1;1967.0;3;1;-1;-1;0;0;-1
202400027225;203 924 304;155 733 767;A01;2;2;1;2;2005.0;5;1;0;-1;-1; -1;-1
202400027225;203 924 305;155 733 767;A01;1;1;4;2;2005.0;5;1;0;-1;-1; -1;-1
202400027228;203 924 296;155 733 761;A01;1;1;1;1;1998.0;5;1;-1;-1;0;0;-1
202400027228;203 924 297;155 733 762;B01;1;1;3;2;1970.0;5;1;-1;-1;0;0;-1
202400027230;203 924 291;155 733 757;B01;1;1;1;1;1982.0;4;1;-1;-1;-1; -1;-1
202400027230;203 924 292;155 733 759;A01;2;2;1;2;1945.0;0;1;-1;-1;-1; -1;-1
202400027230;203 924 294;155 733 759;A01;1;1;4;2;1943.0;0;1;-1;-1;-1; -1;-1
202400027232;203 924 286;155 733 753;C01;2;2;4;2;1960.0;9;1;-1;-1;-1; -1;-1
202400027232;203 924 287;155 733 753;C01;1;1;1;1;1973.0;9;1;-1;-1;-1; -1;-1
202400027232;203 924 288;155 733 754;A01;1;1;4;2;1982.0;5;1;-1;-1;-1;0;-1
202400027232;203 924 289;155 733 755;B01;1;1;1;2;1986.0;1;1;-1;-1;-1; -1;-1
202400027238;203 924 268;155 733 739;A01;1;1;4;1;1988.0;0;1;0;-1;-1; -1;-1
202400027272;203 924 195;155 733 688;A01;1;1;4;1;2009.0;9;1;-1;-1;-1; -1;-1
202400027272;203 924 196;155 733 688;A01;2;2;4;1;2006.0;9;1;-1;-1;-1; -1;-1
202400027280;203 924 180;155 733 678;A01;1;1;4;1;1980.0;0;2;8;-1;-1; -1;-1
202400027280;203 924 181;155 733 679;B01;1;1;1;2;1992.0;0;1;8;-1;-1; -1;-1
202400027288;203 924 160;155 733 661;A01;1;1;1;1;2004.0;0;1;0;-1;-1; -1;-1
202400027288;203 924 161;155 733 662;B01;10;3;4;1;2004.0;0;0;-1;-1;6;9;1
202400027288;203 924 162;155 733 662;B01;1;1;1;1;2004.0;-1;-1;0;-1;-1; -1;-1
202400027296;203 924 144;155 733 649;A01;2;2;1;1;1928.0;5;8;0;-1;-1; -1;-1
202400027296;203 924 145;155 733 649;A01;10;3;4;1;2011.0;2;0;-1;-1;2;3;1
202400027296;203 924 147;155 733 649;A01;1;1;1;2;1959.0;5;1;0;-1;-1; -1;-1
202400027304;203 924 127;155 733 633;B01;1;1;1;1;1974.0;0;1;0;-1;-1; -1;-1
202400027304;203 924 130;155 733 636;A01;1;1;4;1;2001.0;0;2;6;-1;-1; -1;-1
202400027310;203 924 111;155 733 621;A01;10;3;4;2;2013.0;0;0;-1;-1;1;3;1
202400027310;203 924 112;155 733 621;A01;1;1;1;1;1982.0;0;1;-1;-1;0;0;-1
202400027321;203 924 091;155 733 604;A01;1;1;4;1;1974.0;4;8;0;-1;-1; -1;-1
202400027322;203 924 089;155 733 601;A01;1;1;1;2;1981.0;0;1;-1;-1;-1; -1;-1
202400027322;203 924 090;155 733 603;B01;1;1;4;1;1997.0;0;8;-1;-1;-1; -1;-1
202400027339;203 924 054;155 733 572;A01;1;1;1;2;1994.0;9;1;8;-1;5;1;1
202400027339;203 924 057;155 733 572;A01;10;3;2;1;1934.0;5;0;-1;-1;5;1;1
202400027343;203 924 042;155 733 566;A01;10;3;4;1;2016.0;5;8;8;-1;3;3;1
202400027343;203 924 045;155 733 566;A01;1;1;1;1;1941.0;0;1;0;-1;-1; -1;-1
202400027363;203 923 993;155 733 533;A01;1;1;4;1;2005.0;0;2;6;-1;-1; -1;-1
202400027363;203 923 996;155 733 535;B01;1;1;4;1;2005.0;0;1;0;-1;-1; -1;-1
202400027393;203 923 920;155 733 479;A01;1;1;1;1;1993.0;4;1;0;-1;-1; -1;-1
202400027393;203 923 921;155 733 480;B01;2;2;4;1;1979.0;4;1;0;-1;-1; -1;-1
202400027393;203 923 924;155 733 480;B01;1;1;1;1;1973.0;4;1;0;-1;-1; -1;-1
202400027396;203 923 910;155 733 471;C01;1;1;1;1;1981.0;-1;1;0;-1;-1; -1;-1
202400027396;203 923 912;155 733 474;A01;1;1;1;1;1940.0;0;1;0;-1;-1; -1;-1
202400027396;203 923 917;155 733 477;B01;2;2;4;1;1997.0;1;1;5;-1;-1; -1;-1
202400027396;203 923 918;155 733 477;B01;1;1;4;1;2000.0;1;1;5;-1;-1; -1;-1
202400027407;203 923 891;155 733 454;A01;10;3;3;1;1946.0;0;0;-1;-1;3;3;1
202400027407;203 923 892;155 733 454;A01;1;1;1;1;2006.0;2;1;0;-1;-1; -1;-1
202400027435;203 923 822;155 733 407;B01;2;2;4;2;1951.0;0;1;0;-1;-1; -1;-1
202400027435;203 923 823;155 733 407;B01;1;1;1;1;1954.0;0;1;0;-1;-1; -1;-1
202400027435;203 923 827;155 733 410;C01;3;2;1;2;1949.0;4;1;0;-1;-1; -1;-1
202400027435;203 923 828;155 733 410;C01;1;1;1;1;1965.0;4;1;0;-1;-1; -1;-1
202400027435;203 923 830;155 733 411;A01;1;1;3;1;1942.0;0;1;0;-1;-1; -1;-1
202400027437;203 923 820;155 733 405;A01;1;1;3;1;1980.0;5;2;6;-1;-1; -1;-1
202400027439;203 923 815;155 733 401;A01;1;1;1;1;1988.0;9;1;0;-1;-1; -1;-1
202400027439;203 923 817;155 733 403;B01;1;1;4;1;1996.0;9;2;8;-1;-1; -1;-1
202400027443;203 923 813;155 733 399;A01;10;3;2;1;1933.0;5;0;-1;-1;3;3;1
202400027443;203 923 814;155 733 399;A01;1;1;1;1;1940.0;5;1;0;-1;-1; -1;-1
202400027463;203 923 761;155 733 360;A01;1;1;4;2;1977.0;5;1;8;-1;0;0;-1
202400027463;203 923 763;155 733 362;B01;1;1;1;2;2004.0;5;1;0;-1;0;0;-1
202400027466;203 923 757;155 733 358;A01;10;3;4;2;1963.0;5;0;-1;-1;3;3;2
202400027466;203 923 758;155 733 358;A01;10;3;2;1;1949.0;5;0;-1;-1;3;3;2
202400027466;203 923 760;155 733 358;A01;1;1;1;1;1937.0;3;8;0;-1;0;0;-1
202400027486;203 923 713;155 733 324;A01;1;1;1;1;1990.0;0;1;0;-1;0;0;-1
202400027486;203 923 716;155 733 327;B01;1;1;4;2;1992.0;0;1;0;-1;0;0;-1
202400027493;203 923 697;155 733 311;A01;1;1;4;1;2002.0;5;2;6;-1;0;0;-1
202400027493;203 923 701;155 733 313;B01;1;1;1;1;1977.0;5;1;4;-1;0;0;-1
202400027506;203 923 672;155 733 287;A01;1;1;4;1;1960.0;5;2;6;-1;-1; -1;-1
202400027537;203 923 612;155 733 240;A01;1;1;4;1;1988.0;0;1;0;0;-1; -1;-1
202400027539;203 923 608;155 733 237;A01;1;1;2;1;1969.0;0;2;8;-1;-1; -1;-1
202400027558;203 923 566;155 733 200;A01;1;1;1;2;1987.0;4;1;0;-1;0;0;-1
202400027558;203 923 567;155 733 201;B01;1;1;3;1;1976.0;9;2;6;-1;0;0;-1
202400027561;203 923 560;155 733 195;A01;1;1;1;1;1984.0;5;1;0;0;-1; -1;-1
202400027561;203 923 562;155 733 196;B01;1;1;4;1;2002.0;1;2;6;0;-1; -1;-1
202400027562;203 923 559;155 733 194;A01;1;1;4;1;1987.0;0;1;0;-1;-1; -1;-1
202400027562;203 923 561;155 733 194;A01;10;3;4;1;1953.0;0;0;-1;-1;3;3;1
202400027578;203 923 521;155 733 167;A01;2;2;1;1;1973.0;0;1;0;-1;-1; -1;-1
202400027578;203 923 522;155 733 167;A01;10;3;4;1;1970.0;1;0;0;0;2;3;1
202400027578;203 923 524;155 733 167;A01;1;1;1;1;2001.0;4;1;0;0;-1; -1;-1
202400027581;203 923 514;155 733 162;A01;10;3;4;2;2012.0;2;0;0;0;3;3;1
202400027581;203 923 516;155 733 162;A01;1;1;1;1;1954.0;0;2;0;0;-1; -1;-1
202400027584;203 923 503;155 733 156;B01;1;1;1;1;1984.0;0;1;0;-1;-1; -1;-1
202400027584;203 923 504;155 733 157;A01;2;2;4;2;1942.0;0;1;0;-1;-1; -1;-1
202400027584;203 923 505;155 733 157;A01;1;1;4;2;1948.0;0;1;0;-1;-1; -1;-1
202400027591;203 923 487;155 733 142;Z01;1;1;1;-1;;-1;8;8;8;-1; -1;-1
202400027591;203 923 488;155 733 143;B01;1;1;3;1;1987.0;0;8;0;-1;-1; -1;-1
202400027596;203 923 472;155 733 133;A01;1;1;1;1;1972.0;4;1;0;-1;-1; -1;-1
202400027596;203 923 474;155 733 135;Y01;1;1;4;2;1950.0;5;0;-1;-1;0;0;-1
202400027601;203 923 459;155 733 127;A01;1;1;1;1;1992.0;3;1;-1;-1;0;0;-1
202400027601;203 923 460;155 733 127;A01;2;2;3;2;1978.0;3;1;-1;-1;0;0;-1
202400027603;203 923 448;155 733 121;A01;1;1;4;1;1990.0;9;-1;0;-1;0;0;-1
202400027603;203 923 451;155 733 121;A01;2;2;4;2;2002.0;9;2;8;-1;0;0;-1
202400027603;203 923 453;155 733 123;B01;1;1;1;1;1986.0;4;1;0;-1;0;0;-1
202400027629;203 923 395;155 733 080;A01;10;3;3;2;1948.0;5;0;-1;-1;6;1;1
202400027629;203 923 398;155 733 080;A01;1;1;1;1;1984.0;4;1;-1;-1;0;0;-1
202400027639;203 923 373;155 733 064;A01;7;2;3;1;1952.0;5;1;-1;-1;0;0;-1
202400027639;203 923 375;155 733 064;A01;2;2;4;1;1988.0;5;1;-1;-1;0;0;-1
202400027639;203 923 376;155 733 064;A01;1;1;4;1;1971.0;5;1;-1;-1;0;0;-1
202400027662;203 923 321;155 733 023;A01;1;1;4;1;1993.0;0;1;0;-1;-1; -1;-1
202400027662;203 923 324;155 733 025;B01;1;1;1;2;1978.0;0;1;0;-1;-1; -1;-1
202400027662;203 923 325;155 733 026;C01;1;1;1;2;1969.0;0;1;0;-1;-1; -1;-1
202400027669;203 923 305;155 733 011;A01;10;3;4;2;1947.0;0;0;-1;-1;9;B;1
202400027669;203 923 307;155 733 011;A01;1;1;1;2;1942.0;0;8;-1;-1;0;0;-1
202400027672;203 923 297;155 733 008;A01;1;1;4;1;2004.0;0;8;-1;-1;0;0;-1
202400027674;203 923 289;155 733 006;A01;1;1;1;2;1963.0;4;8;-1;-1;0;0;-1
202400027674;203 923 292;155 733 006;A01;10;3;3;1;2021.0;5;0;-1;-1;2;3;1
202400027689;203 923 256;155 732 978;A01;1;1;4;2;1960.0;0;8;-1;-1;0;0;-1
202400027712;203 923 200;155 732 936;A01;1;1;4;2;2006.0;2;2;6;-1;-1; -1;-1
202400027715;203 923 193;155 732 931;A01;10;3;4;2;1944.0;5;0;-1;-1;2;3;1
202400027715;203 923 195;155 732 931;A01;1;1;1;1;1990.0;4;1;-1;-1;-1; -1;-1
202400027720;203 923 178;155 732 920;A01;1;1;4;1;1996.0;0;2;6;-1;-1; -1;-1
202400027720;203 923 181;155 732 922;B01;1;1;1;1;1969.0;0;1;0;-1;-1; -1;-1
202400027720;203 923 184;155 732 925;C01;1;1;1;1;1990.0;0;2;5;-1;-1; -1;-1
202400027740;203 923 140;155 732 889;A01;1;1;3;1;1955.0;0;2;6;-1;-1; -1;-1
202400027740;203 923 142;155 732 891;B01;1;1;1;1;1997.0;5;1;8;-1;-1; -1;-1
202400027746;203 923 123;155 732 874;A01;1;1;3;1;2002.0;5;1;-1;-1;0;0;-1
202400027746;203 923 127;155 732 878;B01;1;1;3;1;1956.0;5;1;-1;-1;0;0;-1
202400027757;203 923 096;155 732 852;A01;1;1;4;2;1946.0;0;1;-1;-1;0;0;-1
202400027757;203 923 101;155 732 858;B01;2;2;3;2;1988.0;5;2;-1;-1;0;0;-1
202400027757;203 923 103;155 732 858;B01;1;1;3;1;1983.0;5;2;6;-1;0;0;-1
202400027768;203 923 075;155 732 835;A01;1;1;4;1;1991.0;0;2;0;-1;-1; -1;-1
202400027779;203 923 048;155 732 816;A01;2;2;4;1;2004.0;5;1;-1;-1;0;0;-1
202400027779;203 923 050;155 732 816;A01;8;2;4;1;2005.0;5;0;-1;-1;0;0;-1
202400027779;203 923 051;155 732 816;A01;1;1;1;1;2006.0;5;1;-1;-1;0;0;-1
202400027779;203 923 053;155 732 818;B01;2;2;4;2;1951.0;5;1;-1;-1;0;0;-1
202400027779;203 923 055;155 732 818;B01;1;1;4;1;1951.0;5;1;-1;-1;0;0;-1
202400027814;203 922 967;155 732 757;B01;10;3;4;1;1949.0;9;8;-1;-1;3;3;1
202400027814;203 922 970;155 732 757;B01;1;1;1;1;1981.0;0;1;-1;-1;3;3;1
202400027823;203 922 946;155 732 743;A01;10;3;4;2;1997.0;9;0;-1;-1;3;3;1
202400027823;203 922 947;155 732 743;A01;1;1;1;1;1993.0;5;2;0;-1;-1; -1;-1
202400027829;203 922 922;155 732 723;A01;1;1;1;1;1992.0;4;1;0;-1;0;0;-1
202400027829;203 922 926;155 732 725;B01;4;2;4;2;1992.0;1;1;0;-1;0;0;-1
202400027829;203 922 928;155 732 725;B01;1;1;1;1;1994.0;4;1;0;-1;0;0;-1
202400027892;203 922 793;155 732 615;B01;1;1;3;1;2000.0;0;2;-1;-1;0;0;-1
202400027892;203 922 800;155 732 619;A01;1;1;1;2;1984.0;4;8;-1;-1;0;0;-1
202400027912;203 922 753;155 732 578;A01;1;1;4;2;1998.0;0;1;0;-1;-1; -1;-1
202400027912;203 922 756;155 732 582;B01;1;1;1;2;1993.0;0;1;0;-1;-1; -1;-1
202400027919;203 922 740;155 732 570;A01;1;1;4;2;2004.0;1;1;8;-1;-1; -1;-1
202400027926;203 922 727;155 732 558;A01;10;3;4;1;1948.0;0;0;-1;-1;3;3;1
202400027926;203 922 728;155 732 558;A01;1;1;1;1;1982.0;0;1;0;-1;-1; -1;-1
202400027949;203 922 683;155 732 523;A01;10;3;4;1;2004.0;5;0;-1;-1;1;3;1
202400027949;203 922 684;155 732 523;A01;1;1;1;2;1999.0;5;1;-1;-1;-1; -1;-1
202400027958;203 922 662;155 732 507;A01;1;1;1;1;2000.0;4;1;4;-1;0;0;-1
202400027958;203 922 665;155 732 509;B01;2;2;4;2;1999.0;5;1;0;-1;0;0;-1
202400027958;203 922 666;155 732 509;B01;1;1;1;1;2001.0;5;1;4;-1;0;0;-1
202400027967;203 922 636;155 732 488;A01;1;1;3;1;1941.0;5;1;-1;-1;0;0;-1
202400027967;203 922 642;155 732 493;B01;1;1;1;1;1967.0;0;1;-1;-1;0;0;-1
202400027986;203 922 584;155 732 448;A01;1;1;1;1;1982.0;4;1;0;-1;0;0;-1
202400027986;203 922 587;155 732 452;B01;1;1;1;1;1994.0;5;1;0;-1;0;0;-1
202400027986;203 922 588;155 732 453;C01;1;1;3;1;2004.0;5;2;6;-1;0;0;-1
202400028006;203 922 527;155 732 413;A01;1;1;3;1;2003.0;9;1;8;-1;-1; -1;-1
202400028006;203 922 528;155 732 413;A01;2;2;1;2;2002.0;0;1;8;-1;-1; -1;-1
202400028028;203 922 467;155 732 377;A01;1;1;4;2;1980.0;1;1;0;-1;0;0;-1
202400028032;203 922 458;155 732 368;A01;1;1;4;1;1995.0;1;2;6;-1;0;0;-1
202400028036;203 922 452;155 732 363;A01;10;3;4;2;1998.0;9;0;-1;-1;4;3;1
202400028036;203 922 454;155 732 363;A01;1;1;1;1;1997.0;9;1;0;-1;0;0;-1
202400028046;203 922 427;155 732 345;A01;1;1;1;1;1995.0;4;1;0;-1;0;0;-1
202400028046;203 922 428;155 732 346;B01;1;1;4;1;2006.0;5;8;0;-1;0;0;-1
202400028054;203 922 411;155 732 333;A01;1;1;1;1;1979.0;4;1;0;-1;-1; -1;-1
202400028054;203 922 413;155 732 335;B01;1;1;4;1;1966.0;4;2;6;-1;-1; -1;-1
202400028060;203 922 399;155 732 324;A01;2;2;4;2;2009.0;2;8;-1;-1;0;0;-1
202400028060;203 922 400;155 732 324;A01;1;1;4;2;2009.0;2;8;-1;-1;0;0;-1
202400028067;203 922 386;155 732 313;A01;10;3;4;1;1930.0;1;0;-1;-1;4;3;1
202400028067;203 922 388;155 732 313;A01;1;1;1;1;1969.0;1;8;0;-1;-1; -1;-1
202400028069;203 922 376;155 732 309;A01;10;3;4;1;2020.0;2;0;-1;-1;2;3;2
202400028069;203 922 378;155 732 309;A01;1;1;1;1;1968.0;1;1;0;-1;-1; -1;-1
202400028069;203 922 381;155 732 309;A01;10;3;1;2;1985.0;2;0;-1;-1;2;3;2
202400028071;203 922 371;155 732 306;B01;1;1;1;1;1981.0;4;1;0;0;-1; -1;-1
202400028071;203 922 372;155 732 307;A01;2;2;1;1;2003.0;4;1;0;0;-1; -1;-1
202400028071;203 922 373;155 732 307;A01;2;2;1;1;1998.0;4;1;0;0;-1; -1;-1
202400028071;203 922 374;155 732 307;A01;1;1;4;2;1998.0;4;1;0;0;-1; -1;-1
202400028078;203 922 355;155 732 292;A01;1;1;1;1;2001.0;0;1;0;0;-1; -1;-1
202400028078;203 922 357;155 732 292;A01;10;3;3;2;1974.0;0;0;0;0;9;9;1
202400028082;203 922 348;155 732 285;B01;1;1;4;1;1995.0;0;1;0;0;-1; -1;-1
202400028082;203 922 350;155 732 288;A01;1;1;1;2;1993.0;2;1;0;0;-1; -1;-1
202400028102;203 922 297;155 732 252;A01;4;2;4;2;1994.0;5;0;-1;-1;0;0;-1
202400028102;203 922 299;155 732 252;A01;3;2;3;1;1993.0;5;0;-1;-1;0;0;-1
202400028102;203 922 300;155 732 252;A01;5;2;1;2;1975.0;5;0;-1;-1;0;0;-1
202400028102;203 922 301;155 732 252;A01;3;2;1;1;1984.0;5;0;-1;-1;0;0;-1
202400028102;203 922 303;155 732 252;A01;3;2;1;2;1984.0;5;0;-1;-1;0;0;-1
202400028102;203 922 307;155 732 252;A01;1;1;4;1;1970.0;5;0;-1;-1;0;0;-1
202400028102;203 922 308;155 732 252;A01;5;2;1;1;2008.0;5;0;-1;-1;0;0;-1
202400028105;203 922 291;155 732 246;A01;1;1;1;1;2001.0;1;1;-1;-1;-1; -1;-1
202400028105;203 922 293;155 732 249;B01;1;1;4;1;1993.0;0;1;-1;-1;-1; -1;-1
202400028111;203 922 278;155 732 236;A01;1;1;3;1;1987.0;5;1;-1;-1;0;0;-1
202400028111;203 922 280;155 732 238;B01;1;1;4;1;1978.0;4;1;-1;-1;0;0;-1
202400028119;203 922 262;155 732 223;B01;1;1;3;2;1978.0;1;1;-1;-1;0;0;-1
202400028119;203 922 264;155 732 225;A01;1;1;4;1;2004.0;5;1;-1;-1;0;0;-1
202400028126;203 922 247;155 732 211;A01;1;1;4;2;1994.0;1;1;-1;-1;0;0;-1
202400028149;203 922 195;155 732 174;A01;1;1;1;-1;;-1;-1;-1;-1;-1; -1;-1
202400028149;203 922 196;155 732 174;A01;10;3;4;1;1953.0;5;0;-1;-1;3;3;2
202400028157;203 922 176;155 732 159;A01;2;2;3;1;2009.0;9;8;-1;-1;0;0;-1
202400028157;203 922 177;155 732 159;A01;9;2;1;1;2009.0;9;8;-1;-1;0;0;-1
202400028157;203 922 179;155 732 159;A01;1;1;4;1;2007.0;9;8;-1;-1;0;0;-1
202400028158;203 922 173;155 732 156;A01;1;1;3;1;1988.0;0;8;-1;-1;0;0;-1
202400028159;203 922 171;155 732 155;A01;7;2;1;1;2019.0;2;1;-1;-1;0;0;-1
202400028159;203 922 172;155 732 155;A01;1;1;1;2;1985.0;1;1;-1;-1;0;0;-1
202400028159;203 922 174;155 732 157;B01;1;1;3;1;2010.0;5;0;-1;-1;0;0;-1
202400028167;203 922 144;155 732 140;B01;1;1;1;1;1983.0;0;1;0;-1;-1; -1;-1
202400028167;203 922 147;155 732 143;A01;1;1;4;1;1993.0;0;1;0;-1;-1; -1;-1
202400028178;203 922 115;155 732 120;A01;1;1;4;1;1999.0;5;2;6;-1;-1; -1;-1
202400028193;203 922 082;155 732 094;A01;1;1;1;1;1987.0;0;1;0;-1;0;0;-1
202400028193;203 922 083;155 732 095;B01;2;2;4;1;2009.0;0;8;0;-1;0;0;-1
202400028193;203 922 084;155 732 095;B01;1;1;4;1;2008.0;0;8;0;-1;0;0;-1
202400028202;203 922 061;155 732 080;A01;4;2;3;1;1999.0;5;1;-1;-1;0;0;-1
202400028202;203 922 063;155 732 080;A01;2;2;1;2;1998.0;5;1;-1;-1;0;0;-1
202400028202;203 922 065;155 732 080;A01;1;1;3;1;1997.0;5;1;-1;-1;0;0;-1
202400028202;203 922 066;155 732 082;C01;4;2;3;2;1959.0;5;1;-1;-1;0;0;-1
202400028202;203 922 067;155 732 082;C01;2;2;1;2;1960.0;5;1;-1;-1;0;0;-1
202400028202;203 922 069;155 732 082;C01;1;1;3;1;1963.0;5;1;-1;-1;0;0;-1
202400028202;203 922 070;155 732 084;B01;1;1;1;2;2005.0;5;1;-1;-1;0;0;-1
202400028222;203 922 021;155 732 049;A01;1;1;3;1;1971.0;5;2;6;9;0;0;-1
202400028222;203 922 023;155 732 049;A01;2;2;2;2;1970.0;5;2;6;9;0;0;-1
202400028233;203 922 003;155 732 032;A01;1;1;3;1;1984.0;0;2;-1;-1;0;0;-1
202400028233;203 922 006;155 732 035;B01;1;1;1;2;1983.0;0;1;-1;-1;0;0;-1
202400028234;203 921 998;155 732 030;A01;10;3;3;1;1953.0;0;0;0;0;3;3;1
202400028234;203 922 000;155 732 030;A01;1;1;1;1;1983.0;0;2;6;0;-1; -1;-1
202400028241;203 921 977;155 732 017;A01;1;1;4;1;1955.0;5;8;-1;-1;0;0;-1
202400028245;203 921 969;155 732 011;A01;1;1;3;1;1964.0;5;1;-1;-1;0;0;-1
202400028245;203 921 971;155 732 011;A01;2;2;1;1;1936.0;5;1;-1;-1;0;0;-1
202400028249;203 921 961;155 732 006;A01;2;2;2;2;1978.0;5;2;6;9;0;0;-1
202400028249;203 921 962;155 732 006;A01;1;1;3;1;1989.0;5;2;6;9;0;0;-1
202400028264;203 921 921;155 731 979;A01;2;2;4;2;1965.0;5;1;-1;-1;0;0;-1
202400028264;203 921 924;155 731 979;A01;1;1;1;1;1969.0;5;1;-1;-1;0;0;-1
202400028266;203 921 920;155 731 977;B01;1;1;3;1;2001.0;5;2;6;-1;0;0;-1
202400028266;203 921 922;155 731 978;A01;1;1;1;2;1966.0;0;1;-1;-1;0;0;-1
202400028269;203 921 910;155 731 969;B01;1;1;4;2;1955.0;5;0;-1;-1;0;0;-1
202400028269;203 921 913;155 731 972;A01;1;1;2;2;1952.0;5;0;-1;-1;0;0;-1
202400028278;203 921 890;155 731 956;B01;1;1;3;1;1989.0;5;2;6;-1;0;0;-1
202400028278;203 921 893;155 731 958;A01;1;1;1;1;1969.0;5;1;-1;-1;0;0;-1
202400028284;203 921 879;155 731 949;A01;1;1;4;1;2002.0;5;1;0;-1;0;0;-1
202400028297;203 921 847;155 731 923;B01;2;2;4;1;2018.0;0;8;0;-1;-1; -1;-1
202400028297;203 921 848;155 731 923;B01;2;2;4;2;2019.0;0;8;0;-1;-1; -1;-1
202400028297;203 921 850;155 731 923;B01;2;2;4;2;2017.0;0;2;0;-1;-1; -1;-1
202400028297;203 921 851;155 731 923;B01;1;1;1;1;1995.0;0;2;0;-1;-1; -1;-1
202400028297;203 921 854;155 731 927;A01;1;1;1;2;1984.0;0;1;0;-1;-1; -1;-1
202400028339;203 921 748;155 731 851;A01;10;3;3;2;1947.0;5;0;-1;-1;3;3;1
202400028339;203 921 750;155 731 851;A01;1;1;1;1;1936.0;5;1;0;-1;-1; -1;-1
202400028348;203 921 733;155 731 838;A01;1;1;4;1;1986.0;0;2;6;-1;-1; -1;-1
202400028348;203 921 736;155 731 841;B01;1;1;1;1;1964.0;4;1;0;-1;-1; -1;-1
202400028426;203 921 563;155 731 700;B01;1;1;4;1;1975.0;1;2;6;0;-1; -1;-1
202400028426;203 921 564;155 731 701;A01;1;1;1;2;1979.0;1;1;0;0;-1; -1;-1
202400028436;203 921 542;155 731 680;B01;1;1;1;1;1964.0;0;1;-1;-1;0;0;-1
202400028436;203 921 543;155 731 681;A01;1;1;3;2;1971.0;0;2;-1;-1;0;0;-1
202400028447;203 921 514;155 731 663;A01;2;2;1;2;2001.0;5;1;-1;-1;0;0;-1
202400028447;203 921 515;155 731 663;A01;1;1;4;1;1998.0;5;1;-1;-1;0;0;-1
202400028447;203 921 516;155 731 664;B01;1;1;1;1;1989.0;1;1;-1;-1;0;0;-1
202400028448;203 921 512;155 731 661;A01;1;1;2;1;1951.0;5;1;-1;-1;0;0;-1
202400028448;203 921 513;155 731 662;B01;1;1;3;1;1965.0;4;0;-1;-1;0;0;-1
202400028450;203 921 507;155 731 658;B01;1;1;1;1;1987.0;0;1;-1;-1;0;0;-1
202400028450;203 921 508;155 731 659;A01;2;2;3;2;1975.0;0;1;-1;-1;0;0;-1
202400028450;203 921 509;155 731 659;A01;1;1;3;2;1970.0;0;1;-1;-1;0;0;-1
202400028460;203 921 482;155 731 637;B01;1;1;1;2;1993.0;5;1;-1;-1;-1; -1;-1
202400028460;203 921 483;155 731 638;A01;1;1;4;1;1999.0;5;1;-1;-1;-1; -1;-1
202400028460;203 921 484;155 731 639;C01;2;2;1;1;1996.0;5;1;-1;-1;-1; -1;-1
202400028460;203 921 485;155 731 639;C01;4;2;1;2;1999.0;5;1;-1;-1;-1; -1;-1
202400028460;203 921 486;155 731 639;C01;1;1;1;2;2000.0;5;1;-1;-1;-1; -1;-1
202400028460;203 921 487;155 731 640;D01;1;1;1;1;1998.0;5;1;-1;-1;-1; -1;-1
202400028502;203 921 364;155 731 561;A01;1;1;4;1;2000.0;5;1;8;-1;-1; -1;-1
202400028502;203 921 365;155 731 561;A01;2;2;4;1;2001.0;0;1;0;-1;-1; -1;-1
202400028506;203 921 354;155 731 554;A01;10;3;3;2;1978.0;5;0;-1;-1;4;3;1
202400028506;203 921 355;155 731 554;A01;1;1;1;1;1992.0;5;1;0;-1;-1; -1;-1
202400028516;203 921 329;155 731 538;A01;1;1;4;2;1999.0;0;1;-1;-1;-1; -1;-1
202400028516;203 921 330;155 731 539;B01;1;1;1;1;2003.0;1;1;-1;-1;-1; -1;-1
202400028517;203 921 328;155 731 537;A01;1;1;4;1;2005.0;5;2;8;-1;-1; -1;-1
202400028527;203 921 306;155 731 521;A01;10;3;4;1;1994.0;5;0;-1;-1;4;3;1
202400028527;203 921 307;155 731 521;A01;1;1;1;1;1991.0;5;1;0;-1;4;3;1
202400028533;203 921 294;155 731 512;A01;1;1;4;1;1986.0;1;2;6;-1;0;0;-1
202400028533;203 921 295;155 731 513;B01;1;1;1;1;1964.0;1;1;0;-1;0;0;-1
202400028548;203 921 266;155 731 489;B01;10;3;1;1;1994.0;4;0;0;0;5;A;1
202400028548;203 921 267;155 731 490;A01;1;1;4;1;1976.0;9;1;0;-1;-1; -1;-1
202400028554;203 921 252;155 731 480;A01;1;1;2;1;2005.0;1;1;-1;-1;0;0;-1
202400028557;203 921 248;155 731 476;A01;1;1;4;1;1999.0;5;2;6;-1;0;0;-1
202400028561;203 921 237;155 731 470;A01;1;1;1;1;2002.0;5;1;-1;-1;0;0;-1
202400028561;203 921 238;155 731 471;B01;1;1;2;1;1965.0;5;2;-1;-1;0;0;-1
202400028568;203 921 224;155 731 460;A01;2;2;2;2;1999.0;0;8;-1;-1;0;0;-1
202400028568;203 921 225;155 731 460;A01;1;1;2;1;1999.0;0;8;-1;-1;0;0;-1
202400028570;203 921 218;155 731 456;A01;1;1;4;2;1983.0;5;1;-1;-1;0;0;-1
202400028570;203 921 219;155 731 457;B01;2;2;4;1;2004.0;5;1;-1;-1;0;0;-1
202400028570;203 921 220;155 731 457;B01;7;2;3;2;2004.0;5;0;-1;-1;0;0;-1
202400028570;203 921 221;155 731 457;B01;1;1;1;1;2004.0;5;1;-1;-1;0;0;-1
202400028588;203 921 178;155 731 426;B01;1;1;1;1;1993.0;9;1;-1;-1;0;0;-1
202400028588;203 921 179;155 731 427;A01;1;1;3;2;1955.0;9;1;-1;-1;0;0;-1
202400028590;203 921 170;155 731 424;A01;1;1;3;1;1989.0;5;1;-1;-1;0;0;-1
202400028592;203 921 166;155 731 421;B01;1;1;1;2;1956.0;9;1;-1;-1;0;0;-1
202400028592;203 921 167;155 731 422;A01;1;1;1;2;1957.0;5;1;-1;-1;0;0;-1
202400028592;203 921 168;155 731 422;A01;2;2;3;2;1930.0;5;1;-1;-1;0;0;-1
202400028596;203 921 160;155 731 417;A01;2;2;3;1;1945.0;5;1;-1;-1;0;0;-1
202400028596;203 921 161;155 731 417;A01;1;1;1;2;1952.0;5;1;-1;-1;0;0;-1
202400028597;203 921 155;155 731 415;B01;2;2;4;2;2005.0;2;1;-1;-1;0;0;-1
202400028597;203 921 156;155 731 415;B01;1;1;1;2;2005.0;2;1;-1;-1;0;0;-1
202400028597;203 921 157;155 731 416;A01;2;2;1;2;2001.0;5;1;-1;-1;0;0;-1
202400028597;203 921 158;155 731 416;A01;9;2;1;2;2022.0;5;1;9;-1;0;0;-1
202400028597;203 921 159;155 731 416;A01;1;1;1;1;1997.0;5;1;-1;-1;0;0;-1
202400028599;203 921 148;155 731 412;A01;1;1;2;1;1979.0;5;0;-1;-1;0;0;-1
202400028613;203 921 107;155 731 386;B01;1;1;1;1;1956.0;5;1;-1;-1;0;0;-1
202400028613;203 921 108;155 731 387;A01;1;1;4;1;2001.0;5;2;6;-1;0;0;-1
202400028655;203 921 021;155 731 315;A01;1;1;3;2;1964.0;5;8;0;-1;-1; -1;-1
202400028658;203 921 015;155 731 310;B01;1;1;4;1;1980.0;0;2;6;-1;-1; -1;-1
202400028658;203 921 016;155 731 311;A01;1;1;1;1;1964.0;1;1;0;-1;-1; -1;-1
202400028660;203 921 011;155 731 307;A01;10;3;3;2;1937.0;5;0;-1;-1;2;3;1
202400028660;203 921 012;155 731 307;A01;1;1;1;2;2001.0;0;1;0;-1;-1; -1;-1
202400028675;203 920 976;155 731 282;A01;10;3;4;2;1987.0;5;0;-1;-1;3;3;1
202400028675;203 920 977;155 731 282;A01;1;1;1;2;1991.0;1;8;0;-1;-1; -1;-1
202400028693;203 920 932;155 731 251;B01;1;1;4;1;1976.0;5;2;0;0;-1; -1;-1
202400028693;203 920 933;155 731 253;A01;1;1;1;1;1982.0;5;1;0;0;-1; -1;-1
202400028706;203 920 908;155 731 233;A01;1;1;3;2;1957.0;5;0;-1;-1;0;0;-1
202400028725;203 920 866;155 731 201;A01;1;1;3;1;1981.0;4;2;6;-1;0;0;-1
202400028728;203 920 855;155 731 191;A01;1;1;3;1;1982.0;0;6;2;-1;0;0;-1
202400028742;203 920 821;155 731 164;A01;1;1;3;1;1969.0;5;1;-1;-1;0;0;-1
202400028772;203 920 760;155 731 116;B01;1;1;4;1;1983.0;5;2;6;-1;0;0;-1
202400028772;203 920 762;155 731 118;A01;1;1;3;2;2004.0;5;1;-1;-1;0;0;-1
202400028787;203 920 720;155 731 086;B01;1;1;4;2;1997.0;9;8;0;0;-1; -1;-1
202400028787;203 920 722;155 731 087;A01;1;1;1;2;1997.0;0;1;0;0;-1; -1;-1
202400028787;203 920 723;155 731 089;C01;1;1;1;1;1964.0;9;8;0;0;-1; -1;-1
202400028787;203 920 724;155 731 089;C01;4;2;1;1;1976.0;0;1;0;0;-1; -1;-1
202400028787;203 920 725;155 731 089;C01;3;2;4;2;1971.0;0;8;0;0;-1; -1;-1
202400028797;203 920 697;155 731 066;B01;1;1;1;1;1999.0;9;1;0;0;-1; -1;-1
202400028797;203 920 698;155 731 067;A01;1;1;4;1;1990.0;0;2;6;0;-1; -1;-1
202400028810;203 920 672;155 731 046;B01;1;1;4;1;1993.0;0;0;-1;-1;0;0;-1
202400028810;203 920 673;155 731 047;A01;1;1;1;2;1999.0;5;1;-1;-1;0;0;-1
202400028812;203 920 668;155 731 043;A01;1;1;4;2;1967.0;5;2;6;-1;0;0;-1
202400028825;203 920 641;155 731 019;A01;2;2;1;2;1962.0;3;1;-1;-1;0;0;-1
202400028825;203 920 642;155 731 019;A01;10;3;2;1;1948.0;5;0;-1;-1;2;3;1
202400028825;203 920 644;155 731 019;A01;1;1;1;1;1962.0;3;1;-1;-1;0;0;-1
202400028852;203 920 580;155 730 970;A01;1;1;4;1;1960.0;5;1;-1;-1;0;0;-1
202400028852;203 920 582;155 730 971;B01;1;1;3;1;2006.0;0;2;6;-1;0;0;-1
202400028853;203 920 577;155 730 969;A01;2;2;4;1;2008.0;0;8;-1;-1;0;0;-1
202400028853;203 920 578;155 730 969;A01;3;2;4;1;2015.0;0;8;-1;-1;0;0;-1
202400028853;203 920 579;155 730 969;A01;4;2;4;1;2013.0;0;8;-1;-1;0;0;-1
202400028853;203 920 581;155 730 969;A01;1;1;4;1;2003.0;0;8;-1;-1;0;0;-1
202400028859;203 920 566;155 730 959;A01;1;1;1;1;1988.0;5;1;-1;-1;0;0;-1
202400028859;203 920 567;155 730 960;B01;1;1;4;2;1970.0;5;1;-1;-1;0;0;-1
202400028878;203 920 530;155 730 930;B01;1;1;1;1;2004.0;4;1;-1;-1;0;0;-1
202400028878;203 920 532;155 730 932;A01;1;1;4;1;1999.0;1;1;-1;-1;0;0;-1
202400028908;203 920 458;155 730 876;A01;1;1;4;2;1986.0;1;1;0;-1;-1; -1;-1
202400028908;203 920 460;155 730 878;B01;1;1;4;2;1979.0;1;1;0;-1;-1; -1;-1
202400028933;203 920 407;155 730 836;A01;1;1;4;1;1999.0;0;1;5;-1;-1; -1;-1
202400028962;203 920 340;155 730 785;A01;10;3;4;2;1993.0;5;0;-1;-1;1;3;1
202400028962;203 920 341;155 730 785;A01;1;1;1;-1;;-1;-1;-1;-1;-1; -1;-1
202400028973;203 920 311;155 730 765;A01;1;1;4;1;1972.0;0;2;6;-1;-1; -1;-1
202400028973;203 920 312;155 730 766;B01;1;1;1;2;1954.0;9;1;0;-1;-1; -1;-1
202400028977;203 920 301;155 730 758;A01;1;1;4;1;1977.0;5;1;0;-1;-1; -1;-1
202400028977;203 920 302;155 730 759;B01;1;1;1;1;1962.0;5;1;0;-1;-1; -1;-1
202400028977;203 920 303;155 730 759;B01;2;2;1;2;1965.0;5;1;0;0;-1; -1;-1
202400028984;203 920 285;155 730 746;A01;1;1;1;1;1980.0;5;1;-1;-1;0;0;-1
202400028984;203 920 286;155 730 747;B01;1;1;4;1;1960.0;5;2;6;-1;0;0;-1
202400028986;203 920 279;155 730 743;A01;1;1;3;1;1986.0;5;1;-1;-1;0;0;-1
202400028990;203 920 272;155 730 736;B01;1;1;3;2;2005.0;0;2;6;-1;0;0;-1
202400028990;203 920 273;155 730 737;A01;1;1;1;1;1995.0;4;8;-1;-1;0;0;-1
202400028997;203 920 240;155 730 715;B01;1;1;4;1;1986.0;4;1;-1;-1;0;0;-1
202400028997;203 920 241;155 730 716;A01;2;2;4;2;1992.0;5;1;-1;-1;0;0;-1
202400028997;203 920 242;155 730 716;A01;1;1;4;1;2000.0;5;1;-1;-1;0;0;-1
202400029022;203 920 180;155 730 674;A01;1;1;4;1;1975.0;1;2;6;-1;0;0;-1
202400029029;203 920 163;155 730 661;A01;10;3;3;2;2006.0;3;0;-1;-1;1;9;1
202400029029;203 920 164;155 730 661;A01;1;1;1;-1;;-1;-1;-1;-1;-1; -1;-1
202400029038;203 920 144;155 730 646;A01;1;1;4;2;2006.0;5;1;0;-1;-1; -1;-1
202400029038;203 920 145;155 730 646;A01;2;2;4;2;2006.0;0;1;0;-1;-1; -1;-1
202400029038;203 920 147;155 730 648;B01;1;1;1;-1;;-1;0;-1;-1;-1; -1;-1
202400029042;203 920 137;155 730 639;A01;1;1;4;1;1994.0;0;2;6;-1;-1; -1;-1
202400029042;203 920 140;155 730 642;B01;1;1;4;1;2008.0;2;8;0;-1;-1; -1;-1
202400029061;203 920 096;155 730 604;A01;1;1;1;1;2003.0;4;1;-1;-1;0;0;-1
202400029061;203 920 100;155 730 608;B01;1;1;3;2;1944.0;5;0;-1;-1;0;0;-1
202400029079;203 920 058;155 730 574;A01;1;1;4;1;2003.0;5;2;6;-1;0;0;-1
202400029082;203 920 047;155 730 566;A01;1;1;3;1;1981.0;0;2;-1;-1;0;0;-1
202400029082;203 920 048;155 730 567;B01;1;1;1;2;2003.0;0;1;-1;-1;0;0;-1
202400029084;203 920 040;155 730 562;A01;1;1;3;1;2005.0;1;2;6;9;0;0;-1
202400029094;203 920 013;155 730 543;A01;1;1;3;2;1983.0;4;1;-1;-1;0;0;-1
202400029094;203 920 015;155 730 544;B01;1;1;4;2;1978.0;0;1;-1;-1;0;0;-1
202400029102;203 920 000;155 730 532;A01;1;1;2;1;1952.0;9;1;-1;-1;0;0;-1
202400029104;203 919 996;155 730 529;A01;1;1;1;-1;;-1;-1;-1;-1;-1; -1;-1
202400029104;203 919 998;155 730 529;A01;2;2;4;1;1958.0;0;8;-1;-1;0;0;-1
202400029110;203 919 977;155 730 518;A01;10;3;3;1;2016.0;0;0;-1;-1;2;3;2
202400029110;203 919 979;155 730 518;A01;1;1;1;1;1978.0;4;1;0;-1;-1; -1;-1
202400029117;203 919 958;155 730 504;A01;1;1;1;1;1986.0;5;1;-1;-1;0;0;-1
202400029117;203 919 959;155 730 505;B01;1;1;4;2;1985.0;1;1;-1;-1;0;0;-1
202400029122;203 919 941;155 730 489;A01;1;1;4;2;2006.0;5;2;0;-1;-1; -1;-1
202400029122;203 919 942;155 730 490;C01;1;1;1;2;1996.0;0;1;0;-1;-1; -1;-1
202400029122;203 919 944;155 730 492;B01;1;1;1;2;1963.0;0;1;0;-1;-1; -1;-1
202400029129;203 919 922;155 730 476;A01;1;1;2;1;1999.0;4;1;-1;-1;0;0;-1
202400029129;203 919 924;155 730 478;B01;1;1;1;1;1975.0;4;0;-1;-1;0;0;-1
202400029131;203 919 917;155 730 473;B01;3;2;4;2;2013.0;0;1;-1;-1;-1; -1;-1
202400029131;203 919 918;155 730 473;B01;2;2;4;2;1977.0;0;1;-1;-1;-1; -1;-1
202400029131;203 919 919;155 730 473;B01;1;1;1;1;1997.0;0;1;-1;-1;-1; -1;-1
202400029131;203 919 921;155 730 475;A01;1;1;1;2;1944.0;0;1;-1;-1;-1; -1;-1
202400029133;203 919 911;155 730 470;A01;2;2;2;1;1998.0;9;0;-1;-1;0;0;-1
202400029133;203 919 912;155 730 470;A01;5;2;3;1;1990.0;9;0;-1;-1;0;0;-1
202400029133;203 919 914;155 730 470;A01;1;1;3;1;1997.0;9;0;-1;-1;0;0;-1
202400029170;203 919 820;155 730 403;A01;1;1;4;1;2004.0;5;1;8;-1;-1; -1;-1
202400029183;203 919 789;155 730 380;A01;10;3;4;1;1992.0;0;0;-1;-1;2;3;1
202400029183;203 919 790;155 730 380;A01;1;1;1;1;1973.0;0;8;0;-1;-1; -1;-1
202400029187;203 919 780;155 730 371;B01;1;1;4;1;2007.0;0;8;-1;-1;0;0;-1
202400029187;203 919 781;155 730 373;A01;1;1;1;2;1951.0;0;1;-1;-1;0;0;-1
202400029202;203 919 751;155 730 348;A01;1;1;1;1;1988.0;9;1;-1;-1;-1; -1;-1
202400029202;203 919 754;155 730 351;B01;1;1;4;2;1971.0;0;2;6;-1;-1; -1;-1
202400029206;203 919 743;155 730 341;B01;1;1;4;1;1988.0;0;8;-1;-1;0;0;-1
202400029206;203 919 745;155 730 343;A01;1;1;1;2;2001.0;0;8;-1;-1;0;0;-1
202400029213;203 919 726;155 730 327;A01;2;2;4;2;1935.0;9;1;8;-1;-1; -1;-1
202400029213;203 919 727;155 730 327;A01;1;1;4;1;1933.0;9;1;8;-1;-1; -1;-1
202400029213;203 919 728;155 730 328;B01;1;1;1;1;1958.0;0;1;8;-1;-1; -1;-1
202400029214;203 919 721;155 730 323;B01;1;1;4;2;1971.0;0;8;-1;-1;-1; -1;-1
202400029214;203 919 722;155 730 324;A01;1;1;1;1;2003.0;0;1;-1;-1;-1; -1;-1
202400029254;203 919 631;155 730 256;A01;1;1;1;1;1963.0;0;1;0;-1;-1; -1;-1
202400029254;203 919 632;155 730 257;B01;1;1;4;1;1978.0;0;2;0;-1;-1; -1;-1
202400029275;203 919 578;155 730 216;A01;10;3;4;2;1972.0;1;0;0;0;3;3;1
202400029275;203 919 579;155 730 216;A01;1;1;1;1;1999.0;1;1;0;0;-1; -1;-1
202400029280;203 919 564;155 730 206;A01;1;1;1;1;1983.0;1;1;0;-1;-1; -1;-1
202400029280;203 919 566;155 730 208;B01;1;1;4;1;1969.0;1;1;0;-1;-1; -1;-1
202400029285;203 919 552;155 730 198;A01;10;3;4;1;1948.0;0;0;-1;-1;3;3;1
202400029285;203 919 553;155 730 198;A01;1;1;1;2;1986.0;0;1;0;-1;-1; -1;-1
202400029299;203 919 526;155 730 177;A01;2;2;4;2;2011.0;2;8;0;-1;-1; -1;-1
202400029299;203 919 527;155 730 177;A01;2;2;3;2;2004.0;2;8;0;-1;-1; -1;-1
202400029299;203 919 528;155 730 177;A01;1;1;4;1;1965.0;4;8;0;-1;-1; -1;-1
202400029308;203 919 504;155 730 164;B01;1;1;3;1;2004.0;9;2;6;-1;0;0;-1
202400029308;203 919 506;155 730 166;A01;1;1;1;1;1980.0;9;1;-1;-1;0;0;-1
202400029322;203 919 474;155 730 137;A01;1;1;1;1;1991.0;0;1;0;-1;-1; -1;-1
202400029322;203 919 477;155 730 140;B01;1;1;4;2;1988.0;0;1;0;-1;-1; -1;-1
202400029326;203 919 464;155 730 129;A01;1;1;1;1;2003.0;0;1;-1;-1;0;0;-1
202400029326;203 919 465;155 730 130;B01;1;1;3;1;2010.0;0;0;-1;-1;0;0;-1
202400029331;203 919 449;155 730 120;A01;1;1;4;1;1976.0;0;2;6;-1;-1; -1;-1
202400029331;203 919 452;155 730 123;B01;1;1;1;1;2001.0;0;1;-1;-1;-1; -1;-1
202400029332;203 919 447;155 730 119;A01;10;3;3;1;2017.0;0;0;-1;-1;1;3;1
202400029332;203 919 448;155 730 119;A01;1;1;1;1;1983.0;9;1;0;-1;-1; -1;-1
202400029336;203 919 437;155 730 113;A01;1;1;1;1;1982.0;4;1;0;-1;-1; -1;-1
202400029336;203 919 438;155 730 114;B01;8;2;4;2;1966.0;9;8;0;-1;-1; -1;-1
202400029336;203 919 441;155 730 114;B01;1;1;4;1;1963.0;4;1;0;-1;-1; -1;-1
202400029336;203 919 442;155 730 114;B01;7;2;4;2;1973.0;5;8;0;-1;-1; -1;-1
202400029343;203 919 422;155 730 102;A01;1;1;1;2;1981.0;5;1;0;-1;-1; -1;-1
202400029343;203 919 424;155 730 102;A01;10;3;3;1;1971.0;0;0;-1;-1;4;5;1
202400029344;203 919 419;155 730 100;A01;1;1;1;1;2001.0;0;1;0;-1;-1; -1;-1
202400029344;203 919 420;155 730 101;B01;2;2;1;1;1952.0;5;1;0;-1;-1; -1;-1
202400029344;203 919 421;155 730 101;B01;1;1;4;1;1951.0;5;1;0;-1;-1; -1;-1
202400029344;203 919 423;155 730 103;C01;1;1;1;1;1966.0;4;1;0;-1;-1; -1;-1
202400029354;203 919 396;155 730 080;A01;1;1;4;1;2004.0;1;8;0;-1;-1; -1;-1
202400029354;203 919 399;155 730 082;B01;1;1;1;1;1969.0;4;1;0;-1;-1; -1;-1
202400029386;203 919 323;155 730 023;B01;1;1;4;1;1980.0;5;2;6;0;-1; -1;-1
202400029386;203 919 324;155 730 024;A01;1;1;1;2;1967.0;5;1;0;0;-1; -1;-1
202400029398;203 919 297;155 730 002;A01;1;1;3;1;2006.0;0;2;0;0;-1; -1;-1
202400029398;203 919 299;155 730 005;B01;1;1;1;1;1987.0;0;1;0;0;-1; -1;-1
202400029398;203 919 300;155 730 005;B01;2;2;1;1;1976.0;0;1;0;0;-1; -1;-1
202400029407;203 919 275;155 729 986;A01;1;1;1;1;1978.0;0;1;0;0;-1; -1;-1
202400029407;203 919 276;155 729 987;B01;2;2;4;2;1995.0;0;1;0;0;-1; -1;-1
202400029407;203 919 277;155 729 987;B01;3;2;1;1;2007.0;0;1;0;0;-1; -1;-1
202400029407;203 919 279;155 729 987;B01;1;1;1;1;1998.0;0;1;0;0;-1; -1;-1
202400029422;203 919 237;155 729 956;A01;1;1;3;1;1996.0;5;0;-1;-1;0;0;-1
202400029422;203 919 239;155 729 958;B01;1;1;1;1;1996.0;1;1;-1;-1;0;0;-1
202400029423;203 919 234;155 729 954;A01;10;3;2;1;1983.0;0;0;-1;-1;1;9;1
202400029423;203 919 235;155 729 954;A01;1;1;1;1;1972.0;1;1;4;-1;0;0;-1
202400029439;203 919 205;155 729 929;A01;1;1;4;2;2007.0;1;2;0;-1;-1; -1;-1
202400029447;203 919 190;155 729 916;A01;1;1;4;1;1992.0;5;2;6;-1;-1; -1;-1
202400029450;203 919 179;155 729 910;A01;1;1;1;1;2004.0;0;1;0;-1;0;0;-1
202400029450;203 919 180;155 729 910;A01;10;3;4;1;1977.0;0;0;-1;-1;5;B;3
202400029450;203 919 181;155 729 910;A01;10;3;4;1;2014.0;5;8;8;-1;5;B;3
202400029450;203 919 183;155 729 910;A01;4;2;1;1;2007.0;0;1;0;-1;5;B;3
202400029450;203 919 184;155 729 910;A01;3;2;1;1;2006.0;0;1;0;-1;5;B;3
202400029453;203 919 175;155 729 908;A01;10;3;4;1;2011.0;5;0;-1;-1;2;3;1
202400029453;203 919 177;155 729 908;A01;1;1;1;1;1962.0;5;1;0;-1;-1; -1;-1
202400029463;203 919 155;155 729 892;A01;1;1;4;1;1965.0;-1;0;0;0;-1; -1;-1
202400029501;203 919 056;155 729 813;B01;1;1;1;1;1968.0;5;1;4;-1;-1; -1;-1
202400029501;203 919 058;155 729 815;A01;1;1;4;1;1958.0;5;2;6;-1;0;0;-1
202400029513;203 919 027;155 729 790;A01;1;1;4;1;1960.0;5;1;-1;-1;0;0;-1
202400029513;203 919 029;155 729 792;B01;1;1;1;1;1980.0;0;1;-1;-1;0;0;-1
202400029525;203 918 999;155 729 771;A01;1;1;3;1;1954.0;5;1;-1;-1;0;0;-1
202400029525;203 919 000;155 729 771;A01;2;2;3;2;1956.0;5;1;-1;-1;0;0;-1
202400029529;203 918 991;155 729 767;A01;10;3;4;2;1932.0;9;0;-1;-1;3;3;1
202400029529;203 918 993;155 729 767;A01;1;1;1;1;2001.0;4;1;0;-1;-1; -1;-1
202400029545;203 918 952;155 729 737;B01;1;1;4;1;2003.0;1;2;6;-1;-1; -1;-1
202400029545;203 918 953;155 729 738;A01;1;1;1;1;1992.0;2;1;0;-1;-1; -1;-1
202400029550;203 918 941;155 729 727;A01;1;1;1;-1;;-1;8;-1;-1;-1; -1;-1
202400029550;203 918 942;155 729 728;B01;2;2;4;2;1998.0;5;1;-1;-1;-1; -1;-1
202400029550;203 918 944;155 729 728;B01;1;1;4;1;1996.0;5;1;-1;-1;-1; -1;-1
202400029559;203 918 917;155 729 708;A01;1;1;1;1;1989.0;1;2;6;-1;-1; -1;-1
202400029559;203 918 921;155 729 711;B01;1;1;4;1;1972.0;0;2;8;-1;-1; -1;-1
202400029616;203 918 762;155 729 604;A01;1;1;4;1;2002.0;0;2;6;-1;-1; -1;-1
202400029616;203 918 765;155 729 606;B01;2;2;1;1;1948.0;0;1;0;-1;-1; -1;-1
202400029616;203 918 767;155 729 606;B01;1;1;4;2;1947.0;0;1;0;-1;-1; -1;-1
202400029617;203 918 760;155 729 603;A01;1;1;1;1;1982.0;5;8;0;-1;-1; -1;-1
202400029617;203 918 761;155 729 603;A01;10;3;2;1;1975.0;0;0;-1;-1;2;3;1
202400029625;203 918 746;155 729 591;A01;10;3;3;2;2017.0;0;0;-1;-1;1;3;1
202400029625;203 918 748;155 729 591;A01;1;1;1;2;1991.0;0;1;0;-1;-1; -1;-1
202400029637;203 918 716;155 729 570;A01;1;1;4;1;1983.0;0;2;6;-1;-1; -1;-1
202400029637;203 918 719;155 729 572;B01;1;1;1;1;1983.0;0;1;-1;-1;-1; -1;-1
202400029641;203 918 708;155 729 564;A01;1;1;1;2;1976.0;5;1;-1;-1;-1; -1;-1
202400029641;203 918 711;155 729 566;B01;1;1;3;1;1976.0;0;2;-1;-1;-1; -1;-1
202400029646;203 918 696;155 729 554;A01;1;1;4;2;2003.0;5;1;0;-1;0;0;-1
202400029646;203 918 699;155 729 556;B01;1;1;1;1;1989.0;5;1;0;-1;0;0;-1
202400029652;203 918 684;155 729 544;A01;1;1;1;1;1969.0;5;2;-1;-1;0;0;-1
202400029652;203 918 685;155 729 544;A01;2;2;3;2;1978.0;5;2;-1;-1;0;0;-1
202400029652;203 918 689;155 729 547;B01;1;1;1;1;2000.0;5;2;-1;-1;0;0;-1
202400029674;203 918 636;155 729 508;A01;10;3;4;2;1993.0;9;-1;-1;-1;2;3;1
202400029674;203 918 639;155 729 508;A01;1;1;1;2;1969.0;5;8;0;-1;0;0;-1
202400029682;203 918 623;155 729 497;A01;1;1;3;2;1974.0;5;2;6;-1;0;0;-1
202400029682;203 918 627;155 729 499;B01;1;1;1;1;1943.0;5;1;-1;-1;0;0;-1
202400029682;203 918 628;155 729 499;B01;2;2;1;2;1943.0;5;1;-1;-1;0;0;-1
202400029683;203 918 622;155 729 496;A01;1;1;1;2;1953.0;5;1;0;-1;0;0;-1
202400029683;203 918 625;155 729 498;B01;1;1;4;1;2003.0;0;8;0;-1;0;0;-1
202400029706;203 918 565;155 729 455;A01;4;2;4;1;2017.0;0;1;0;-1;-1; -1;-1
202400029706;203 918 566;155 729 455;A01;1;1;1;1;1982.0;0;1;0;-1;-1; -1;-1
202400029706;203 918 567;155 729 455;A01;2;2;4;2;1987.0;0;1;0;-1;-1; -1;-1
202400029706;203 918 575;155 729 462;B01;2;2;4;2;1985.0;0;1;0;-1;-1; -1;-1
202400029706;203 918 576;155 729 462;B01;1;1;3;2;1950.0;0;1;0;-1;-1; -1;-1
202400029720;203 918 528;155 729 428;B01;1;1;3;1;1954.0;5;2;-1;-1;0;0;-1
202400029720;203 918 531;155 729 431;A01;1;1;1;2;2001.0;1;1;-1;-1;0;0;-1
202400029727;203 918 510;155 729 417;A01;2;2;1;2;1940.0;5;1;0;-1;0;0;-1
202400029727;203 918 512;155 729 417;A01;1;1;2;1;1936.0;5;1;0;-1;0;0;-1
202400029736;203 918 483;155 729 395;A01;1;1;3;1;1969.0;5;2;6;-1;0;0;-1
202400029736;203 918 484;155 729 396;B01;3;2;1;1;2022.0;5;3;-1;-1;0;0;-1
202400029736;203 918 486;155 729 396;B01;1;1;1;2;2002.0;5;1;-1;-1;0;0;-1
202400029741;203 918 471;155 729 383;B01;1;1;1;1;1967.0;1;1;-1;-1;0;0;-1
202400029741;203 918 473;155 729 385;A01;1;1;3;1;1966.0;5;2;6;-1;0;0;-1
202400029742;203 918 466;155 729 381;A01;1;1;1;1;1944.0;5;1;-1;-1;0;0;-1
202400029742;203 918 472;155 729 384;B01;1;1;3;1;1954.0;5;1;-1;-1;0;0;-1
202400029756;203 918 433;155 729 358;B01;1;1;1;1;1961.0;5;2;0;-1;0;0;-1
202400029756;203 918 439;155 729 362;A01;1;1;4;2;1995.0;9;2;0;-1;0;0;-1
202400029761;203 918 420;155 729 348;A01;1;1;3;1;1983.0;9;2;6;-1;0;0;-1
202400029774;203 918 388;155 729 325;A01;1;1;1;1;1970.0;4;1;8;-1;-1; -1;-1
202400029774;203 918 390;155 729 327;B01;1;1;4;2;1961.0;9;8;0;-1;-1; -1;-1
202400029780;203 918 380;155 729 316;A01;1;1;1;1;1971.0;5;8;0;-1;0;0;-1
202400029780;203 918 383;155 729 321;B01;1;1;4;2;2002.0;9;2;6;-1;0;0;-1
202400029788;203 918 362;155 729 303;A01;10;3;3;2;1958.0;3;0;-1;-1;3;3;1
202400029788;203 918 364;155 729 303;A01;1;1;1;1;1945.0;5;1;-1;-1;0;0;-1
202400029821;203 918 286;155 729 247;A01;1;1;1;2;1967.0;5;1;8;-1;-1; -1;-1
202400029821;203 918 288;155 729 249;B01;1;1;4;1;1965.0;4;2;8;-1;-1; -1;-1
202400029823;203 918 279;155 729 241;A01;1;1;4;2;1979.0;5;8;0;0;-1; -1;-1
202400029823;203 918 281;155 729 242;B01;1;1;1;1;2005.0;5;1;0;0;-1; -1;-1
202400029831;203 918 256;155 729 228;A01;1;1;1;1;1988.0;0;1;8;0;-1; -1;-1
202400029831;203 918 258;155 729 228;A01;10;3;4;1;2018.0;0;0;0;0;5;3;2
202400029854;203 918 209;155 729 188;B01;1;1;1;1;1973.0;3;1;-1;-1;0;0;-1
202400029854;203 918 210;155 729 190;A01;1;1;3;1;1989.0;1;2;6;-1;0;0;-1
202400029863;203 918 187;155 729 175;A01;1;1;1;1;2002.0;9;1;0;-1;-1; -1;-1
202400029863;203 918 192;155 729 178;B01;2;2;4;2;2022.0;0;1;0;-1;-1; -1;-1
202400029863;203 918 193;155 729 178;B01;1;1;1;2;1985.0;0;1;0;-1;-1; -1;-1
202400029872;203 918 167;155 729 157;A01;1;1;3;1;1970.0;5;2;6;-1;0;0;-1
202400029886;203 918 133;155 729 131;A01;2;2;4;1;2006.0;5;1;-1;-1;0;0;-1
202400029886;203 918 136;155 729 131;A01;1;1;1;1;2005.0;5;1;-1;-1;0;0;-1
202400029891;203 918 120;155 729 123;A01;1;1;1;1;1977.0;0;1;0;-1;-1; -1;-1
202400029891;203 918 127;155 729 126;B01;1;1;4;1;1970.0;0;2;0;-1;-1; -1;-1
202400029899;203 918 100;155 729 106;B01;1;1;4;1;2003.0;0;1;-1;-1;0;0;-1
202400029899;203 918 102;155 729 108;C01;1;1;1;1;1986.0;0;1;-1;-1;0;0;-1
202400029899;203 918 105;155 729 111;A01;1;1;4;1;1974.0;0;2;6;-1;0;0;-1
202400029915;203 918 067;155 729 082;A01;1;1;1;1;2001.0;0;1;4;-1;-1; -1;-1
202400029915;203 918 068;155 729 084;B01;2;2;4;2;2002.0;0;8;4;-1;-1; -1;-1
202400029915;203 918 070;155 729 084;B01;1;1;1;1;1980.0;0;1;0;-1;-1; -1;-1
202400029936;203 918 012;155 729 041;A01;1;1;3;1;2001.0;5;2;6;-1;0;0;-1
202400029938;203 918 011;155 729 039;B01;1;1;4;2;1973.0;1;1;-1;-1;0;0;-1
202400029938;203 918 015;155 729 044;A01;1;1;4;1;1951.0;3;1;-1;-1;0;0;-1
202400029968;203 917 943;155 728 991;B01;1;1;1;1;1981.0;0;1;0;-1;-1; -1;-1
202400029968;203 917 947;155 728 994;A01;1;1;4;1;1986.0;0;1;0;-1;-1; -1;-1
202400029972;203 917 930;155 728 984;A01;2;2;1;1;2005.0;0;1;-1;-1;0;0;-1
202400029972;203 917 932;155 728 984;A01;9;2;4;1;2006.0;0;1;-1;-1;0;0;-1
202400029972;203 917 935;155 728 984;A01;1;1;1;1;2004.0;0;1;-1;-1;0;0;-1
202400029994;203 917 868;155 728 946;A01;4;2;1;1;2006.0;0;1;0;-1;-1; -1;-1
202400029994;203 917 870;155 728 946;A01;2;2;1;1;2006.0;0;1;0;-1;-1; -1;-1
202400029994;203 917 872;155 728 946;A01;1;1;1;1;2004.0;0;8;0;-1;-1; -1;-1
202400029994;203 917 874;155 728 949;B01;1;1;4;1;1997.0;0;1;0;-1;-1; -1;-1
202400029994;203 917 878;155 728 953;C01;1;1;1;1;1972.0;0;1;0;-1;-1; -1;-1
202400029996;203 917 865;155 728 945;A01;1;1;3;1;1959.0;9;0;-1;-1;0;0;-1
202400029999;203 917 853;155 728 937;A01;1;1;3;1;2000.0;5;8;-1;-1;0;0;-1
202400030003;203 917 844;155 728 930;A01;1;1;4;1;1987.0;5;2;6;-1;0;0;-1
202400030038;203 917 763;155 728 872;A01;1;1;3;1;1974.0;5;2;-1;-1;0;0;-1
202400030039;203 917 758;155 728 868;A01;1;1;3;1;1999.0;5;1;-1;-1;0;0;-1
202400030039;203 917 759;155 728 868;A01;2;2;3;1;1999.0;5;1;-1;-1;0;0;-1
202400030039;203 917 761;155 728 870;B01;2;2;2;2;1936.0;5;1;-1;-1;0;0;-1
202400030039;203 917 762;155 728 870;B01;1;1;3;1;1963.0;5;1;-1;-1;0;0;-1
202400030048;203 917 736;155 728 856;A01;7;2;4;2;1996.0;5;8;-1;-1;0;0;-1
202400030048;203 917 738;155 728 856;A01;2;2;4;1;1993.0;5;8;-1;-1;0;0;-1
202400030048;203 917 739;155 728 856;A01;1;1;1;1;1992.0;5;8;-1;-1;0;0;-1
202400030057;203 917 706;155 728 836;A01;1;1;4;1;2007.0;1;2;6;-1;0;0;-1
202400030058;203 917 703;155 728 834;B01;2;2;4;1;1951.0;5;1;-1;-1;0;0;-1
202400030058;203 917 704;155 728 834;B01;1;1;4;1;1968.0;5;1;-1;-1;0;0;-1
202400030058;203 917 708;155 728 837;A01;2;2;4;2;2004.0;5;1;-1;-1;0;0;-1
202400030058;203 917 709;155 728 837;A01;1;1;3;2;2004.0;5;1;-1;-1;0;0;-1
202400030061;203 917 692;155 728 827;A01;1;1;4;1;1981.0;5;1;-1;-1;0;0;-1
202400030061;203 917 694;155 728 829;B01;1;1;4;1;1955.0;5;1;-1;-1;0;0;-1
202400030072;203 917 676;155 728 813;B01;2;2;3;1;1999.0;5;1;-1;-1;0;0;-1
202400030072;203 917 677;155 728 813;B01;1;1;3;2;2001.0;5;1;-1;-1;0;0;-1
202400030072;203 917 679;155 728 816;A01;1;1;3;2;1986.0;0;1;-1;-1;0;0;-1
202400030089;203 917 635;155 728 782;A01;1;1;1;1;1980.0;4;1;-1;-1;0;0;-1
202400030089;203 917 638;155 728 785;B01;1;1;3;2;2006.0;1;2;-1;-1;0;0;-1
202400030111;203 917 588;155 728 746;A01;10;3;4;1;1995.0;5;0;-1;-1;8;1;3
202400030111;203 917 589;155 728 746;A01;1;1;1;1;1991.0;5;8;0;-1;-1; -1;-1
202400030114;203 917 582;155 728 740;A01;1;1;3;1;1960.0;5;0;-1;-1;0;0;-1
202400030114;203 917 583;155 728 741;B01;1;1;4;2;1949.0;5;1;-1;-1;0;0;-1
202400030127;203 917 553;155 728 719;B01;1;1;4;2;1983.0;5;1;8;-1;-1; -1;-1
202400030127;203 917 556;155 728 720;A01;2;2;3;2;1986.0;5;2;8;-1;-1; -1;-1
202400030127;203 917 557;155 728 720;A01;1;1;3;1;1976.0;5;2;8;-1;-1; -1;-1
202400030146;203 917 505;155 728 682;A01;1;1;1;1;1989.0;0;1;0;0;-1; -1;-1
202400030146;203 917 506;155 728 683;B01;2;2;4;1;2002.0;4;1;0;0;-1; -1;-1
202400030146;203 917 508;155 728 683;B01;1;1;1;1;1981.0;4;1;0;4;-1; -1;-1
202400030149;203 917 495;155 728 676;A01;1;1;4;2;2003.0;1;8;0;-1;-1; -1;-1
202400030149;203 917 499;155 728 678;B01;1;1;1;2;1942.0;5;1;0;-1;-1; -1;-1
202400030151;203 917 488;155 728 673;C01;4;2;1;1;2013.0;0;1;0;0;-1; -1;-1
202400030151;203 917 489;155 728 673;C01;8;2;1;1;2008.0;5;1;0;0;-1; -1;-1
202400030151;203 917 490;155 728 673;C01;2;2;4;2;1978.0;5;1;0;-1;-1; -1;-1
202400030151;203 917 491;155 728 673;C01;1;1;1;1;1976.0;5;1;0;0;-1; -1;-1
202400030151;203 917 493;155 728 673;C01;8;2;4;1;2015.0;0;1;0;-1;-1; -1;-1
202400030151;203 917 496;155 728 677;A01;1;1;1;1;1984.0;5;1;8;-1;-1; -1;-1
202400030151;203 917 498;155 728 679;B01;3;2;1;2;1978.0;5;1;0;0;-1; -1;-1
202400030151;203 917 501;155 728 679;B01;4;2;1;1;2012.0;5;1;0;0;-1; -1;-1
202400030151;203 917 502;155 728 679;B01;2;2;1;1;2000.0;5;1;0;0;-1; -1;-1
202400030151;203 917 503;155 728 679;B01;1;1;1;1;1967.0;5;1;0;0;-1; -1;-1
202400030154;203 917 477;155 728 666;A01;1;1;1;1;1992.0;0;1;0;0;-1; -1;-1
202400030154;203 917 479;155 728 667;B01;3;2;4;2;1990.0;5;1;0;0;-1; -1;-1
202400030154;203 917 481;155 728 667;B01;1;1;1;1;1984.0;4;1;0;0;-1; -1;-1
202400030154;203 917 483;155 728 669;C01;1;1;1;2;2002.0;5;1;0;0;-1; -1;-1
202400030157;203 917 470;155 728 660;A01;1;1;4;1;1995.0;9;2;6;-1;-1; -1;-1
202400030158;203 917 467;155 728 659;B01;4;2;4;2;2014.0;5;1;0;-1;-1; -1;-1
202400030158;203 917 469;155 728 659;B01;1;1;1;1;1992.0;5;1;0;-1;-1; -1;-1
202400030158;203 917 471;155 728 661;C01;1;1;1;1;1960.0;5;1;0;-1;-1; -1;-1
202400030158;203 917 472;155 728 662;A01;1;1;1;1;1977.0;5;1;0;-1;-1; -1;-1
202400030192;203 917 367;155 728 590;A01;4;2;3;1;2000.0;5;8;0;-1;-1; -1;-1
202400030192;203 917 368;155 728 590;A01;2;2;4;2;2002.0;5;8;0;-1;-1; -1;-1
202400030192;203 917 370;155 728 590;A01;5;2;4;2;2018.0;5;3;8;-1;-1; -1;-1
202400030192;203 917 371;155 728 590;A01;3;2;4;1;2002.0;5;1;0;-1;-1; -1;-1
202400030192;203 917 372;155 728 590;A01;1;1;1;1;1999.0;5;1;0;-1;-1; -1;-1
202400030197;203 917 354;155 728 582;A01;10;3;4;2;1989.0;5;0;-1;-1;3;3;1
202400030197;203 917 355;155 728 582;A01;1;1;1;2;2004.0;5;1;8;-1;-1; -1;-1
202400030203;203 917 337;155 728 568;A01;10;3;4;2;1959.0;3;0;-1;-1;9;3;1
202400030203;203 917 338;155 728 568;A01;1;1;1;2;1994.0;5;1;0;-1;0;0;-1
202400030206;203 917 324;155 728 561;A01;1;1;4;1;1999.0;5;1;8;-1;0;0;-1
202400030206;203 917 325;155 728 563;B01;5;2;4;2;2013.0;5;1;8;-1;0;0;-1
202400030206;203 917 326;155 728 563;B01;2;2;3;2;1963.0;5;1;0;-1;0;0;-1
202400030206;203 917 327;155 728 563;B01;4;2;3;2;2012.0;5;1;0;-1;0;0;-1
202400030206;203 917 328;155 728 563;B01;1;1;4;1;1982.0;5;1;8;-1;0;0;-1
202400030206;203 917 330;155 728 563;B01;3;2;4;2;1986.0;5;1;8;-1;0;0;-1
202400030228;203 917 275;155 728 523;B01;1;1;4;1;1973.0;1;2;8;-1;-1; -1;-1
202400030228;203 917 277;155 728 525;A01;1;1;1;2;1990.0;5;1;8;-1;-1; -1;-1
202400030232;203 917 269;155 728 518;B01;1;1;1;1;1955.0;0;1;0;-1;-1; -1;-1
202400030232;203 917 271;155 728 520;A01;1;1;4;1;1967.0;1;2;6;-1;-1; -1;-1
202400030239;203 917 252;155 728 507;A01;1;1;4;1;1943.0;5;1;0;-1;-1; -1;-1
202400030239;203 917 253;155 728 509;B01;1;1;4;1;1972.0;5;1;8;-1;-1; -1;-1
202400030264;203 917 195;155 728 466;A01;1;1;1;1;1946.0;3;1;-1;-1;-1; -1;-1
202400030264;203 917 197;155 728 468;B01;1;1;3;1;1957.0;3;8;-1;-1;-1; -1;-1
202400030265;203 917 194;155 728 465;B01;1;1;4;1;1961.0;0;2;6;-1;-1; -1;-1
202400030265;203 917 196;155 728 467;A01;1;1;1;-1;;-1;-1;-1;-1;-1; -1;-1
202400030283;203 917 135;155 728 429;A01;1;1;1;1;1996.0;0;1;0;-1;-1; -1;-1
202400030283;203 917 136;155 728 430;B01;2;2;1;1;1988.0;5;1;0;-1;-1; -1;-1
202400030283;203 917 138;155 728 430;B01;3;2;1;2;2022.0;0;3;0;-1;-1; -1;-1
202400030283;203 917 140;155 728 430;B01;4;2;1;1;2019.0;5;1;0;-1;-1; -1;-1
202400030283;203 917 141;155 728 430;B01;5;2;4;2;2017.0;5;1;0;-1;-1; -1;-1
202400030283;203 917 143;155 728 430;B01;1;1;1;2;1990.0;5;1;0;-1;-1; -1;-1
202400030300;203 917 099;155 728 401;A01;10;3;4;1;1969.0;5;0;-1;-1;5;9;1
202400030300;203 917 100;155 728 401;A01;1;1;1;1;1993.0;5;8;0;-1;5;9;1
202400030318;203 917 056;155 728 367;A01;1;1;1;2;1979.0;0;1;0;-1;-1; -1;-1
202400030318;203 917 058;155 728 369;B01;2;2;4;1;2006.0;0;2;6;-1;-1; -1;-1
202400030318;203 917 059;155 728 369;B01;1;1;4;1;2007.0;0;2;6;-1;-1; -1;-1
202400030370;203 916 937;155 728 279;A01;1;1;2;1;1959.0;0;0;-1;-1;0;0;-1
202400030376;203 916 919;155 728 269;A01;2;2;4;2;1959.0;3;1;-1;-1;0;0;-1
202400030376;203 916 920;155 728 269;A01;1;1;1;1;1949.0;3;1;-1;-1;0;0;-1
202400030376;203 916 921;155 728 270;B01;1;1;1;1;1997.0;5;8;-1;-1;0;0;-1
202400030399;203 916 843;155 728 226;A01;2;2;3;2;1999.0;0;0;-1;-1;0;0;-1
202400030399;203 916 844;155 728 226;A01;1;1;3;1;1993.0;0;0;-1;-1;0;0;-1
202400030399;203 916 845;155 728 227;B01;2;2;3;2;1993.0;5;1;-1;-1;0;0;-1
202400030399;203 916 846;155 728 227;B01;7;2;4;1;2016.0;5;1;9;-1;0;0;-1
202400030399;203 916 847;155 728 227;B01;9;2;4;2;2020.0;5;1;9;-1;0;0;-1
202400030399;203 916 848;155 728 227;B01;1;1;4;1;1987.0;5;1;-1;-1;0;0;-1
202400030403;203 916 835;155 728 219;A01;1;1;1;2;1987.0;0;1;-1;-1;0;0;-1
202400030403;203 916 836;155 728 220;B01;1;1;3;1;1947.0;5;2;-1;-1;0;0;-1
202400030411;203 916 807;155 728 204;A01;2;2;3;2;1950.0;5;1;-1;-1;0;0;-1
202400030411;203 916 808;155 728 204;A01;1;1;1;1;1952.0;5;1;-1;-1;0;0;-1
202400030411;203 916 809;155 728 205;B01;2;2;1;1;1997.0;5;1;-1;-1;0;0;-1
202400030411;203 916 810;155 728 205;B01;1;1;1;1;1999.0;5;1;-1;-1;0;0;-1
202400030440;203 916 747;155 728 153;B01;1;1;1;2;1977.0;9;1;-1;-1;0;0;-1
202400030440;203 916 748;155 728 154;C01;1;1;1;2;1980.0;9;1;-1;-1;0;0;-1
202400030440;203 916 749;155 728 155;A01;1;1;4;1;2000.0;1;1;-1;-1;0;0;-1
202400030443;203 916 736;155 728 149;A01;2;2;3;1;2006.0;5;1;0;-1;-1; -1;-1
202400030443;203 916 737;155 728 149;A01;4;2;4;1;2005.0;5;1;0;-1;-1; -1;-1
202400030443;203 916 738;155 728 149;A01;1;1;4;1;2004.0;5;1;5;-1;-1; -1;-1
202400030451;203 916 719;155 728 134;A01;1;1;1;1;2015.0;2;2;0;-1;-1; -1;-1
202400030451;203 916 720;155 728 135;B01;1;1;3;1;1964.0;1;2;0;-1;-1; -1;-1
202400030468;203 916 673;155 728 103;A01;10;3;4;2;1981.0;4;0;-1;-1;2;3;1
202400030468;203 916 674;155 728 103;A01;1;1;1;1;1967.0;4;1;0;-1;-1; -1;-1
202400030471;203 916 668;155 728 098;A01;1;1;4;1;2010.0;9;8;0;-1;-1; -1;-1
202400030471;203 916 669;155 728 099;B01;1;1;1;1;1984.0;9;1;0;-1;-1; -1;-1
202400030477;203 916 655;155 728 090;A01;1;1;3;1;1998.0;0;2;6;-1;-1; -1;-1
202400030508;203 916 575;155 728 036;A01;1;1;2;1;1989.0;5;1;-1;-1;0;0;-1
202400030517;203 916 556;155 728 023;A01;1;1;3;1;1994.0;5;0;-1;-1;0;0;-1
202400030517;203 916 557;155 728 024;B01;1;1;1;2;1951.0;9;1;-1;-1;0;0;-1
202400030529;203 916 531;155 728 004;A01;1;1;3;1;1977.0;5;0;-1;-1;0;0;-1
202400030534;203 916 520;155 727 997;A01;10;3;3;1;1951.0;5;0;-1;-1;3;3;1
202400030534;203 916 521;155 727 997;A01;1;1;1;1;1964.0;1;1;-1;-1;0;0;-1
202400030542;203 916 487;155 727 985;A01;2;2;3;1;1996.0;5;2;-1;-1;0;0;-1
202400030542;203 916 488;155 727 985;A01;1;1;4;1;2002.0;5;2;-1;-1;0;0;-1
202400030548;203 916 470;155 727 972;A01;1;1;1;1;2006.0;5;8;-1;-1;0;0;-1
202400030548;203 916 471;155 727 973;B01;1;1;3;1;2009.0;5;2;-1;-1;0;0;-1
202400030554;203 916 460;155 727 963;A01;2;2;4;1;2003.0;5;2;0;-1;0;0;-1
202400030554;203 916 461;155 727 963;A01;1;1;3;1;2003.0;5;2;0;-1;0;0;-1
202400030554;203 916 462;155 727 964;B01;1;1;1;2;2001.0;5;1;0;-1;0;0;-1
202400030561;203 916 442;155 727 950;B01;1;1;1;2;1983.0;5;1;0;0;-1; -1;-1
202400030561;203 916 443;155 727 950;B01;2;2;1;2;2010.0;0;1;0;0;-1; -1;-1
202400030561;203 916 444;155 727 950;B01;3;2;1;1;2015.0;0;1;0;0;-1; -1;-1
202400030561;203 916 445;155 727 951;A01;1;1;4;1;2009.0;5;8;0;0;-1; -1;-1
202400030579;203 916 397;155 727 920;A01;1;1;1;1;2007.0;5;1;-1;-1;0;0;-1
202400030579;203 916 398;155 727 921;B01;1;1;3;1;2001.0;5;1;-1;-1;0;0;-1
202400030611;203 916 333;155 727 876;A01;2;2;4;1;1980.0;4;1;-1;-1;0;0;-1
202400030611;203 916 334;155 727 876;A01;1;1;3;1;2004.0;4;1;-1;-1;0;0;-1
202400030619;203 916 317;155 727 863;A01;1;1;1;1;1980.0;5;1;-1;-1;0;0;-1
202400030619;203 916 318;155 727 864;B01;1;1;4;1;1982.0;5;2;6;-1;0;0;-1
202400030632;203 916 293;155 727 841;B01;1;1;1;1;1993.0;5;1;-1;-1;0;0;-1
202400030632;203 916 294;155 727 842;A01;1;1;4;1;2004.0;4;2;6;-1;0;0;-1
202400030647;203 916 249;155 727 810;A01;10;3;4;1;2010.0;5;0;-1;-1;8;1;2
202400030647;203 916 250;155 727 810;A01;1;1;1;2;1982.0;0;1;-1;-1;0;0;-1
202400030656;203 916 225;155 727 797;A01;10;3;3;2;1947.0;0;0;-1;-1;3;3;1
202400030656;203 916 227;155 727 797;A01;1;1;1;1;1957.0;0;1;-1;-1;0;0;-1
202400030663;203 916 201;155 727 781;A01;1;1;4;1;2002.0;5;1;0;-1;0;0;-1
202400030666;203 916 195;155 727 776;A01;1;1;4;1;1996.0;1;1;0;-1;0;0;-1
202400030666;203 916 197;155 727 778;B01;1;1;1;2;1963.0;5;1;0;-1;0;0;-1
202400030694;203 916 133;155 727 734;B01;1;1;4;2;1987.0;1;1;0;-1;-1; -1;-1
202400030694;203 916 136;155 727 736;A01;1;1;4;2;2002.0;5;1;0;-1;-1; -1;-1
202400030706;203 916 109;155 727 713;A01;1;1;4;1;1971.0;4;1;-1;-1;0;0;-1
202400030712;203 916 098;155 727 704;A01;2;2;4;2;2010.0;9;1;0;-1;-1; -1;-1
202400030712;203 916 099;155 727 704;A01;1;1;4;1;2010.0;0;8;0;-1;-1; -1;-1
202400030715;203 916 091;155 727 697;A01;1;1;4;1;2002.0;0;2;6;-1;-1; -1;-1
202400030720;203 916 078;155 727 691;B01;1;1;4;2;2006.0;9;8;0;-1;-1; -1;-1
202400030720;203 916 079;155 727 693;A01;1;1;1;1;1980.0;0;1;0;-1;-1; -1;-1
202400030728;203 916 050;155 727 672;A01;1;1;4;1;2000.0;0;2;0;-1;-1; -1;-1
202400030728;203 916 052;155 727 673;B01;1;1;1;2;1970.0;0;1;8;-1;-1; -1;-1
202400030733;203 916 038;155 727 664;B01;1;1;4;1;1983.0;0;1;0;-1;-1; -1;-1
202400030733;203 916 040;155 727 666;A01;2;2;4;1;1998.0;4;1;0;-1;-1; -1;-1
202400030733;203 916 042;155 727 666;A01;4;2;4;1;1999.0;0;1;0;-1;-1; -1;-1
202400030733;203 916 043;155 727 666;A01;1;1;3;1;1979.0;4;8;0;-1;-1; -1;-1
202400030736;203 916 026;155 727 654;A01;1;1;4;1;1993.0;1;8;0;-1;-1; -1;-1
202400030754;203 915 972;155 727 623;A01;2;2;4;1;1998.0;5;8;0;-1;-1; -1;-1
202400030754;203 915 974;155 727 623;A01;1;1;4;1;1998.0;5;8;0;-1;-1; -1;-1
202400030763;203 915 945;155 727 604;A01;1;1;1;1;1963.0;5;1;8;-1;-1; -1;-1
202400030763;203 915 947;155 727 605;B01;1;1;4;2;2008.0;5;2;8;-1;-1; -1;-1
202400030765;203 915 938;155 727 600;B01;2;2;4;1;1992.0;0;8;8;-1;-1; -1;-1
202400030765;203 915 939;155 727 600;B01;1;1;1;-1;;-1;-1;-1;-1;-1; -1;-1
202400030765;203 915 940;155 727 601;C01;2;2;4;2;1994.0;0;8;8;-1;-1; -1;-1
202400030765;203 915 941;155 727 601;C01;2;2;1;1;1989.0;0;8;8;-1;-1; -1;-1
202400030765;203 915 942;155 727 601;C01;1;1;1;-1;;-1;-1;-1;-1;-1; -1;-1
202400030765;203 915 943;155 727 602;A01;2;2;1;2;1974.0;0;8;8;-1;-1; -1;-1
202400030765;203 915 944;155 727 602;A01;1;1;1;-1;;-1;-1;-1;-1;-1; -1;-1
202400030766;203 915 933;155 727 597;B01;1;1;1;1;1999.0;1;8;0;-1;-1; -1;-1
202400030766;203 915 934;155 727 597;B01;4;2;4;1;2000.0;1;8;0;-1;-1; -1;-1
202400030766;203 915 936;155 727 599;A01;1;1;1;1;1988.0;0;8;0;-1;-1; -1;-1
202400030776;203 915 917;155 727 584;A01;10;3;3;1;2013.0;2;0;-1;-1;2;7;1
202400030776;203 915 918;155 727 584;A01;1;1;1;2;1948.0;5;1;0;-1;-1; -1;-1
202400030780;203 915 904;155 727 576;A01;1;1;1;1;1995.0;0;1;-1;-1;-1; -1;-1
202400030780;203 915 906;155 727 578;B01;1;1;4;1;1970.0;0;2;-1;-1;-1; -1;-1
202400030781;203 915 900;155 727 574;Z01;10;3;3;2;1995.0;5;0;-1;-1;4;3;1
202400030781;203 915 901;155 727 574;Z01;1;1;1;-1;;-1;-1;-1;-1;0;0;-1
202400030839;203 915 786;155 727 476;A01;2;2;3;1;1992.0;5;2;-1;-1;0;0;-1
202400030839;203 915 787;155 727 476;A01;1;1;3;1;1994.0;9;2;-1;-1;0;0;-1
202400030844;203 915 776;155 727 467;A01;1;1;4;2;2002.0;0;1;0;0;-1; -1;-1
202400030844;203 915 779;155 727 470;B01;1;1;1;1;2000.0;4;1;0;0;-1; -1;-1
202400030853;203 915 756;155 727 451;A01;1;1;4;2;1986.0;3;2;6;0;-1; -1;-1
202400030853;203 915 758;155 727 453;B01;1;1;1;1;1992.0;1;2;8;0;-1; -1;-1
202400030854;203 915 752;155 727 449;A01;2;2;3;2;2003.0;5;0;-1;-1;0;0;-1
202400030854;203 915 754;155 727 449;A01;2;2;1;1;2003.0;5;8;-1;-1;0;0;-1
202400030854;203 915 755;155 727 449;A01;1;1;1;1;2001.0;5;8;-1;-1;0;0;-1
202400030862;203 915 727;155 727 436;C01;1;1;3;1;2007.0;0;2;6;-1;0;0;-1
202400030862;203 915 729;155 727 437;A01;1;1;1;1;2005.0;9;1;-1;-1;0;0;-1
202400030877;203 915 691;155 727 413;D01;1;1;1;1;1967.0;0;1;4;-1;-1; -1;-1
202400030877;203 915 693;155 727 415;C01;2;2;4;2;1995.0;4;1;4;-1;-1; -1;-1
202400030877;203 915 694;155 727 415;C01;5;2;1;2;1987.0;9;8;-1;-1;-1; -1;-1
202400030877;203 915 695;155 727 415;C01;1;1;4;1;1996.0;4;1;4;-1;-1; -1;-1
202400030877;203 915 696;155 727 416;A01;1;1;4;2;1946.0;0;1;4;-1;-1; -1;-1
202400030877;203 915 698;155 727 418;B01;1;1;1;1;1979.0;4;1;-1;-1;-1; -1;-1
202400030895;203 915 643;155 727 381;A01;3;2;4;1;2002.0;5;1;8;-1;-1; -1;-1
202400030895;203 915 644;155 727 381;A01;2;2;1;1;2000.0;5;1;8;-1;-1; -1;-1
202400030895;203 915 645;155 727 381;A01;1;1;4;2;2004.0;0;1;8;-1;-1; -1;-1
202400030896;203 915 641;155 727 379;B01;1;1;4;2;1973.0;1;1;0;-1;0;0;-1
202400030896;203 915 642;155 727 380;A01;1;1;1;1;2002.0;5;1;0;-1;0;0;-1
202400030900;203 915 627;155 727 370;A01;10;3;4;1;1971.0;4;0;-1;-1;9;1;1
202400030900;203 915 629;155 727 370;A01;1;1;1;1;1989.0;4;1;0;-1;0;0;-1
202400030900;203 915 631;155 727 372;B01;1;1;1;1;1977.0;4;1;0;-1;0;0;-1
202400030911;203 915 599;155 727 348;A01;2;2;4;1;2021.0;5;8;0;-1;-1; -1;-1
202400030911;203 915 600;155 727 348;A01;1;1;4;1;2002.0;5;8;0;-1;-1; -1;-1
202400030913;203 915 596;155 727 345;A01;1;1;4;1;2000.0;0;8;-1;-1;-1; -1;-1
202400030924;203 915 566;155 727 326;A01;1;1;1;1;1998.0;1;1;5;-1;-1; -1;-1
202400030924;203 915 568;155 727 328;B01;1;1;4;1;1986.0;1;2;6;-1;-1; -1;-1
202400030938;203 915 534;155 727 298;B01;1;1;4;1;1980.0;4;1;0;-1;-1; -1;-1
202400030938;203 915 535;155 727 299;A01;1;1;4;2;1983.0;5;1;0;-1;-1; -1;-1
202400030941;203 915 528;155 727 293;A01;2;2;4;1;2017.0;0;1;0;-1;-1; -1;-1
202400030941;203 915 529;155 727 293;A01;1;1;4;2;2005.0;0;1;0;-1;-1; -1;-1
202400030957;203 915 491;155 727 265;B01;1;1;1;1;1948.0;1;1;-1;-1;0;0;-1
202400030957;203 915 493;155 727 267;A01;1;1;3;1;2004.0;1;2;6;-1;0;0;-1
202400030968;203 915 467;155 727 249;B01;1;1;1;1;1979.0;0;1;-1;-1;0;0;-1
202400030968;203 915 468;155 727 250;A01;9;2;4;1;1976.0;1;1;-1;-1;0;0;-1
202400030968;203 915 469;155 727 250;A01;1;1;4;1;1970.0;4;1;-1;-1;0;0;-1
202400030968;203 915 471;155 727 250;A01;2;2;4;2;1971.0;0;1;-1;-1;0;0;-1
202400030974;203 915 457;155 727 240;A01;10;3;4;2;1957.0;5;0;-1;-1;2;3;1
202400030974;203 915 458;155 727 240;A01;1;1;1;1;1966.0;5;1;0;-1;2;3;1
202400030976;203 915 452;155 727 236;B01;1;1;4;1;1957.0;5;1;0;-1;0;0;-1
202400030976;203 915 453;155 727 237;A01;1;1;1;1;2001.0;5;1;0;-1;0;0;-1
202400030987;203 915 428;155 727 216;A01;1;1;1;2;1998.0;9;8;-1;-1;-1; -1;-1
202400030987;203 915 430;155 727 217;B01;1;1;4;1;2000.0;5;2;6;-1;-1; -1;-1
202400030994;203 915 413;155 727 203;B01;2;2;4;2;1968.0;0;1;-1;-1;0;0;-1
202400030994;203 915 414;155 727 203;B01;1;1;4;1;1968.0;0;1;-1;-1;0;0;-1
202400030994;203 915 415;155 727 204;A01;1;1;1;1;1992.0;4;1;-1;-1;0;0;-1
202400030994;203 915 417;155 727 206;C01;1;1;4;1;1991.0;1;1;-1;-1;0;0;-1
202400031026;203 915 314;155 727 132;B01;1;1;4;1;1998.0;5;8;0;-1;0;0;-1
202400031026;203 915 315;155 727 133;A01;1;1;1;1;;4;-1;-1;-1;-1; -1;-1
202400031039;203 915 295;155 727 115;B01;1;1;4;2;1974.0;1;1;-1;-1;-1; -1;-1
202400031039;203 915 297;155 727 117;A01;1;1;1;1;2001.0;1;1;-1;-1;-1; -1;-1
202400031065;203 915 218;155 727 061;A01;1;1;4;1;1985.0;0;2;0;-1;-1; -1;-1
202400031065;203 915 219;155 727 062;B01;1;1;1;2;1996.0;4;1;0;-1;-1; -1;-1
202400031070;203 915 206;155 727 052;A01;1;1;4;1;2006.0;1;1;0;-1;-1; -1;-1
202400031089;203 915 157;155 727 022;B01;1;1;4;1;2001.0;5;2;0;-1;-1; -1;-1
202400031089;203 915 158;155 727 023;A01;1;1;1;2;1993.0;5;1;0;-1;-1; -1;-1
202400031110;203 915 109;155 726 984;A01;1;1;3;1;1986.0;0;2;-1;-1;0;0;-1
202400031118;203 915 087;155 726 971;B01;1;1;3;2;1987.0;1;2;6;-1;0;0;-1
202400031118;203 915 088;155 726 972;A01;1;1;1;1;2001.0;0;0;-1;-1;0;0;-1
202400031144;203 915 015;155 726 925;C01;3;2;1;2;2002.0;0;1;0;-1;-1; -1;-1
202400031144;203 915 016;155 726 925;C01;1;1;1;2;2004.0;0;1;0;-1;-1; -1;-1
202400031144;203 915 018;155 726 926;A01;2;2;4;2;1989.0;0;1;0;-1;-1; -1;-1
202400031144;203 915 020;155 726 926;A01;4;2;1;1;2011.0;0;1;0;-1;-1; -1;-1
202400031144;203 915 021;155 726 926;A01;5;2;1;1;2013.0;0;1;0;-1;-1; -1;-1
202400031144;203 915 023;155 726 926;A01;3;2;1;1;2019.0;0;1;0;-1;-1; -1;-1
202400031144;203 915 024;155 726 926;A01;1;1;1;1;1982.0;0;1;0;-1;-1; -1;-1
202400031144;203 915 025;155 726 929;B01;2;2;1;2;2000.0;0;1;0;-1;-1; -1;-1
202400031144;203 915 026;155 726 929;B01;1;1;1;1;2001.0;0;1;0;-1;-1; -1;-1
202400031149;203 915 001;155 726 915;A01;10;3;3;1;1945.0;5;8;-1;-1;3;3;1
202400031149;203 915 002;155 726 915;A01;1;1;1;1;1994.0;1;8;-1;-1;0;0;-1
202400031155;203 914 987;155 726 906;A01;1;1;4;2;2003.0;5;1;-1;-1;0;0;-1
202400031159;203 914 974;155 726 900;A01;10;3;4;2;2014.0;2;0;-1;-1;1;A;2
202400031159;203 914 975;155 726 900;A01;1;1;1;2;1980.0;0;8;-1;-1;0;0;-1
202400031162;203 914 969;155 726 895;A01;1;1;1;1;1969.0;0;1;8;-1;-1; -1;-1
202400031162;203 914 970;155 726 896;B01;1;1;4;2;1971.0;0;1;0;-1;-1; -1;-1
202400031163;203 914 967;155 726 893;A01;1;1;1;2;1991.0;0;1;0;-1;-1; -1;-1
202400031163;203 914 968;155 726 894;B01;1;1;4;1;1991.0;0;1;0;-1;-1; -1;-1
202400031169;203 914 946;155 726 882;A01;10;3;3;1;2007.0;-1;0;-1;-1;4;3;1
202400031169;203 914 947;155 726 882;A01;1;1;1;1;1994.0;0;2;8;-1;-1; -1;-1
202400031182;203 914 898;155 726 859;Z01;10;3;3;1;2002.0;0;0;-1;-1;4;3;2
202400031182;203 914 899;155 726 859;Z01;1;1;1;-1;;-1;-1;-1;-1;-1; -1;-1
202400031184;203 914 894;155 726 855;A01;1;1;1;1;1965.0;5;1;4;-1;0;0;-1
202400031184;203 914 895;155 726 856;B01;1;1;4;1;1999.0;5;2;6;-1;0;0;-1
202400031185;203 914 892;155 726 853;A01;1;1;1;1;1999.0;0;1;0;-1;-1; -1;-1
202400031185;203 914 893;155 726 854;B01;1;1;4;1;1996.0;5;1;0;-1;-1; -1;-1
202400031192;203 914 870;155 726 834;A01;1;1;4;2;1998.0;1;8;0;-1;0;0;-1
202400031192;203 914 871;155 726 835;Z01;1;1;1;-1;;-1;8;-1;-1;0;0;-1
202400031198;203 914 859;155 726 826;A01;1;1;4;2;1993.0;5;1;0;-1;-1; -1;-1
202400031199;203 914 857;155 726 824;A01;1;1;4;2;1998.0;0;1;0;0;-1; -1;-1
202400031199;203 914 858;155 726 825;B01;1;1;1;1;1995.0;0;1;0;0;-1; -1;-1
202400031208;203 914 829;155 726 807;A01;1;1;3;1;1993.0;5;1;-1;-1;0;0;-1
202400031208;203 914 830;155 726 807;A01;2;2;2;2;1994.0;5;1;-1;-1;0;0;-1
202400031208;203 914 831;155 726 808;B01;2;2;3;2;2003.0;5;1;-1;-1;0;0;-1
202400031208;203 914 832;155 726 808;B01;1;1;3;1;1995.0;5;1;-1;-1;0;0;-1
202400031215;203 914 811;155 726 796;A01;1;1;1;1;1938.0;5;1;-1;-1;0;0;-1
202400031215;203 914 812;155 726 797;B01;1;1;3;1;2004.0;5;2;6;-1;0;0;-1
202400031230;203 914 767;155 726 767;A01;1;1;4;1;1990.0;5;2;-1;-1;0;0;-1
202400031230;203 914 769;155 726 768;B01;2;2;1;2;2000.0;5;2;-1;-1;0;0;-1
202400031230;203 914 771;155 726 768;B01;1;1;1;1;1999.0;5;2;-1;-1;0;0;-1
202400031234;203 914 759;155 726 760;A01;9;2;1;1;1989.0;5;1;-1;-1;0;0;-1
202400031234;203 914 760;155 726 760;A01;2;2;1;1;1993.0;5;1;-1;-1;0;0;-1
202400031234;203 914 761;155 726 760;A01;1;1;1;1;1995.0;5;1;-1;-1;0;0;-1
202400031234;203 914 762;155 726 761;B01;1;1;2;1;2001.0;5;2;-1;-1;0;0;-1
202400031241;203 914 744;155 726 749;A01;2;2;1;1;1991.0;1;1;-1;-1;0;0;-1
202400031241;203 914 745;155 726 749;A01;1;1;1;1;1998.0;1;1;-1;-1;0;0;-1
202400031241;203 914 746;155 726 750;B01;1;1;3;1;2008.0;1;2;-1;-1;0;0;-1
202400031243;203 914 738;155 726 744;B01;1;1;3;1;2008.0;5;2;-1;-1;0;0;-1
202400031243;203 914 740;155 726 746;A01;2;2;1;1;2001.0;5;1;-1;-1;0;0;-1
202400031243;203 914 741;155 726 746;A01;1;1;1;2;1991.0;5;1;-1;-1;0;0;-1
202400031250;203 914 718;155 726 731;A01;1;1;4;1;1991.0;5;1;-1;-1;-1; -1;-1
202400031250;203 914 719;155 726 732;B01;2;2;4;1;1992.0;1;1;-1;-1;-1; -1;-1
202400031250;203 914 720;155 726 732;B01;3;2;4;1;2001.0;1;1;-1;-1;-1; -1;-1
202400031250;203 914 722;155 726 732;B01;1;1;4;1;1971.0;4;1;-1;-1;-1; -1;-1
202400031253;203 914 711;155 726 725;A01;1;1;1;1;1990.0;5;1;0;-1;-1; -1;-1
202400031253;203 914 712;155 726 726;C01;1;1;1;1;1980.0;4;1;-1;-1;-1; -1;-1
202400031253;203 914 714;155 726 728;D01;1;1;1;1;1976.0;4;1;0;-1;-1; -1;-1
202400031253;203 914 716;155 726 729;B01;1;1;4;1;1968.0;1;1;0;-1;-1; -1;-1
202400031257;203 914 699;155 726 718;A01;3;2;1;1;1988.0;9;1;-1;-1;0;0;-1
202400031257;203 914 701;155 726 718;A01;10;3;4;2;2014.0;5;0;-1;-1;2;3;3
202400031257;203 914 703;155 726 718;A01;10;3;4;1;2017.0;5;0;-1;-1;2;3;3
202400031257;203 914 704;155 726 718;A01;10;3;4;1;1981.0;5;0;-1;-1;2;3;3
202400031257;203 914 705;155 726 718;A01;1;1;1;1;1957.0;4;1;0;-1;0;0;-1
202400031261;203 914 685;155 726 709;A01;1;1;1;1;1946.0;3;1;0;-1;0;0;-1
202400031261;203 914 687;155 726 711;B01;1;1;4;1;1943.0;3;8;0;-1;0;0;-1
202400031267;203 914 671;155 726 697;B01;1;1;1;1;2001.0;1;1;0;-1;-1; -1;-1
202400031267;203 914 673;155 726 699;A01;1;1;4;2;2005.0;1;8;0;-1;-1; -1;-1
202400031271;203 914 660;155 726 690;A01;1;1;1;1;1951.0;5;1;0;-1;0;0;-1
202400031271;203 914 662;155 726 691;B01;1;1;3;2;2006.0;5;8;0;-1;0;0;-1
202400031294;203 914 606;155 726 650;A01;1;1;4;2;1995.0;0;1;0;-1;-1; -1;-1
202400031294;203 914 608;155 726 651;B01;2;2;4;1;1981.0;0;1;0;-1;-1; -1;-1
202400031294;203 914 609;155 726 651;B01;1;1;1;1;1980.0;0;1;0;-1;-1; -1;-1
202400031296;203 914 604;155 726 648;A01;1;1;3;1;1973.0;0;2;6;-1;-1; -1;-1
202400031298;203 914 598;155 726 642;B01;1;1;1;1;1995.0;4;1;0;-1;-1; -1;-1
202400031298;203 914 600;155 726 645;A01;2;2;1;1;2005.0;5;2;0;-1;-1; -1;-1
202400031298;203 914 602;155 726 645;A01;1;1;3;1;2005.0;5;2;8;-1;-1; -1;-1
202400031300;203 914 594;155 726 639;A01;1;1;4;2;1972.0;0;1;-1;-1;-1; -1;-1
202400031304;203 914 584;155 726 633;A01;2;2;1;2;1976.0;9;1;-1;-1;0;0;-1
202400031304;203 914 585;155 726 633;A01;1;1;1;2;1999.0;5;1;-1;-1;0;0;-1
202400031304;203 914 586;155 726 634;B01;1;1;4;1;1996.0;5;2;6;-1;0;0;-1
202400031307;203 914 577;155 726 628;A01;1;1;4;2;1958.0;0;1;0;-1;-1; -1;-1
202400031307;203 914 578;155 726 628;A01;5;2;4;2;2011.0;0;0;0;0;-1; -1;-1
202400031307;203 914 579;155 726 628;A01;2;2;4;2;2011.0;0;1;0;-1;-1; -1;-1
202400031328;203 914 524;155 726 588;A01;10;3;3;1;1948.0;5;0;-1;-1;3;3;1
202400031328;203 914 525;155 726 588;A01;1;1;1;1;1949.0;3;1;8;-1;-1; -1;-1
202400031353;203 914 469;155 726 548;A01;1;1;4;1;1999.0;9;2;6;-1;-1; -1;-1
202400031353;203 914 474;155 726 550;B01;1;1;1;2;1976.0;4;1;8;-1;-1; -1;-1
202400031383;203 914 392;155 726 488;A01;1;1;4;2;1983.0;5;1;0;-1;-1; -1;-1
202400031383;203 914 395;155 726 491;B01;1;1;1;1;1970.0;5;1;0;-1;-1; -1;-1
202400031387;203 914 387;155 726 485;A01;10;3;4;1;1950.0;5;0;-1;-1;2;3;1
202400031387;203 914 389;155 726 485;A01;1;1;1;1;1975.0;5;2;6;-1;2;3;1
202400031388;203 914 384;155 726 483;A01;1;1;4;2;2006.0;5;1;0;-1;-1; -1;-1
202400031392;203 914 380;155 726 481;A01;1;1;1;1;1990.0;5;8;0;-1;2;9;1
202400031392;203 914 381;155 726 481;A01;10;3;4;1;1970.0;4;0;-1;-1;2;A;1
202400031395;203 914 364;155 726 473;B01;1;1;1;2;1989.0;0;1;8;-1;-1; -1;-1
202400031395;203 914 366;155 726 473;B01;4;2;1;1;2010.0;0;1;8;-1;-1; -1;-1
202400031395;203 914 369;155 726 473;B01;3;2;4;1;2018.0;0;1;8;-1;-1; -1;-1
202400031395;203 914 371;155 726 473;B01;2;2;4;1;1973.0;0;1;8;-1;-1; -1;-1
202400031395;203 914 374;155 726 477;C01;1;1;4;1;1960.0;0;1;8;-1;-1; -1;-1
202400031395;203 914 376;155 726 479;A01;1;1;4;1;1978.0;0;1;8;-1;-1; -1;-1
202400031395;203 914 378;155 726 479;A01;2;2;4;1;2011.0;0;1;8;-1;-1; -1;-1
202400031406;203 914 337;155 726 455;A01;1;1;4;1;1981.0;5;1;0;-1;0;0;-1
202400031414;203 914 318;155 726 442;A01;1;1;4;2;1990.0;5;2;-1;-1;0;0;-1
202400031414;203 914 321;155 726 445;Z01;1;1;1;1;;0;-1;-1;-1;0;0;-1
202400031419;203 914 313;155 726 437;A01;1;1;3;1;1990.0;5;1;-1;-1;0;0;-1
202400031422;203 914 299;155 726 427;A01;1;1;3;1;1994.0;5;1;-1;-1;0;0;-1
202400031432;203 914 273;155 726 409;A01;1;1;3;1;1967.0;5;2;-1;-1;0;0;-1
202400031432;203 914 275;155 726 411;B01;2;2;1;2;1947.0;5;1;-1;-1;0;0;-1
202400031432;203 914 278;155 726 411;B01;1;1;1;1;1947.0;5;1;-1;-1;0;0;-1
202400031440;203 914 259;155 726 399;A01;1;1;1;2;1951.0;5;1;0;-1;-1; -1;-1
202400031440;203 914 264;155 726 402;B01;1;1;4;1;1970.0;5;8;0;-1;-1; -1;-1
202400031466;203 914 195;155 726 352;A01;2;2;2;2;1967.0;5;8;-1;-1;0;0;-1
202400031466;203 914 197;155 726 352;A01;1;1;4;1;1953.0;5;8;-1;-1;0;0;-1
202400031474;203 914 181;155 726 338;C01;1;1;1;1;1973.0;0;1;0;0;-1; -1;-1
202400031474;203 914 184;155 726 340;A01;1;1;1;1;1965.0;1;1;0;0;-1; -1;-1
202400031474;203 914 186;155 726 342;B01;1;1;4;1;1990.0;1;2;6;0;-1; -1;-1
202400031485;203 914 153;155 726 319;A01;1;1;3;1;1982.0;1;2;6;-1;-1; -1;-1
202400031488;203 914 145;155 726 314;A01;1;1;1;1;1995.0;5;1;0;0;-1; -1;-1
202400031488;203 914 150;155 726 317;B01;1;1;4;1;1968.0;0;1;0;0;-1; -1;-1
202400031491;203 914 139;155 726 310;A01;10;3;4;1;2005.0;0;0;0;0;4;3;1
202400031491;203 914 141;155 726 310;A01;1;1;1;2;1972.0;0;1;0;0;-1; -1;-1
202400031493;203 914 136;155 726 307;A01;1;1;4;1;1971.0;0;2;6;-1;0;0;-1
202400031494;203 914 132;155 726 303;A01;1;1;1;1;1960.0;0;1;-1;-1;0;0;-1
202400031494;203 914 134;155 726 305;B01;1;1;3;1;1986.0;0;2;6;9;0;0;-1
202400031528;203 914 045;155 726 239;A01;1;1;4;1;1973.0;0;1;0;0;-1; -1;-1
202400031528;203 914 050;155 726 242;B01;1;1;4;1;1972.0;0;1;0;0;-1; -1;-1
202400031539;203 914 011;155 726 217;A01;1;1;4;1;1988.0;9;1;-1;-1;0;0;-1
202400031550;203 913 986;155 726 200;A01;1;1;1;1;2005.0;5;1;-1;-1;0;0;-1
202400031550;203 913 988;155 726 200;A01;2;2;4;2;2005.0;5;1;-1;-1;0;0;-1
202400031550;203 913 990;155 726 203;B01;1;1;1;1;1984.0;4;1;-1;-1;0;0;-1
202400031571;203 913 924;155 726 160;A01;1;1;3;1;1984.0;5;2;0;-1;0;0;-1
202400031571;203 913 928;155 726 162;B01;1;1;1;1;1972.0;5;1;-1;-1;0;0;-1
202400031587;203 913 887;155 726 135;A01;5;2;1;1;2017.0;0;1;0;-1;-1; -1;-1
202400031587;203 913 888;155 726 135;A01;3;2;1;2;2020.0;0;1;0;-1;-1; -1;-1
202400031587;203 913 890;155 726 135;A01;4;2;1;2;2014.0;0;1;0;-1;-1; -1;-1
202400031587;203 913 891;155 726 135;A01;1;1;1;1;1970.0;0;1;0;-1;-1; -1;-1
202400031587;203 913 893;155 726 138;B01;1;1;4;2;1970.0;0;1;0;-1;-1; -1;-1
202400031598;203 913 863;155 726 120;A01;10;3;3;2;1941.0;3;0;-1;-1;3;3;1
202400031598;203 913 865;155 726 120;A01;1;1;1;1;1983.0;5;1;-1;-1;-1; -1;-1
202400031604;203 913 850;155 726 109;B01;1;1;4;1;2004.0;9;2;6;-1;0;0;-1
202400031604;203 913 853;155 726 112;A01;1;1;1;1;1964.0;9;1;-1;-1;0;0;-1
202400031613;203 913 832;155 726 095;A01;10;3;3;1;1987.0;1;0;-1;-1;3;3;1
202400031613;203 913 833;155 726 095;A01;1;1;1;2;1996.0;1;1;8;-1;0;0;-1
202400031620;203 913 809;155 726 080;A01;1;1;4;1;1982.0;9;1;-1;-1;-1; -1;-1
202400031620;203 913 811;155 726 082;B01;7;2;4;1;2021.0;0;8;-1;-1;-1; -1;-1
202400031620;203 913 812;155 726 082;B01;7;2;1;2;1994.0;0;8;-1;-1;-1; -1;-1
202400031620;203 913 813;155 726 082;B01;1;1;1;1;1975.0;4;1;-1;-1;-1; -1;-1
202400031621;203 913 807;155 726 079;B01;1;1;1;1;1977.0;1;1;0;0;-1; -1;-1
202400031621;203 913 810;155 726 081;A01;1;1;4;1;1972.0;0;2;6;0;-1; -1;-1
202400031624;203 913 800;155 726 074;A01;1;1;1;2;1967.0;1;1;-1;-1;-1; -1;-1
202400031624;203 913 802;155 726 076;B01;1;1;4;1;1959.0;0;2;-1;-1;-1; -1;-1
202400031627;203 913 789;155 726 068;B01;3;2;4;1;1997.0;5;1;0;-1;-1; -1;-1
202400031627;203 913 791;155 726 068;B01;2;2;4;1;1995.0;5;1;0;-1;-1; -1;-1
202400031627;203 913 794;155 726 068;B01;3;2;4;1;1988.0;0;1;0;-1;-1; -1;-1
202400031627;203 913 795;155 726 068;B01;1;1;4;1;2000.0;0;1;0;-1;-1; -1;-1
202400031627;203 913 797;155 726 071;A01;1;1;1;1;1998.0;5;1;0;-1;-1; -1;-1
202400031633;203 913 776;155 726 060;A01;10;3;4;2;1988.0;3;0;-1;-1;1;3;1
202400031633;203 913 777;155 726 060;A01;1;1;1;1;1996.0;1;8;0;-1;0;0;-1
202400031643;203 913 758;155 726 043;A01;1;1;1;1;2005.0;5;1;0;-1;-1; -1;-1
202400031643;203 913 760;155 726 046;B01;1;1;4;1;1991.0;4;1;0;-1;-1; -1;-1
202400031650;203 913 742;155 726 029;A01;1;1;1;1;1966.0;4;1;0;-1;-1; -1;-1
202400031650;203 913 744;155 726 031;B01;1;1;3;1;2010.0;0;8;0;-1;-1; -1;-1
202400031651;203 913 738;155 726 027;B01;1;1;3;2;2006.0;1;2;6;-1;0;0;-1
202400031651;203 913 741;155 726 028;A01;1;1;1;2;1978.0;1;1;-1;-1;0;0;-1
202400031665;203 913 702;155 726 005;A01;1;1;4;2;1975.0;9;1;0;-1;-1; -1;-1
202400031665;203 913 704;155 726 007;B01;1;1;1;1;1969.0;9;1;0;-1;-1; -1;-1
202400031688;203 913 638;155 725 957;A01;1;1;4;1;1963.0;5;2;0;-1;-1; -1;-1
202400031701;203 913 608;155 725 932;B01;1;1;2;1;1973.0;1;2;6;-1;0;0;-1
202400031707;203 913 598;155 725 926;A01;10;3;4;2;2008.0;0;0;-1;-1;3;3;1
202400031707;203 913 601;155 725 926;A01;1;1;1;1;2001.0;0;1;0;-1;-1; -1;-1
202400031719;203 913 569;155 725 904;A01;1;1;4;1;2003.0;0;1;0;-1;-1; -1;-1
202400031723;203 913 558;155 725 896;B01;1;1;1;1;1950.0;0;1;-1;-1;0;0;-1
202400031723;203 913 565;155 725 901;A01;1;1;3;1;1961.0;0;2;-1;-1;0;0;-1
202400031725;203 913 552;155 725 894;B01;1;1;4;1;1978.0;5;2;0;-1;-1; -1;-1
202400031725;203 913 553;155 725 894;B01;2;2;4;1;1989.0;5;2;0;-1;-1; -1;-1
202400031725;203 913 555;155 725 897;A01;2;2;4;2;1992.0;5;2;0;-1;-1; -1;-1
202400031725;203 913 557;155 725 897;A01;2;2;4;2;2022.0;5;2;0;-1;-1; -1;-1
202400031725;203 913 559;155 725 897;A01;1;1;1;1;2001.0;0;2;0;-1;-1; -1;-1
202400031738;203 913 520;155 725 866;C01;1;1;3;1;1953.0;1;8;-1;-1;0;0;-1
202400031738;203 913 526;155 725 870;A01;1;1;4;1;1966.0;4;8;-1;-1;0;0;-1
202400031738;203 913 529;155 725 874;B01;1;1;1;2;1974.0;0;8;-1;-1;0;0;-1
202400031742;203 913 504;155 725 857;B01;1;1;4;1;1995.0;4;2;0;-1;0;0;-1
202400031742;203 913 506;155 725 858;A01;1;1;1;2;1983.0;9;1;0;-1;0;0;-1
202400031745;203 913 511;155 725 859;A01;1;1;3;1;1954.0;5;2;-1;-1;0;0;-1
202400031748;203 913 497;155 725 851;Z01;10;3;3;2;1985.0;5;0;-1;-1;3;3;1
202400031748;203 913 499;155 725 851;Z01;1;1;1;-1;;-1;-1;-1;-1;-1; -1;-1
202400031762;203 913 469;155 725 827;A01;10;3;4;1;1990.0;9;0;-1;-1;2;3;1
202400031762;203 913 472;155 725 827;A01;1;1;1;1;1981.0;9;1;0;-1;0;0;-1
202400031763;203 913 465;155 725 825;A01;10;3;3;1;2002.0;0;0;-1;-1;8;B;1
202400031763;203 913 466;155 725 825;A01;1;1;1;-1;;-1;-1;-1;-1;-1; -1;-1
202400031777;203 913 431;155 725 795;B01;1;1;1;1;1987.0;4;1;8;-1;-1; -1;-1
202400031777;203 913 433;155 725 797;A01;1;1;4;1;1979.0;1;2;6;-1;-1; -1;-1
202400031783;203 913 417;155 725 785;A01;1;1;1;1;2006.0;1;8;0;-1;-1; -1;-1
202400031783;203 913 419;155 725 785;A01;10;3;4;2;2006.0;5;0;-1;-1;2;2;3
202400031786;203 913 401;155 725 775;A01;1;1;1;1;1962.0;5;1;0;0;-1; -1;-1
202400031786;203 913 406;155 725 780;B01;2;2;4;1;1992.0;0;1;0;0;-1; -1;-1
202400031786;203 913 409;155 725 780;B01;4;2;4;1;1972.0;0;1;0;0;-1; -1;-1
202400031786;203 913 410;155 725 780;B01;3;2;4;1;1989.0;0;1;0;0;-1; -1;-1
202400031786;203 913 412;155 725 780;B01;1;1;4;1;1994.0;0;1;0;0;-1; -1;-1
202400031791;203 913 388;155 725 766;A01;1;1;4;2;1997.0;1;1;0;-1;-1; -1;-1
202400031791;203 913 389;155 725 768;B01;4;2;1;1;2010.0;1;1;0;-1;-1; -1;-1
202400031791;203 913 391;155 725 768;B01;3;2;1;2;2013.0;1;1;0;-1;-1; -1;-1
202400031791;203 913 393;155 725 768;B01;2;2;1;2;1981.0;1;1;0;-1;-1; -1;-1
202400031791;203 913 395;155 725 768;B01;1;1;1;1;1979.0;1;1;0;-1;-1; -1;-1
202400031795;203 913 383;155 725 761;B01;1;1;1;1;1985.0;4;8;0;-1;-1; -1;-1
202400031795;203 913 385;155 725 764;A01;1;1;4;1;2004.0;4;8;-1;-1;-1; -1;-1
202400031801;203 913 366;155 725 750;B01;1;1;1;1;1986.0;4;1;0;0;-1; -1;-1
202400031801;203 913 369;155 725 751;A01;2;2;4;2;1973.0;0;1;0;0;-1; -1;-1
202400031801;203 913 370;155 725 751;A01;1;1;1;1;2001.0;0;1;0;0;-1; -1;-1
202400031830;203 913 288;155 725 693;A01;1;1;1;1;2006.0;5;2;8;-1;-1; -1;-1
202400031830;203 913 291;155 725 693;A01;10;3;4;2;2015.0;5;0;-1;-1;2;3;2
202400031834;203 913 278;155 725 687;B01;2;2;1;1;1956.0;5;1;-1;-1;0;0;-1
202400031834;203 913 282;155 725 687;B01;9;2;1;1;1994.0;5;1;-1;-1;0;0;-1
202400031834;203 913 284;155 725 687;B01;7;2;1;2;2000.0;5;1;-1;-1;0;0;-1
202400031834;203 913 287;155 725 687;B01;1;1;1;1;1991.0;5;1;-1;-1;0;0;-1
202400031834;203 913 292;155 725 696;A01;1;1;3;1;2010.0;5;0;-1;-1;0;0;-1
202400031867;203 913 206;155 725 633;B01;1;1;3;1;2007.0;1;2;-1;-1;0;0;-1
202400031867;203 913 210;155 725 635;A01;1;1;1;1;1993.0;1;1;-1;-1;0;0;-1
202400031868;203 913 201;155 725 629;B01;1;1;4;2;1984.0;1;8;0;-1;-1; -1;-1
202400031868;203 913 204;155 725 631;A01;1;1;1;1;1960.0;1;8;0;-1;-1; -1;-1
202400031893;203 913 145;155 725 585;B01;1;1;1;2;1988.0;0;1;-1;-1;0;0;-1
202400031893;203 913 149;155 725 587;A01;2;2;3;2;2006.0;0;1;-1;-1;0;0;-1
202400031893;203 913 152;155 725 587;A01;1;1;3;1;2006.0;0;1;-1;-1;0;0;-1
202400031903;203 913 120;155 725 567;B01;4;2;4;2;2019.0;5;3;8;-1;-1; -1;-1
202400031903;203 913 121;155 725 567;B01;3;2;4;2;2023.0;5;3;8;-1;-1; -1;-1
202400031903;203 913 125;155 725 567;B01;2;2;4;1;1996.0;5;1;0;-1;-1; -1;-1
202400031903;203 913 127;155 725 567;B01;1;1;4;2;1995.0;5;1;0;-1;-1; -1;-1
202400031903;203 913 130;155 725 571;A01;1;1;1;1;1988.0;5;1;0;-1;-1; -1;-1
202400031928;203 913 042;155 725 518;A01;1;1;1;1;1975.0;1;1;-1;-1;0;0;-1
202400031928;203 913 048;155 725 521;B01;2;2;3;1;2006.0;5;1;-1;-1;0;0;-1
202400031928;203 913 051;155 725 521;B01;1;1;4;1;1976.0;1;1;-1;-1;0;0;-1
202400031935;203 913 016;155 725 503;A01;1;1;1;2;1961.0;0;1;0;-1;-1; -1;-1
202400031935;203 913 017;155 725 505;B01;1;1;4;1;1999.0;0;2;0;-1;-1; -1;-1
202400031949;203 912 974;155 725 475;B01;1;1;1;1;1968.0;1;1;0;-1;0;0;-1
202400031949;203 912 976;155 725 477;A01;2;2;4;2;2005.0;2;1;0;-1;0;0;-1
202400031949;203 912 977;155 725 477;A01;1;1;4;2;2004.0;2;1;8;-1;0;0;-1
202400031956;203 912 956;155 725 462;A01;1;1;1;1;1988.0;5;1;-1;-1;0;0;-1
202400031956;203 912 959;155 725 465;B01;1;1;4;1;1969.0;5;1;-1;-1;0;0;-1
202400031963;203 912 943;155 725 450;A01;10;3;4;2;1945.0;5;0;-1;-1;2;3;1
202400031963;203 912 945;155 725 450;A01;1;1;1;2;1980.0;1;1;0;-1;-1; -1;-1
202400031989;203 912 882;155 725 400;A01;2;2;1;1;1991.0;5;1;0;-1;-1; -1;-1
202400031989;203 912 884;155 725 400;A01;1;1;4;2;1997.0;5;1;0;-1;-1; -1;-1
202400031989;203 912 885;155 725 402;B01;2;2;1;1;2005.0;9;1;0;-1;-1; -1;-1
202400031989;203 912 886;155 725 402;B01;1;1;1;1;2001.0;0;1;0;-1;-1; -1;-1
202400031989;203 912 888;155 725 405;C01;2;2;4;1;1972.0;0;1;0;-1;-1; -1;-1
202400031989;203 912 890;155 725 405;C01;1;1;4;2;2005.0;0;1;0;-1;-1; -1;-1
202400032011;203 912 824;155 725 354;A01;1;1;1;1;1986.0;5;1;-1;-1;-1; -1;-1
202400032011;203 912 826;155 725 355;B01;1;1;1;1;2005.0;5;1;-1;-1;-1; -1;-1
202400032011;203 912 829;155 725 358;C01;1;1;4;1;1984.0;5;1;-1;-1;-1; -1;-1
202400032011;203 912 833;155 725 360;D01;1;1;4;2;1998.0;5;1;-1;-1;-1; -1;-1
202400032011;203 912 835;155 725 362;E01;1;1;1;1;1986.0;5;1;-1;-1;-1; -1;-1
202400032014;203 912 817;155 725 348;A01;1;1;4;1;1999.0;0;1;0;-1;-1; -1;-1
202400032015;203 912 818;155 725 349;A01;1;1;1;1;2000.0;9;1;-1;-1;-1; -1;-1
202400032015;203 912 819;155 725 350;B01;1;1;4;1;1977.0;0;1;-1;-1;-1; -1;-1
202400032025;203 912 788;155 725 329;A01;3;2;3;2;2000.0;0;8;0;-1;-1; -1;-1
202400032025;203 912 789;155 725 329;A01;4;2;3;2;2004.0;0;8;0;-1;-1; -1;-1
202400032025;203 912 791;155 725 329;A01;2;2;2;1;2003.0;0;0;0;-1;-1; -1;-1
202400032025;203 912 793;155 725 329;A01;1;1;3;1;2003.0;0;0;-1;-1;-1; -1;-1
202400032025;203 912 795;155 725 331;B01;1;1;1;1;1966.0;4;1;-1;-1;-1; -1;-1
202400032031;203 912 776;155 725 320;A01;2;2;4;1;2007.0;5;2;8;-1;-1; -1;-1
202400032031;203 912 777;155 725 320;A01;1;1;4;1;1975.0;5;2;6;-1;-1; -1;-1
202400032036;203 912 765;155 725 313;A01;1;1;4;2;1981.0;1;2;8;-1;0;0;-1
202400032052;203 912 718;155 725 280;A01;1;1;4;1;1985.0;9;2;6;-1;-1; -1;-1
202400032052;203 912 720;155 725 282;B01;1;1;1;1;1969.0;0;1;4;-1;-1; -1;-1
202400032054;203 912 714;155 725 276;A01;1;1;1;1;1990.0;9;8;0;-1;-1; -1;-1
202400032054;203 912 716;155 725 278;B01;1;1;4;2;1975.0;0;2;0;-1;-1; -1;-1
202400032057;203 912 710;155 725 272;Z01;1;1;1;-1;;-1;-1;-1;-1;-1; -1;-1
202400032057;203 912 713;155 725 275;A01;1;1;4;1;1972.0;1;2;8;-1;-1; -1;-1
202400032065;203 912 695;155 725 257;A01;1;1;1;1;1958.0;5;1;0;-1;-1; -1;-1
202400032065;203 912 696;155 725 258;B01;1;1;3;1;1989.0;0;2;0;-1;-1; -1;-1
202400032069;203 912 689;155 725 251;A01;1;1;4;1;1963.0;5;2;0;-1;-1; -1;-1
202400032072;203 912 679;155 725 242;B01;1;1;3;2;1975.0;1;1;0;-1;-1; -1;-1
202400032072;203 912 681;155 725 243;A01;1;1;1;2;1992.0;5;1;0;-1;-1; -1;-1
202400032080;203 912 660;155 725 229;B01;7;2;4;2;1962.0;3;8;-1;-1;-1; -1;-1
202400032080;203 912 661;155 725 229;B01;9;2;4;2;1960.0;3;8;-1;-1;-1; -1;-1
202400032080;203 912 662;155 725 229;B01;1;1;1;1;1970.0;4;1;-1;-1;-1; -1;-1
202400032080;203 912 663;155 725 230;A01;1;1;1;2;1984.0;5;8;-1;-1;-1; -1;-1
202400032101;203 912 601;155 725 192;A01;10;3;4;2;1942.0;5;0;-1;-1;3;3;1
202400032101;203 912 603;155 725 192;A01;1;1;1;2;1998.0;9;1;-1;-1;-1; -1;-1
202400032107;203 912 588;155 725 182;A01;1;1;1;1;1958.0;0;1;8;-1;-1; -1;-1
202400032107;203 912 590;155 725 184;B01;1;1;4;1;2011.0;5;2;8;-1;-1; -1;-1
202400032109;203 912 584;155 725 178;B01;1;1;4;1;1966.0;5;2;6;-1;-1; -1;-1
202400032109;203 912 586;155 725 180;Z01;1;1;1;-1;;-1;-1;-1;-1;-1; -1;-1
202400032130;203 912 537;155 725 142;B01;1;1;1;1;1999.0;3;1;-1;-1;-1; -1;-1
202400032130;203 912 539;155 725 144;A01;1;1;4;2;1987.0;5;1;-1;-1;-1; -1;-1
202400032136;203 912 519;155 725 130;A01;1;1;4;1;2000.0;0;2;6;-1;0;0;-1
202400032136;203 912 521;155 725 132;B01;1;1;1;2;2000.0;9;1;4;-1;0;0;-1
202400032157;203 912 468;155 725 092;A01;2;2;4;2;2003.0;5;1;0;-1;-1; -1;-1
202400032157;203 912 469;155 725 092;A01;3;2;4;1;2006.0;0;1;0;-1;-1; -1;-1
202400032157;203 912 470;155 725 092;A01;1;1;4;1;2004.0;5;1;0;-1;-1; -1;-1
202400032157;203 912 473;155 725 094;B01;3;2;4;2;2021.0;5;1;0;-1;-1; -1;-1
202400032157;203 912 474;155 725 094;B01;4;2;4;2;2021.0;5;1;0;-1;-1; -1;-1
202400032157;203 912 475;155 725 094;B01;2;2;4;1;1999.0;5;1;0;-1;-1; -1;-1
202400032157;203 912 476;155 725 094;B01;1;1;4;2;1998.0;5;1;0;-1;-1; -1;-1
202400032167;203 912 445;155 725 073;B01;1;1;4;1;1971.0;5;1;4;-1;0;0;-1
202400032167;203 912 447;155 725 075;A01;1;1;1;1;1966.0;1;1;4;-1;0;0;-1
202400032169;203 912 442;155 725 070;A01;1;1;1;2;1994.0;9;1;0;-1;-1; -1;-1
202400032169;203 912 443;155 725 071;B01;1;1;3;1;1976.0;9;2;0;-1;-1; -1;-1
202400032228;203 912 304;155 724 963;A01;1;1;2;1;1976.0;0;0;-1;-1;0;0;-1
202400032234;203 912 289;155 724 952;A01;1;1;4;2;1937.0;5;1;-1;-1;0;0;-1
202400032234;203 912 291;155 724 954;B01;1;1;1;1;1999.0;4;1;-1;-1;0;0;-1
202400032249;203 912 255;155 724 929;A01;1;1;1;1;1998.0;0;1;-1;-1;0;0;-1
202400032249;203 912 259;155 724 931;B01;1;1;3;1;2006.0;0;2;-1;-1;0;0;-1
202400032274;203 912 203;155 724 890;A01;2;2;4;1;2007.0;5;1;-1;-1;0;0;-1
202400032274;203 912 204;155 724 890;A01;7;2;4;2;2016.0;5;1;-1;-1;0;0;-1
202400032274;203 912 206;155 724 890;A01;1;1;4;2;1975.0;5;1;-1;-1;0;0;-1
202400032274;203 912 208;155 724 893;B01;2;2;3;2;1939.0;5;1;-1;-1;0;0;-1
202400032274;203 912 210;155 724 893;B01;1;1;2;1;1932.0;5;1;-1;-1;0;0;-1
202400032290;203 912 157;155 724 860;A01;1;1;1;2;2010.0;0;1;-1;-1;0;0;-1
202400032290;203 912 158;155 724 861;B01;1;1;4;1;2009.0;5;2;-1;-1;0;0;-1
202400032291;203 912 155;155 724 858;A01;1;1;4;1;2008.0;5;2;6;-1;0;0;-1
202400032291;203 912 156;155 724 859;B01;1;1;1;1;1934.0;5;1;-1;-1;0;0;-1
202400032292;203 912 153;155 724 857;A01;2;2;3;1;2002.0;5;2;6;-1;0;0;-1
202400032292;203 912 154;155 724 857;A01;1;1;1;1;2005.0;5;2;6;-1;0;0;-1
202400032296;203 912 141;155 724 850;A01;1;1;1;1;2004.0;0;8;-1;-1;0;0;-1
202400032296;203 912 142;155 724 851;B01;1;1;3;1;1961.0;0;2;9;-1;0;0;-1
202400032298;203 912 138;155 724 847;A01;1;1;3;1;1969.0;5;2;6;-1;0;0;-1
202400032303;203 912 126;155 724 837;B01;1;1;1;1;1945.0;5;1;-1;-1;0;0;-1
202400032303;203 912 127;155 724 838;A01;1;1;3;2;2006.0;5;2;6;-1;0;0;-1
202400032309;203 912 109;155 724 828;A01;1;1;3;1;1948.0;5;1;9;-1;0;0;-1
202400032309;203 912 110;155 724 829;B01;9;2;1;1;2003.0;1;1;-1;-1;0;0;-1
202400032309;203 912 111;155 724 829;B01;7;2;1;1;2006.0;1;1;-1;-1;0;0;-1
202400032309;203 912 112;155 724 829;B01;2;2;1;1;2005.0;1;1;-1;-1;0;0;-1
202400032309;203 912 113;155 724 829;B01;1;1;1;1;2003.0;1;1;-1;-1;0;0;-1
202400032320;203 912 065;155 724 801;C01;1;1;4;2;1985.0;0;2;6;-1;-1; -1;-1
202400032320;203 912 066;155 724 802;D01;1;1;1;1;1968.0;5;1;0;-1;-1; -1;-1
202400032320;203 912 067;155 724 803;A01;1;1;1;2;1991.0;5;1;0;-1;-1; -1;-1
202400032320;203 912 068;155 724 804;B01;1;1;1;1;2002.0;5;1;0;-1;-1; -1;-1
202400032326;203 912 049;155 724 788;A01;1;1;3;1;1980.0;1;2;6;-1;-1; -1;-1
202400032326;203 912 050;155 724 789;B01;1;1;1;1;2002.0;4;1;0;-1;-1; -1;-1
202400032337;203 912 026;155 724 770;A01;1;1;4;2;1975.0;1;2;6;-1;-1; -1;-1
202400032373;203 911 953;155 724 709;B01;1;1;4;2;1996.0;9;1;0;-1;0;0;-1
202400032373;203 911 954;155 724 710;A01;2;2;4;2;2004.0;4;1;0;-1;0;0;-1
202400032373;203 911 955;155 724 710;A01;1;1;4;1;1989.0;4;1;0;-1;0;0;-1
202400032385;203 911 929;155 724 688;B01;1;1;4;2;1970.0;1;2;-1;-1;0;0;-1
202400032385;203 911 930;155 724 689;A01;1;1;4;1;1972.0;1;2;-1;-1;0;0;-1
202400032398;203 911 899;155 724 663;A01;2;2;1;2;1941.0;5;1;-1;-1;-1; -1;-1
202400032398;203 911 900;155 724 663;A01;1;1;1;1;1945.0;5;1;-1;-1;-1; -1;-1
202400032398;203 911 901;155 724 664;B01;1;1;4;2;1999.0;0;8;0;-1;-1; -1;-1
202400032412;203 911 869;155 724 638;B01;1;1;1;1;1985.0;4;1;0;-1;0;0;-1
202400032412;203 911 870;155 724 639;A01;1;1;3;1;2007.0;2;2;0;-1;0;0;-1
202400032419;203 911 857;155 724 628;A01;1;1;4;1;1997.0;9;2;0;-1;-1; -1;-1
202400032419;203 911 858;155 724 629;B01;2;2;1;2;2000.0;0;1;0;-1;-1; -1;-1
202400032419;203 911 859;155 724 629;B01;1;1;1;2;2001.0;9;1;0;-1;-1; -1;-1
202400032424;203 911 847;155 724 618;A01;1;1;4;1;1976.0;5;8;0;-1;-1; -1;-1
202400032424;203 911 848;155 724 619;B01;1;1;1;1;1968.0;1;2;6;-1;-1; -1;-1
202400032426;203 911 843;155 724 614;A01;1;1;1;1;1958.0;5;1;0;-1;-1; -1;-1
202400032426;203 911 844;155 724 615;B01;1;1;4;1;2017.0;0;2;0;-1;-1; -1;-1
202400032432;203 911 828;155 724 602;A01;1;1;1;1;1998.0;0;1;0;0;-1; -1;-1
202400032432;203 911 829;155 724 603;B01;1;1;4;2;2010.0;0;8;0;0;2;3;1
202400032436;203 911 820;155 724 596;A01;1;1;1;-1;;-1;8;8;8;-1; -1;-1
202400032436;203 911 821;155 724 597;B01;1;1;4;1;1986.0;0;2;6;0;-1; -1;-1
202400032447;203 911 792;155 724 579;B01;1;1;3;1;1973.0;5;2;9;4;0;0;-1
202400032447;203 911 793;155 724 580;A01;1;1;1;1;2001.0;5;8;-1;-1;0;0;-1
202400032448;203 911 791;155 724 578;A01;1;1;4;1;2006.0;5;0;-1;-1;0;0;-1
202400032452;203 911 784;155 724 573;A01;1;1;3;1;1953.0;5;2;6;-1;0;0;-1
202400032455;203 911 776;155 724 568;A01;1;1;3;1;1957.0;0;1;-1;-1;0;0;-1
202400032455;203 911 777;155 724 569;B01;1;1;1;1;1945.0;0;1;-1;-1;0;0;-1
202400032460;203 911 767;155 724 561;B01;1;1;1;1;1991.0;5;1;-1;-1;0;0;-1
202400032460;203 911 768;155 724 562;A01;1;1;3;1;2000.0;5;2;6;-1;0;0;-1
202400032493;203 911 688;155 724 497;A01;1;1;3;1;1947.0;5;0;-1;-1;0;0;-1
202400032498;203 911 679;155 724 491;A01;10;3;3;1;2012.0;5;0;-1;-1;1;3;2
202400032498;203 911 680;155 724 491;A01;1;1;1;2;1988.0;5;1;-1;-1;0;0;-1
202400032499;203 911 677;155 724 489;B01;1;1;1;2;1999.0;5;1;-1;-1;0;0;-1
202400032499;203 911 678;155 724 490;A01;1;1;3;1;1983.0;5;2;-1;-1;0;0;-1
202400032502;203 911 668;155 724 481;A01;1;1;3;1;1999.0;5;2;6;-1;0;0;-1
202400032502;203 911 669;155 724 482;B01;1;1;1;1;1966.0;4;1;-1;-1;0;0;-1
202400032502;203 911 670;155 724 483;C01;1;1;1;1;1966.0;5;1;-1;-1;0;0;-1
202400032508;203 911 659;155 724 473;A01;1;1;1;2;1950.0;3;1;-1;-1;0;0;-1
202400032508;203 911 660;155 724 474;B01;1;1;4;1;2004.0;5;2;-1;-1;0;0;-1
202400032512;203 911 651;155 724 469;A01;2;2;4;2;2002.0;5;1;-1;-1;0;0;-1
202400032512;203 911 652;155 724 469;A01;1;1;2;1;1991.0;5;1;-1;-1;0;0;-1
202400032525;203 911 623;155 724 446;B01;1;1;4;1;2007.0;5;2;6;-1;0;0;-1
202400032525;203 911 624;155 724 447;A01;1;1;1;1;1973.0;5;1;-1;-1;0;0;-1
202400032542;203 911 580;155 724 412;A01;1;1;4;1;1961.0;5;1;0;-1;-1; -1;-1
202400032542;203 911 581;155 724 413;B01;2;2;4;2;1988.0;5;1;0;-1;-1; -1;-1
202400032542;203 911 582;155 724 413;B01;3;2;1;1;2021.0;5;1;0;-1;-1; -1;-1
202400032542;203 911 583;155 724 413;B01;1;1;4;1;1988.0;5;1;0;-1;-1; -1;-1
202400032547;203 911 572;155 724 404;A01;1;1;4;1;1987.0;0;2;0;-1;-1; -1;-1
202400032550;203 911 564;155 724 398;A01;1;1;4;1;1974.0;5;8;-1;-1;-1; -1;-1
202400032550;203 911 565;155 724 399;Z01;1;1;1;-1;;-1;2;-1;-1;-1; -1;-1
202400032570;203 911 509;155 724 360;A01;1;1;4;1;1990.0;0;8;0;-1;-1; -1;-1
202400032570;203 911 510;155 724 361;B01;1;1;1;2;1965.0;0;1;0;-1;-1; -1;-1
202400032591;203 911 460;155 724 325;A01;10;3;4;2;1999.0;0;0;-1;-1;3;3;1
202400032591;203 911 461;155 724 325;A01;1;1;4;1;2004.0;0;2;-1;-1;0;0;-1
202400032595;203 911 455;155 724 320;A01;1;1;4;1;2008.0;0;2;6;-1;0;0;-1
202400032595;203 911 457;155 724 322;B01;1;1;1;1;2003.0;0;1;8;-1;0;0;-1
202400032605;203 911 432;155 724 304;A01;10;3;4;2;1952.0;3;0;-1;-1;3;1;1
202400032605;203 911 433;155 724 304;A01;1;1;1;1;1936.0;3;1;-1;-1;0;0;-1
202400032608;203 911 427;155 724 299;A01;1;1;4;1;2005.0;5;2;6;-1;-1; -1;-1
202400032619;203 911 407;155 724 282;B01;1;1;4;1;1987.0;1;8;0;-1;-1; -1;-1
202400032619;203 911 409;155 724 284;A01;1;1;1;1;2002.0;4;1;0;-1;-1; -1;-1
202400032620;203 911 404;155 724 280;C01;1;1;1;2;1990.0;1;8;-1;-1;0;0;-1
202400032620;203 911 405;155 724 281;A01;10;3;1;2;1990.0;0;0;-1;-1;6;9;1
202400032620;203 911 406;155 724 281;A01;1;1;3;1;2005.0;0;2;-1;-1;0;0;-1
202400032620;203 911 408;155 724 283;B01;1;1;1;1;1984.0;0;8;-1;-1;0;0;-1
202400032655;203 911 317;155 724 224;A01;2;2;1;1;2004.0;5;0;-1;-1;0;0;-1
202400032655;203 911 318;155 724 224;A01;1;1;4;1;1999.0;5;0;-1;-1;0;0;-1
202400032664;203 911 298;155 724 207;A01;10;3;3;1;1985.0;0;0;-1;-1;6;1;1
202400032664;203 911 299;155 724 207;A01;1;1;4;1;1971.0;4;1;0;-1;-1; -1;-1
202400032686;203 911 232;155 724 167;A01;10;3;4;2;1961.0;1;0;-1;-1;4;3;1
202400032686;203 911 233;155 724 167;A01;1;1;1;1;1992.0;1;2;6;-1;-1; -1;-1
202400032698;203 911 206;155 724 150;A01;1;1;4;2;1990.0;1;8;0;-1;0;0;-1
202400032701;203 911 198;155 724 143;A01;2;2;4;1;2003.0;9;1;0;-1;-1; -1;-1
202400032701;203 911 199;155 724 143;A01;1;1;4;1;2004.0;9;1;0;-1;-1; -1;-1
202400032701;203 911 200;155 724 144;B01;1;1;1;1;1991.0;4;1;0;-1;-1; -1;-1
202400032711;203 911 176;155 724 125;A01;1;1;1;1;1979.0;4;1;0;-1;-1; -1;-1
202400032711;203 911 177;155 724 126;B01;1;1;4;1;1999.0;0;2;6;-1;-1; -1;-1
202400032713;203 911 168;155 724 118;A01;1;1;1;1;2002.0;1;1;8;-1;-1; -1;-1
202400032713;203 911 171;155 724 120;B01;1;1;4;1;1999.0;1;2;6;-1;-1; -1;-1
202400032720;203 911 152;155 724 107;B01;1;1;4;1;1987.0;0;1;0;-1;-1; -1;-1
202400032720;203 911 155;155 724 110;A01;1;1;4;1;2005.0;0;1;0;-1;-1; -1;-1
202400032723;203 911 145;155 724 101;A01;1;1;3;1;2006.0;1;1;5;-1;0;0;-1
202400032740;203 911 115;155 724 076;B01;1;1;3;1;2002.0;9;2;6;9;0;0;-1
202400032740;203 911 117;155 724 078;A01;1;1;1;1;1961.0;0;1;-1;-1;0;0;-1
202400032742;203 911 111;155 724 074;A01;1;1;1;1;1999.0;0;1;0;0;-1; -1;-1
202400032742;203 911 112;155 724 074;A01;10;3;4;2;1982.0;5;0;0;0;3;3;1
202400032773;203 911 045;155 724 025;B01;1;1;3;1;1953.0;0;1;-1;-1;0;0;-1
202400032773;203 911 047;155 724 027;A01;2;2;1;1;1986.0;0;1;-1;-1;0;0;-1
202400032773;203 911 048;155 724 027;A01;4;2;1;1;1996.0;0;1;-1;-1;0;0;-1
202400032773;203 911 050;155 724 027;A01;3;2;1;1;2006.0;0;1;-1;-1;0;0;-1
202400032773;203 911 052;155 724 027;A01;1;1;1;1;2002.0;0;1;-1;-1;0;0;-1
202400032774;203 911 044;155 724 024;A01;1;1;3;1;1999.0;0;2;6;-1;0;0;-1
202400032776;203 911 038;155 724 019;A01;2;2;1;1;2005.0;0;1;0;-1;-1; -1;-1
202400032776;203 911 041;155 724 019;A01;1;1;4;2;2006.0;0;1;0;-1;-1; -1;-1
202400032776;203 911 043;155 724 023;B01;1;1;1;1;1954.0;0;1;0;-1;-1; -1;-1
202400032784;203 911 012;155 724 005;B01;1;1;1;1;1964.0;5;1;-1;-1;0;0;-1
202400032784;203 911 014;155 724 006;A01;1;1;3;1;1983.0;1;2;-1;-1;0;0;-1
202400032795;203 910 987;155 723 984;A01;1;1;3;1;2008.0;0;2;6;-1;0;0;-1
202400032799;203 910 976;155 723 976;A01;2;2;3;1;2003.0;0;8;-1;-1;0;0;-1
202400032799;203 910 978;155 723 976;A01;1;1;3;1;2004.0;0;8;-1;-1;0;0;-1
202400032811;203 910 944;155 723 956;A01;2;2;3;2;1955.0;5;2;-1;-1;0;0;-1
202400032811;203 910 947;155 723 956;A01;1;1;4;1;1958.0;5;2;-1;-1;0;0;-1
202400032811;203 910 950;155 723 959;B01;1;1;4;1;1984.0;1;1;-1;-1;0;0;-1
202400032835;203 910 888;155 723 915;A01;1;1;3;1;2008.0;5;0;-1;-1;0;0;-1
202400032860;203 910 827;155 723 872;A01;1;1;3;1;1985.0;5;1;0;0;-1; -1;-1
202400032860;203 910 828;155 723 872;A01;2;2;3;1;1989.0;0;1;0;0;-1; -1;-1
202400032888;203 910 759;155 723 820;A01;1;1;1;1;1994.0;0;1;8;-1;-1; -1;-1
202400032888;203 910 761;155 723 822;B01;8;2;4;2;1957.0;0;8;0;-1;-1; -1;-1
202400032888;203 910 763;155 723 822;B01;8;2;4;2;1974.0;0;8;0;-1;-1; -1;-1
202400032888;203 910 764;155 723 822;B01;1;1;1;1;1979.0;4;1;0;-1;-1; -1;-1
202400032901;203 910 729;155 723 796;B01;1;1;1;1;1993.0;1;1;0;-1;-1; -1;-1
202400032901;203 910 731;155 723 798;A01;1;1;3;1;1993.0;0;2;0;-1;-1; -1;-1
202400032905;203 910 719;155 723 790;A01;10;3;3;1;2017.0;2;0;-1;-1;3;3;2
202400032905;203 910 720;155 723 790;A01;1;1;1;1;1976.0;1;1;0;-1;-1; -1;-1
202400032916;203 910 693;155 723 771;A01;1;1;3;1;1997.0;5;2;6;-1;-1; -1;-1
202400032916;203 910 694;155 723 772;B01;2;2;1;1;2003.0;3;1;8;-1;-1; -1;-1
202400032916;203 910 695;155 723 772;B01;1;1;1;1;1995.0;3;1;0;-1;-1; -1;-1
202400032932;203 910 654;155 723 740;B01;1;1;4;2;1998.0;9;1;0;-1;-1; -1;-1
202400032932;203 910 655;155 723 741;A01;1;1;1;1;2002.0;1;1;0;-1;-1; -1;-1
202400032938;203 910 640;155 723 729;A01;1;1;1;1;2001.0;0;1;0;-1;-1; -1;-1
202400032938;203 910 642;155 723 732;B01;1;1;4;1;1971.0;0;2;0;-1;-1; -1;-1
202400032958;203 910 588;155 723 692;B01;1;1;4;2;2002.0;0;8;0;-1;-1; -1;-1
202400032958;203 910 590;155 723 693;A01;1;1;1;2;1978.0;0;1;0;-1;-1; -1;-1
202400032966;203 910 572;155 723 682;A01;1;1;1;1;1987.0;5;8;0;-1;0;0;-1
202400032966;203 910 573;155 723 682;A01;10;3;4;2;1982.0;3;0;-1;-1;2;3;1
202400032985;203 910 532;155 723 647;A01;1;1;1;1;1988.0;1;1;-1;-1;0;0;-1
202400032985;203 910 534;155 723 648;B01;1;1;4;1;1997.0;1;2;8;-1;0;0;-1
202400032988;203 910 524;155 723 642;A01;1;1;1;1;2001.0;4;1;8;-1;0;0;-1
202400032988;203 910 526;155 723 644;B01;1;1;4;2;1997.0;5;8;8;-1;-1; -1;-1
202400032990;203 910 520;155 723 639;B01;1;1;1;2;1976.0;9;1;0;-1;0;0;-1
202400032990;203 910 523;155 723 641;A01;1;1;4;1;1991.0;9;8;0;-1;0;0;-1
202400032991;203 910 518;155 723 637;A01;1;1;4;1;1989.0;2;2;6;-1;-1; -1;-1
202400032991;203 910 519;155 723 638;B01;1;1;1;1;2006.0;2;1;0;-1;-1; -1;-1
202400032993;203 910 514;155 723 633;A01;1;1;4;1;2001.0;0;2;6;-1;-1; -1;-1
202400032993;203 910 515;155 723 634;B01;1;1;1;1;1996.0;0;1;0;-1;-1; -1;-1
202400033000;203 910 499;155 723 621;B01;1;1;4;1;2009.0;0;8;6;0;-1; -1;-1
202400033000;203 910 500;155 723 622;A01;1;1;1;1;2002.0;1;1;0;0;-1; -1;-1
202400033007;203 910 483;155 723 610;A01;10;3;3;1;2011.0;5;0;-1;-1;4;9;1
202400033007;203 910 484;155 723 610;A01;1;1;1;1;2006.0;0;1;0;-1;-1; -1;-1
202400033012;203 910 472;155 723 601;A01;1;1;4;1;1970.0;0;8;0;0;-1; -1;-1
202400033012;203 910 473;155 723 602;B01;1;1;4;1;1954.0;0;1;0;-1;-1; -1;-1
202400033016;203 910 464;155 723 596;A01;1;1;4;1;2001.0;0;1;0;0;-1; -1;-1
202400033016;203 910 465;155 723 596;A01;2;2;4;1;1999.0;0;1;0;0;-1; -1;-1
202400033024;203 910 449;155 723 584;A01;1;1;4;1;1932.0;5;1;0;0;-1; -1;-1
202400033026;203 910 445;155 723 581;A01;1;1;4;1;1999.0;5;2;8;0;-1; -1;-1
202400033026;203 910 446;155 723 582;B01;1;1;4;1;1980.0;5;2;6;0;-1; -1;-1
202400033034;203 910 424;155 723 568;A01;2;2;4;2;1996.0;5;1;-1;-1;0;0;-1
202400033034;203 910 425;155 723 568;A01;1;1;1;1;2000.0;0;8;-1;-1;0;0;-1
202400033034;203 910 426;155 723 568;A01;8;2;3;1;1996.0;5;1;-1;-1;0;0;-1
202400033053;203 910 377;155 723 537;A01;1;1;1;1;2005.0;5;1;-1;-1;0;0;-1
202400033053;203 910 378;155 723 538;B01;1;1;4;1;1998.0;5;1;-1;-1;0;0;-1
202400033057;203 910 366;155 723 529;B01;1;1;4;1;1962.0;5;1;-1;-1;0;0;-1
202400033057;203 910 367;155 723 529;B01;2;2;3;2;1968.0;5;1;-1;-1;0;0;-1
202400033057;203 910 368;155 723 530;A01;1;1;1;1;1981.0;4;1;-1;-1;0;0;-1
202400033082;203 910 245;155 723 482;B01;1;1;3;1;1987.0;0;0;-1;-1;0;0;-1
202400033082;203 910 246;155 723 483;A01;1;1;1;1;1986.0;0;1;-1;-1;0;0;-1
202400033102;203 910 198;155 723 452;A01;1;1;3;1;1992.0;5;0;-1;-1;0;0;-1
202400033112;203 910 168;155 723 433;A01;10;3;4;1;1971.0;0;8;8;-1;9;3;1
202400033112;203 910 169;155 723 433;A01;1;1;1;-1;;-1;-1;-1;-1;-1; -1;-1
202400033129;203 910 116;155 723 397;C01;1;1;1;2;1998.0;0;1;4;-1;-1; -1;-1
202400033129;203 910 118;155 723 399;B01;1;1;4;1;2004.0;5;1;4;-1;-1; -1;-1
202400033129;203 910 119;155 723 400;A01;1;1;1;1;1971.0;1;1;0;-1;-1; -1;-1
202400033137;203 910 096;155 723 384;A01;1;1;4;1;1990.0;5;1;0;-1;0;0;-1
202400033142;203 910 081;155 723 372;A01;1;1;3;2;1955.0;5;1;-1;-1;0;0;-1
202400033142;203 910 083;155 723 374;B01;1;1;1;1;1964.0;4;1;-1;-1;0;0;-1
202400033153;203 910 059;155 723 356;A01;10;3;3;2;1942.0;5;0;-1;-1;3;3;1
202400033153;203 910 061;155 723 356;A01;1;1;1;1;1950.0;3;1;-1;-1;0;0;-1
202400033154;203 910 058;155 723 355;A01;10;3;4;1;1958.0;5;0;-1;-1;2;3;1
202400033154;203 910 060;155 723 355;A01;1;1;1;1;1991.0;1;2;6;-1;2;3;1
202400033177;203 909 997;155 723 312;A01;1;1;1;1;1979.0;9;1;0;-1;-1; -1;-1
202400033177;203 909 998;155 723 312;A01;10;3;4;1;2006.0;9;0;0;-1;2;3;1
202400033180;203 909 993;155 723 308;A01;1;1;4;1;1993.0;1;2;8;-1;-1; -1;-1
202400033185;203 909 983;155 723 301;A01;1;1;1;1;1970.0;1;1;0;-1;-1; -1;-1
202400033185;203 909 984;155 723 301;A01;10;3;4;2;2006.0;2;8;8;-1;3;3;1
202400033199;203 909 952;155 723 277;A01;1;1;1;2;1997.0;9;1;0;-1;-1; -1;-1
202400033199;203 909 953;155 723 278;B01;1;1;4;1;1992.0;1;1;0;-1;-1; -1;-1
202400033225;203 909 885;155 723 234;B01;1;1;4;2;1948.0;5;2;-1;-1;-1; -1;-1
202400033225;203 909 891;155 723 236;A01;1;1;1;1;1985.0;0;1;-1;-1;-1; -1;-1
202400033238;203 909 852;155 723 206;B01;1;1;4;2;1998.0;9;2;6;0;-1; -1;-1
202400033238;203 909 856;155 723 210;A01;1;1;1;1;1992.0;1;1;-1;-1;-1; -1;-1
202400033253;203 909 821;155 723 180;B01;1;1;1;1;1987.0;0;1;0;0;-1; -1;-1
202400033253;203 909 824;155 723 183;A01;1;1;3;2;2001.0;0;2;6;0;-1; -1;-1
202400033255;203 909 815;155 723 175;B01;1;1;4;1;1988.0;3;2;6;-1;-1; -1;-1
202400033255;203 909 819;155 723 178;A01;1;1;1;-1;;-1;-1;-1;-1;-1; -1;-1
202400033257;203 909 812;155 723 172;B01;1;1;1;1;2001.0;0;1;0;0;-1; -1;-1
202400033257;203 909 814;155 723 174;A01;1;1;4;1;1980.0;0;2;0;0;-1; -1;-1
202400033274;203 909 772;155 723 140;A01;1;1;1;1;1986.0;4;1;-1;-1;0;0;-1
202400033274;203 909 775;155 723 142;B01;1;1;3;1;2003.0;4;1;-1;-1;0;0;-1
202400033304;203 909 695;155 723 087;A01;2;2;1;2;1975.0;-1;1;-1;-1;-1; -1;-1
202400033304;203 909 697;155 723 087;A01;1;1;4;1;2006.0;0;1;0;-1;-1; -1;-1
202400033304;203 909 698;155 723 089;B01;1;1;4;1;1998.0;9;1;0;-1;-1; -1;-1
202400033316;203 909 668;155 723 069;A01;1;1;4;1;2008.0;2;2;6;-1;-1; -1;-1
202400033316;203 909 673;155 723 071;B01;1;1;1;1;1985.0;0;1;8;-1;-1; -1;-1
202400033331;203 909 635;155 723 044;A01;1;1;3;1;2004.0;5;2;6;-1;0;0;-1
202400033344;203 909 611;155 723 024;B01;2;2;4;2;1999.0;5;2;0;-1;-1; -1;-1
202400033344;203 909 612;155 723 024;B01;1;1;4;1;1998.0;5;2;0;-1;-1; -1;-1
202400033344;203 909 614;155 723 026;A01;1;1;1;1;1996.0;5;1;0;-1;-1; -1;-1
202400033374;203 909 544;155 722 968;A01;1;1;3;1;1933.0;5;1;-1;-1;0;0;-1
202400033386;203 909 514;155 722 944;B01;1;1;1;1;1985.0;1;1;8;-1;-1; -1;-1
202400033386;203 909 518;155 722 944;B01;10;3;3;1;2007.0;2;0;-1;-1;4;3;1
202400033392;203 909 500;155 722 934;A01;1;1;4;1;1995.0;5;2;8;-1;-1; -1;-1
202400033392;203 909 503;155 722 937;Z01;1;1;1;-1;;-1;-1;-1;-1;-1; -1;-1
202400033405;203 909 473;155 722 912;A01;1;1;4;1;2000.0;0;1;0;0;-1; -1;-1
202400033433;203 909 409;155 722 863;B01;1;1;3;1;1982.0;5;2;6;-1;0;0;-1
202400033433;203 909 413;155 722 867;A01;1;1;3;1;2000.0;5;2;6;-1;0;0;-1
202400033438;203 909 389;155 722 850;B01;4;2;4;1;2016.0;5;1;0;-1;0;0;-1
202400033438;203 909 391;155 722 850;B01;3;2;4;1;2018.0;0;1;0;-1;0;0;-1
202400033438;203 909 392;155 722 850;B01;1;1;4;1;1988.0;5;1;0;-1;0;0;-1
202400033438;203 909 394;155 722 852;A01;1;1;4;1;1950.0;5;1;0;-1;0;0;-1
202400033447;203 909 373;155 722 837;A01;1;1;4;1;1991.0;1;2;6;0;-1; -1;-1
202400033460;203 909 342;155 722 814;A01;10;3;4;1;1984.0;9;0;0;0;2;3;1
202400033460;203 909 343;155 722 814;A01;1;1;1;1;1973.0;1;1;8;-1;2;3;1
202400033463;203 909 339;155 722 811;A01;1;1;4;1;1995.0;0;8;0;-1;-1; -1;-1
202400033463;203 909 340;155 722 812;B01;1;1;1;1;1979.0;1;1;0;-1;-1; -1;-1
202400033467;203 909 328;155 722 803;X01;10;3;4;1;1985.0;1;0;-1;-1;3;3;1
202400033467;203 909 330;155 722 803;X01;1;1;1;1;;9;2;0;-1;3;3;1
202400033500;203 909 248;155 722 744;A01;1;1;4;1;1999.0;5;1;0;-1;-1; -1;-1
202400033500;203 909 250;155 722 746;B01;1;1;1;1;1963.0;4;1;0;-1;-1; -1;-1
202400033507;203 909 227;155 722 726;C01;1;1;1;1;1977.0;0;1;0;-1;-1; -1;-1
202400033507;203 909 228;155 722 728;A01;1;1;4;1;1983.0;1;2;6;-1;-1; -1;-1
202400033507;203 909 230;155 722 730;B01;1;1;1;2;1987.0;1;1;0;-1;-1; -1;-1
202400033525;203 909 187;155 722 693;A01;1;1;1;1;1996.0;4;0;-1;-1;0;0;-1
202400033525;203 909 190;155 722 695;C01;1;1;4;1;1978.0;5;2;-1;-1;0;0;-1
202400033525;203 909 191;155 722 696;B01;1;1;3;1;1974.0;5;2;-1;-1;0;0;-1
202400033531;203 909 182;155 722 688;A01;10;3;4;2;1985.0;0;0;-1;-1;4;3;1
202400033531;203 909 183;155 722 688;A01;1;1;1;1;1973.0;5;1;0;-1;-1; -1;-1
202400033535;203 909 165;155 722 677;A01;8;2;3;1;1992.0;5;0;-1;-1;0;0;-1
202400033535;203 909 170;155 722 677;A01;1;1;3;1;1963.0;5;1;-1;-1;0;0;-1
202400033547;203 909 136;155 722 658;A01;10;3;1;2;1958.0;5;0;-1;-1;4;3;2
202400033547;203 909 137;155 722 658;A01;10;3;3;1;1966.0;5;0;-1;-1;4;3;2
202400033547;203 909 140;155 722 658;A01;1;1;1;1;1939.0;5;1;-1;-1;0;0;-1
202400033565;203 909 095;155 722 625;A01;1;1;1;1;1950.0;3;1;8;-1;-1; -1;-1
202400033565;203 909 097;155 722 627;B01;1;1;4;1;1996.0;4;2;6;0;-1; -1;-1
202400033575;203 909 077;155 722 611;B01;1;1;1;1;1985.0;0;2;0;0;-1; -1;-1
202400033575;203 909 082;155 722 615;A01;1;1;4;1;1974.0;0;8;0;0;-1; -1;-1
202400033580;203 909 068;155 722 606;A01;1;1;4;1;1984.0;4;1;-1;-1;-1; -1;-1
202400033588;203 909 052;155 722 593;A01;1;1;4;2;1970.0;5;2;6;-1;-1; -1;-1
202400033606;203 909 012;155 722 571;A01;1;1;4;1;1971.0;1;8;4;-1;-1; -1;-1
202400033619;203 908 981;155 722 548;Z01;1;1;1;1;;9;8;0;-1;-1; -1;-1
202400033619;203 908 983;155 722 550;A01;1;1;4;1;1990.0;1;1;0;-1;-1; -1;-1
202400033628;203 908 962;155 722 534;A01;2;2;4;2;1972.0;4;1;0;-1;-1; -1;-1
202400033628;203 908 963;155 722 534;A01;1;1;1;2;2002.0;4;1;0;-1;-1; -1;-1
202400033628;203 908 969;155 722 540;B01;1;1;1;1;1974.0;9;1;0;-1;-1; -1;-1
202400033642;203 908 929;155 722 510;A01;1;1;4;1;1969.0;5;2;0;-1;-1; -1;-1
202400033662;203 908 880;155 722 476;A01;1;1;1;1;1965.0;5;1;0;-1;-1; -1;-1
202400033662;203 908 883;155 722 478;C01;2;2;4;2;1974.0;5;1;0;-1;-1; -1;-1
202400033662;203 908 885;155 722 478;C01;1;1;1;2;1985.0;5;1;0;-1;-1; -1;-1
202400033662;203 908 889;155 722 483;B01;1;1;4;1;1994.0;5;1;0;-1;-1; -1;-1
202400033670;203 908 858;155 722 461;A01;1;1;3;1;1961.0;0;2;6;-1;-1; -1;-1
202400033671;203 908 857;155 722 460;A01;9;2;4;1;2009.0;5;1;-1;-1;0;0;-1
202400033671;203 908 860;155 722 460;A01;7;2;1;1;2013.0;5;1;-1;-1;0;0;-1
202400033671;203 908 862;155 722 460;A01;2;2;1;2;1981.0;5;1;-1;-1;0;0;-1
202400033671;203 908 864;155 722 460;A01;1;1;1;1;1981.0;5;1;-1;-1;0;0;-1
202400033671;203 908 866;155 722 465;B01;9;2;1;2;2019.0;5;1;3;-1;0;0;-1
202400033671;203 908 869;155 722 465;B01;1;1;4;2;1991.0;5;1;-1;-1;0;0;-1
202400033674;203 908 849;155 722 456;A01;1;1;3;2;1962.0;9;1;-1;-1;0;0;-1
202400033675;203 908 851;155 722 457;B01;7;2;1;2;2015.0;0;8;-1;-1;0;0;-1
202400033675;203 908 852;155 722 457;B01;9;2;1;1;2012.0;0;8;-1;-1;0;0;-1
202400033675;203 908 854;155 722 457;B01;2;2;1;2;1986.0;0;1;-1;-1;0;0;-1
202400033675;203 908 855;155 722 457;B01;1;1;1;1;1982.0;0;1;-1;-1;0;0;-1
202400033675;203 908 861;155 722 462;A01;1;1;4;1;1989.0;0;2;-1;-1;0;0;-1
202400033677;203 908 842;155 722 451;A01;1;1;3;1;1975.0;5;1;-1;-1;0;0;-1
202400033678;203 908 843;155 722 452;A01;1;1;2;1;1991.0;5;1;-1;-1;0;0;-1
202400033703;203 908 780;155 722 405;A01;1;1;2;1;2005.0;5;8;-1;-1;0;0;-1
202400033705;203 908 775;155 722 401;A01;1;1;1;2;;0;8;-1;-1;-1; -1;-1
202400033705;203 908 776;155 722 402;B01;1;1;4;2;1983.0;3;1;-1;-1;-1; -1;-1
202400033722;203 908 737;155 722 373;B01;1;1;3;1;1978.0;0;2;6;-1;-1; -1;-1
202400033722;203 908 743;155 722 378;A01;1;1;1;1;1991.0;0;1;0;-1;-1; -1;-1
202400033727;203 908 720;155 722 364;C01;2;2;1;1;1995.0;4;1;-1;-1;0;0;-1
202400033727;203 908 722;155 722 364;C01;1;1;1;2;2001.0;4;1;-1;-1;0;0;-1
202400033727;203 908 726;155 722 367;A01;1;1;3;1;1981.0;4;1;-1;-1;0;0;-1
202400033727;203 908 732;155 722 369;B01;2;2;1;1;1996.0;4;1;-1;-1;0;0;-1
202400033727;203 908 734;155 722 369;B01;1;1;1;1;1992.0;4;1;-1;-1;0;0;-1
202400033729;203 908 718;155 722 363;A01;1;1;3;2;2006.0;5;1;-1;-1;0;0;-1
202400033729;203 908 721;155 722 365;B01;7;2;4;2;2022.0;5;3;-1;-1;0;0;-1
202400033729;203 908 724;155 722 365;B01;2;2;4;2;1989.0;5;1;-1;-1;0;0;-1
202400033729;203 908 727;155 722 365;B01;1;1;1;1;1992.0;5;1;-1;-1;0;0;-1
202400033729;203 908 733;155 722 370;C01;1;1;4;1;1969.0;5;1;-1;-1;0;0;-1
202400033751;203 908 667;155 722 319;A01;1;1;1;1;1989.0;0;1;0;-1;-1; -1;-1
202400033751;203 908 669;155 722 321;B01;1;1;4;2;1976.0;0;1;0;-1;-1; -1;-1
202400033754;203 908 664;155 722 317;A01;10;3;4;1;1992.0;0;0;-1;-1;8;B;1
202400033754;203 908 665;155 722 317;A01;1;1;1;1;2004.0;0;8;0;-1;8;B;1
202400033772;203 908 615;155 722 286;A01;2;2;4;2;1998.0;5;2;0;-1;-1; -1;-1
202400033772;203 908 618;155 722 286;A01;1;1;1;1;2001.0;5;2;0;-1;-1; -1;-1
202400033795;203 908 571;155 722 249;A01;1;1;4;1;1985.0;0;2;6;-1;0;0;-1
202400033795;203 908 573;155 722 251;Z01;1;1;1;1;;-1;-1;-1;-1;0;0;-1
202400033815;203 908 518;155 722 215;A01;1;1;1;1;1997.0;1;1;0;-1;-1; -1;-1
202400033815;203 908 519;155 722 216;B01;1;1;4;1;1997.0;1;8;0;-1;-1; -1;-1
202400033831;203 908 476;155 722 182;C01;1;1;1;1;1986.0;4;1;0;0;-1; -1;-1
202400033831;203 908 480;155 722 186;A01;1;1;4;1;1965.0;4;1;0;0;-1; -1;-1
202400033831;203 908 483;155 722 188;B01;1;1;1;1;2003.0;4;1;0;0;-1; -1;-1
202400033843;203 908 457;155 722 169;A01;1;1;4;1;1995.0;1;1;0;-1;-1; -1;-1
202400033843;203 908 463;155 722 174;B01;1;1;4;2;1989.0;1;1;0;-1;-1; -1;-1
202400033848;203 908 440;155 722 153;A01;10;3;4;1;1966.0;4;0;0;0;1;A;1
202400033848;203 908 441;155 722 153;A01;1;1;1;1;1978.0;4;1;0;0;-1; -1;-1
202400033856;203 908 424;155 722 139;B01;1;1;4;1;1991.0;5;2;0;-1;-1; -1;-1
202400033856;203 908 429;155 722 142;A01;1;1;1;1;1976.0;0;1;-1;-1;-1; -1;-1
202400033879;203 908 365;155 722 098;A01;1;1;1;1;1970.0;4;1;-1;-1;0;0;-1
202400033879;203 908 368;155 722 101;B01;1;1;4;2;1960.0;5;1;-1;-1;0;0;-1
202400033890;203 908 344;155 722 083;A01;1;1;1;1;2001.0;5;2;6;0;-1; -1;-1
202400033890;203 908 345;155 722 084;B01;1;1;4;1;1978.0;1;2;6;0;-1; -1;-1
202400033891;203 908 340;155 722 081;B01;1;1;1;1;1992.0;4;1;0;0;-1; -1;-1
202400033891;203 908 342;155 722 082;A01;1;1;4;1;2006.0;2;2;6;0;-1; -1;-1
202400033898;203 908 326;155 722 071;A01;1;1;4;2;1983.0;0;2;6;0;-1; -1;-1
202400033901;203 908 316;155 722 062;A01;1;1;1;1;1996.0;4;8;0;0;-1; -1;-1
202400033901;203 908 318;155 722 064;B01;1;1;4;1;1969.0;0;2;8;0;-1; -1;-1
202400033901;203 908 320;155 722 066;C01;1;1;4;2;1974.0;0;8;0;0;-1; -1;-1
202400033904;203 908 312;155 722 059;A01;1;1;1;1;1982.0;9;1;0;-1;-1; -1;-1
202400033904;203 908 313;155 722 060;B01;1;1;3;1;1989.0;9;2;6;-1;-1; -1;-1
202400033921;203 908 272;155 722 030;A01;1;1;4;1;1979.0;0;1;5;-1;-1; -1;-1
202400033921;203 908 273;155 722 031;B01;1;1;1;1;1962.0;4;1;0;-1;-1; -1;-1
202400033943;203 908 215;155 721 987;A01;10;3;2;1;2017.0;5;0;-1;-1;2;4;2
202400033943;203 908 217;155 721 987;A01;10;3;3;2;2015.0;5;0;-1;-1;2;4;2
202400033943;203 908 218;155 721 987;A01;1;1;4;2;1992.0;5;1;8;-1;-1; -1;-1
202400033943;203 908 219;155 721 988;B01;1;1;1;1;2005.0;5;1;8;-1;-1; -1;-1
202400033962;203 908 171;155 721 953;B01;1;1;1;1;1989.0;9;1;-1;-1;-1; -1;-1
202400033962;203 908 173;155 721 954;A01;1;1;4;1;1994.0;1;2;-1;-1;-1; -1;-1
202400033962;203 908 176;155 721 957;C01;1;1;4;1;1990.0;1;8;-1;-1;-1; -1;-1
202400033964;203 908 167;155 721 950;A01;1;1;1;1;1964.0;3;1;-1;-1;-1; -1;-1
202400033964;203 908 168;155 721 950;A01;10;3;3;1;1945.0;5;0;-1;-1;2;3;1
202400033966;203 908 165;155 721 948;A01;1;1;1;2;1963.0;4;8;-1;-1;-1; -1;-1
202400033966;203 908 166;155 721 949;B01;1;1;4;1;1970.0;1;8;-1;-1;-1; -1;-1
202400033977;203 908 136;155 721 927;A01;1;1;4;1;2008.0;0;2;6;-1;-1; -1;-1
202400033985;203 908 120;155 721 916;A01;1;1;1;1;1992.0;9;8;0;-1;-1; -1;-1
202400033985;203 908 121;155 721 916;A01;10;3;4;1;1953.0;-1;0;-1;-1;2;3;1
202400033986;203 908 118;155 721 914;A01;1;1;1;2;1985.0;9;1;0;-1;-1; -1;-1
202400033986;203 908 119;155 721 915;B01;1;1;4;1;1984.0;9;8;0;-1;-1; -1;-1
202400034000;203 908 093;155 721 895;A01;10;3;4;2;1978.0;5;0;-1;-1;3;3;2
202400034000;203 908 094;155 721 895;A01;1;1;1;1;1989.0;1;1;0;-1;-1; -1;-1
202400034007;203 908 076;155 721 882;B01;1;1;4;1;2005.0;9;2;0;-1;-1; -1;-1
202400034007;203 908 079;155 721 884;A01;1;1;1;2;2005.0;0;1;0;-1;-1; -1;-1
202400034012;203 908 065;155 721 873;A01;1;1;2;1;2001.0;0;2;6;9;0;0;-1
202400034012;203 908 066;155 721 874;B01;1;1;4;2;2002.0;0;1;-1;-1;0;0;-1
202400034031;203 908 016;155 721 834;A01;10;3;3;2;1936.0;5;0;-1;-1;3;3;1
202400034031;203 908 017;155 721 834;A01;1;1;1;1;1942.0;5;1;8;-1;-1; -1;-1
202400034041;203 907 995;155 721 817;B01;1;1;4;2;1990.0;5;2;0;-1;-1; -1;-1
202400034041;203 907 996;155 721 818;A01;1;1;1;1;1929.0;5;8;0;-1;-1; -1;-1
202400034045;203 907 990;155 721 811;A01;1;1;3;1;1993.0;1;1;-1;-1;0;0;-1
202400034047;203 907 986;155 721 808;A01;1;1;4;1;1967.0;1;2;6;-1;0;0;-1
202400034049;203 907 983;155 721 805;A01;1;1;3;1;1983.0;0;2;6;-1;0;0;-1
202400034050;203 907 981;155 721 804;A01;1;1;1;2;1960.0;5;1;0;-1;-1; -1;-1
202400034050;203 907 982;155 721 806;B01;1;1;4;1;1995.0;4;1;0;-1;-1; -1;-1
202400034072;203 907 927;155 721 761;A01;1;1;4;2;2005.0;5;1;8;-1;0;0;-1
202400034080;203 907 909;155 721 746;A01;1;1;4;1;2008.0;0;8;0;-1;-1; -1;-1
202400034080;203 907 911;155 721 748;B01;1;1;1;1;1968.0;5;1;0;-1;-1; -1;-1
202400034093;203 907 873;155 721 721;A01;1;1;4;1;1982.0;5;2;-1;-1;0;0;-1
202400034093;203 907 875;155 721 722;B01;1;1;1;1;1943.0;5;1;-1;-1;0;0;-1
202400034106;203 907 840;155 721 699;A01;1;1;4;2;1974.0;9;8;0;-1;0;0;-1
202400034110;203 907 830;155 721 692;A01;1;1;1;1;1988.0;5;1;0;-1;0;0;-1
202400034110;203 907 831;155 721 693;B01;1;1;4;1;2000.0;9;2;6;-1;0;0;-1
202400034110;203 907 832;155 721 693;B01;2;2;1;1;2001.0;0;2;6;-1;-1; -1;-1
202400034111;203 907 827;155 721 690;A01;1;1;1;1;1987.0;5;2;8;-1;-1; -1;-1
202400034111;203 907 828;155 721 690;A01;10;3;4;2;1955.0;9;0;-1;-1;1;3;1
202400034125;203 907 790;155 721 663;A01;1;1;1;-1;;-1;8;-1;-1;-1; -1;-1
202400034125;203 907 791;155 721 664;B01;1;1;4;1;1994.0;1;2;-1;-1;-1; -1;-1
202400034138;203 907 759;155 721 639;A01;10;3;4;1;1984.0;0;0;0;0;9;2;1
202400034138;203 907 761;155 721 639;A01;1;1;4;1;1997.0;0;0;0;0;0;0;-1
202400034140;203 907 755;155 721 636;A01;10;3;4;2;1986.0;4;0;0;0;4;3;1
202400034140;203 907 756;155 721 636;A01;1;1;1;1;2006.0;5;2;6;0;4;3;1
202400034155;203 907 723;155 721 612;B01;1;1;3;1;1978.0;5;2;6;-1;0;0;-1
202400034155;203 907 724;155 721 613;A01;2;2;1;2;2002.0;5;1;-1;-1;0;0;-1
202400034155;203 907 725;155 721 613;A01;1;1;1;1;2002.0;5;1;-1;-1;0;0;-1
202400034162;203 907 698;155 721 596;A01;1;1;1;1;2004.0;0;1;0;-1;-1; -1;-1
202400034162;203 907 700;155 721 598;B01;2;2;3;2;1993.0;0;1;0;-1;-1; -1;-1
202400034162;203 907 701;155 721 598;B01;1;1;4;1;1993.0;0;1;0;-1;-1; -1;-1
202400034164;203 907 689;155 721 592;B01;1;1;4;1;2008.0;5;2;-1;-1;-1; -1;-1
202400034164;203 907 691;155 721 593;A01;1;1;1;1;1944.0;3;1;0;-1;-1; -1;-1
202400034185;203 907 568;155 721 551;B01;1;1;4;1;2003.0;3;2;-1;-1;-1; -1;-1
202400034185;203 907 572;155 721 554;A01;1;1;4;2;1969.0;1;1;-1;-1;-1; -1;-1
202400034191;203 907 559;155 721 546;A01;1;1;1;1;1963.0;0;1;0;-1;-1; -1;-1
202400034191;203 907 560;155 721 547;B01;1;1;4;1;1940.0;0;0;-1;-1;3;3;1
202400034192;203 907 557;155 721 544;A01;1;1;3;1;1981.0;5;2;6;-1;-1; -1;-1
202400034195;203 907 550;155 721 538;A01;1;1;3;1;2001.0;0;2;6;-1;-1; -1;-1
202400034195;203 907 552;155 721 540;B01;1;1;1;1;1957.0;0;1;0;-1;-1; -1;-1
202400034196;203 907 548;155 721 537;A01;10;3;4;2;2002.0;4;0;-1;-1;5;9;1
202400034196;203 907 549;155 721 537;A01;1;1;1;1;1947.0;3;1;-1;-1;0;0;-1
202400034200;203 907 541;155 721 531;A01;1;1;4;1;1987.0;0;8;-1;-1;-1; -1;-1
202400034200;203 907 543;155 721 533;B01;1;1;1;1;1971.0;4;8;-1;-1;-1; -1;-1
202400034202;203 907 536;155 721 527;A01;1;1;3;1;1981.0;0;1;-1;-1;-1; -1;-1
202400034202;203 907 537;155 721 528;B01;1;1;4;1;1981.0;0;1;-1;-1;-1; -1;-1
202400034219;203 907 496;155 721 492;A01;1;1;3;1;2003.0;1;2;6;-1;0;0;-1
202400034219;203 907 497;155 721 493;B01;1;1;1;1;2004.0;5;0;-1;-1;0;0;-1
202400034225;203 907 482;155 721 481;A01;1;1;4;1;1982.0;0;1;0;-1;-1; -1;-1
202400034225;203 907 485;155 721 484;B01;1;1;1;1;1992.0;0;1;8;-1;-1; -1;-1
202400034226;203 907 477;155 721 478;A01;10;3;3;2;1964.0;5;0;-1;-1;3;3;1
202400034226;203 907 478;155 721 478;A01;1;1;1;1;2001.0;1;8;0;-1;-1; -1;-1
202400034240;203 907 439;155 721 456;A01;1;1;1;1;1967.0;0;1;0;-1;-1; -1;-1
202400034240;203 907 441;155 721 458;B01;1;1;4;2;1994.0;0;2;0;-1;-1; -1;-1
202400034277;203 907 350;155 721 382;A01;10;3;4;2;1951.0;0;0;-1;-1;3;3;1
202400034277;203 907 352;155 721 382;A01;1;1;1;1;1993.0;5;2;6;-1;-1; -1;-1
202400034292;203 907 312;155 721 352;A01;1;1;3;1;2007.0;5;0;-1;-1;0;0;-1
202400034301;203 907 288;155 721 337;A01;10;3;4;2;2013.0;2;0;-1;-1;3;3;1
202400034301;203 907 289;155 721 337;A01;1;1;1;1;1976.0;4;1;0;-1;-1; -1;-1
202400034305;203 907 280;155 721 330;A01;1;1;1;1;1993.0;4;1;-1;-1;-1; -1;-1
202400034305;203 907 281;155 721 330;A01;9;2;4;2;1981.0;0;8;-1;-1;-1; -1;-1
202400034305;203 907 283;155 721 331;B01;1;1;1;1;1975.0;4;1;-1;-1;-1; -1;-1
202400034310;203 907 269;155 721 321;B01;1;1;4;1;1987.0;4;8;0;-1;-1; -1;-1
202400034310;203 907 270;155 721 322;Z01;1;1;1;1;;-1;-1;-1;-1;-1; -1;-1
202400034335;203 907 211;155 721 277;B01;1;1;1;1;1963.0;1;1;0;0;-1; -1;-1
202400034335;203 907 212;155 721 278;A01;1;1;4;1;2008.0;0;2;6;0;-1; -1;-1
202400034338;203 907 206;155 721 273;A01;1;1;3;1;2009.0;9;2;6;-1;0;0;-1
202400034345;203 907 189;155 721 263;A01;1;1;1;2;1985.0;1;1;-1;-1;0;0;-1
202400034345;203 907 190;155 721 264;B01;2;2;3;2;1982.0;1;2;-1;-1;0;0;-1
202400034345;203 907 191;155 721 264;B01;1;1;3;1;1972.0;1;2;-1;-1;0;0;-1
202400034359;203 907 159;155 721 242;A01;10;3;3;1;1959.0;9;0;-1;-1;5;9;3
202400034359;203 907 161;155 721 242;A01;1;1;1;1;1969.0;9;1;-1;-1;0;0;-1
202400034363;203 907 150;155 721 235;A01;1;1;3;1;1995.0;5;8;-1;-1;0;0;-1
202400034363;203 907 151;155 721 236;B01;1;1;1;1;1992.0;5;8;-1;-1;0;0;-1
202400034368;203 907 137;155 721 226;A01;1;1;2;1;1990.0;5;2;6;9;0;0;-1
202400034372;203 907 126;155 721 218;A01;2;2;3;1;2004.0;5;1;-1;-1;0;0;-1
202400034372;203 907 128;155 721 218;A01;3;2;1;1;2005.0;5;1;-1;-1;0;0;-1
202400034372;203 907 129;155 721 218;A01;1;1;3;1;2005.0;5;1;-1;-1;0;0;-1
202400034372;203 907 130;155 721 220;B01;1;1;1;1;2004.0;5;1;-1;-1;0;0;-1
202400034378;203 907 116;155 721 210;A01;1;1;3;1;2009.0;5;2;6;-1;0;0;-1
202400034379;203 907 115;155 721 209;A01;1;1;2;1;1983.0;5;2;6;-1;0;0;-1
202400034383;203 907 106;155 721 203;A01;1;1;1;1;1981.0;0;1;-1;-1;0;0;-1
202400034383;203 907 108;155 721 205;B01;1;1;1;1;1937.0;0;1;-1;-1;0;0;-1
202400034383;203 907 109;155 721 205;B01;9;2;4;2;1941.0;0;1;-1;-1;0;0;-1
202400034383;203 907 110;155 721 205;B01;2;2;1;2;1938.0;0;1;-1;-1;0;0;-1
202400034385;203 907 103;155 721 200;A01;1;1;3;1;1993.0;5;8;-1;-1;0;0;-1
202400034386;203 907 098;155 721 196;A01;1;1;4;2;1994.0;1;8;-1;-1;0;0;-1
202400034386;203 907 101;155 721 198;B01;1;1;1;1;1977.0;1;8;-1;-1;0;0;-1
202400034400;203 907 060;155 721 172;A01;1;1;1;1;1974.0;4;1;-1;-1;0;0;-1
202400034400;203 907 061;155 721 173;B01;1;1;4;1;2000.0;0;2;6;-1;0;0;-1
202400034429;203 906 985;155 721 115;A01;1;1;4;1;2005.0;5;1;-1;-1;-1; -1;-1
202400034429;203 906 986;155 721 116;B01;1;1;1;1;1966.0;5;1;-1;-1;-1; -1;-1
202400034438;203 906 963;155 721 099;A01;10;3;4;1;1999.0;5;0;0;0;9;3;1
202400034438;203 906 965;155 721 099;A01;1;1;1;1;2002.0;4;1;0;0;-1; -1;-1
202400034456;203 906 921;155 721 062;B01;1;1;3;2;2000.0;9;8;0;0;-1; -1;-1
202400034456;203 906 924;155 721 066;A01;1;1;1;1;1981.0;4;1;0;0;-1; -1;-1
202400034480;203 906 850;155 721 018;B01;2;2;1;2;2014.0;9;1;0;-1;-1; -1;-1
202400034480;203 906 852;155 721 018;B01;4;2;4;2;2015.0;0;1;0;-1;-1; -1;-1
202400034480;203 906 853;155 721 018;B01;3;2;1;1;2021.0;0;1;0;-1;-1; -1;-1
202400034480;203 906 854;155 721 018;B01;1;1;1;2;1989.0;9;1;0;-1;-1; -1;-1
202400034480;203 906 856;155 721 020;A01;1;1;1;1;2006.0;0;1;0;-1;-1; -1;-1
202400034495;203 906 816;155 720 993;B01;2;2;1;2;1959.0;5;1;-1;-1;0;0;-1
202400034495;203 906 817;155 720 993;B01;1;1;1;1;1960.0;5;1;-1;-1;0;0;-1
202400034495;203 906 819;155 720 995;A01;2;2;1;1;1969.0;5;1;-1;-1;0;0;-1
202400034495;203 906 822;155 720 995;A01;1;1;4;1;1984.0;5;1;-1;-1;0;0;-1
202400034512;203 906 772;155 720 960;A01;1;1;1;1;1998.0;1;1;8;-1;-1; -1;-1
202400034512;203 906 773;155 720 961;B01;1;1;4;1;1985.0;1;1;0;-1;-1; -1;-1
202400034512;203 906 775;155 720 963;C01;1;1;1;1;1980.0;1;1;0;-1;-1; -1;-1
202400034523;203 906 741;155 720 939;A01;1;1;1;1;2004.0;5;1;8;-1;-1; -1;-1
202400034523;203 906 743;155 720 940;B01;1;1;1;1;1951.0;5;1;8;-1;-1; -1;-1
202400034523;203 906 746;155 720 940;B01;2;2;4;1;2000.0;5;1;8;-1;-1; -1;-1
202400034523;203 906 748;155 720 940;B01;3;2;4;2;2001.0;5;1;8;-1;-1; -1;-1
202400034546;203 906 689;155 720 901;B01;1;1;1;1;1967.0;5;1;-1;-1;0;0;-1
202400034546;203 906 692;155 720 903;A01;1;1;3;1;1964.0;5;2;6;9;0;0;-1
202400034578;203 906 607;155 720 840;A01;1;1;3;1;2003.0;5;2;6;-1;-1; -1;-1
202400034599;203 906 556;155 720 807;A01;2;2;4;2;1998.0;5;2;6;-1;0;0;-1
202400034599;203 906 557;155 720 807;A01;10;3;2;2;1947.0;5;0;-1;-1;4;3;2
202400034599;203 906 558;155 720 807;A01;10;3;1;1;1939.0;5;0;-1;-1;4;3;2
202400034599;203 906 559;155 720 807;A01;1;1;4;1;1989.0;5;2;6;-1;0;0;-1
202400034614;203 906 520;155 720 782;A01;1;1;1;1;1996.0;1;1;0;-1;0;0;-1
202400034614;203 906 522;155 720 783;B01;1;1;4;2;1988.0;5;8;0;-1;0;0;-1
202400034629;203 906 491;155 720 756;A01;1;1;1;1;1980.0;1;1;0;-1;-1; -1;-1
202400034629;203 906 493;155 720 758;B01;2;2;4;1;1984.0;9;2;6;-1;-1; -1;-1
202400034629;203 906 494;155 720 758;B01;1;1;4;1;1998.0;9;2;6;-1;-1; -1;-1
202400034631;203 906 489;155 720 754;A01;1;1;1;2;1995.0;1;1;0;-1;-1; -1;-1
202400034631;203 906 490;155 720 755;B01;1;1;4;1;1985.0;4;1;0;-1;-1; -1;-1
202400034642;203 906 461;155 720 732;A01;1;1;4;1;1977.0;0;2;6;0;-1; -1;-1
202400034642;203 906 462;155 720 733;B01;2;2;1;1;1990.0;0;1;0;0;-1; -1;-1
202400034642;203 906 464;155 720 733;B01;1;1;1;2;1996.0;0;1;0;0;-1; -1;-1
202400034644;203 906 456;155 720 728;A01;1;1;1;2;1992.0;5;1;0;0;-1; -1;-1
202400034644;203 906 457;155 720 728;A01;10;3;4;2;2006.0;0;0;0;0;3;3;1
202400034648;203 906 449;155 720 721;B01;1;1;3;2;1975.0;0;1;-1;-1;0;0;-1
202400034648;203 906 450;155 720 722;A01;1;1;1;1;1992.0;1;1;-1;-1;0;0;-1
202400034649;203 906 446;155 720 720;A01;10;3;4;2;1946.0;5;0;-1;-1;5;B;1
202400034649;203 906 447;155 720 720;A01;1;1;1;1;1987.0;4;8;-1;-1;0;0;-1
202400034653;203 906 437;155 720 712;A01;2;2;4;1;1984.0;5;2;6;-1;0;0;-1
202400034653;203 906 438;155 720 712;A01;1;1;3;1;2002.0;5;2;6;-1;0;0;-1
202400034654;203 906 435;155 720 711;A01;2;2;3;2;1991.0;5;2;6;0;-1; -1;-1
202400034654;203 906 436;155 720 711;A01;1;1;3;1;1994.0;5;2;6;0;-1; -1;-1
202400034654;203 906 439;155 720 713;B01;1;1;1;2;1968.0;0;1;8;0;-1; -1;-1
202400034662;203 906 421;155 720 698;A01;1;1;2;1;2002.0;5;0;-1;-1;0;0;-1
202400034668;203 906 409;155 720 688;A01;1;1;1;1;1986.0;5;1;-1;-1;0;0;-1
202400034668;203 906 410;155 720 689;B01;1;1;4;1;1971.0;5;1;-1;-1;0;0;-1
202400034678;203 906 385;155 720 674;A01;1;1;1;1;1963.0;4;0;-1;-1;0;0;-1
202400034678;203 906 386;155 720 674;A01;10;3;2;1;1981.0;9;0;-1;-1;9;B;1
202400034687;203 906 367;155 720 657;A01;10;3;4;2;2013.0;2;0;-1;-1;3;3;1
202400034687;203 906 369;155 720 657;A01;1;1;1;2;1987.0;9;1;0;-1;-1; -1;-1
202400034691;203 906 353;155 720 647;A01;1;1;1;2;1963.0;0;1;-1;-1;0;0;-1
202400034691;203 906 356;155 720 649;B01;1;1;3;1;1980.0;3;2;6;-1;0;0;-1
202400034697;203 906 344;155 720 639;A01;2;2;3;2;2001.0;5;1;-1;-1;0;0;-1
202400034697;203 906 345;155 720 639;A01;1;1;1;1;2002.0;5;1;-1;-1;0;0;-1
202400034714;203 906 300;155 720 606;A01;10;3;4;1;2013.0;2;0;-1;-1;4;3;2
202400034714;203 906 302;155 720 606;A01;1;1;1;1;1979.0;4;1;0;-1;-1; -1;-1
202400034778;203 906 169;155 720 500;A01;1;1;1;1;1992.0;1;1;0;-1;-1; -1;-1
202400034778;203 906 170;155 720 501;B01;1;1;4;1;1975.0;4;2;6;-1;-1; -1;-1
202400034797;203 906 129;155 720 466;B01;1;1;3;1;1963.0;1;2;6;-1;-1; -1;-1
202400034797;203 906 130;155 720 467;A01;1;1;1;2;2001.0;1;1;-1;-1;-1; -1;-1
202400034803;203 906 117;155 720 458;A01;10;3;4;1;2018.0;0;0;-1;-1;3;3;2
202400034803;203 906 118;155 720 458;A01;10;3;4;2;2021.0;0;0;-1;-1;3;3;2
202400034803;203 906 119;155 720 458;A01;1;1;1;1;1987.0;0;1;0;-1;-1; -1;-1
202400034806;203 906 110;155 720 453;C01;1;1;4;2;2004.0;0;1;0;-1;-1; -1;-1
202400034806;203 906 113;155 720 455;A01;1;1;1;1;1998.0;0;1;0;-1;-1; -1;-1
202400034806;203 906 114;155 720 456;B01;1;1;1;1;1987.0;0;1;0;-1;-1; -1;-1
202400034844;203 906 026;155 720 384;A01;1;1;1;2;2002.0;5;1;0;-1;0;0;-1
202400034844;203 906 027;155 720 385;B01;1;1;4;1;1980.0;5;2;0;-1;0;0;-1
202400034848;203 906 016;155 720 376;A01;1;1;1;2;1984.0;1;1;0;-1;-1; -1;-1
202400034848;203 906 018;155 720 378;B01;1;1;4;2;2007.0;5;8;0;-1;-1; -1;-1
202400034852;203 906 009;155 720 371;B01;1;1;4;1;1975.0;9;8;0;-1;0;0;-1
202400034852;203 906 010;155 720 372;A01;1;1;1;2;1995.0;4;1;0;-1;0;0;-1
202400034858;203 905 996;155 720 359;B01;1;1;4;2;1952.0;0;0;0;-1;-1; -1;-1
202400034858;203 905 997;155 720 360;A01;1;1;1;2;1989.0;1;1;0;-1;-1; -1;-1
202400034859;203 905 993;155 720 357;B01;1;1;4;1;1995.0;5;2;6;-1;-1; -1;-1
202400034859;203 905 995;155 720 358;A01;1;1;1;1;1959.0;4;1;-1;-1;-1; -1;-1
202400034861;203 905 986;155 720 351;B01;1;1;4;1;1953.0;5;1;0;0;-1; -1;-1
202400034861;203 905 988;155 720 353;A01;1;1;1;1;2004.0;2;1;0;0;-1; -1;-1
202400034874;203 905 961;155 720 330;D01;1;1;1;1;2002.0;1;1;0;0;-1; -1;-1
202400034874;203 905 963;155 720 332;B01;1;1;4;1;1995.0;5;1;0;0;-1; -1;-1
202400034874;203 905 965;155 720 334;C01;1;1;4;2;1981.0;1;1;0;0;-1; -1;-1
202400034875;203 905 957;155 720 328;A01;10;3;4;2;2000.0;0;0;0;0;4;3;1
202400034875;203 905 959;155 720 328;A01;1;1;1;1;1986.0;0;8;0;0;4;3;1
202400034884;203 905 941;155 720 314;A01;10;3;2;1;1998.0;0;0;-1;-1;6;9;1
202400034884;203 905 942;155 720 314;A01;1;1;1;1;1990.0;5;1;0;-1;0;0;-1
202400034886;203 905 936;155 720 311;A01;1;1;4;1;1981.0;5;1;0;-1;-1; -1;-1
202400034886;203 905 937;155 720 312;B01;2;2;3;1;1972.0;0;1;0;-1;-1; -1;-1
202400034886;203 905 938;155 720 312;B01;1;1;4;1;1976.0;5;1;0;-1;-1; -1;-1
202400034888;203 905 933;155 720 308;A01;1;1;3;1;1969.0;0;1;0;0;-1; -1;-1
202400034888;203 905 935;155 720 310;B01;1;1;1;1;1967.0;0;1;0;0;-1; -1;-1
202400034895;203 905 916;155 720 296;A01;1;1;4;1;1974.0;5;1;0;-1;0;0;-1
202400034895;203 905 918;155 720 297;B01;1;1;1;1;1962.0;4;1;4;-1;0;0;-1
202400034913;203 905 876;155 720 260;A01;1;1;3;2;1956.0;5;1;-1;-1;0;0;-1
202400034913;203 905 877;155 720 261;B01;1;1;1;1;1994.0;1;1;-1;-1;0;0;-1
202400034922;203 905 853;155 720 245;A01;10;3;1;1;2005.0;0;0;-1;-1;4;3;1
202400034922;203 905 854;155 720 245;A01;1;1;4;1;1983.0;0;2;6;-1;-1; -1;-1
202400034923;203 905 852;155 720 244;A01;1;1;4;1;1989.0;5;2;6;-1;-1; -1;-1
202400034934;203 905 825;155 720 224;Z01;10;3;4;2;2006.0;0;0;0;0;3;3;1
202400034934;203 905 826;155 720 224;Z01;1;1;1;-1;;-1;8;8;8;-1; -1;-1
202400034941;203 905 807;155 720 211;A01;1;1;1;1;1963.0;0;1;-1;-1;0;0;-1
202400034941;203 905 808;155 720 212;B01;1;1;3;2;1958.0;9;8;-1;-1;0;0;-1
202400034945;203 905 797;155 720 205;A01;1;1;4;2;2002.0;5;1;-1;-1;0;0;-1
202400034945;203 905 798;155 720 206;B01;2;2;1;2;2010.0;5;1;-1;-1;0;0;-1
202400034945;203 905 799;155 720 206;B01;1;1;1;1;1986.0;5;1;-1;-1;0;0;-1
202400034961;203 905 765;155 720 183;A01;1;1;1;1;1964.0;0;1;-1;-1;0;0;-1
202400034961;203 905 766;155 720 184;B01;1;1;4;2;1986.0;0;2;4;9;0;0;-1
202400034963;203 905 762;155 720 180;A01;1;1;2;1;1996.0;5;1;-1;-1;0;0;-1
202400034963;203 905 763;155 720 181;B01;1;1;3;1;1995.0;5;1;-1;-1;0;0;-1
202400034973;203 905 734;155 720 162;A01;2;2;4;1;1999.0;5;0;-1;-1;0;0;-1
202400034973;203 905 735;155 720 162;A01;4;2;3;2;1998.0;5;0;-1;-1;0;0;-1
202400034973;203 905 736;155 720 162;A01;3;2;3;2;2000.0;4;0;-1;-1;0;0;-1
202400034973;203 905 737;155 720 162;A01;1;1;3;1;2000.0;5;0;-1;-1;0;0;-1
202400034979;203 905 715;155 720 147;A01;1;1;3;1;1975.0;5;0;-1;-1;0;0;-1
202400034988;203 905 691;155 720 129;B01;1;1;1;1;1958.0;0;1;0;0;-1; -1;-1
202400034988;203 905 692;155 720 130;A01;1;1;4;1;2000.0;0;2;6;0;-1; -1;-1
202400034996;203 905 674;155 720 112;A01;1;1;4;1;1989.0;0;2;8;0;-1; -1;-1
202400034996;203 905 675;155 720 113;B01;1;1;1;1;1997.0;0;1;0;0;-1; -1;-1
202400034996;203 905 676;155 720 114;C01;1;1;1;1;1973.0;0;1;0;0;-1; -1;-1
202400035001;203 905 662;155 720 102;B01;2;2;3;1;2000.0;0;2;6;-1;-1; -1;-1
202400035001;203 905 663;155 720 102;B01;1;1;3;1;2001.0;0;2;6;-1;-1; -1;-1
202400035001;203 905 664;155 720 103;A01;1;1;1;2;1996.0;0;8;0;-1;-1; -1;-1
202400035005;203 905 654;155 720 094;A01;1;1;1;1;1993.0;0;1;8;-1;0;0;-1
202400035005;203 905 655;155 720 095;B01;1;1;3;1;1991.0;1;2;8;-1;0;0;-1
202400035022;203 905 607;155 720 063;B01;1;1;1;1;1973.0;0;1;-1;-1;0;0;-1
202400035022;203 905 608;155 720 064;C01;1;1;1;1;1984.0;5;1;-1;-1;0;0;-1
202400035022;203 905 609;155 720 065;A01;1;1;3;2;1945.0;5;1;-1;-1;0;0;-1
202400035036;203 905 573;155 720 034;B01;1;1;4;2;1987.0;0;1;0;-1;-1; -1;-1
202400035036;203 905 574;155 720 036;A01;1;1;1;1;1942.0;3;1;0;-1;-1; -1;-1
202400035042;203 905 563;155 720 024;A01;1;1;4;2;1993.0;1;1;0;-1;-1; -1;-1
202400035043;203 905 561;155 720 023;A01;10;3;4;2;1991.0;9;0;-1;-1;4;3;1
202400035043;203 905 562;155 720 023;A01;1;1;1;2;2000.0;1;1;0;-1;4;3;1
202400035067;203 905 506;155 719 976;A01;2;2;4;2;2004.0;5;1;0;-1;-1; -1;-1
202400035067;203 905 507;155 719 976;A01;1;1;4;2;2004.0;5;1;0;-1;-1; -1;-1
202400035076;203 905 488;155 719 961;A01;1;1;1;2;1988.0;1;1;0;-1;0;0;-1
202400035076;203 905 489;155 719 961;A01;10;3;4;2;2007.0;0;0;-1;-1;1;3;1
202400035089;203 905 453;155 719 939;A01;1;1;4;1;1994.0;4;2;6;-1;0;0;-1
202400035096;203 905 438;155 719 930;A01;1;1;3;2;1967.0;5;1;-1;-1;0;0;-1
202400035121;203 905 385;155 719 885;A01;1;1;4;2;1985.0;0;8;0;0;-1; -1;-1
202400035121;203 905 389;155 719 889;B01;1;1;1;-1;;-1;8;8;8;-1; -1;-1
202400035135;203 905 352;155 719 863;A01;1;1;1;1;1958.0;5;1;-1;-1;0;0;-1
202400035135;203 905 354;155 719 865;B01;1;1;3;1;2004.0;5;2;6;-1;0;0;-1
202400035139;203 905 345;155 719 858;A01;1;1;1;1;2005.0;4;1;-1;-1;0;0;-1
202400035139;203 905 347;155 719 859;B01;1;1;4;1;2012.0;0;0;-1;-1;0;0;-1
202400035144;203 905 336;155 719 850;A01;1;1;4;1;1991.0;0;2;8;-1;-1; -1;-1
202400035150;203 905 322;155 719 841;B01;2;2;1;2;2000.0;0;8;0;-1;-1; -1;-1
202400035150;203 905 324;155 719 841;B01;3;2;4;2;2020.0;0;8;0;-1;0;0;-1
202400035150;203 905 328;155 719 841;B01;1;1;1;1;1998.0;0;8;0;-1;0;0;-1
202400035150;203 905 330;155 719 846;A01;1;1;4;1;1968.0;0;8;0;-1;0;0;-1
202400035155;203 905 314;155 719 834;A01;1;1;3;1;1971.0;0;2;8;-1;0;0;-1
202400035155;203 905 317;155 719 837;B01;1;1;1;2;1958.0;0;1;8;-1;0;0;-1
202400035167;203 905 284;155 719 813;A01;1;1;4;1;1984.0;0;2;6;-1;0;0;-1
202400035167;203 905 286;155 719 815;B01;1;1;1;1;2003.0;5;1;-1;-1;0;0;-1
202400035169;203 905 277;155 719 810;A01;10;3;3;2;1951.0;3;0;-1;-1;9;B;1
202400035169;203 905 279;155 719 810;A01;1;1;1;1;1952.0;1;8;-1;-1;0;0;-1
202400035175;203 905 262;155 719 797;A01;1;1;1;1;2005.0;5;1;-1;-1;0;0;-1
202400035175;203 905 263;155 719 799;B01;1;1;4;1;1976.0;5;1;-1;-1;0;0;-1
202400035190;203 905 229;155 719 769;A01;1;1;1;1;1970.0;9;1;-1;-1;0;0;-1
202400035190;203 905 233;155 719 772;B01;1;1;3;1;2009.0;9;2;-1;-1;0;0;-1
202400035204;203 905 189;155 719 739;B01;1;1;1;1;1973.0;4;1;-1;-1;-1; -1;-1
202400035204;203 905 194;155 719 741;A01;1;1;4;2;1993.0;4;1;-1;-1;-1; -1;-1
202400035205;203 905 186;155 719 737;A01;10;3;3;2;1944.0;5;0;-1;-1;1;3;1
202400035205;203 905 187;155 719 737;A01;1;1;1;1;1986.0;0;1;-1;-1;0;0;-1
202400035233;203 905 116;155 719 686;A01;1;1;3;1;2002.0;5;1;-1;-1;0;0;-1
202400035252;203 905 076;155 719 654;A01;1;1;4;1;1992.0;0;2;8;-1;-1; -1;-1
202400035252;203 905 081;155 719 659;B01;1;1;1;2;1999.0;5;1;8;-1;-1; -1;-1
202400035254;203 905 065;155 719 645;A01;1;1;1;1;1998.0;5;1;0;-1;-1; -1;-1
202400035254;203 905 069;155 719 651;B01;2;2;3;2;1942.0;5;1;0;-1;-1; -1;-1
202400035254;203 905 070;155 719 651;B01;1;1;1;1;1947.0;5;1;0;-1;-1; -1;-1
202400035266;203 905 036;155 719 625;A01;1;1;1;2;1996.0;9;1;0;-1;-1; -1;-1
202400035266;203 905 038;155 719 627;B01;1;1;4;1;1996.0;0;8;0;-1;-1; -1;-1
202400035276;203 905 012;155 719 604;A01;1;1;4;1;1982.0;1;2;6;-1;-1; -1;-1
202400035276;203 905 014;155 719 606;B01;1;1;1;1;1962.0;3;1;8;-1;-1; -1;-1
202400035277;203 905 009;155 719 602;A01;1;1;4;2;1994.0;5;1;-1;-1;-1; -1;-1
202400035288;203 904 989;155 719 587;A01;1;1;1;1;1997.0;0;8;-1;-1;-1; -1;-1
202400035288;203 904 992;155 719 589;B01;1;1;4;1;1988.0;0;2;-1;-1;-1; -1;-1
202400035300;203 904 973;155 719 574;A01;1;1;3;1;1984.0;9;1;0;-1;0;0;-1
202400035302;203 904 962;155 719 567;B01;1;1;1;1;1999.0;0;1;0;-1;-1; -1;-1
202400035302;203 904 965;155 719 568;A01;1;1;1;1;1970.0;9;2;6;-1;-1; -1;-1
202400035302;203 904 967;155 719 568;A01;2;2;4;1;2003.0;0;2;0;-1;-1; -1;-1
202400035318;203 904 934;155 719 543;A01;1;1;1;1;1977.0;0;1;-1;-1;-1; -1;-1
202400035318;203 904 936;155 719 544;B01;1;1;4;1;1968.0;0;2;6;-1;-1; -1;-1
202400035321;203 904 926;155 719 535;A01;1;1;1;2;1989.0;0;1;0;-1;-1; -1;-1
202400035321;203 904 928;155 719 536;B01;1;1;4;1;1985.0;0;2;6;-1;-1; -1;-1
202400035323;203 904 922;155 719 531;A01;1;1;1;1;;0;8;-1;-1;-1; -1;-1
202400035323;203 904 924;155 719 533;B01;1;1;1;2;2003.0;0;1;-1;-1;-1; -1;-1
202400035323;203 904 925;155 719 533;B01;2;2;1;2;1998.0;0;1;-1;-1;-1; -1;-1
202400035323;203 904 929;155 719 537;C01;1;1;4;2;2001.0;0;1;-1;-1;-1; -1;-1
202400035326;203 904 910;155 719 521;B01;1;1;4;1;2008.0;2;2;0;-1;-1; -1;-1
202400035326;203 904 913;155 719 523;A01;1;1;1;2;1983.0;5;1;-1;-1;-1; -1;-1
202400035331;203 904 900;155 719 514;B01;1;1;1;2;1987.0;0;1;0;-1;-1; -1;-1
202400035331;203 904 902;155 719 516;A01;1;1;4;2;1978.0;0;8;0;-1;-1; -1;-1
202400035346;203 904 866;155 719 486;A01;1;1;4;2;1992.0;1;1;8;-1;-1; -1;-1
202400035365;203 904 822;155 719 455;A01;1;1;1;1;1989.0;0;1;0;-1;-1; -1;-1
202400035365;203 904 824;155 719 456;B01;1;1;4;1;1992.0;0;2;0;-1;-1; -1;-1
202400035374;203 904 800;155 719 437;A01;10;3;4;2;2003.0;1;0;-1;-1;2;3;1
202400035374;203 904 802;155 719 437;A01;1;1;1;2;1971.0;1;1;0;-1;-1; -1;-1
202400035376;203 904 796;155 719 434;A01;2;2;4;1;2004.0;0;1;8;-1;-1; -1;-1
202400035376;203 904 797;155 719 434;A01;1;1;1;1;2005.0;0;1;8;-1;-1; -1;-1
202400035376;203 904 798;155 719 435;B01;1;1;1;1;2001.0;0;1;8;-1;-1; -1;-1
202400035376;203 904 801;155 719 436;C01;1;1;1;1;;0;-1;-1;-1;-1; -1;-1
202400035377;203 904 792;155 719 433;A01;2;2;4;2;2009.0;0;1;0;-1;-1; -1;-1
202400035377;203 904 795;155 719 433;A01;1;1;1;2;2003.0;0;1;0;-1;-1; -1;-1
202400035378;203 904 790;155 719 432;A01;10;3;4;2;1967.0;5;8;8;-1;2;1;1
202400035378;203 904 793;155 719 432;A01;1;1;1;1;1988.0;1;8;0;-1;2;1;1
202400035433;203 904 661;155 719 330;A01;1;1;1;1;1982.0;0;1;-1;-1;-1; -1;-1
202400035433;203 904 664;155 719 333;B01;1;1;4;1;1967.0;0;8;-1;-1;-1; -1;-1
202400035440;203 904 639;155 719 319;A01;1;1;1;1;1996.0;4;1;0;0;-1; -1;-1
202400035440;203 904 641;155 719 320;B01;1;1;4;2;1997.0;9;1;0;0;-1; -1;-1
202400035452;203 904 606;155 719 292;A01;1;1;1;2;1949.0;5;1;0;-1;-1; -1;-1
202400035452;203 904 608;155 719 294;B01;1;1;4;1;1948.0;5;2;0;-1;-1; -1;-1
202400035470;203 904 562;155 719 260;A01;1;1;1;2;2004.0;0;1;-1;-1;0;0;-1
202400035470;203 904 567;155 719 264;B01;1;1;3;1;2000.0;3;2;9;-1;0;0;-1
202400035471;203 904 561;155 719 259;B01;1;1;2;1;1988.0;1;2;8;-1;-1; -1;-1
202400035471;203 904 563;155 719 262;A01;2;2;1;1;2005.0;5;1;0;-1;-1; -1;-1
202400035471;203 904 566;155 719 262;A01;1;1;1;1;2005.0;5;1;0;-1;-1; -1;-1
202400035473;203 904 557;155 719 257;A01;1;1;3;1;1998.0;5;1;-1;-1;0;0;-1
202400035483;203 904 530;155 719 236;A01;1;1;4;2;1957.0;0;1;0;-1;-1; -1;-1
202400035483;203 904 533;155 719 238;B01;1;1;1;1;1938.0;0;1;0;-1;-1; -1;-1
202400035528;203 904 425;155 719 150;A01;1;1;1;2;1969.0;0;1;0;-1;-1; -1;-1
202400035528;203 904 426;155 719 150;A01;10;3;4;2;2016.0;5;0;-1;-1;1;3;1
202400035537;203 904 403;155 719 136;B01;1;1;4;1;1987.0;0;1;0;-1;-1; -1;-1
202400035537;203 904 406;155 719 139;A01;2;2;4;1;2003.0;0;1;0;-1;-1; -1;-1
202400035537;203 904 407;155 719 139;A01;4;2;1;1;2005.0;0;1;0;-1;-1; -1;-1
202400035537;203 904 409;155 719 139;A01;1;1;4;1;2002.0;0;1;0;-1;-1; -1;-1
202400035537;203 904 412;155 719 139;A01;5;2;1;1;2004.0;0;1;0;-1;-1; -1;-1
202400035537;203 904 414;155 719 139;A01;2;2;1;1;2003.0;0;1;0;-1;-1; -1;-1
202400035538;203 904 397;155 719 132;A01;1;1;1;1;1985.0;0;1;-1;-1;0;0;-1
202400035538;203 904 398;155 719 133;B01;1;1;1;1;1987.0;0;1;-1;-1;0;0;-1
202400035538;203 904 400;155 719 135;C01;1;1;4;1;1966.0;0;1;-1;-1;0;0;-1
202400035558;203 904 347;155 719 095;A01;1;1;4;1;2010.0;5;8;0;0;-1; -1;-1
202400035559;203 904 348;155 719 094;A01;10;3;3;1;2013.0;2;0;-1;-1;1;3;2
202400035559;203 904 349;155 719 094;A01;1;1;1;1;1979.0;5;1;0;-1;-1; -1;-1
202400035567;203 904 316;155 719 077;A01;10;3;3;2;1954.0;5;0;-1;-1;1;3;2
202400035567;203 904 319;155 719 077;A01;10;3;1;1;1957.0;5;0;-1;-1;1;3;2
202400035567;203 904 323;155 719 077;A01;1;1;1;2;2005.0;1;1;0;-1;-1; -1;-1
202400035579;203 904 280;155 719 055;A01;1;1;1;1;1939.0;5;8;0;0;-1; -1;-1
202400035579;203 904 283;155 719 057;B01;1;1;4;2;1968.0;5;2;0;0;-1; -1;-1
202400035587;203 904 267;155 719 045;A01;2;2;1;1;1995.0;0;8;0;-1;-1; -1;-1
202400035587;203 904 268;155 719 045;A01;2;2;3;1;2006.0;0;8;0;-1;-1; -1;-1
202400035587;203 904 270;155 719 045;A01;1;1;1;1;1995.0;0;1;0;-1;-1; -1;-1
202400035607;203 904 222;155 719 008;A01;1;1;4;1;2007.0;5;2;6;-1;0;0;-1
202400035618;203 904 201;155 718 991;A01;1;1;3;1;1980.0;5;2;6;-1;-1; -1;-1
202400035618;203 904 203;155 718 994;B01;1;1;1;1;1979.0;1;1;0;-1;-1; -1;-1
202400035621;203 904 187;155 718 982;A01;1;1;4;1;2000.0;0;1;-1;-1;0;0;-1
202400035621;203 904 190;155 718 985;B01;2;2;4;2;1990.0;0;1;-1;-1;0;0;-1
202400035621;203 904 192;155 718 985;B01;1;1;4;1;1968.0;0;1;-1;-1;0;0;-1
202400035621;203 904 196;155 718 988;C01;1;1;1;1;1999.0;0;1;-1;-1;0;0;-1
202400035625;203 904 176;155 718 975;A01;10;3;2;2;1939.0;5;0;-1;-1;3;3;1
202400035625;203 904 180;155 718 975;A01;1;1;1;2;1970.0;1;1;-1;-1;0;0;-1
202400035640;203 904 137;155 718 944;A01;1;1;3;1;2007.0;5;2;6;-1;-1; -1;-1
202400035640;203 904 139;155 718 945;B01;1;1;1;1;2006.0;0;2;6;-1;-1; -1;-1
202400035654;203 904 097;155 718 912;B01;1;1;1;1;1988.0;4;1;-1;-1;0;0;-1
202400035654;203 904 099;155 718 913;A01;1;1;3;1;1971.0;1;1;-1;-1;0;0;-1
202400035663;203 904 075;155 718 894;A01;1;1;1;2;1983.0;5;1;0;-1;0;0;-1
202400035663;203 904 080;155 718 898;B01;1;1;4;1;2000.0;1;2;6;-1;0;0;-1
202400035670;203 904 064;155 718 883;A01;1;1;1;1;1973.0;1;1;0;-1;0;0;-1
202400035670;203 904 067;155 718 886;B01;1;1;4;2;1984.0;4;2;6;-1;0;0;-1
202400035673;203 904 060;155 718 879;B01;1;1;1;-1;;-1;-1;-1;-1;-1; -1;-1
202400035673;203 904 062;155 718 881;A01;1;1;4;1;1983.0;0;2;8;-1;-1; -1;-1
202400035674;203 904 058;155 718 877;A01;1;1;1;1;1988.0;5;1;-1;-1;0;0;-1
202400035674;203 904 061;155 718 882;B01;1;1;3;1;1957.0;5;1;-1;-1;0;0;-1
202400035683;203 904 029;155 718 857;A01;10;3;4;1;1981.0;9;0;-1;-1;2;A;1
202400035683;203 904 031;155 718 857;A01;1;1;1;1;1976.0;9;1;0;-1;-1; -1;-1
202400035699;203 903 993;155 718 830;B01;1;1;1;1;1977.0;1;1;0;-1;0;0;-1
202400035699;203 903 995;155 718 832;A01;1;1;4;2;1992.0;5;2;0;-1;0;0;-1
202400035699;203 903 998;155 718 832;A01;2;2;4;2;2022.0;5;2;0;-1;0;0;-1
202400035702;203 903 982;155 718 821;A01;1;1;1;2;1989.0;0;1;0;-1;-1; -1;-1
202400035702;203 903 985;155 718 824;B01;1;1;4;1;1989.0;0;2;0;-1;-1; -1;-1
202400035704;203 903 981;155 718 819;A01;1;1;2;1;1965.0;5;0;-1;-1;0;0;-1
202400035705;203 903 986;155 718 823;B01;1;1;1;1;1988.0;4;1;-1;-1;0;0;-1
202400035705;203 903 989;155 718 826;A01;1;1;4;1;2005.0;1;2;6;-1;0;0;-1
202400035749;203 903 894;155 718 751;A01;1;1;1;1;1990.0;5;1;-1;-1;-1; -1;-1
202400035749;203 903 896;155 718 753;B01;1;1;3;2;1959.0;5;1;-1;-1;-1; -1;-1
202400035753;203 903 886;155 718 744;A01;1;1;1;1;1984.0;0;1;0;-1;-1; -1;-1
202400035753;203 903 888;155 718 745;B01;1;1;4;1;2001.0;0;2;6;-1;-1; -1;-1
202400035754;203 903 880;155 718 740;A01;1;1;4;2;1999.0;0;1;0;0;-1; -1;-1
202400035754;203 903 885;155 718 743;B01;1;1;4;2;1985.0;1;1;0;0;-1; -1;-1
202400035761;203 903 873;155 718 733;A01;10;3;4;2;1983.0;1;0;0;0;5;9;1
202400035761;203 903 875;155 718 733;A01;1;1;1;2;1995.0;1;1;0;0;-1; -1;-1
202400035764;203 903 866;155 718 728;B01;1;1;1;2;1964.0;5;1;-1;-1;0;0;-1
202400035764;203 903 871;155 718 732;A01;1;1;3;2;1992.0;5;2;6;-1;0;0;-1
202400035771;203 903 851;155 718 717;B01;2;2;4;1;2009.0;0;8;0;-1;-1; -1;-1
202400035771;203 903 853;155 718 717;B01;1;1;4;1;2005.0;0;8;0;-1;-1; -1;-1
202400035771;203 903 855;155 718 719;A01;1;1;1;1;1999.0;0;2;0;-1;-1; -1;-1
202400035782;203 903 827;155 718 697;A01;1;1;1;1;1953.0;5;1;0;-1;-1; -1;-1
202400035782;203 903 833;155 718 701;Y01;1;1;4;1;2013.0;2;0;-1;-1;3;3;1
202400035800;203 903 784;155 718 666;A01;1;1;3;1;1999.0;5;1;-1;-1;0;0;-1
202400035811;203 903 756;155 718 650;A01;1;1;4;1;1984.0;5;2;6;9;0;0;-1
202400035811;203 903 759;155 718 651;B01;2;2;1;2;1953.0;5;1;-1;-1;0;0;-1
202400035811;203 903 760;155 718 651;B01;1;1;1;2;1973.0;5;1;-1;-1;0;0;-1
202400035816;203 903 746;155 718 642;A01;1;1;1;1;1970.0;0;8;0;-1;-1; -1;-1
202400035816;203 903 747;155 718 643;B01;1;1;1;1;1991.0;5;2;0;-1;-1; -1;-1
202400035816;203 903 749;155 718 643;B01;2;2;4;2;2001.0;5;2;0;-1;-1; -1;-1
202400035822;203 903 729;155 718 629;C01;1;1;1;1;2001.0;5;1;-1;-1;-1; -1;-1
202400035822;203 903 730;155 718 630;B01;1;1;1;1;1979.0;1;1;-1;-1;-1; -1;-1
202400035822;203 903 732;155 718 632;A01;1;1;4;2;1977.0;1;1;-1;-1;-1; -1;-1
202400035825;203 903 724;155 718 624;B01;1;1;1;1;1959.0;1;1;0;-1;-1; -1;-1
202400035825;203 903 725;155 718 626;A01;1;1;4;2;1995.0;9;2;6;-1;-1; -1;-1
202400035847;203 903 662;155 718 584;A01;1;1;4;1;1995.0;1;2;6;9;0;0;-1
202400035853;203 903 646;155 718 573;A01;1;1;4;1;1998.0;5;1;0;0;-1; -1;-1
202400035853;203 903 647;155 718 575;B01;1;1;4;2;1990.0;5;1;0;0;-1; -1;-1
202400035873;203 903 592;155 718 537;A01;2;2;1;1;2010.0;3;2;6;-1;0;0;-1
202400035873;203 903 593;155 718 537;A01;1;1;3;1;2008.0;3;2;6;-1;0;0;-1
202400035875;203 903 586;155 718 532;A01;1;1;1;2;1980.0;4;1;-1;-1;-1; -1;-1
202400035875;203 903 587;155 718 533;B01;1;1;4;1;1977.0;1;8;-1;-1;-1; -1;-1
202400035883;203 903 571;155 718 522;A01;1;1;4;1;1988.0;1;8;0;-1;-1; -1;-1
202400035885;203 903 566;155 718 519;A01;2;2;1;2;1997.0;0;1;8;-1;-1; -1;-1
202400035885;203 903 567;155 718 519;A01;1;1;1;1;1995.0;0;1;8;-1;-1; -1;-1
202400035885;203 903 568;155 718 520;B01;1;1;4;1;1995.0;0;2;6;-1;-1; -1;-1
202400035891;203 903 551;155 718 509;MB01;10;3;4;1;1939.0;0;0;-1;-1;3;3;1
202400035891;203 903 553;155 718 509;MB01;1;1;1;2;1950.0;0;1;8;-1;-1; -1;-1
202400035914;203 903 497;155 718 473;A01;1;1;1;1;1951.0;1;1;-1;-1;0;0;-1
202400035914;203 903 499;155 718 475;B01;1;1;4;1;1995.0;1;2;-1;-1;0;0;-1
202400035934;203 903 458;155 718 444;A01;1;1;2;1;1994.0;5;2;-1;-1;0;0;-1
202400035944;203 903 435;155 718 426;A01;1;1;4;2;1939.0;3;8;0;-1;-1; -1;-1
202400035944;203 903 438;155 718 428;B01;1;1;1;2;1984.0;3;8;0;-1;-1; -1;-1
202400035993;203 903 325;155 718 340;A01;10;3;4;2;1998.0;5;0;0;0;6;5;1
202400035993;203 903 326;155 718 340;A01;1;1;1;1;1976.0;0;1;0;0;-1; -1;-1
202400036004;203 903 295;155 718 321;A01;2;2;4;2;2007.0;5;2;6;-1;0;0;-1
202400036004;203 903 297;155 718 321;A01;1;1;4;1;2002.0;5;2;6;-1;0;0;-1
202400036004;203 903 300;155 718 322;B01;1;1;1;1;1958.0;1;1;-1;-1;0;0;-1
202400036009;203 903 282;155 718 312;A01;1;1;2;1;1997.0;5;2;6;-1;0;0;-1
202400036032;203 903 231;155 718 273;B01;2;2;4;2;1965.0;5;2;0;-1;-1; -1;-1
202400036032;203 903 232;155 718 273;B01;1;1;4;1;1965.0;5;2;0;-1;-1; -1;-1
202400036032;203 903 234;155 718 275;A01;1;1;1;1;1977.0;0;8;0;-1;-1; -1;-1
202400036040;203 903 207;155 718 254;B01;1;1;4;2;1996.0;9;1;-1;-1;0;0;-1
202400036040;203 903 208;155 718 254;B01;3;2;4;1;2007.0;9;1;-1;-1;0;0;-1
202400036040;203 903 210;155 718 254;B01;4;2;4;2;2007.0;9;1;-1;-1;0;0;-1
202400036040;203 903 211;155 718 256;A01;1;1;3;2;1946.0;0;1;-1;-1;0;0;-1
202400036041;203 903 206;155 718 253;A01;1;1;4;1;1984.0;0;2;6;-1;-1; -1;-1
202400036041;203 903 209;155 718 255;B01;1;1;1;1;1995.0;0;1;-1;-1;-1; -1;-1
202400036051;203 903 178;155 718 237;B01;1;1;1;1;1997.0;1;1;-1;-1;0;0;-1
202400036051;203 903 179;155 718 238;A01;1;1;3;2;1976.0;1;2;-1;-1;0;0;-1
202400036055;203 903 167;155 718 231;A01;1;1;4;1;1952.0;3;1;0;-1;-1; -1;-1
202400036084;203 903 095;155 718 182;A01;1;1;4;1;2002.0;0;8;0;-1;-1; -1;-1
202400036084;203 903 096;155 718 182;A01;5;2;4;2;2018.0;0;8;0;-1;-1; -1;-1
202400036084;203 903 097;155 718 182;A01;4;2;4;1;2016.0;0;8;0;-1;-1; -1;-1
202400036084;203 903 098;155 718 182;A01;3;2;4;1;2018.0;0;8;0;-1;-1; -1;-1
202400036084;203 903 099;155 718 182;A01;2;2;4;1;2003.0;0;8;0;-1;-1; -1;-1
202400036100;203 903 055;155 718 154;A01;2;2;1;2;2005.0;0;1;0;-1;0;0;-1
202400036100;203 903 056;155 718 154;A01;1;1;4;2;1983.0;0;1;0;-1;0;0;-1
202400036100;203 903 057;155 718 155;B01;2;2;4;2;1961.0;0;2;6;-1;0;0;-1
202400036100;203 903 058;155 718 155;B01;1;1;1;1;1959.0;0;2;6;-1;0;0;-1
202400036112;203 903 022;155 718 125;A01;10;3;4;2;1991.0;1;0;-1;-1;4;3;1
202400036112;203 903 023;155 718 125;A01;1;1;1;1;1962.0;5;1;0;-1;-1; -1;-1
202400036120;203 903 005;155 718 110;A01;1;1;1;1;1983.0;4;1;0;-1;-1; -1;-1
202400036120;203 903 006;155 718 111;B01;1;1;4;1;1968.0;0;8;0;-1;-1; -1;-1
202400036122;203 902 996;155 718 102;A01;1;1;4;1;2008.0;2;8;0;-1;-1; -1;-1
202400036122;203 902 997;155 718 103;B01;1;1;1;1;2004.0;1;1;0;-1;-1; -1;-1
202400036124;203 902 994;155 718 100;A01;1;1;4;1;1999.0;5;1;8;-1;-1; -1;-1
202400036131;203 902 977;155 718 087;A01;1;1;1;1;1979.0;0;2;8;-1;-1; -1;-1
202400036131;203 902 979;155 718 088;B01;2;2;3;1;2004.0;0;1;0;-1;-1; -1;-1
202400036131;203 902 981;155 718 088;B01;1;1;3;2;2005.0;1;1;8;-1;-1; -1;-1
202400036171;203 902 880;155 718 010;A01;1;1;4;2;1983.0;5;1;0;-1;-1; -1;-1
202400036171;203 902 882;155 718 012;B01;1;1;1;1;2002.0;0;1;0;-1;-1; -1;-1
202400036202;203 902 813;155 717 960;B01;2;2;4;2;2006.0;5;1;0;-1;-1; -1;-1
202400036202;203 902 814;155 717 960;B01;1;1;4;2;1974.0;5;1;0;-1;-1; -1;-1
202400036202;203 902 816;155 717 962;A01;1;1;1;1;1973.0;4;1;0;-1;-1; -1;-1
202400036206;203 902 796;155 717 950;A01;1;1;3;1;2008.0;2;6;-1;-1;0;0;-1
202400036206;203 902 797;155 717 951;B01;1;1;1;1;1988.0;1;1;-1;-1;0;0;-1
202400036207;203 902 795;155 717 949;A01;1;1;4;1;1994.0;5;1;0;0;-1; -1;-1
202400036207;203 902 798;155 717 952;B01;3;2;4;1;2014.0;2;1;0;0;-1; -1;-1
202400036207;203 902 800;155 717 952;B01;5;2;4;1;2022.0;2;1;0;0;-1; -1;-1
202400036207;203 902 804;155 717 952;B01;4;2;4;1;2017.0;2;1;0;0;-1; -1;-1
202400036207;203 902 805;155 717 952;B01;1;1;1;1;1982.0;2;1;0;0;-1; -1;-1
202400036218;203 902 768;155 717 932;A01;1;1;1;1;1985.0;9;1;0;0;-1; -1;-1
202400036218;203 902 771;155 717 934;B01;1;1;1;1;1970.0;9;2;0;0;-1; -1;-1
202400036218;203 902 772;155 717 934;B01;2;2;4;1;2008.0;2;2;0;0;-1; -1;-1
202400036234;203 902 728;155 717 901;A01;1;1;4;1;1967.0;5;2;6;-1;-1; -1;-1
202400036234;203 902 729;155 717 902;B01;1;1;4;2;1997.0;1;1;0;-1;-1; -1;-1
202400036242;203 902 711;155 717 887;B01;1;1;4;2;1968.0;5;1;8;-1;-1; -1;-1
202400036242;203 902 712;155 717 888;A01;1;1;4;1;1965.0;5;2;8;-1;-1; -1;-1
202400036242;203 902 714;155 717 888;A01;2;2;4;2;1976.0;5;2;8;-1;-1; -1;-1
202400036249;203 902 697;155 717 874;A01;1;1;1;1;1988.0;4;1;0;-1;-1; -1;-1
202400036249;203 902 699;155 717 875;B01;1;1;2;1;1983.0;1;8;0;-1;-1; -1;-1
202400036263;203 902 664;155 717 845;A01;1;1;4;1;1989.0;1;2;6;-1;-1; -1;-1
202400036263;203 902 666;155 717 847;B01;1;1;1;1;1991.0;1;1;0;-1;-1; -1;-1
202400036267;203 902 656;155 717 837;A01;1;1;4;1;1983.0;5;2;6;-1;-1; -1;-1
202400036273;203 902 642;155 717 825;A01;1;1;4;2;1963.0;5;1;0;-1;-1; -1;-1
202400036273;203 902 643;155 717 826;B01;1;1;1;1;1982.0;1;1;0;-1;-1; -1;-1
202400036281;203 902 628;155 717 813;A01;10;3;4;2;2017.0;2;0;-1;-1;3;3;2
202400036281;203 902 629;155 717 813;A01;1;1;1;2;1995.0;3;1;-1;-1;0;0;-1
202400036312;203 902 547;155 717 763;B01;2;2;1;1;1997.0;5;1;-1;-1;0;0;-1
202400036312;203 902 549;155 717 763;B01;1;1;4;1;1970.0;5;1;-1;-1;0;0;-1
202400036312;203 902 551;155 717 764;A01;2;2;1;2;1950.0;5;1;-1;-1;0;0;-1
202400036312;203 902 552;155 717 764;A01;1;1;1;1;1946.0;5;1;-1;-1;0;0;-1
202400036317;203 902 535;155 717 755;B01;1;1;1;2;1998.0;0;1;-1;-1;0;0;-1
202400036317;203 902 536;155 717 756;A01;2;2;4;2;2000.0;0;2;6;-1;0;0;-1
202400036317;203 902 538;155 717 756;A01;1;1;1;1;2000.0;0;2;6;-1;0;0;-1
202400036320;203 902 529;155 717 749;A01;1;1;4;1;1953.0;5;2;8;-1;-1; -1;-1
202400036320;203 902 530;155 717 750;B01;1;1;1;-1;;-1;-1;-1;-1;-1; -1;-1
202400036327;203 902 513;155 717 738;B01;2;2;4;2;2007.0;2;1;-1;-1;0;0;-1
202400036327;203 902 515;155 717 738;B01;1;1;4;2;1975.0;1;1;-1;-1;0;0;-1
202400036327;203 902 516;155 717 739;A01;1;1;4;1;1999.0;1;1;-1;-1;0;0;-1
202400036341;203 902 487;155 717 715;B01;1;1;3;1;1987.0;1;1;-1;-1;0;0;-1
202400036341;203 902 488;155 717 716;A01;1;1;3;1;1988.0;1;1;-1;-1;0;0;-1
202400036346;203 902 477;155 717 706;C01;1;1;1;2;1973.0;0;1;0;-1;-1; -1;-1
202400036346;203 902 478;155 717 707;A01;1;1;1;1;1984.0;4;1;0;-1;-1; -1;-1
202400036346;203 902 479;155 717 708;B01;1;1;4;2;1992.0;0;1;0;-1;-1; -1;-1
202400036384;203 902 392;155 717 643;B01;1;1;1;1;2002.0;0;1;8;-1;-1; -1;-1
202400036384;203 902 393;155 717 644;A01;1;1;4;1;1954.0;0;2;8;-1;-1; -1;-1
202400036402;203 902 347;155 717 608;A01;2;2;4;2;1982.0;2;1;-1;-1;0;0;-1
202400036402;203 902 348;155 717 608;A01;1;1;4;2;1984.0;2;1;-1;-1;0;0;-1
202400036402;203 902 351;155 717 610;B01;1;1;4;2;1982.0;2;1;-1;-1;0;0;-1
202400036434;203 902 268;155 717 544;A01;10;3;3;2;2003.0;1;0;-1;-1;3;3;1
202400036434;203 902 269;155 717 544;A01;1;1;1;1;2001.0;1;2;-1;-1;0;0;-1
202400036451;203 902 231;155 717 516;A01;1;1;1;1;1975.0;4;8;-1;-1;0;0;-1
202400036451;203 902 232;155 717 517;B01;1;1;4;1;1989.0;1;8;-1;-1;0;0;-1
202400036455;203 902 228;155 717 509;A01;1;1;4;1;1997.0;0;1;0;-1;0;0;-1
202400036459;203 902 217;155 717 502;A01;1;1;4;2;2003.0;5;1;0;0;-1; -1;-1
202400036468;203 902 199;155 717 489;A01;1;1;4;1;1982.0;1;2;6;-1;0;0;-1
202400036482;203 902 169;155 717 464;A01;1;1;1;2;1968.0;9;1;8;-1;-1; -1;-1
202400036482;203 902 172;155 717 467;B01;1;1;4;1;1993.0;9;2;8;-1;-1; -1;-1
202400036483;203 902 167;155 717 463;A01;2;2;4;1;2009.0;5;2;6;-1;0;0;-1
202400036483;203 902 168;155 717 463;A01;1;1;3;1;2009.0;5;2;6;-1;0;0;-1
202400036483;203 902 171;155 717 466;B01;1;1;1;1;1956.0;5;1;-1;-1;0;0;-1
202400036495;203 902 137;155 717 438;B01;1;1;4;1;1950.0;5;2;-1;-1;0;0;-1
202400036495;203 902 144;155 717 442;A01;1;1;4;2;1970.0;5;0;-1;-1;0;0;-1
202400036508;203 902 104;155 717 411;A01;1;1;3;2;1999.0;1;1;0;-1;0;0;-1
202400036508;203 902 106;155 717 413;B01;1;1;1;1;2004.0;9;1;0;-1;0;0;-1
202400036514;203 902 094;155 717 401;B01;1;1;1;1;1996.0;1;1;0;0;0;0;-1
202400036514;203 902 096;155 717 403;A01;1;1;4;1;2001.0;1;2;6;0;0;0;-1
202400036530;203 902 059;155 717 372;B01;1;1;1;1;2001.0;0;1;0;0;-1; -1;-1
202400036530;203 902 064;155 717 375;A01;1;1;4;1;1958.0;0;2;0;0;-1; -1;-1
202400036550;203 902 009;155 717 332;A01;1;1;4;1;1999.0;1;8;-1;-1;-1; -1;-1
202400036551;203 902 007;155 717 330;A01;1;1;4;2;1945.0;5;1;0;-1;-1; -1;-1
202400036551;203 902 011;155 717 333;B01;1;1;4;2;1950.0;0;1;0;-1;-1; -1;-1
202400036556;203 901 995;155 717 321;A01;1;1;4;1;2009.0;5;8;0;-1;-1; -1;-1
202400036556;203 901 997;155 717 321;A01;10;3;2;2;1942.0;0;0;-1;-1;4;3;1
202400036575;203 901 949;155 717 287;B01;7;2;4;1;1977.0;4;1;-1;-1;0;0;-1
202400036575;203 901 950;155 717 287;B01;1;1;1;1;1973.0;4;1;-1;-1;0;0;-1
202400036575;203 901 951;155 717 288;A01;1;1;1;1;1995.0;9;1;-1;-1;0;0;-1
202400036595;203 901 896;155 717 249;A01;1;1;4;2;1985.0;9;1;-1;-1;0;0;-1
202400036595;203 901 897;155 717 250;B01;1;1;4;2;2001.0;1;1;-1;-1;0;0;-1
202400036604;203 901 875;155 717 236;Z01;1;1;1;-1;;-1;-1;-1;-1;-1; -1;-1
202400036604;203 901 876;155 717 236;Z01;10;3;4;1;2009.0;3;8;8;-1;5;3;1
202400036620;203 901 830;155 717 205;B01;1;1;1;2;1976.0;0;1;-1;-1;0;0;-1
202400036620;203 901 831;155 717 206;A01;1;1;3;1;1976.0;3;0;-1;-1;0;0;-1
202400036625;203 901 820;155 717 199;A01;1;1;2;1;1947.0;0;8;0;-1;-1; -1;-1
202400036630;203 901 810;155 717 193;A01;1;1;2;1;1963.0;4;8;0;-1;-1; -1;-1
202400036639;203 901 790;155 717 177;A01;1;1;1;1;1969.0;1;1;0;-1;-1; -1;-1
202400036639;203 901 791;155 717 178;B01;1;1;4;1;1994.0;0;2;6;-1;-1; -1;-1
202400036643;203 901 783;155 717 172;A01;1;1;1;1;1990.0;0;1;0;-1;-1; -1;-1
202400036643;203 901 785;155 717 174;B01;1;1;4;2;1972.0;0;1;0;-1;-1; -1;-1
202400036664;203 901 733;155 717 128;B01;1;1;4;1;1991.0;4;1;0;-1;-1; -1;-1
202400036664;203 901 734;155 717 129;A01;2;2;4;2;2008.0;0;1;0;-1;-1; -1;-1
202400036664;203 901 736;155 717 129;A01;1;1;1;2;2005.0;1;1;0;-1;-1; -1;-1
202400036664;203 901 739;155 717 133;C01;1;1;1;1;1987.0;0;1;0;-1;-1; -1;-1
202400036690;203 901 679;155 717 086;A01;1;1;1;1;1965.0;0;1;0;-1;0;0;-1
202400036690;203 901 680;155 717 086;A01;10;3;4;2;2004.0;0;0;-1;-1;3;3;1
202400036692;203 901 669;155 717 081;A01;10;3;4;2;1954.0;0;0;-1;-1;3;3;1
202400036692;203 901 671;155 717 081;A01;1;1;1;2;1936.0;0;1;0;-1;-1; -1;-1
202400036703;203 901 646;155 717 062;A01;1;1;3;1;1992.0;0;2;6;-1;0;0;-1
202400036703;203 901 648;155 717 064;B01;1;1;1;1;1954.0;0;1;0;-1;0;0;-1
202400036713;203 901 621;155 717 045;B01;1;1;4;1;2000.0;0;2;0;-1;-1; -1;-1
202400036713;203 901 623;155 717 046;A01;1;1;1;2;1967.0;0;1;0;-1;-1; -1;-1
202400036717;203 901 610;155 717 039;A01;1;1;1;1;2007.0;0;2;6;-1;-1; -1;-1
202400036717;203 901 612;155 717 039;A01;10;3;4;2;1996.0;3;0;-1;-1;4;3;1
202400036718;203 901 609;155 717 038;A01;1;1;4;1;1985.0;0;1;0;-1;-1; -1;-1
202400036718;203 901 611;155 717 040;B01;2;2;1;2;1959.0;0;1;0;-1;-1; -1;-1
202400036718;203 901 613;155 717 040;B01;1;1;1;1;1960.0;0;1;0;-1;-1; -1;-1
202400036718;203 901 614;155 717 041;C01;1;1;1;1;1933.0;0;1;0;-1;-1; -1;-1
202400036718;203 901 615;155 717 041;C01;2;2;1;2;1938.0;0;1;0;-1;-1; -1;-1
202400036761;203 901 512;155 716 959;A01;1;1;4;1;1996.0;9;8;0;-1;-1; -1;-1
202400036761;203 901 514;155 716 961;B01;1;1;1;1;1965.0;9;1;0;-1;-1; -1;-1
202400036768;203 901 496;155 716 944;A01;1;1;1;1;2002.0;4;1;0;0;-1; -1;-1
202400036768;203 901 497;155 716 945;B01;1;1;4;1;1985.0;4;2;0;0;-1; -1;-1
202400036772;203 901 487;155 716 939;B01;1;1;3;1;1952.0;5;2;4;9;0;0;-1
202400036772;203 901 489;155 716 940;A01;1;1;1;1;1977.0;1;1;0;0;0;0;-1
202400036801;203 901 423;155 716 891;A01;9;2;3;1;2022.0;5;3;-1;-1;0;0;-1
202400036801;203 901 424;155 716 891;A01;1;1;4;1;1997.0;5;1;-1;-1;0;0;-1
202400036801;203 901 426;155 716 893;B01;1;1;1;1;1971.0;4;8;-1;-1;0;0;-1
202400036810;203 901 401;155 716 876;A01;1;1;3;1;2006.0;5;1;-1;-1;0;0;-1
202400036811;203 901 400;155 716 875;A01;1;1;2;1;1970.0;0;8;-1;-1;0;0;-1
202400036816;203 901 388;155 716 867;A01;1;1;3;2;1941.0;3;1;-1;-1;0;0;-1
202400036816;203 901 389;155 716 868;B01;1;1;1;1;1997.0;0;1;-1;-1;0;0;-1
202400036816;203 901 390;155 716 868;B01;2;2;3;2;2003.0;0;1;-1;-1;0;0;-1
202400036820;203 901 380;155 716 860;B01;1;1;1;2;1961.0;0;1;-1;-1;0;0;-1
202400036820;203 901 381;155 716 861;A01;1;1;4;1;2002.0;5;2;-1;-1;0;0;-1
202400036823;203 901 374;155 716 855;A01;10;3;3;1;1989.0;5;0;-1;-1;9;9;1
202400036823;203 901 375;155 716 855;A01;1;1;1;1;1948.0;5;1;-1;-1;0;0;-1
202400036836;203 901 346;155 716 834;B01;2;2;4;2;1948.0;5;1;-1;-1;0;0;-1
202400036836;203 901 347;155 716 834;B01;1;1;4;1;1952.0;5;1;-1;-1;0;0;-1
202400036836;203 901 349;155 716 837;A01;2;2;3;2;1950.0;5;1;-1;-1;0;0;-1
202400036836;203 901 351;155 716 837;A01;1;1;1;1;1957.0;5;1;-1;-1;0;0;-1
202400036838;203 901 341;155 716 830;A01;1;1;1;1;1997.0;1;1;-1;-1;0;0;-1
202400036838;203 901 343;155 716 832;C01;9;2;4;2;2015.0;5;3;-1;-1;0;0;-1
202400036838;203 901 345;155 716 832;C01;1;1;4;2;1990.0;5;1;-1;-1;0;0;-1
202400036841;203 901 335;155 716 825;A01;1;1;3;1;1985.0;5;1;-1;-1;0;0;-1
202400036845;203 901 327;155 716 819;A01;10;3;4;2;1950.0;5;0;-1;-1;2;1;1
202400036845;203 901 328;155 716 819;A01;1;1;1;2;1933.0;5;1;-1;-1;0;0;-1
202400036848;203 901 320;155 716 813;A01;1;1;1;1;1956.0;4;1;4;-1;-1; -1;-1
202400036848;203 901 321;155 716 814;B01;1;1;3;2;1971.0;9;8;0;-1;-1; -1;-1
202400036848;203 901 322;155 716 814;B01;2;2;2;1;2006.0;0;8;0;-1;-1; -1;-1
202400036852;203 901 312;155 716 805;A01;1;1;1;1;1979.0;0;1;0;0;-1; -1;-1
202400036852;203 901 313;155 716 806;B01;1;1;4;1;2000.0;1;2;6;0;-1; -1;-1
202400036867;203 901 267;155 716 771;B01;1;1;2;1;1996.0;5;8;-1;-1;0;0;-1
202400036867;203 901 269;155 716 773;A01;2;2;1;2;2007.0;9;1;-1;-1;0;0;-1
202400036867;203 901 270;155 716 773;A01;1;1;1;1;1972.0;9;1;-1;-1;0;0;-1
202400036873;203 901 253;155 716 761;A01;1;1;3;2;2007.0;5;2;6;-1;-1; -1;-1
202400036873;203 901 256;155 716 763;B01;1;1;1;1;1956.0;5;1;0;-1;-1; -1;-1
202400036884;203 901 230;155 716 746;A01;10;3;3;1;2011.0;2;0;-1;-1;4;3;1
202400036884;203 901 231;155 716 746;A01;1;1;1;1;1950.0;5;1;-1;-1;0;0;-1
202400036885;203 901 228;155 716 744;A01;1;1;1;1;1945.0;-1;1;-1;-1;0;0;-1
202400036885;203 901 229;155 716 745;B01;1;1;4;1;1972.0;-1;1;-1;-1;0;0;-1
202400036889;203 901 217;155 716 735;A01;1;1;1;1;1975.0;0;1;0;-1;-1; -1;-1
202400036889;203 901 218;155 716 736;B01;1;1;1;1;1967.0;0;1;0;-1;-1; -1;-1
202400036889;203 901 219;155 716 737;C01;1;1;4;1;2006.0;0;1;0;-1;-1; -1;-1
202400036905;203 901 172;155 716 700;A01;1;1;1;2;1986.0;1;1;0;-1;-1; -1;-1
202400036905;203 901 173;155 716 701;B01;1;1;4;1;2003.0;1;1;0;-1;-1; -1;-1
202400036925;203 901 122;155 716 667;B01;1;1;4;2;1988.0;5;1;-1;-1;0;0;-1
202400036925;203 901 123;155 716 668;A01;1;1;3;1;1982.0;1;1;-1;-1;0;0;-1
202400036948;203 901 060;155 716 623;A01;1;1;4;1;1979.0;0;1;0;-1;-1; -1;-1
202400036948;203 901 061;155 716 624;B01;4;2;4;1;2007.0;0;1;0;-1;-1; -1;-1
202400036948;203 901 062;155 716 624;B01;3;2;4;1;2007.0;0;1;0;-1;-1; -1;-1
202400036948;203 901 063;155 716 624;B01;2;2;4;1;2007.0;0;1;0;-1;-1; -1;-1
202400036948;203 901 064;155 716 624;B01;1;1;1;1;2006.0;0;1;0;-1;-1; -1;-1
202400036950;203 901 054;155 716 619;B01;1;1;1;2;1963.0;0;1;0;-1;-1; -1;-1
202400036950;203 901 055;155 716 619;B01;2;2;4;1;1958.0;0;1;0;-1;-1; -1;-1
202400036950;203 901 056;155 716 620;A01;1;1;1;2;1998.0;0;8;0;-1;-1; -1;-1
202400036971;203 901 006;155 716 583;A01;1;1;4;1;1996.0;5;2;-1;-1;-1; -1;-1
202400036971;203 901 008;155 716 585;B01;1;1;1;2;1967.0;0;1;-1;-1;-1; -1;-1
202400036986;203 900 970;155 716 556;B01;2;2;4;2;2023.0;5;3;-1;-1;0;0;-1
202400036986;203 900 971;155 716 556;B01;1;1;4;2;2002.0;5;1;-1;-1;0;0;-1
202400036986;203 900 973;155 716 558;A01;1;1;1;2;1990.0;5;1;-1;-1;0;0;-1
202400036998;203 900 945;155 716 538;A01;10;3;4;2;1973.0;0;0;-1;-1;3;3;1
202400036998;203 900 947;155 716 538;A01;1;1;1;1;2004.0;0;1;-1;-1;0;0;-1
202400037022;203 900 901;155 716 503;A01;1;1;4;1;1997.0;0;8;-1;-1;-1; -1;-1
202400037022;203 900 904;155 716 505;B01;1;1;1;1;1982.0;4;1;-1;-1;-1; -1;-1
202400037023;203 900 895;155 716 497;A01;1;1;2;1;1950.0;5;0;-1;-1;0;0;-1
202400037023;203 900 897;155 716 499;B01;2;2;1;1;2022.0;5;3;-1;-1;0;0;-1
202400037023;203 900 898;155 716 499;B01;1;1;1;1;1986.0;5;1;-1;-1;0;0;-1
202400037023;203 900 900;155 716 501;C01;1;1;1;2;1956.0;3;1;-1;-1;0;0;-1
202400037034;203 900 875;155 716 482;A01;2;2;4;2;1998.0;0;1;8;-1;-1; -1;-1
202400037034;203 900 876;155 716 482;A01;1;1;4;2;2004.0;0;8;0;-1;-1; -1;-1
202400037034;203 900 877;155 716 484;B01;1;1;1;2;1962.0;0;8;0;-1;-1; -1;-1
202400037040;203 900 862;155 716 469;A01;1;1;3;1;1995.0;1;2;6;-1;0;0;-1
202400037040;203 900 864;155 716 471;B01;1;1;1;1;1984.0;5;1;-1;-1;0;0;-1
202400037054;203 900 827;155 716 444;A01;10;3;4;2;1999.0;5;0;-1;-1;3;3;1
202400037054;203 900 828;155 716 444;A01;1;1;1;2;1994.0;0;1;8;-1;3;3;1
202400037060;203 900 811;155 716 436;B01;1;1;1;1;2001.0;5;1;0;-1;0;0;-1
202400037060;203 900 814;155 716 437;A01;2;2;1;2;1966.0;5;1;0;-1;0;0;-1
202400037060;203 900 816;155 716 437;A01;3;2;1;2;2019.0;5;1;3;-1;0;0;-1
202400037060;203 900 818;155 716 437;A01;1;1;4;2;1991.0;5;1;0;-1;0;0;-1
202400037093;203 900 732;155 716 369;A01;1;1;4;1;2005.0;5;2;6;-1;-1; -1;-1
202400037093;203 900 736;155 716 373;B01;1;1;1;1;1969.0;5;1;0;-1;-1; -1;-1
202400037093;203 900 740;155 716 376;Z01;1;1;1;-1;;-1;-1;-1;-1;-1; -1;-1
202400037097;203 900 723;155 716 363;B01;1;1;1;1;2001.0;4;1;0;-1;-1; -1;-1
202400037097;203 900 726;155 716 366;A01;10;3;4;2;2013.0;0;0;-1;-1;1;3;1
202400037097;203 900 730;155 716 366;A01;1;1;1;2;2000.0;9;1;0;-1;-1; -1;-1
202400037102;203 900 710;155 716 353;A01;1;1;4;1;1988.0;5;1;0;-1;0;0;-1
202400037102;203 900 712;155 716 353;A01;2;2;4;1;2017.0;5;1;3;-1;0;0;-1
202400037102;203 900 713;155 716 355;B01;1;1;1;1;1963.0;5;1;0;-1;0;0;-1
202400037127;203 900 642;155 716 304;B01;1;1;1;1;1975.0;0;1;0;-1;0;0;-1
202400037127;203 900 646;155 716 307;A01;1;1;3;1;1981.0;5;8;0;-1;0;0;-1
202400037141;203 900 606;155 716 272;A01;1;1;4;2;1989.0;0;1;0;-1;-1; -1;-1
202400037145;203 900 597;155 716 266;A01;1;1;1;2;1964.0;5;1;0;-1;-1; -1;-1
202400037145;203 900 600;155 716 267;B01;1;1;4;1;1997.0;9;2;6;-1;-1; -1;-1
202400037145;203 900 603;155 716 270;C01;1;1;1;1;1975.0;1;1;0;-1;-1; -1;-1
202400037186;203 900 500;155 716 194;B01;1;1;1;2;1981.0;9;1;8;-1;-1; -1;-1
202400037186;203 900 502;155 716 196;A01;1;1;4;1;2002.0;1;2;-1;-1;-1; -1;-1
202400037192;203 900 486;155 716 183;B01;1;1;1;1;2000.0;9;8;0;-1;-1; -1;-1
202400037192;203 900 490;155 716 187;A01;1;1;4;2;1993.0;9;2;0;-1;-1; -1;-1
202400037198;203 900 477;155 716 177;A01;1;1;1;1;2000.0;5;8;8;-1;-1; -1;-1
202400037198;203 900 480;155 716 177;A01;10;3;4;2;2019.0;5;0;-1;-1;3;3;2
202400037198;203 900 482;155 716 177;A01;10;3;1;2;1992.0;5;0;-1;-1;3;3;2
202400037201;203 900 469;155 716 170;A01;1;1;1;-1;;-1;-1;-1;-1;-1; -1;-1
202400037201;203 900 474;155 716 173;B01;1;1;3;2;1991.0;0;1;-1;-1;-1; -1;-1
202400037217;203 900 429;155 716 144;A01;1;1;3;1;1990.0;1;2;6;-1;-1; -1;-1
202400037217;203 900 432;155 716 146;B01;2;2;4;2;1968.0;5;1;-1;-1;-1; -1;-1
202400037217;203 900 437;155 716 146;B01;1;1;3;1;1964.0;5;1;-1;-1;-1; -1;-1
202400037217;203 900 438;155 716 149;C01;1;1;1;1;1989.0;0;1;-1;-1;-1; -1;-1
202400037226;203 900 412;155 716 130;B01;1;1;4;1;1997.0;1;2;6;0;-1; -1;-1
202400037226;203 900 416;155 716 134;A01;1;1;1;1;2004.0;5;8;0;0;-1; -1;-1
202400037232;203 900 393;155 716 119;B01;1;1;1;2;1988.0;0;1;0;0;-1; -1;-1
202400037232;203 900 395;155 716 120;A01;1;1;4;1;1944.0;0;8;0;0;-1; -1;-1
202400037241;203 900 377;155 716 104;A01;1;1;4;1;1978.0;1;2;6;-1;0;0;-1
202400037241;203 900 379;155 716 106;B01;1;1;1;1;;-1;-1;-1;-1;-1; -1;-1
202400037248;203 900 357;155 716 091;A01;10;3;4;1;2005.0;5;0;-1;-1;5;9;2
202400037248;203 900 359;155 716 091;A01;10;3;4;1;2003.0;9;0;-1;-1;5;9;2
202400037248;203 900 360;155 716 091;A01;10;3;4;1;2003.0;9;0;-1;-1;5;9;2
202400037248;203 900 361;155 716 091;A01;10;3;4;1;2005.0;9;0;-1;-1;5;9;2
202400037248;203 900 364;155 716 091;A01;1;1;1;1;2003.0;5;1;0;-1;5; -1;3
202400037253;203 900 353;155 716 088;A01;10;3;3;2;1967.0;0;0;-1;-1;1;3;1
202400037253;203 900 355;155 716 088;A01;1;1;1;1;1965.0;5;2;6;-1;-1; -1;-1
202400037270;203 900 292;155 716 045;A01;10;3;4;2;1955.0;5;0;0;0;2;3;3
202400037270;203 900 294;155 716 045;A01;10;3;4;1;1951.0;5;0;0;0;2;3;3
202400037270;203 900 295;155 716 045;A01;1;1;1;1;1951.0;5;1;0;0;-1; -1;-1
202400037271;203 900 290;155 716 043;D01;1;1;1;1;2003.0;0;1;8;-1;-1; -1;-1
202400037271;203 900 293;155 716 046;A01;1;1;1;1;1979.0;0;8;0;-1;-1; -1;-1
202400037271;203 900 296;155 716 047;B01;1;1;1;2;1990.0;9;1;8;-1;-1; -1;-1
202400037271;203 900 300;155 716 050;C01;3;2;1;1;2022.0;0;3;8;-1;-1; -1;-1
202400037271;203 900 305;155 716 050;C01;4;2;1;2;2023.0;0;3;8;-1;-1; -1;-1
202400037271;203 900 307;155 716 050;C01;1;1;3;2;1994.0;0;1;8;-1;-1; -1;-1
202400037285;203 900 251;155 716 021;A01;1;1;4;2;2008.0;2;2;6;-1;0;0;-1
202400037285;203 900 254;155 716 023;B01;1;1;1;1;1995.0;1;1;-1;-1;0;0;-1
202400037300;203 900 221;155 716 000;A01;1;1;3;1;2005.0;0;1;0;-1;-1; -1;-1
202400037317;203 900 183;155 715 974;A01;1;1;3;2;1999.0;1;2;-1;-1;0;0;-1
202400037331;203 900 155;155 715 952;B01;1;1;4;1;1957.0;5;2;6;9;0;0;-1
202400037331;203 900 157;155 715 954;A01;1;1;1;2;1991.0;5;1;-1;-1;0;0;-1
202400037348;203 900 114;155 715 922;A01;10;3;4;1;1970.0;1;0;-1;-1;1;9;3
202400037348;203 900 115;155 715 922;A01;1;1;1;1;1991.0;1;1;8;-1;0;0;-1
202400037351;203 900 103;155 715 915;B01;7;2;1;1;2006.0;5;1;-1;-1;0;0;-1
202400037351;203 900 104;155 715 915;B01;2;2;1;1;2005.0;5;1;-1;-1;0;0;-1
202400037351;203 900 107;155 715 915;B01;9;2;1;2;2005.0;5;1;-1;-1;0;0;-1
202400037351;203 900 109;155 715 915;B01;8;2;3;1;2006.0;5;0;-1;-1;0;0;-1
202400037351;203 900 111;155 715 915;B01;1;1;1;2;2003.0;5;1;-1;-1;0;0;-1
202400037351;203 900 113;155 715 921;A01;1;1;1;1;1966.0;5;1;-1;-1;0;0;-1
202400037394;203 900 004;155 715 837;A01;1;1;1;1;1997.0;0;1;8;-1;-1; -1;-1
202400037394;203 900 009;155 715 840;B01;3;2;4;1;2015.0;0;1;8;-1;-1; -1;-1
202400037394;203 900 011;155 715 840;B01;1;1;1;2;1983.0;0;1;0;-1;-1; -1;-1
202400037398;203 899 997;155 715 830;B01;1;1;1;2;1967.0;0;1;8;-1;-1; -1;-1
202400037398;203 900 000;155 715 833;A01;1;1;4;2;1972.0;0;8;0;-1;-1; -1;-1
202400037401;203 899 990;155 715 823;A01;1;1;4;1;1983.0;5;0;-1;-1;0;0;-1
202400037422;203 899 925;155 715 791;A01;1;1;4;1;1978.0;9;2;6;-1;-1; -1;-1
202400037427;203 899 921;155 715 787;A01;1;1;4;1;1981.0;5;8;0;-1;0;0;-1
202400037435;203 899 895;155 715 770;C01;1;1;1;1;1963.0;0;1;0;-1;-1; -1;-1
202400037435;203 899 899;155 715 773;A01;2;2;1;1;1998.0;0;1;0;-1;-1; -1;-1
202400037435;203 899 903;155 715 773;A01;1;1;1;2;2000.0;0;1;0;-1;-1; -1;-1
202400037435;203 899 905;155 715 776;B01;2;2;4;2;1993.0;0;1;0;-1;-1; -1;-1
202400037435;203 899 907;155 715 776;B01;1;1;1;1;1995.0;0;1;0;-1;-1; -1;-1
202400037436;203 899 894;155 715 769;A01;1;1;1;1;2000.0;0;1;-1;-1;-1; -1;-1
202400037436;203 899 898;155 715 772;B01;2;2;4;2;2003.0;0;1;-1;-1;-1; -1;-1
202400037436;203 899 901;155 715 772;B01;1;1;1;1;2000.0;0;1;-1;-1;-1; -1;-1
202400037445;203 899 873;155 715 751;A01;1;1;4;2;1992.0;0;1;0;0;-1; -1;-1
202400037457;203 899 839;155 715 731;B01;4;2;1;2;2020.0;0;1;0;-1;-1; -1;-1
202400037457;203 899 841;155 715 731;B01;1;1;1;2;1987.0;0;1;0;-1;-1; -1;-1
202400037457;203 899 845;155 715 735;A01;1;1;3;2;1961.0;0;1;0;-1;-1; -1;-1
202400037458;203 899 837;155 715 729;B01;1;1;1;1;1990.0;4;1;8;-1;-1; -1;-1
202400037458;203 899 838;155 715 730;C01;1;1;4;1;1999.0;1;2;8;-1;-1; -1;-1
202400037458;203 899 840;155 715 732;A01;1;1;1;1;1973.0;9;1;8;-1;-1; -1;-1
202400037458;203 899 842;155 715 732;A01;2;2;1;1;1999.0;9;1;8;-1;-1; -1;-1
202400037461;203 899 828;155 715 723;A01;1;1;1;1;1998.0;0;1;0;0;-1; -1;-1
202400037461;203 899 830;155 715 723;A01;2;2;4;2;1996.0;0;1;0;0;-1; -1;-1
202400037461;203 899 831;155 715 724;B01;1;1;1;2;1984.0;0;1;0;0;-1; -1;-1
202400037463;203 899 821;155 715 718;A01;1;1;4;1;1976.0;0;1;0;-1;-1; -1;-1
202400037474;203 899 801;155 715 701;A01;1;1;4;2;2000.0;1;2;6;0;-1; -1;-1
202400037499;203 899 741;155 715 660;A01;1;1;1;1;1987.0;9;1;-1;-1;0;0;-1
202400037499;203 899 745;155 715 663;B01;1;1;3;2;1957.0;9;1;-1;-1;0;0;-1
202400037538;203 899 657;155 715 598;A01;2;2;4;2;2005.0;5;2;0;-1;0;0;-1
202400037538;203 899 659;155 715 598;A01;1;1;1;1;2005.0;5;2;6;-1;0;0;-1
202400037538;203 899 660;155 715 600;B01;1;1;1;1;2001.0;9;2;6;-1;0;0;-1
202400037544;203 899 644;155 715 586;A01;1;1;3;1;1980.0;5;2;9;6;0;0;-1
202400037548;203 899 636;155 715 578;A01;1;1;3;1;1983.0;5;2;-1;-1;0;0;-1
202400037548;203 899 639;155 715 581;B01;1;1;1;1;1965.0;5;1;-1;-1;0;0;-1
202400037563;203 899 607;155 715 556;A01;10;3;2;2;1937.0;5;0;-1;-1;3;3;1
202400037563;203 899 608;155 715 556;A01;1;1;1;1;1929.0;5;1;-1;-1;0;0;-1
202400037597;203 899 539;155 715 501;A01;1;1;4;1;1986.0;1;8;0;0;-1; -1;-1
202400037621;203 899 484;155 715 461;A01;10;3;4;2;2002.0;0;8;8;-1;3;3;1
202400037621;203 899 486;155 715 461;A01;1;1;1;-1;;-1;-1;-1;-1;-1; -1;-1
202400037625;203 899 479;155 715 456;B01;1;1;1;1;1965.0;5;1;0;-1;-1; -1;-1
202400037625;203 899 482;155 715 458;A01;1;1;4;1;1991.0;4;2;6;-1;-1; -1;-1
202400037633;203 899 466;155 715 445;B01;1;1;1;1;1986.0;0;8;0;-1;-1; -1;-1
202400037633;203 899 467;155 715 446;A01;1;1;3;1;2001.0;0;8;0;-1;-1; -1;-1
202400037637;203 899 460;155 715 438;A01;1;1;1;1;1989.0;5;1;-1;-1;0;0;-1
202400037637;203 899 464;155 715 444;B01;1;1;3;1;1986.0;5;2;6;9;0;0;-1
202400037639;203 899 451;155 715 434;A01;1;1;1;1;1979.0;5;1;-1;-1;0;0;-1
202400037639;203 899 453;155 715 436;B01;1;1;3;1;1990.0;5;2;-1;-1;0;0;-1
202400037649;203 899 428;155 715 414;A01;1;1;3;2;1987.0;5;2;8;-1;-1; -1;-1
202400037649;203 899 432;155 715 418;B01;1;1;1;1;1963.0;5;1;8;-1;-1; -1;-1
202400037659;203 899 412;155 715 401;A01;2;2;3;1;2007.0;1;1;-1;-1;0;0;-1
202400037659;203 899 415;155 715 401;A01;1;1;1;1;2005.0;1;1;-1;-1;0;0;-1
202400037724;203 899 248;155 715 292;A01;1;1;3;1;1936.0;5;1;-1;-1;0;0;-1
202400037724;203 899 249;155 715 293;B01;1;1;1;1;1978.0;1;1;-1;-1;0;0;-1
202400037726;203 899 245;155 715 290;A01;2;2;4;2;2012.0;9;2;6;-1;0;0;-1
202400037726;203 899 250;155 715 290;A01;1;1;4;1;1974.0;9;2;6;-1;0;0;-1
202400037726;203 899 253;155 715 294;B01;1;1;4;1;2006.0;0;2;0;-1;-1; -1;-1
202400037734;203 899 219;155 715 275;Z01;1;1;1;-1;;-1;-1;-1;-1;-1; -1;-1
202400037734;203 899 222;155 715 277;B01;1;1;4;2;1965.0;9;8;0;-1;0;0;-1
202400037766;203 899 142;155 715 215;A01;1;1;3;1;1991.0;5;2;6;9;0;0;-1
202400037776;203 899 124;155 715 197;B01;1;1;1;1;1971.0;9;1;0;-1;0;0;-1
202400037776;203 899 125;155 715 200;A01;1;1;4;2;1971.0;9;2;6;-1;0;0;-1
202400037809;203 899 049;155 715 140;A01;1;1;4;1;2005.0;0;2;6;-1;-1; -1;-1
202400037809;203 899 050;155 715 141;Z01;1;1;1;-1;;-1;-1;-1;-1;-1; -1;-1
202400037811;203 899 042;155 715 134;A01;1;1;4;1;1995.0;0;2;0;-1;-1; -1;-1
202400037811;203 899 045;155 715 138;B01;1;1;1;2;1974.0;0;1;0;-1;-1; -1;-1
202400037812;203 899 041;155 715 133;A01;1;1;1;1;1978.0;1;1;0;-1;-1; -1;-1
202400037812;203 899 043;155 715 135;B01;1;1;1;1;1982.0;1;1;0;-1;-1; -1;-1
202400037812;203 899 044;155 715 136;C01;2;2;4;2;1991.0;5;1;0;-1;-1; -1;-1
202400037812;203 899 046;155 715 136;C01;1;1;4;2;2001.0;5;1;0;-1;-1; -1;-1
202400037827;203 898 999;155 715 105;A01;10;3;4;2;1940.0;0;0;-1;-1;1;3;1
202400037827;203 899 000;155 715 105;A01;1;1;1;2;1948.0;5;8;-1;-1;-1; -1;-1
202400037832;203 898 988;155 715 098;A01;1;1;4;2;1979.0;5;1;-1;-1;0;0;-1
202400037832;203 898 991;155 715 101;B01;1;1;3;1;1972.0;5;2;6;5;0;0;-1
202400037838;203 898 975;155 715 088;A01;10;3;4;2;1990.0;0;8;8;-1;2;3;1
202400037838;203 898 977;155 715 088;A01;1;1;1;-1;;-1;-1;-1;-1;-1; -1;-1
202400037857;203 898 934;155 715 052;B01;1;1;4;2;1983.0;1;2;4;6;0;0;-1
202400037857;203 898 936;155 715 054;A01;1;1;1;-1;;-1;-1;-1;-1;0;0;-1
202400037872;203 898 892;155 715 021;A01;1;1;3;1;2008.0;5;2;6;-1;0;0;-1
202400037872;203 898 894;155 715 023;B01;1;1;1;2;1999.0;9;1;-1;-1;0;0;-1
202400037875;203 898 886;155 715 017;A01;9;2;3;1;2005.0;9;8;-1;-1;0;0;-1
202400037875;203 898 887;155 715 017;A01;1;1;4;1;2004.0;9;8;-1;-1;0;0;-1
202400037876;203 898 883;155 715 015;A01;1;1;3;1;1991.0;1;6;2;-1;0;0;-1
202400037882;203 898 871;155 715 006;A01;1;1;3;1;1964.0;0;2;6;9;0;0;-1
202400037882;203 898 873;155 715 007;B01;1;1;1;1;1974.0;5;1;-1;-1;0;0;-1
202400037883;203 898 869;155 715 004;B01;1;1;1;2;2006.0;5;1;0;-1;0;0;-1
202400037883;203 898 870;155 715 005;A01;5;2;4;1;2009.0;5;2;0;-1;0;0;-1
202400037883;203 898 872;155 715 005;A01;1;1;4;1;2008.0;5;2;0;-1;0;0;-1
202400037898;203 898 824;155 714 971;A01;1;1;1;1;1947.0;5;1;-1;-1;0;0;-1
202400037898;203 898 826;155 714 973;B01;2;2;1;2;1986.0;5;1;-1;-1;0;0;-1
202400037898;203 898 827;155 714 973;B01;7;2;1;2;2023.0;5;1;-1;-1;0;0;-1
202400037898;203 898 828;155 714 973;B01;1;1;4;1;1989.0;5;1;-1;-1;0;0;-1
202400037904;203 898 811;155 714 961;A01;1;1;1;1;1964.0;0;0;-1;-1;0;0;-1
202400037904;203 898 812;155 714 962;B01;1;1;3;1;1940.0;5;2;-1;-1;0;0;-1
202400037909;203 898 800;155 714 953;A01;2;2;1;1;2014.0;0;1;-1;-1;-1; -1;-1
202400037909;203 898 801;155 714 953;A01;4;2;1;1;2021.0;5;3;-1;-1;-1; -1;-1
202400037909;203 898 802;155 714 953;A01;3;2;1;1;2021.0;5;3;-1;-1;-1; -1;-1
202400037909;203 898 803;155 714 953;A01;1;1;1;1;1987.0;5;1;-1;-1;-1; -1;-1
202400037909;203 898 805;155 714 955;B01;1;1;4;1;1980.0;1;1;0;-1;-1; -1;-1
202400037909;203 898 806;155 714 956;C01;1;1;1;1;1982.0;9;1;0;-1;-1; -1;-1
202400037912;203 898 787;155 714 945;A01;10;3;3;2;1956.0;0;0;-1;-1;4;3;1
202400037912;203 898 789;155 714 945;A01;1;1;1;1;1978.0;4;8;0;-1;-1; -1;-1
202400037926;203 898 756;155 714 916;A01;1;1;3;1;1978.0;3;1;8;-1;-1; -1;-1
202400037939;203 898 728;155 714 895;A01;1;1;1;-1;;-1;-1;-1;-1;-1; -1;-1
202400037939;203 898 729;155 714 896;B01;1;1;4;1;1979.0;3;2;6;-1;-1; -1;-1
202400038018;203 898 548;155 714 764;A01;10;3;4;2;1966.0;1;0;-1;-1;4;3;1
202400038018;203 898 550;155 714 764;A01;1;1;1;2;1956.0;5;1;0;-1;0;0;-1
202400038061;203 898 454;155 714 686;A01;10;3;3;1;2019.0;0;0;0;0;2;3;2
202400038061;203 898 455;155 714 686;A01;1;1;1;2;1990.0;2;8;0;0;-1; -1;-1
202400038063;203 898 448;155 714 681;B01;1;1;4;1;2008.0;0;8;0;-1;-1; -1;-1
202400038063;203 898 450;155 714 682;A01;1;1;1;1;2005.0;0;2;8;0;-1; -1;-1
202400038100;203 898 365;155 714 616;A01;2;2;2;2;1953.0;5;1;-1;-1;0;0;-1
202400038100;203 898 367;155 714 616;A01;1;1;4;1;1991.0;5;8;-1;-1;0;0;-1
202400038102;203 898 361;155 714 613;B01;1;1;4;1;2001.0;1;2;6;0;-1; -1;-1
202400038102;203 898 363;155 714 614;A01;1;1;1;1;1969.0;4;1;0;0;-1; -1;-1
202400038104;203 898 356;155 714 609;B01;2;2;4;2;1996.0;4;1;4;-1;0;0;-1
202400038104;203 898 357;155 714 609;B01;1;1;4;2;1995.0;4;1;4;-1;0;0;-1
202400038104;203 898 359;155 714 611;A01;1;1;4;2;1997.0;5;1;4;-1;0;0;-1
202400038118;203 898 319;155 714 584;A01;3;2;4;1;2022.0;0;3;-1;-1;0;0;-1
202400038118;203 898 321;155 714 584;A01;2;2;4;2;1992.0;0;1;-1;-1;0;0;-1
202400038118;203 898 322;155 714 584;A01;1;1;1;2;2001.0;0;1;-1;-1;0;0;-1
202400038118;203 898 324;155 714 585;B01;1;1;3;2;1970.0;0;1;-1;-1;0;0;-1
202400038121;203 898 313;155 714 581;A01;10;3;4;1;1952.0;5;0;-1;-1;4;3;3
202400038121;203 898 316;155 714 581;A01;1;1;4;1;1994.0;1;8;0;-1;4;3;3
202400038130;203 898 292;155 714 566;A01;1;1;3;1;1999.0;5;1;-1;-1;0;0;-1
202400038130;203 898 294;155 714 568;B01;1;1;4;1;1990.0;5;1;-1;-1;0;0;-1
202400038133;203 898 285;155 714 560;A01;1;1;1;-1;;-1;-1;-1;-1;-1; -1;-1
202400038133;203 898 286;155 714 561;C01;1;1;4;1;1961.0;-1;0;0;0;1;3;1
202400038148;203 898 247;155 714 529;A01;2;2;4;2;1937.0;9;1;-1;-1;0;0;-1
202400038148;203 898 250;155 714 529;A01;1;1;3;1;1933.0;9;1;-1;-1;0;0;-1
202400038148;203 898 251;155 714 532;B01;1;1;1;1;1997.0;0;8;-1;-1;0;0;-1
202400038149;203 898 246;155 714 528;A01;1;1;3;1;1984.0;5;0;-1;-1;-1; -1;-1
202400038149;203 898 248;155 714 531;B01;1;1;1;1;1981.0;4;1;-1;-1;-1; -1;-1
202400038150;203 898 241;155 714 524;A01;1;1;1;2;1985.0;1;1;-1;-1;0;0;-1
202400038150;203 898 245;155 714 527;B01;1;1;3;1;1991.0;1;2;6;-1;0;0;-1
202400038191;203 898 139;155 714 453;A01;1;1;4;1;2005.0;1;1;-1;-1;0;0;-1
202400038191;203 898 144;155 714 455;B01;1;1;1;1;1957.0;0;1;-1;-1;0;0;-1
202400038203;203 898 117;155 714 433;A01;1;1;4;1;1985.0;5;2;8;-1;-1; -1;-1
202400038203;203 898 118;155 714 434;B01;2;2;1;2;1996.0;5;1;8;-1;-1; -1;-1
202400038203;203 898 120;155 714 434;B01;1;1;1;1;1995.0;5;1;8;-1;-1; -1;-1
202400038224;203 898 072;155 714 399;A01;1;1;4;2;2006.0;0;8;0;-1;-1; -1;-1
202400038224;203 898 073;155 714 400;B01;1;1;1;1;1995.0;9;1;-1;-1;-1; -1;-1
202400038237;203 898 039;155 714 372;C01;1;1;1;1;1982.0;4;1;0;-1;-1; -1;-1
202400038237;203 898 042;155 714 374;B01;1;1;1;1;1956.0;5;1;0;-1;-1; -1;-1
202400038237;203 898 044;155 714 375;D01;1;1;1;1;1968.0;4;1;0;-1;-1; -1;-1
202400038237;203 898 047;155 714 378;A01;1;1;4;1;1972.0;1;1;0;-1;-1; -1;-1
202400038243;203 898 018;155 714 357;B01;4;2;1;1;2014.0;2;1;0;-1;-1; -1;-1
202400038243;203 898 019;155 714 357;B01;3;2;1;1;2011.0;2;1;0;-1;-1; -1;-1
202400038243;203 898 021;155 714 357;B01;1;1;1;2;1984.0;2;1;4;-1;-1; -1;-1
202400038243;203 898 022;155 714 359;A01;1;1;4;1;2006.0;0;2;6;-1;-1; -1;-1
202400038250;203 898 002;155 714 345;A01;1;1;4;1;1967.0;1;2;8;-1;0;0;-1
202400038280;203 897 939;155 714 292;B01;1;1;1;1;1978.0;5;1;0;-1;-1; -1;-1
202400038280;203 897 941;155 714 294;A01;1;1;4;1;2007.0;5;2;6;-1;-1; -1;-1
202400038321;203 897 841;155 714 213;B01;1;1;4;1;1995.0;0;1;-1;-1;-1; -1;-1
202400038321;203 897 845;155 714 217;C01;1;1;1;2;1979.0;4;1;-1;-1;-1; -1;-1
202400038321;203 897 846;155 714 218;A01;1;1;1;1;1946.0;0;1;-1;-1;-1; -1;-1
202400038323;203 897 836;155 714 209;A01;1;1;4;1;2005.0;0;1;0;-1;-1; -1;-1
202400038340;203 897 787;155 714 172;A01;1;1;4;2;2009.0;5;2;6;-1;-1; -1;-1
202400038351;203 897 767;155 714 154;A01;1;1;3;1;1979.0;0;2;6;-1;-1; -1;-1
202400038351;203 897 768;155 714 155;B01;1;1;3;2;1992.0;0;1;-1;-1;-1; -1;-1
202400038359;203 897 751;155 714 141;A01;1;1;2;2;1947.0;5;1;-1;-1;0;0;-1
202400038359;203 897 752;155 714 142;B01;1;1;1;1;1976.0;4;1;-1;-1;0;0;-1
202400038362;203 897 747;155 714 138;A01;1;1;1;-1;;-1;-1;-1;-1;-1; -1;-1
202400038362;203 897 757;155 714 146;B01;1;1;4;2;2004.0;9;1;0;-1;-1; -1;-1
202400038379;203 897 708;155 714 106;A01;10;3;4;1;2002.0;0;8;8;-1;4;3;1
202400038379;203 897 709;155 714 106;A01;1;1;1;-1;;-1;-1;-1;-1;0;0;-1
202400038428;203 897 594;155 714 024;A01;1;1;4;2;1966.0;0;1;-1;-1;0;0;-1
202400038428;203 897 596;155 714 025;B01;1;1;3;1;1960.0;0;1;-1;-1;0;0;-1
202400038437;203 897 565;155 714 000;A01;1;1;1;1;2006.0;2;1;0;-1;-1; -1;-1
202400038437;203 897 566;155 714 001;B01;1;1;4;2;1974.0;5;1;0;0;-1; -1;-1
202400038448;203 897 549;155 713 984;A01;1;1;4;1;2002.0;1;2;6;-1;-1; -1;-1
202400038450;203 897 541;155 713 978;A01;1;1;1;2;1950.0;5;1;0;-1;-1; -1;-1
202400038450;203 897 543;155 713 980;B01;1;1;4;1;2008.0;5;0;-1;-1;-1; -1;-1
202400038462;203 897 508;155 713 956;A01;1;1;4;1;1958.0;0;2;6;0;-1; -1;-1
202400038462;203 897 511;155 713 958;B01;1;1;1;1;1972.0;4;1;0;0;-1; -1;-1
202400038464;203 897 510;155 713 954;A01;1;1;4;2;1993.0;5;1;8;-1;-1; -1;-1
202400038464;203 897 513;155 713 959;B01;1;1;3;1;1995.0;5;2;6;-1;-1; -1;-1
202400038473;203 897 486;155 713 936;A01;1;1;3;1;1959.0;0;1;0;-1;-1; -1;-1
202400038473;203 897 488;155 713 939;B01;1;1;4;1;1987.0;0;1;0;-1;-1; -1;-1
202400038478;203 897 477;155 713 928;A01;1;1;1;1;2004.0;5;8;0;-1;-1; -1;-1
202400038478;203 897 481;155 713 932;B01;1;1;3;1;1991.0;1;2;6;-1;-1; -1;-1
202400038483;203 897 462;155 713 917;A01;1;1;4;1;1980.0;5;8;0;0;-1; -1;-1
202400038496;203 897 439;155 713 897;A01;1;1;4;1;1995.0;9;8;-1;-1;0;0;-1
202400038522;203 897 387;155 713 856;A01;10;3;3;1;1940.0;5;0;-1;-1;4;3;1
202400038522;203 897 388;155 713 856;A01;1;1;1;2;1989.0;1;2;8;-1;0;0;-1
202400038535;203 897 360;155 713 835;A01;1;1;4;1;2004.0;5;0;-1;-1;-1; -1;-1
202400038536;203 897 359;155 713 834;A01;2;2;3;1;2002.0;5;1;-1;-1;0;0;-1
202400038536;203 897 361;155 713 834;A01;1;1;3;2;2003.0;5;1;-1;-1;0;0;-1
202400038545;203 897 336;155 713 817;B01;1;1;1;1;1997.0;4;1;-1;-1;0;0;-1
202400038545;203 897 338;155 713 819;A01;1;1;2;1;2006.0;0;1;-1;-1;0;0;-1
202400038562;203 897 305;155 713 792;A01;10;3;4;2;2016.0;2;0;-1;-1;3;3;1
202400038562;203 897 307;155 713 792;A01;1;1;1;1;1964.0;0;1;-1;-1;-1; -1;-1
202400038612;203 897 189;155 713 709;A01;2;2;1;1;1977.0;4;1;0;-1;-1; -1;-1
202400038612;203 897 190;155 713 709;A01;10;3;4;1;1952.0;5;0;-1;-1;4;3;1
202400038612;203 897 192;155 713 709;A01;1;1;1;1;1979.0;4;1;0;-1;-1; -1;-1
202400038625;203 897 154;155 713 681;A01;10;3;4;1;2009.0;5;0;-1;-1;3;3;1
202400038625;203 897 155;155 713 681;A01;1;1;1;1;2003.0;5;1;0;-1;-1; -1;-1
202400038629;203 897 145;155 713 674;A01;1;1;3;2;1947.0;0;1;-1;-1;0;0;-1
202400038629;203 897 148;155 713 676;B01;9;2;1;1;2017.0;0;1;-1;-1;0;0;-1
202400038629;203 897 149;155 713 676;B01;1;1;1;2;1986.0;0;1;-1;-1;0;0;-1
202400038635;203 897 129;155 713 661;B01;1;1;1;2;2005.0;0;1;0;0;-1; -1;-1
202400038635;203 897 130;155 713 662;A01;1;1;1;2;1991.0;4;1;0;0;-1; -1;-1
202400038635;203 897 131;155 713 662;A01;8;2;4;1;2022.0;0;8;0;0;-1; -1;-1
202400038635;203 897 132;155 713 662;A01;8;2;1;2;2000.0;0;8;0;0;-1; -1;-1
202400038640;203 897 119;155 713 654;B01;1;1;4;1;1956.0;5;1;-1;-1;0;0;-1
202400038640;203 897 121;155 713 654;B01;2;2;4;2;1955.0;5;1;-1;-1;0;0;-1
202400038640;203 897 122;155 713 656;A01;1;1;4;1;1970.0;5;0;-1;-1;0;0;-1
202400038654;203 897 091;155 713 631;A01;2;2;2;1;1996.0;5;8;-1;-1;0;0;-1
202400038654;203 897 093;155 713 631;A01;1;1;2;1;1995.0;5;0;-1;-1;0;0;-1
202400038656;203 897 085;155 713 628;A01;3;2;4;1;2006.0;5;1;-1;-1;0;0;-1
202400038656;203 897 086;155 713 628;A01;2;2;1;1;2005.0;5;1;-1;-1;0;0;-1
202400038656;203 897 088;155 713 628;A01;4;2;1;1;2006.0;5;1;-1;-1;0;0;-1
202400038656;203 897 089;155 713 628;A01;1;1;1;1;2006.0;5;1;-1;-1;0;0;-1
202400038669;203 897 060;155 713 609;A01;1;1;3;1;1979.0;5;8;-1;-1;0;0;-1
202400038686;203 897 019;155 713 574;B01;1;1;3;1;1996.0;9;2;6;-1;0;0;-1
202400038686;203 897 022;155 713 576;A01;1;1;1;2;1980.0;1;1;-1;-1;0;0;-1
202400038690;203 897 008;155 713 566;A01;1;1;3;1;1970.0;1;2;6;-1;0;0;-1
202400038690;203 897 011;155 713 569;B01;1;1;1;1;1947.0;5;1;-1;-1;0;0;-1
202400038691;203 897 007;155 713 565;A01;1;1;1;1;1966.0;4;8;-1;-1;0;0;-1
202400038691;203 897 009;155 713 567;B01;1;1;1;1;1991.0;4;8;-1;-1;0;0;-1
202400038691;203 897 010;155 713 568;C01;2;2;3;1;1987.0;4;8;-1;-1;0;0;-1
202400038691;203 897 012;155 713 568;C01;1;1;1;1;1994.0;4;8;-1;-1;0;0;-1
202400038693;203 897 004;155 713 562;A01;1;1;1;1;1997.0;5;1;-1;-1;0;0;-1
202400038693;203 897 006;155 713 564;B01;1;1;2;1;2000.0;5;2;0;-1;0;0;-1
202400038696;203 896 996;155 713 554;A01;1;1;1;2;1997.0;1;1;-1;-1;0;0;-1
202400038696;203 896 998;155 713 556;B01;1;1;4;1;1982.0;5;0;-1;-1;0;0;-1
202400038697;203 896 992;155 713 552;A01;1;1;3;2;2006.0;5;1;-1;-1;0;0;-1
202400038707;203 896 971;155 713 534;A01;1;1;4;1;1964.0;5;2;6;0;0;0;-1
202400038707;203 896 973;155 713 536;B01;1;1;1;1;2003.0;5;1;-1;-1;0;0;-1
202400038721;203 896 942;155 713 509;A01;1;1;4;2;1996.0;1;1;0;-1;0;0;-1
202400038722;203 896 941;155 713 508;A01;1;1;4;1;1980.0;4;2;5;0;-1; -1;-1
202400038747;203 896 883;155 713 464;B01;2;2;1;2;1978.0;1;1;0;-1;-1; -1;-1
202400038747;203 896 884;155 713 464;B01;3;2;1;2;2006.0;0;1;0;-1;-1; -1;-1
202400038747;203 896 886;155 713 464;B01;1;1;1;2;2005.0;2;1;0;-1;-1; -1;-1
202400038747;203 896 888;155 713 466;A01;1;1;4;1;2002.0;1;2;0;-1;-1; -1;-1
202400038770;203 896 833;155 713 430;A01;1;1;4;1;2001.0;0;1;0;-1;-1; -1;-1
202400038786;203 896 788;155 713 397;B01;1;1;1;1;1984.0;9;1;8;-1;-1; -1;-1
202400038786;203 896 789;155 713 398;C01;1;1;3;2;1968.0;9;1;0;-1;-1; -1;-1
202400038786;203 896 790;155 713 399;A01;1;1;1;2;1961.0;0;1;8;-1;-1; -1;-1
202400038795;203 896 766;155 713 382;A01;10;3;3;2;1935.0;3;0;-1;-1;3;3;1
202400038795;203 896 767;155 713 382;A01;1;1;1;2;1968.0;3;1;-1;-1;-1; -1;-1
202400038803;203 896 743;155 713 369;A01;2;2;1;1;1989.0;4;1;0;-1;-1; -1;-1
202400038803;203 896 744;155 713 369;A01;1;1;1;1;1992.0;4;1;0;-1;-1; -1;-1
202400038803;203 896 747;155 713 372;B01;4;2;4;1;1976.0;4;1;0;-1;-1; -1;-1
202400038803;203 896 748;155 713 372;B01;2;2;4;1;1989.0;4;1;0;-1;-1; -1;-1
202400038803;203 896 749;155 713 372;B01;1;1;4;1;1972.0;4;1;0;-1;-1; -1;-1
202400038820;203 896 707;155 713 341;A01;10;3;4;1;2008.0;2;0;-1;-1;3;3;1
202400038820;203 896 708;155 713 341;A01;1;1;1;1;1975.0;1;1;-1;-1;0;0;-1
202400038831;203 896 684;155 713 324;A01;1;1;1;1;1984.0;0;1;8;-1;-1; -1;-1
202400038831;203 896 685;155 713 325;B01;1;1;4;2;1976.0;1;1;8;-1;-1; -1;-1
202400038832;203 896 678;155 713 321;A01;1;1;1;1;2006.0;1;1;0;-1;-1; -1;-1
202400038832;203 896 681;155 713 323;B01;4;2;3;2;1985.0;5;1;0;-1;-1; -1;-1
202400038832;203 896 682;155 713 323;B01;2;2;4;2;1986.0;5;1;0;-1;-1; -1;-1
202400038832;203 896 683;155 713 323;B01;1;1;4;2;1987.0;5;1;0;-1;-1; -1;-1
202400038864;203 896 611;155 713 268;A01;1;1;4;1;2000.0;5;8;0;-1;0;0;-1
202400038864;203 896 612;155 713 269;B01;1;1;1;1;1975.0;4;1;0;-1;0;0;-1
202400038873;203 896 592;155 713 254;B01;1;1;4;2;1998.0;9;-1;0;-1;0;0;-1
202400038873;203 896 593;155 713 255;A01;1;1;1;1;1983.0;9;1;0;-1;0;0;-1
202400038874;203 896 590;155 713 252;A01;1;1;4;1;1991.0;4;2;6;-1;0;0;-1
202400038874;203 896 591;155 713 253;B01;1;1;4;2;1994.0;3;2;6;-1;0;0;-1
202400038895;203 896 543;155 713 217;B01;1;1;1;1;1988.0;0;1;0;0;-1; -1;-1
202400038895;203 896 544;155 713 218;A01;1;1;4;1;1996.0;1;2;0;-1;-1; -1;-1
202400038896;203 896 539;155 713 215;A01;1;1;1;2;2002.0;0;1;0;0;-1; -1;-1
202400038896;203 896 540;155 713 216;B01;2;2;4;1;2022.0;0;3;0;0;-1; -1;-1
202400038896;203 896 541;155 713 216;B01;4;2;4;1;2018.0;0;1;8;0;-1; -1;-1
202400038896;203 896 542;155 713 216;B01;1;1;1;2;1990.0;0;1;8;8;-1; -1;-1
202400038901;203 896 529;155 713 207;A01;1;1;3;1;1979.0;5;2;6;-1;0;0;-1
202400038901;203 896 530;155 713 208;B01;1;1;1;2;1983.0;5;1;-1;-1;0;0;-1
202400038904;203 896 523;155 713 202;A01;10;3;3;2;1969.0;3;0;-1;-1;3;3;1
202400038904;203 896 524;155 713 202;A01;1;1;1;1;1986.0;4;1;-1;-1;0;0;-1
202400038905;203 896 519;155 713 200;B01;9;2;4;2;1997.0;4;1;-1;-1;0;0;-1
202400038905;203 896 520;155 713 200;B01;5;2;3;1;1963.0;9;1;-1;-1;0;0;-1
202400038905;203 896 521;155 713 200;B01;1;1;3;1;1973.0;4;1;-1;-1;0;0;-1
202400038905;203 896 522;155 713 201;A01;1;1;1;1;1962.0;4;0;-1;-1;0;0;-1
202400038906;203 896 518;155 713 199;A01;1;1;3;1;1967.0;4;1;-1;-1;0;0;-1
202400038908;203 896 515;155 713 197;A01;1;1;1;1;1998.0;3;1;-1;-1;0;0;-1
202400038908;203 896 516;155 713 197;A01;10;3;3;1;1972.0;9;0;-1;-1;3;3;1
202400038920;203 896 491;155 713 180;A01;2;2;1;1;1979.0;5;1;-1;-1;0;0;-1
202400038920;203 896 492;155 713 180;A01;1;1;1;1;1975.0;5;1;-1;-1;0;0;-1
202400038920;203 896 493;155 713 181;B01;1;1;3;1;2000.0;5;8;-1;-1;0;0;-1
202400038934;203 896 455;155 713 152;A01;10;3;4;1;1996.0;1;0;-1;-1;3;3;1
202400038934;203 896 456;155 713 152;A01;1;1;1;1;1970.0;4;1;-1;-1;0;0;-1
202400038939;203 896 447;155 713 145;A01;1;1;3;2;1974.0;1;1;-1;-1;0;0;-1
202400038956;203 896 403;155 713 114;B01;2;2;4;2;2009.0;0;1;0;-1;-1; -1;-1
202400038956;203 896 404;155 713 114;B01;4;2;1;2;2009.0;5;1;0;-1;-1; -1;-1
202400038956;203 896 405;155 713 114;B01;1;1;4;2;2005.0;5;1;0;-1;-1; -1;-1
202400038956;203 896 406;155 713 115;C01;1;1;1;2;2004.0;5;1;0;-1;-1; -1;-1
202400038956;203 896 407;155 713 116;A01;1;1;1;1;1950.0;5;1;0;-1;-1; -1;-1
202400038975;203 896 360;155 713 082;B01;1;1;1;1;2000.0;1;1;-1;-1;-1; -1;-1
202400038975;203 896 362;155 713 084;A01;1;1;3;1;1972.0;1;2;6;-1;-1; -1;-1
202400038980;203 896 350;155 713 073;A01;1;1;1;1;1996.0;5;1;-1;-1;0;0;-1
202400038980;203 896 352;155 713 073;A01;10;3;4;1;1968.0;5;0;-1;-1;2;3;1
202400038985;203 896 336;155 713 063;A01;1;1;1;2;1971.0;0;1;0;-1;3;3;1
202400038985;203 896 337;155 713 063;A01;10;3;3;2;1939.0;0;0;-1;-1;3;3;1
202400038985;203 896 339;155 713 063;A01;2;2;1;1;2012.0;0;1;0;-1;3;3;1
202400038985;203 896 341;155 713 063;A01;3;2;1;1;2013.0;0;1;0;-1;3;3;1
202400038989;203 896 330;155 713 059;A01;10;3;4;1;1972.0;5;0;-1;-1;6;1;1
202400038989;203 896 331;155 713 059;A01;1;1;1;1;1960.0;5;1;0;-1;0;0;-1
202400038999;203 896 302;155 713 044;A01;1;1;1;1;1974.0;0;1;0;-1;-1; -1;-1
202400038999;203 896 305;155 713 047;B01;1;1;4;1;1991.0;0;2;-1;-1;-1; -1;-1
202400038999;203 896 306;155 713 047;B01;2;2;1;2;2002.0;0;2;-1;-1;-1; -1;-1
202400039012;203 896 276;155 713 022;B01;1;1;1;1;1986.0;0;1;0;-1;-1; -1;-1
202400039012;203 896 279;155 713 025;A01;1;1;4;1;1970.0;0;2;5;-1;-1; -1;-1
202400039022;203 896 253;155 713 003;B01;1;1;4;1;2000.0;5;8;0;-1;-1; -1;-1
202400039022;203 896 256;155 713 005;A01;1;1;1;1;1985.0;4;2;0;-1;-1; -1;-1
202400039027;203 896 243;155 712 996;A01;10;3;3;1;1974.0;0;0;-1;-1;1;3;1
202400039027;203 896 245;155 712 996;A01;1;1;1;1;1984.0;0;1;8;-1;-1; -1;-1
202400039044;203 896 204;155 712 968;B01;1;1;4;2;1984.0;0;8;-1;-1;-1; -1;-1
202400039044;203 896 210;155 712 972;A01;1;1;1;1;1963.0;0;1;-1;-1;-1; -1;-1
202400039058;203 896 171;155 712 944;A01;1;1;4;1;1996.0;5;1;0;0;-1; -1;-1
202400039080;203 896 127;155 712 912;A01;1;1;4;1;1972.0;1;2;8;-1;-1; -1;-1
202400039080;203 896 130;155 712 913;Z01;1;1;1;1;2000.0;9;8;0;-1;-1; -1;-1
202400039097;203 896 089;155 712 883;B01;2;2;4;2;1994.0;0;1;0;-1;-1; -1;-1
202400039097;203 896 090;155 712 883;B01;3;2;4;2;2018.0;0;1;0;-1;-1; -1;-1
202400039097;203 896 092;155 712 883;B01;1;1;1;1;1992.0;0;1;0;-1;-1; -1;-1
202400039097;203 896 094;155 712 885;C01;1;1;1;2;1976.0;0;1;0;-1;-1; -1;-1
202400039097;203 896 097;155 712 888;D01;1;1;1;1;1989.0;0;1;0;-1;-1; -1;-1
202400039097;203 896 100;155 712 891;A01;1;1;4;2;1935.0;5;1;0;-1;-1; -1;-1
202400039151;203 895 947;155 712 784;A01;1;1;2;1;1984.0;5;0;-1;-1;0;0;-1
202400039171;203 895 899;155 712 751;A01;1;1;1;2;1994.0;5;1;-1;-1;-1; -1;-1
202400039171;203 895 902;155 712 753;B01;2;2;1;1;1982.0;5;1;-1;-1;-1; -1;-1
202400039171;203 895 903;155 712 753;B01;4;2;4;1;2022.0;5;3;-1;-1;-1; -1;-1
202400039171;203 895 906;155 712 753;B01;3;2;1;1;2017.0;5;3;-1;-1;-1; -1;-1
202400039171;203 895 907;155 712 753;B01;1;1;4;1;1979.0;5;1;-1;-1;-1; -1;-1
202400039185;203 895 857;155 712 727;A01;9;2;3;2;2020.0;9;3;-1;-1;0;0;-1
202400039185;203 895 860;155 712 727;A01;1;1;1;2;2000.0;9;1;-1;-1;0;0;-1
202400039185;203 895 863;155 712 729;B01;1;1;1;1;1971.0;4;1;-1;-1;0;0;-1
202400039194;203 895 834;155 712 714;A01;1;1;4;1;1965.0;0;1;-1;-1;0;0;-1
202400039194;203 895 836;155 712 717;B01;1;1;4;2;1983.0;0;1;-1;-1;0;0;-1
202400039194;203 895 837;155 712 717;B01;7;2;4;2;2016.0;0;1;-1;-1;0;0;-1
202400039194;203 895 838;155 712 717;B01;9;2;4;1;2018.0;0;1;-1;-1;0;0;-1
202400039194;203 895 839;155 712 717;B01;8;2;4;2;2015.0;0;1;-1;-1;0;0;-1
202400039204;203 895 808;155 712 699;A01;4;2;3;2;1984.0;5;8;-1;-1;0;0;-1
202400039204;203 895 809;155 712 699;A01;3;2;4;2;1972.0;5;8;-1;-1;0;0;-1
202400039204;203 895 812;155 712 699;A01;2;2;3;2;1972.0;5;8;-1;-1;0;0;-1
202400039204;203 895 814;155 712 699;A01;1;1;4;1;1977.0;5;8;-1;-1;0;0;-1
202400039213;203 895 771;155 712 673;A01;1;1;4;1;1969.0;4;1;-1;-1;0;0;-1
202400039213;203 895 775;155 712 676;B01;2;2;1;1;1973.0;5;1;-1;-1;0;0;-1
202400039213;203 895 776;155 712 676;B01;1;1;4;1;1988.0;5;0;-1;-1;0;0;-1
202400039213;203 895 779;155 712 679;C01;2;2;1;2;1989.0;5;1;-1;-1;0;0;-1
202400039213;203 895 781;155 712 679;C01;8;2;1;1;2017.0;5;3;-1;-1;0;0;-1
202400039213;203 895 782;155 712 679;C01;1;1;1;1;1986.0;5;1;-1;-1;0;0;-1
202400039231;203 895 731;155 712 641;A01;1;1;4;1;1988.0;5;2;6;-1;-1; -1;-1
202400039231;203 895 734;155 712 644;B01;1;1;1;1;1984.0;4;1;8;-1;-1; -1;-1
202400039233;203 895 726;155 712 637;B01;1;1;4;1;1993.0;1;2;6;-1;-1; -1;-1
202400039233;203 895 728;155 712 640;A01;1;1;1;1;1999.0;5;1;0;-1;-1; -1;-1
202400039246;203 895 697;155 712 617;B01;2;2;1;1;2005.0;5;1;0;-1;-1; -1;-1
202400039246;203 895 700;155 712 617;B01;1;1;1;1;2005.0;0;1;0;-1;-1; -1;-1
202400039246;203 895 709;155 712 624;A01;1;1;3;1;1994.0;5;2;6;-1;-1; -1;-1
202400039269;203 895 637;155 712 574;A01;1;1;1;2;1977.0;0;1;0;-1;-1; -1;-1
202400039269;203 895 640;155 712 577;B01;1;1;4;1;1982.0;0;2;6;-1;-1; -1;-1
202400039270;203 895 638;155 712 575;A01;2;2;4;1;2007.0;-1;0;-1;-1;-1; -1;-1
202400039270;203 895 642;155 712 575;A01;1;1;1;1;1979.0;0;1;0;-1;-1; -1;-1
202400039276;203 895 623;155 712 565;A01;1;1;4;2;1992.0;1;1;0;0;-1; -1;-1
202400039276;203 895 625;155 712 567;B01;1;1;1;1;1987.0;1;1;0;0;-1; -1;-1
202400039279;203 895 614;155 712 558;A01;1;1;1;1;1997.0;0;1;0;0;-1; -1;-1
202400039279;203 895 615;155 712 559;B01;10;3;3;1;1981.0;0;0;0;0;3;3;1
202400039279;203 895 616;155 712 559;B01;1;1;1;1;1968.0;0;1;0;0;-1; -1;-1
202400039284;203 895 601;155 712 551;A01;1;1;4;1;2006.0;9;2;8;-1;-1; -1;-1
202400039290;203 895 590;155 712 542;B01;1;1;4;1;2006.0;9;2;6;-1;-1; -1;-1
202400039290;203 895 592;155 712 545;A01;1;1;1;1;1971.0;9;1;0;-1;-1; -1;-1
202400039296;203 895 570;155 712 528;B01;1;1;1;1;2004.0;5;1;-1;-1;-1; -1;-1
202400039296;203 895 571;155 712 530;A01;1;1;4;1;2003.0;5;1;-1;-1;-1; -1;-1
202400039315;203 895 518;155 712 492;A01;1;1;4;1;2003.0;5;1;8;-1;-1; -1;-1
202400039335;203 895 458;155 712 448;A01;1;1;4;1;1991.0;0;8;0;-1;-1; -1;-1
202400039335;203 895 460;155 712 451;B01;1;1;1;2;1997.0;1;1;8;-1;-1; -1;-1
202400039355;203 895 403;155 712 414;A01;1;1;3;1;2000.0;0;2;6;-1;0;0;-1
202400039368;203 895 376;155 712 392;B01;1;1;3;1;1980.0;0;2;6;-1;-1; -1;-1
202400039368;203 895 378;155 712 394;Z01;1;1;1;2;1955.0;0;8;-1;-1;-1; -1;-1
202400039371;203 895 368;155 712 386;A01;10;3;3;1;2021.0;5;0;-1;-1;3;3;2
202400039371;203 895 370;155 712 386;A01;1;1;1;1;1980.0;5;1;-1;-1;-1; -1;-1
202400039373;203 895 364;155 712 383;A01;1;1;4;1;2004.0;5;1;-1;-1;-1; -1;-1
202400039379;203 895 351;155 712 374;A01;2;2;4;1;2006.0;2;1;-1;-1;0;0;-1
202400039379;203 895 352;155 712 374;A01;1;1;4;1;1976.0;1;1;-1;-1;0;0;-1
202400039379;203 895 356;155 712 377;B01;1;1;3;1;1966.0;0;1;-1;-1;0;0;-1
202400039388;203 895 336;155 712 361;A01;1;1;3;1;1971.0;0;2;7;-1;0;0;-1
202400039388;203 895 338;155 712 362;B01;1;1;1;2;1986.0;4;1;-1;-1;0;0;-1
202400039394;203 895 326;155 712 353;A01;1;1;1;1;1971.0;4;0;-1;-1;-1; -1;-1
202400039394;203 895 327;155 712 353;A01;10;3;2;1;1995.0;5;0;-1;-1;2;3;1
202400039417;203 895 269;155 712 308;A01;10;3;3;1;2000.0;0;0;-1;-1;2;3;1
202400039417;203 895 270;155 712 308;A01;1;1;1;1;2003.0;0;1;0;-1;2;3;1
202400039419;203 895 265;155 712 305;A01;1;1;1;-1;;-1;-1;-1;-1;-1; -1;-1
202400039419;203 895 266;155 712 306;B01;1;1;4;1;1986.0;5;2;6;-1;-1; -1;-1
202400039422;203 895 255;155 712 297;A01;1;1;1;1;1999.0;5;1;-1;-1;0;0;-1
202400039422;203 895 257;155 712 299;B01;2;2;3;2;2008.0;5;2;6;-1;0;0;-1
202400039422;203 895 258;155 712 299;B01;1;1;3;1;1972.0;5;2;6;-1;0;0;-1
202400039428;203 895 245;155 712 289;A01;1;1;1;1;1945.0;5;1;8;-1;-1; -1;-1
202400039428;203 895 246;155 712 290;B01;1;1;4;1;1970.0;5;8;0;-1;-1; -1;-1
202400039432;203 895 232;155 712 279;A01;1;1;1;1;2001.0;0;1;0;-1;-1; -1;-1
202400039432;203 895 235;155 712 281;B01;1;1;3;1;1988.0;0;2;6;-1;-1; -1;-1
202400039438;203 895 221;155 712 269;A01;1;1;3;2;1962.0;5;2;6;-1;0;0;-1
202400039439;203 895 216;155 712 265;A01;1;1;1;1;2009.0;0;8;0;-1;-1; -1;-1
202400039439;203 895 219;155 712 268;B01;1;1;4;1;1973.0;1;2;5;-1;-1; -1;-1
202400039458;203 895 163;155 712 235;A01;1;1;4;1;2008.0;5;8;0;-1;-1; -1;-1
202400039464;203 895 146;155 712 222;B01;1;1;1;1;2003.0;1;1;0;-1;-1; -1;-1
202400039464;203 895 147;155 712 223;A01;1;1;4;1;1994.0;1;2;6;-1;-1; -1;-1
202400039467;203 895 139;155 712 217;A01;1;1;4;2;2008.0;0;2;5;-1;-1; -1;-1
202400039467;203 895 143;155 712 219;B01;1;1;1;2;1987.0;0;1;0;-1;-1; -1;-1
202400039480;203 895 108;155 712 196;A01;1;1;3;2;1996.0;5;1;-1;-1;0;0;-1
202400039480;203 895 109;155 712 196;A01;2;2;3;2;1979.0;5;1;-1;-1;0;0;-1
202400039482;203 895 097;155 712 193;A01;7;2;1;2;2004.0;5;1;-1;-1;0;0;-1
202400039482;203 895 100;155 712 193;A01;2;2;1;1;2005.0;5;1;-1;-1;0;0;-1
202400039482;203 895 104;155 712 193;A01;9;2;4;2;2003.0;5;1;-1;-1;0;0;-1
202400039482;203 895 106;155 712 193;A01;1;1;1;1;2005.0;5;1;-1;-1;0;0;-1
202400039492;203 895 070;155 712 176;A01;10;3;4;2;1942.0;5;0;-1;-1;2;3;1
202400039492;203 895 072;155 712 176;A01;1;1;1;1;1961.0;9;1;0;-1;-1; -1;-1
202400039494;203 895 065;155 712 173;A01;1;1;4;1;1948.0;0;1;8;-1;-1; -1;-1
202400039508;203 895 032;155 712 150;A01;1;1;1;1;1947.0;0;1;0;-1;-1; -1;-1
202400039508;203 895 035;155 712 153;B01;1;1;4;1;1980.0;0;2;6;-1;-1; -1;-1
202400039510;203 895 025;155 712 146;A01;1;1;1;1;1954.0;5;1;0;-1;-1; -1;-1
202400039510;203 895 026;155 712 146;A01;10;3;4;1;1963.0;3;0;-1;-1;3;3;1
202400039511;203 895 027;155 712 147;B01;1;1;4;1;1990.0;5;1;-1;-1;0;0;-1
202400039511;203 895 028;155 712 147;B01;9;2;2;1;2019.0;5;1;3;-1;0;0;-1
202400039511;203 895 030;155 712 147;B01;2;2;4;2;1973.0;5;1;-1;-1;0;0;-1
202400039511;203 895 036;155 712 152;A01;1;1;4;1;1993.0;3;1;-1;-1;0;0;-1
202400039528;203 894 982;155 712 119;A01;1;1;3;1;1961.0;0;2;6;-1;0;0;-1
202400039545;203 894 931;155 712 081;A01;1;1;2;1;1962.0;5;2;6;-1;0;0;-1
202400039545;203 894 935;155 712 085;B01;1;1;1;1;1957.0;0;8;-1;-1;0;0;-1
202400039548;203 894 924;155 712 074;A01;2;2;3;2;1959.0;5;2;6;-1;0;0;-1
202400039548;203 894 926;155 712 074;A01;1;1;3;1;1959.0;5;6;2;-1;0;0;-1
202400039562;203 894 893;155 712 050;A01;10;3;4;2;2001.0;5;0;-1;-1;6;1;1
202400039562;203 894 897;155 712 050;A01;1;1;1;2;2001.0;2;2;0;-1;-1; -1;-1
202400039565;203 894 882;155 712 042;A01;2;2;4;2;1984.0;5;2;-1;-1;0;0;-1
202400039565;203 894 884;155 712 042;A01;1;1;4;1;1983.0;5;2;-1;-1;0;0;-1
202400039565;203 894 886;155 712 045;B01;7;2;1;1;1999.0;5;1;-1;-1;0;0;-1
202400039565;203 894 887;155 712 045;B01;2;2;1;1;1999.0;5;1;-1;-1;0;0;-1
202400039565;203 894 889;155 712 045;B01;1;1;1;1;1999.0;5;1;-1;-1;0;0;-1
202400039565;203 894 892;155 712 049;C01;2;2;1;1;2001.0;5;1;-1;-1;0;0;-1
202400039565;203 894 894;155 712 049;C01;7;2;1;2;2001.0;5;1;-1;-1;0;0;-1
202400039565;203 894 898;155 712 049;C01;9;2;1;1;2001.0;5;1;-1;-1;0;0;-1
202400039565;203 894 899;155 712 049;C01;1;1;1;2;2002.0;5;1;-1;-1;0;0;-1
202400039577;203 894 856;155 712 024;A01;1;1;3;2;1992.0;0;1;-1;-1;0;0;-1
202400039577;203 894 860;155 712 026;B01;1;1;4;2;1996.0;0;1;-1;-1;0;0;-1
202400039584;203 894 849;155 712 017;A01;1;1;4;1;1988.0;5;1;-1;-1;0;0;-1
202400039584;203 894 853;155 712 020;B01;1;1;4;1;1982.0;5;1;-1;-1;0;0;-1
202400039596;203 894 813;155 711 990;A01;1;1;4;2;2005.0;9;1;0;-1;-1; -1;-1
202400039596;203 894 815;155 711 990;A01;2;2;4;1;1971.0;0;1;0;-1;-1; -1;-1
202400039596;203 894 818;155 711 993;B01;1;1;1;1;2005.0;4;1;0;-1;-1; -1;-1
202400039596;203 894 821;155 711 993;B01;2;2;1;1;1982.0;4;1;0;-1;-1; -1;-1
202400039601;203 894 802;155 711 984;A01;1;1;3;1;1982.0;0;0;-1;-1;0;0;-1
202400039623;203 894 751;155 711 950;A01;1;1;4;2;1964.0;9;1;-1;-1;0;0;-1
202400039629;203 894 735;155 711 941;A01;1;1;1;2;1990.0;3;1;0;-1;-1; -1;-1
202400039629;203 894 740;155 711 944;B01;1;1;4;2;2003.0;0;1;0;0;-1; -1;-1
202400039657;203 894 675;155 711 893;A01;1;1;3;2;1997.0;0;2;-1;-1;0;0;-1
202400039657;203 894 676;155 711 894;B01;1;1;1;1;1999.0;5;1;-1;-1;0;0;-1
202400039661;203 894 666;155 711 887;A01;2;2;4;2;2009.0;5;2;6;-1;0;0;-1
202400039661;203 894 668;155 711 887;A01;1;1;3;1;2009.0;5;2;6;-1;0;0;-1
202400039661;203 894 673;155 711 892;B01;1;1;4;1;1960.0;5;8;-1;-1;0;0;-1
202400039673;203 894 638;155 711 864;C01;1;1;1;1;2005.0;5;2;6;-1;0;0;-1
202400039673;203 894 642;155 711 868;B01;1;1;1;1;2005.0;5;2;6;-1;0;0;-1
202400039673;203 894 645;155 711 870;A01;1;1;3;1;1980.0;9;0;0;0;0;0;-1
202400039677;203 894 631;155 711 859;A01;1;1;1;1;1996.0;1;1;-1;-1;0;0;-1
202400039677;203 894 633;155 711 860;B01;5;2;4;1;1971.0;0;0;-1;-1;0;0;-1
202400039677;203 894 635;155 711 860;B01;1;1;3;1;1970.0;0;0;-1;-1;0;0;-1
202400039683;203 894 620;155 711 849;B01;1;1;1;1;1968.0;0;8;-1;-1;0;0;-1
202400039683;203 894 622;155 711 853;A01;1;1;3;1;1983.0;5;2;6;-1;0;0;-1
202400039691;203 894 596;155 711 830;A01;1;1;4;1;2002.0;1;2;6;-1;0;0;-1
202400039694;203 894 586;155 711 822;B01;1;1;1;-1;;-1;-1;-1;-1;-1; -1;-1
202400039694;203 894 589;155 711 824;A01;1;1;4;1;1996.0;5;2;6;9;0;0;-1
202400039718;203 894 534;155 711 783;A01;1;1;1;2;1973.0;5;1;-1;-1;0;0;-1
202400039718;203 894 535;155 711 784;B01;1;1;3;1;2003.0;0;2;6;-1;0;0;-1
202400039724;203 894 522;155 711 774;B01;1;1;3;1;1994.0;5;0;-1;-1;0;0;-1
202400039724;203 894 524;155 711 775;A01;1;1;1;1;2005.0;5;1;-1;-1;0;0;-1
202400039732;203 894 499;155 711 756;A01;1;1;2;1;1990.0;4;1;-1;-1;0;0;-1
202400039732;203 894 500;155 711 757;B01;1;1;1;1;1974.0;4;1;-1;-1;0;0;-1
202400039742;203 894 481;155 711 743;A01;1;1;1;1;1972.0;0;8;-1;-1;0;0;-1
202400039742;203 894 484;155 711 745;B01;1;1;3;1;1950.0;5;8;-1;-1;0;0;-1
202400039751;203 894 458;155 711 726;A01;1;1;3;1;1994.0;3;1;-1;-1;0;0;-1
202400039751;203 894 460;155 711 727;B01;1;1;1;1;1979.0;4;1;-1;-1;0;0;-1
202400039756;203 894 448;155 711 717;A01;1;1;4;1;2004.0;3;2;6;-1;0;0;-1
202400039770;203 894 422;155 711 694;A01;1;1;3;1;1999.0;5;2;9;-1;0;0;-1
202400039770;203 894 425;155 711 696;B01;1;1;1;2;1963.0;0;1;-1;-1;0;0;-1
202400039783;203 894 384;155 711 671;A01;1;1;2;1;1978.0;0;0;-1;-1;0;0;-1
202400039793;203 894 355;155 711 653;A01;1;1;4;1;2007.0;5;2;6;-1;0;0;-1
202400039797;203 894 350;155 711 649;A01;10;3;3;2;1939.0;3;0;-1;-1;1;2;1
202400039797;203 894 351;155 711 649;A01;1;1;1;1;1964.0;4;1;4;-1;0;0;-1
202400039801;203 894 331;155 711 638;B01;2;2;1;2;1959.0;0;1;-1;-1;-1; -1;-1
202400039801;203 894 332;155 711 638;B01;1;1;1;1;1957.0;0;1;-1;-1;-1; -1;-1
202400039801;203 894 334;155 711 640;C01;2;2;1;1;2011.0;0;1;-1;-1;-1; -1;-1
202400039801;203 894 335;155 711 640;C01;4;2;1;1;2011.0;0;1;-1;-1;-1; -1;-1
202400039801;203 894 336;155 711 640;C01;4;2;1;1;2011.0;0;1;-1;-1;-1; -1;-1
202400039801;203 894 337;155 711 640;C01;5;2;1;1;2011.0;0;1;-1;-1;-1; -1;-1
202400039801;203 894 338;155 711 640;C01;1;1;1;1;1981.0;0;1;-1;-1;-1; -1;-1
202400039801;203 894 340;155 711 641;A01;1;1;4;1;1999.0;0;2;6;-1;-1; -1;-1
202400039809;203 894 309;155 711 621;C01;2;2;4;1;1978.0;0;1;0;-1;-1; -1;-1
202400039809;203 894 311;155 711 621;C01;1;1;1;1;1970.0;0;1;0;-1;-1; -1;-1
202400039809;203 894 312;155 711 622;D01;1;1;1;2;1991.0;0;1;0;-1;-1; -1;-1
202400039809;203 894 314;155 711 624;A01;1;1;4;1;1986.0;0;1;0;-1;-1; -1;-1
202400039809;203 894 316;155 711 625;B01;3;2;4;1;2020.0;0;1;0;-1;-1; -1;-1
202400039809;203 894 317;155 711 625;B01;1;1;4;1;1991.0;0;1;0;-1;-1; -1;-1
202400039817;203 894 286;155 711 606;C01;1;1;1;1;1994.0;0;2;6;-1;-1; -1;-1
202400039817;203 894 287;155 711 607;A01;1;1;1;2;1991.0;0;1;0;-1;-1; -1;-1
202400039817;203 894 289;155 711 608;B01;1;1;4;1;1972.0;0;2;0;-1;-1; -1;-1
202400039818;203 894 285;155 711 605;B01;1;1;3;1;2010.0;5;2;0;-1;0;0;-1
202400039818;203 894 288;155 711 605;B01;2;2;3;1;2010.0;5;0;0;-1;0;0;-1
202400039818;203 894 290;155 711 609;A01;2;2;1;2;1975.0;3;1;0;-1;0;0;-1
202400039818;203 894 292;155 711 609;A01;3;2;1;2;2014.0;3;1;0;-1;0;0;-1
202400039818;203 894 293;155 711 609;A01;1;1;1;1;1975.0;3;1;0;-1;0;0;-1
202400039822;203 894 276;155 711 597;B01;1;1;4;1;1986.0;0;2;0;-1;-1; -1;-1
202400039822;203 894 277;155 711 598;A01;1;1;1;2;1966.0;0;1;0;-1;-1; -1;-1
202400039834;203 894 243;155 711 573;A01;1;1;4;1;1978.0;5;2;6;-1;-1; -1;-1
202400039854;203 894 190;155 711 541;B01;1;1;4;1;1977.0;0;2;0;-1;-1; -1;-1
202400039854;203 894 192;155 711 543;A01;1;1;1;1;2006.0;4;1;0;-1;-1; -1;-1
202400039912;203 894 037;155 711 440;A01;1;1;1;1;1966.0;9;1;-1;-1;-1; -1;-1
202400039912;203 894 041;155 711 443;B01;1;1;4;2;1978.0;9;2;6;-1;-1; -1;-1
202400039947;203 893 953;155 711 376;A01;10;3;3;1;1965.0;3;0;-1;-1;8;9;2
202400039947;203 893 955;155 711 376;A01;1;1;1;1;1948.0;3;1;0;-1;-1; -1;-1
202400039989;203 893 849;155 711 302;A01;1;1;2;1;2002.0;5;1;-1;-1;0;0;-1
202400039991;203 893 844;155 711 299;B01;2;2;4;2;1954.0;0;2;8;-1;0;0;-1
202400039991;203 893 845;155 711 299;B01;1;1;4;1;1948.0;0;2;8;-1;0;0;-1
202400039991;203 893 850;155 711 303;A01;1;1;4;2;1982.0;0;2;8;-1;0;0;-1
202400039997;203 893 831;155 711 288;A01;1;1;3;1;1958.0;0;1;-1;-1;0;0;-1
202400040010;203 893 801;155 711 265;A01;10;3;4;2;2000.0;5;0;-1;-1;2;3;1
202400040010;203 893 805;155 711 265;A01;2;2;1;2;1942.0;5;1;-1;-1;0;0;-1
202400040010;203 893 806;155 711 265;A01;1;1;1;1;1938.0;5;1;-1;-1;0;0;-1
202400040056;203 893 696;155 711 189;A01;1;1;4;1;1990.0;5;8;-1;-1;0;0;-1
202400040056;203 893 697;155 711 190;B01;1;1;1;1;1972.0;5;1;-1;-1;0;0;-1
202400040056;203 893 698;155 711 190;B01;2;2;1;2;2000.0;5;1;-1;-1;0;0;-1
202400040056;203 893 701;155 711 190;B01;6;2;1;2;1978.0;5;1;-1;-1;0;0;-1
202400040056;203 893 703;155 711 190;B01;8;2;4;2;2009.0;5;1;-1;-1;0;0;-1
202400040056;203 893 704;155 711 190;B01;7;2;1;1;2008.0;5;1;-1;-1;0;0;-1
202400040087;203 893 623;155 711 137;A01;1;1;1;1;2003.0;1;1;0;-1;-1; -1;-1
202400040087;203 893 627;155 711 139;B01;1;1;4;2;1944.0;5;1;0;-1;-1; -1;-1
202400040091;203 893 606;155 711 126;B01;1;1;3;1;2001.0;9;2;-1;-1;0;0;-1
202400040091;203 893 609;155 711 130;A01;1;1;4;1;2001.0;5;1;-1;-1;0;0;-1
202400040091;203 893 611;155 711 130;A01;6;2;4;1;2000.0;5;1;-1;-1;0;0;-1
202400040091;203 893 614;155 711 130;A01;9;2;4;2;2002.0;5;1;-1;-1;0;0;-1
202400040091;203 893 615;155 711 130;A01;8;2;4;1;2008.0;5;8;-1;-1;0;0;-1
202400040091;203 893 617;155 711 130;A01;7;2;4;2;2004.0;5;8;-1;-1;0;0;-1
202400040099;203 893 586;155 711 113;B01;1;1;1;2;;-1;-1;-1;-1;-1; -1;-1
202400040099;203 893 587;155 711 115;A01;1;1;3;2;1942.0;5;0;-1;-1;0;0;-1
202400040102;203 893 580;155 711 108;A01;1;1;1;2;1982.0;1;1;4;-1;-1; -1;-1
202400040102;203 893 583;155 711 111;B01;1;1;4;1;2003.0;5;2;0;-1;-1; -1;-1
202400040111;203 893 552;155 711 091;A01;1;1;3;2;1982.0;5;2;-1;-1;0;0;-1
202400040138;203 893 469;155 711 041;A01;1;1;4;1;1959.0;5;9;-1;-1;0;0;-1
202400040138;203 893 471;155 711 042;B01;1;1;1;1;2008.0;5;9;-1;-1;0;0;-1
202400040166;203 893 401;155 710 992;A01;10;3;4;2;2022.0;5;0;-1;-1;3;3;2
202400040166;203 893 403;155 710 992;A01;1;1;1;1;1957.0;5;8;-1;-1;-1; -1;-1
202400040178;203 893 364;155 710 969;A01;1;1;4;1;1996.0;5;2;6;-1;-1; -1;-1
202400040200;203 893 298;155 710 924;A01;1;1;1;1;1995.0;0;1;0;-1;-1; -1;-1
202400040200;203 893 303;155 710 929;B01;1;1;4;1;1997.0;9;8;0;-1;-1; -1;-1
202400040262;203 893 148;155 710 820;A01;1;1;4;1;1983.0;5;2;6;-1;0;0;-1
202400040262;203 893 151;155 710 822;B01;1;1;1;1;1984.0;5;1;4;-1;0;0;-1
202400040269;203 893 131;155 710 808;A01;2;2;1;1;2003.0;4;1;0;-1;0;0;-1
202400040269;203 893 132;155 710 808;A01;1;1;1;1;2002.0;4;1;0;-1;0;0;-1
202400040269;203 893 133;155 710 809;B01;1;1;4;1;1986.0;5;8;0;-1;0;0;-1
202400040275;203 893 114;155 710 795;A01;1;1;4;1;1968.0;5;1;0;-1;0;0;-1
202400040275;203 893 116;155 710 797;B01;2;2;1;2;1997.0;5;1;0;-1;0;0;-1
202400040275;203 893 117;155 710 797;B01;3;2;1;1;2016.0;5;1;0;-1;0;0;-1
202400040275;203 893 119;155 710 797;B01;1;1;1;1;1997.0;5;1;0;-1;0;0;-1
202400040290;203 893 072;155 710 763;B01;1;1;4;1;1990.0;5;1;0;0;-1; -1;-1
202400040290;203 893 074;155 710 765;C01;1;1;1;2;1988.0;5;1;0;0;-1; -1;-1
202400040290;203 893 075;155 710 766;D01;1;1;1;1;1997.0;5;1;0;0;-1; -1;-1
202400040290;203 893 076;155 710 767;E01;1;1;4;1;1991.0;4;1;0;0;-1; -1;-1
202400040290;203 893 077;155 710 767;E01;4;2;4;2;1947.0;5;1;0;0;-1; -1;-1
202400040290;203 893 079;155 710 767;E01;2;2;1;2;1972.0;0;1;0;0;-1; -1;-1
202400040290;203 893 080;155 710 769;A01;1;1;1;1;1998.0;5;1;0;0;-1; -1;-1
202400040291;203 893 069;155 710 761;A01;1;1;4;1;1980.0;1;1;0;0;-1; -1;-1
202400040291;203 893 070;155 710 762;C01;1;1;4;2;1987.0;9;1;0;0;-1; -1;-1
202400040291;203 893 071;155 710 762;C01;2;2;1;2;1959.0;9;1;0;0;-1; -1;-1
202400040291;203 893 073;155 710 764;B01;1;1;4;1;1950.0;1;1;0;0;-1; -1;-1
202400040292;203 893 060;155 710 757;A01;2;2;1;2;2004.0;5;2;6;0;-1; -1;-1
202400040292;203 893 062;155 710 757;A01;1;1;4;1;2000.0;3;2;6;0;-1; -1;-1
202400040292;203 893 064;155 710 759;B01;2;2;1;2;1990.0;0;1;0;0;-1; -1;-1
202400040292;203 893 066;155 710 759;B01;1;1;1;1;1983.0;5;1;0;0;-1; -1;-1
202400040303;203 893 042;155 710 742;A01;2;2;3;1;1999.0;1;1;-1;-1;0;0;-1
202400040303;203 893 043;155 710 742;A01;1;1;3;1;2000.0;1;1;-1;-1;0;0;-1
202400040304;203 893 037;155 710 741;A01;10;3;4;1;2018.0;5;0;-1;-1;2;5;1
202400040304;203 893 039;155 710 741;A01;1;1;1;1;1971.0;3;1;-1;-1;0;0;-1
202400040325;203 892 983;155 710 704;A01;1;1;4;1;1969.0;0;2;0;0;-1; -1;-1
202400040327;203 892 977;155 710 699;A01;1;1;1;1;1987.0;1;1;0;0;-1; -1;-1
202400040327;203 892 979;155 710 700;B01;1;1;4;1;1964.0;1;8;0;0;-1; -1;-1
202400040328;203 892 978;155 710 698;A01;1;1;1;1;1979.0;4;1;-1;-1;0;0;-1
202400040328;203 892 980;155 710 701;B01;1;1;3;1;1964.0;1;1;-1;-1;0;0;-1
202400040335;203 892 959;155 710 687;A01;1;1;1;2;1962.0;5;1;-1;-1;0;0;-1
202400040335;203 892 961;155 710 687;A01;2;2;1;2;1934.0;5;1;-1;-1;0;0;-1
202400040335;203 892 962;155 710 687;A01;7;2;3;2;1966.0;5;1;-1;-1;0;0;-1
202400040335;203 892 964;155 710 687;A01;8;2;1;2;1963.0;5;1;-1;-1;0;0;-1
202400040335;203 892 966;155 710 687;A01;9;2;1;2;1969.0;5;1;-1;-1;0;0;-1
202400040335;203 892 968;155 710 692;B01;1;1;1;1;1977.0;1;1;-1;-1;0;0;-1
202400040342;203 892 942;155 710 676;A01;10;3;2;1;1996.0;0;0;-1;-1;1;9;1
202400040342;203 892 943;155 710 676;A01;2;2;1;2;1997.0;5;8;-1;-1;0;0;-1
202400040342;203 892 945;155 710 676;A01;1;1;1;1;1999.0;5;8;-1;-1;0;0;-1
202400040354;203 892 913;155 710 652;A01;10;3;3;1;2002.0;3;0;-1;-1;3;3;1
202400040354;203 892 915;155 710 652;A01;1;1;1;2;1976.0;0;1;-1;-1;0;0;-1
202400040375;203 892 859;155 710 615;A01;9;2;1;1;1990.0;5;1;-1;-1;0;0;-1
202400040375;203 892 860;155 710 615;A01;2;2;1;1;1993.0;5;1;-1;-1;0;0;-1
202400040375;203 892 861;155 710 615;A01;1;1;1;1;1998.0;5;1;-1;-1;0;0;-1
202400040375;203 892 862;155 710 616;B01;2;2;1;2;2012.0;5;1;-1;-1;0;0;-1
202400040375;203 892 863;155 710 616;B01;1;1;4;1;1972.0;5;1;-1;-1;0;0;-1
202400040395;203 892 818;155 710 581;B01;1;1;3;1;1983.0;0;1;-1;-1;0;0;-1
202400040395;203 892 820;155 710 583;A01;2;1;1;1;1944.0;3;1;-1;-1;0;0;-1
202400040406;203 892 796;155 710 564;A01;10;3;4;1;2022.0;9;0;-1;-1;3;3;2
202400040406;203 892 797;155 710 564;A01;1;1;1;1;2003.0;5;8;-1;-1;0;0;-1
202400040411;203 892 789;155 710 557;A01;1;1;3;1;1992.0;5;2;0;-1;-1; -1;-1
202400040417;203 892 762;155 710 546;B01;2;2;4;2;1965.0;5;1;0;-1;0;0;-1
202400040417;203 892 764;155 710 546;B01;1;1;1;1;1945.0;5;1;0;-1;0;0;-1
202400040417;203 892 770;155 710 548;A01;1;1;1;1;2003.0;4;1;0;-1;0;0;-1
202400040423;203 892 746;155 710 535;C01;1;1;1;1;1983.0;5;1;0;-1;-1; -1;-1
202400040423;203 892 748;155 710 537;A01;1;1;1;2;1983.0;5;1;0;-1;-1; -1;-1
202400040423;203 892 749;155 710 538;B01;1;1;4;1;1968.0;5;1;0;-1;-1; -1;-1
202400040428;203 892 739;155 710 528;A01;1;1;1;1;1974.0;0;1;0;-1;-1; -1;-1
202400040428;203 892 742;155 710 531;B01;1;1;4;1;2008.0;0;2;6;-1;-1; -1;-1
202400040431;203 892 732;155 710 523;A01;1;1;1;1;1965.0;5;1;-1;-1;-1; -1;-1
202400040431;203 892 735;155 710 525;B01;1;1;4;1;1988.0;1;2;4;-1;-1; -1;-1
202400040488;203 892 599;155 710 417;A01;1;1;1;1;1978.0;5;1;8;-1;0;0;-1
202400040488;203 892 602;155 710 419;B01;1;1;4;1;1998.0;5;8;0;-1;0;0;-1
202400040489;203 892 597;155 710 415;A01;1;1;1;2;1985.0;5;8;-1;-1;0;0;-1
202400040489;203 892 600;155 710 416;B01;1;1;4;1;2007.0;5;2;6;-1;0;0;-1
202400040491;203 892 592;155 710 411;A01;1;1;3;1;1941.0;5;1;-1;-1;0;0;-1
202400040493;203 892 590;155 710 409;B01;1;1;1;1;2002.0;0;8;-1;-1;0;0;-1
202400040493;203 892 593;155 710 412;A01;1;1;4;2;1983.0;0;8;-1;-1;0;0;-1
202400040516;203 892 538;155 710 367;A01;1;1;2;1;1989.0;1;1;0;-1;-1; -1;-1
202400040516;203 892 541;155 710 370;B01;2;2;1;1;2012.0;5;1;0;-1;-1; -1;-1
202400040516;203 892 542;155 710 370;B01;1;1;1;1;1985.0;5;1;0;-1;-1; -1;-1
202400040524;203 892 523;155 710 355;A01;1;1;4;1;1999.0;0;2;6;-1;-1; -1;-1
202400040524;203 892 524;155 710 356;B01;1;1;1;1;2005.0;0;1;0;-1;-1; -1;-1
202400040526;203 892 519;155 710 351;A01;1;1;4;2;1998.0;0;1;0;-1;-1; -1;-1
202400040526;203 892 521;155 710 353;B01;1;1;4;1;1966.0;0;1;0;-1;-1; -1;-1
202400040528;203 892 510;155 710 347;B01;1;1;4;1;2009.0;5;2;6;-1;0;0;-1
202400040528;203 892 513;155 710 350;A01;1;1;1;1;1999.0;1;1;-1;-1;0;0;-1
202400040551;203 892 455;155 710 307;A01;1;1;4;1;1990.0;0;2;6;-1;-1; -1;-1
202400040551;203 892 456;155 710 307;A01;2;2;4;1;2016.0;0;2;6;-1;-1; -1;-1
202400040551;203 892 459;155 710 309;B01;1;1;1;1;1976.0;0;1;0;-1;-1; -1;-1
202400040557;203 892 437;155 710 294;A01;2;2;3;1;1991.0;5;8;-1;-1;0;0;-1
202400040557;203 892 438;155 710 294;A01;6;2;1;1;1975.0;5;0;-1;-1;0;0;-1
202400040557;203 892 439;155 710 294;A01;1;1;1;1;2003.0;5;8;-1;-1;0;0;-1
202400040568;203 892 410;155 710 275;A01;1;1;1;2;1995.0;0;1;0;-1;-1; -1;-1
202400040568;203 892 412;155 710 277;B01;1;1;4;1;2012.0;2;8;0;-1;-1; -1;-1
202400040569;203 892 405;155 710 273;A01;10;3;4;1;1970.0;9;0;-1;-1;3;3;1
202400040569;203 892 407;155 710 273;A01;1;1;1;1;1988.0;4;1;-1;-1;-1; -1;-1
202400040572;203 892 398;155 710 267;A01;1;1;3;2;2007.0;5;2;6;-1;0;0;-1
202400040572;203 892 401;155 710 269;B01;1;1;1;1;1988.0;1;1;-1;-1;0;0;-1
202400040578;203 892 388;155 710 259;A01;1;1;1;1;1979.0;4;1;-1;-1;0;0;-1
202400040578;203 892 389;155 710 259;A01;10;3;3;1;1936.0;3;0;-1;-1;2;3;1
202400040593;203 892 356;155 710 234;A01;1;1;3;1;1953.0;5;2;6;-1;0;0;-1
202400040605;203 892 329;155 710 214;A01;1;1;4;1;1994.0;1;8;0;-1;-1; -1;-1
202400040606;203 892 323;155 710 210;A01;1;1;1;1;2005.0;5;1;-1;-1;0;0;-1
202400040606;203 892 326;155 710 213;B01;2;2;3;1;1994.0;5;1;-1;-1;0;0;-1
202400040606;203 892 327;155 710 213;B01;9;2;3;2;1994.0;5;1;-1;-1;0;0;-1
202400040606;203 892 328;155 710 213;B01;8;2;2;2;1997.0;5;1;-1;-1;0;0;-1
202400040606;203 892 330;155 710 213;B01;7;2;2;1;1996.0;5;1;-1;-1;0;0;-1
202400040606;203 892 331;155 710 213;B01;1;1;3;1;1993.0;5;1;-1;-1;0;0;-1
202400040606;203 892 333;155 710 216;C01;1;1;3;2;2002.0;5;1;-1;-1;0;0;-1
202400040608;203 892 320;155 710 208;A01;1;1;1;1;2008.0;5;1;8;-1;-1; -1;-1
202400040608;203 892 324;155 710 211;B01;1;1;4;2;2001.0;5;1;8;-1;-1; -1;-1
202400040624;203 892 283;155 710 181;B01;1;1;1;2;1960.0;0;1;0;-1;-1; -1;-1
202400040624;203 892 287;155 710 183;A01;1;1;3;1;1974.0;0;2;0;-1;-1; -1;-1
202400040659;203 892 203;155 710 116;A01;1;1;4;1;2001.0;0;1;0;-1;-1; -1;-1
202400040664;203 892 194;155 710 107;B01;1;1;1;1;1945.0;9;1;0;-1;0;0;-1
202400040664;203 892 195;155 710 108;A01;1;1;4;2;1996.0;0;2;0;-1;0;0;-1
202400040669;203 892 183;155 710 097;A01;1;1;4;1;1974.0;5;8;0;-1;-1; -1;-1
202400040669;203 892 184;155 710 098;B01;1;1;4;1;2007.0;5;8;0;-1;-1; -1;-1
202400040676;203 892 168;155 710 085;A01;1;1;4;1;2003.0;0;8;0;-1;-1; -1;-1
202400040676;203 892 169;155 710 086;B01;1;1;1;1;2003.0;5;1;0;-1;-1; -1;-1
202400040682;203 892 155;155 710 074;A01;1;1;1;1;;0;8;8;8;-1; -1;-1
202400040682;203 892 156;155 710 074;A01;10;3;4;2;1949.0;9;0;0;0;4;3;1
202400040686;203 892 147;155 710 068;A01;1;1;1;2;1987.0;5;1;0;0;-1; -1;-1
202400040686;203 892 148;155 710 068;A01;10;3;4;1;1987.0;5;0;0;0;1;3;1
202400040706;203 892 105;155 710 040;A01;1;1;1;1;2003.0;0;1;0;0;-1; -1;-1
202400040706;203 892 106;155 710 041;B01;2;2;4;1;1997.0;0;2;6;0;-1; -1;-1
202400040706;203 892 108;155 710 041;B01;1;1;4;1;1997.0;0;2;6;0;-1; -1;-1
202400040713;203 892 085;155 710 027;A01;10;3;4;2;1998.0;5;0;0;0;3;3;1
202400040713;203 892 086;155 710 027;A01;1;1;1;1;1968.0;1;1;0;0;0;0;-1
202400040738;203 892 030;155 709 983;A01;1;1;3;1;1946.0;0;8;-1;-1;0;0;-1
202400040738;203 892 032;155 709 985;B01;1;1;4;1;2003.0;4;8;-1;-1;0;0;-1
202400040745;203 892 016;155 709 973;A01;1;1;2;1;1974.0;9;2;-1;-1;0;0;-1
202400040763;203 891 975;155 709 943;A01;1;1;4;1;1956.0;5;2;-1;-1;0;0;-1
202400040781;203 891 928;155 709 907;B01;9;2;4;1;2015.0;1;1;-1;-1;0;0;-1
202400040781;203 891 930;155 709 907;B01;1;1;4;1;1975.0;1;1;-1;-1;0;0;-1
202400040781;203 891 931;155 709 909;C01;1;1;1;1;1979.0;5;1;-1;-1;0;0;-1
202400040781;203 891 932;155 709 910;A01;2;2;1;1;1995.0;1;1;-1;-1;0;0;-1
202400040781;203 891 934;155 709 910;A01;1;1;1;1;1981.0;1;1;-1;-1;0;0;-1
202400040782;203 891 927;155 709 906;A01;1;1;4;2;1981.0;4;1;-1;-1;0;0;-1
202400040782;203 891 929;155 709 908;B01;1;1;4;1;1976.0;4;1;-1;-1;0;0;-1
202400040794;203 891 894;155 709 884;B01;1;1;1;1;1970.0;4;1;-1;-1;0;0;-1
202400040794;203 891 896;155 709 886;A01;2;2;3;2;2000.0;5;1;-1;-1;0;0;-1
202400040794;203 891 897;155 709 886;A01;1;1;4;2;1970.0;5;1;-1;-1;0;0;-1
202400040805;203 891 873;155 709 865;B01;1;1;2;1;1944.0;5;2;-1;-1;0;0;-1
202400040805;203 891 874;155 709 866;A01;1;1;4;1;1979.0;5;2;6;-1;0;0;-1
202400040826;203 891 809;155 709 824;A01;1;1;4;2;2002.0;0;8;-1;-1;0;0;-1
202400040837;203 891 780;155 709 805;A01;1;1;4;2;1942.0;5;1;0;-1;-1; -1;-1
202400040838;203 891 778;155 709 803;A01;1;1;1;-1;;-1;-1;-1;-1;-1; -1;-1
202400040838;203 891 779;155 709 804;B01;1;1;4;2;2004.0;0;8;0;-1;-1; -1;-1
202400040849;203 891 751;155 709 784;A01;10;3;4;2;1967.0;1;0;-1;-1;2;3;1
202400040849;203 891 752;155 709 784;A01;1;1;1;1;1983.0;0;8;-1;-1;2;3;1
202400040860;203 891 724;155 709 763;A01;1;1;4;2;1994.0;1;1;8;-1;-1; -1;-1
202400040860;203 891 725;155 709 764;B01;1;1;4;1;1968.0;4;1;8;-1;-1; -1;-1
202400040900;203 891 641;155 709 697;B01;1;1;4;2;1993.0;1;2;4;9;0;0;-1
202400040900;203 891 643;155 709 699;A01;1;1;1;2;1947.0;5;1;-1;-1;0;0;-1
202400040905;203 891 628;155 709 689;A01;1;1;3;1;1989.0;1;1;-1;-1;0;0;-1
202400040905;203 891 629;155 709 690;B01;1;1;4;1;2002.0;1;1;-1;-1;0;0;-1
202400040906;203 891 625;155 709 688;A01;3;2;1;2;2022.0;5;3;-1;-1;0;0;-1
202400040906;203 891 626;155 709 688;A01;10;3;3;1;1929.0;5;0;-1;-1;5;9;1
202400040906;203 891 627;155 709 688;A01;1;1;1;2;1991.0;5;1;-1;-1;0;0;-1
202400040921;203 891 574;155 709 659;A01;3;2;3;2;1955.0;5;1;-1;-1;0;0;-1
202400040921;203 891 576;155 709 659;A01;4;2;3;2;1951.0;5;1;-1;-1;0;0;-1
202400040921;203 891 578;155 709 659;A01;2;2;1;1;1950.0;5;1;-1;-1;0;0;-1
202400040921;203 891 579;155 709 659;A01;1;1;1;1;1949.0;5;1;-1;-1;0;0;-1
202400040925;203 891 565;155 709 652;A01;1;1;3;1;1964.0;5;8;-1;-1;0;0;-1
202400040947;203 891 518;155 709 620;A01;10;3;3;2;1939.0;0;0;-1;-1;5;1;1
202400040947;203 891 522;155 709 620;A01;1;1;1;2;1940.0;9;1;0;-1;-1; -1;-1
202400040953;203 891 501;155 709 609;A01;1;1;1;1;1996.0;1;0;-1;-1;-1; -1;-1
202400040953;203 891 504;155 709 610;B01;1;1;4;2;1965.0;1;8;-1;-1;-1; -1;-1
202400040974;203 891 452;155 709 575;A01;1;1;3;1;1974.0;0;2;6;-1;-1; -1;-1
202400040983;203 891 419;155 709 551;A01;1;1;3;2;1986.0;0;1;-1;-1;0;0;-1
202400040983;203 891 420;155 709 553;B01;1;1;1;1;1972.0;4;1;-1;-1;0;0;-1
202400040987;203 891 412;155 709 546;A01;1;1;4;1;2001.0;5;1;-1;-1;-1; -1;-1
202400040989;203 891 401;155 709 536;C01;1;1;4;1;1992.0;5;1;-1;-1;-1; -1;-1
202400040989;203 891 404;155 709 539;A01;1;1;1;1;1998.0;5;1;-1;-1;-1; -1;-1
202400040989;203 891 406;155 709 541;B01;3;2;1;1;2024.0;5;8;-1;-1;-1; -1;-1
202400040989;203 891 408;155 709 541;B01;1;1;1;1;1986.0;5;1;-1;-1;-1; -1;-1
202400040994;203 891 387;155 709 522;B01;1;1;1;1;2003.0;4;1;-1;-1;-1; -1;-1
202400040994;203 891 389;155 709 524;A01;1;1;4;1;1955.0;5;2;6;-1;-1; -1;-1
202400041010;203 891 347;155 709 491;A01;1;1;1;1;1998.0;1;1;-1;-1;-1; -1;-1
202400041010;203 891 351;155 709 494;B01;1;1;4;1;1990.0;1;1;-1;-1;-1; -1;-1
202400041023;203 891 299;155 709 459;B01;2;2;1;2;2006.0;5;1;8;-1;-1; -1;-1
202400041023;203 891 301;155 709 459;B01;1;1;4;2;1979.0;5;1;8;-1;-1; -1;-1
202400041023;203 891 308;155 709 463;A01;1;1;1;1;1989.0;4;1;8;-1;-1; -1;-1
202400041055;203 891 226;155 709 400;A01;1;1;4;1;2000.0;1;2;6;0;-1; -1;-1
202400041055;203 891 228;155 709 402;B01;1;1;1;1;2000.0;1;1;0;0;-1; -1;-1
202400041075;203 891 186;155 709 365;A01;1;1;1;2;1975.0;0;8;-1;-1;-1; -1;-1
202400041075;203 891 187;155 709 367;B01;1;1;4;1;1985.0;0;2;-1;-1;-1; -1;-1
202400041084;203 891 163;155 709 348;B01;1;1;4;2;2001.0;9;1;0;-1;-1; -1;-1
202400041084;203 891 166;155 709 351;C01;1;1;1;1;1980.0;1;1;4;-1;-1; -1;-1
202400041084;203 891 169;155 709 353;A01;1;1;1;2;1979.0;5;1;4;-1;-1; -1;-1
202400041085;203 891 161;155 709 347;A01;2;2;4;2;2000.0;5;1;8;-1;0;0;-1
202400041085;203 891 162;155 709 347;A01;1;1;4;2;2001.0;5;1;0;-1;0;0;-1
202400041085;203 891 164;155 709 349;Z01;1;1;1;-1;;-1;-1;-1;-1;-1; -1;-1
202400041086;203 891 156;155 709 344;A01;10;3;4;2;2011.0;2;0;-1;-1;2;3;1
202400041086;203 891 158;155 709 344;A01;1;1;1;1;1987.0;4;1;0;-1;-1; -1;-1
202400041111;203 891 101;155 709 305;A01;1;1;4;1;1990.0;5;8;0;-1;-1; -1;-1
202400041117;203 891 085;155 709 291;Z01;1;1;1;-1;;-1;-1;-1;-1;-1; -1;-1
202400041117;203 891 087;155 709 294;B01;1;1;4;1;1992.0;9;2;6;-1;-1; -1;-1
202400041147;203 891 017;155 709 243;B01;1;1;4;1;1999.0;0;1;0;-1;-1; -1;-1
202400041147;203 891 019;155 709 245;A01;1;1;1;1;2003.0;0;1;0;-1;-1; -1;-1
202400041147;203 891 022;155 709 247;C01;1;1;1;2;1994.0;0;1;0;-1;-1; -1;-1
202400041156;203 890 999;155 709 231;A01;10;3;3;1;1972.0;0;0;0;0;3;3;1
202400041156;203 891 000;155 709 231;A01;1;1;1;1;1994.0;5;1;0;0;-1; -1;-1
202400041157;203 890 994;155 709 227;A01;1;1;1;1;1991.0;1;1;-1;-1;-1; -1;-1
202400041157;203 890 997;155 709 229;B01;1;1;3;1;1965.0;0;0;-1;-1;-1; -1;-1
202400041160;203 890 988;155 709 221;A01;1;1;1;1;1994.0;0;1;-1;-1;-1; -1;-1
202400041160;203 890 991;155 709 224;B01;1;1;4;1;2004.0;9;2;-1;-1;-1; -1;-1
202400041187;203 890 936;155 709 181;A01;1;1;1;1;1976.0;4;1;0;0;-1; -1;-1
202400041187;203 890 939;155 709 185;B01;1;1;4;1;1995.0;0;2;6;0;-1; -1;-1
202400041189;203 890 934;155 709 180;B01;1;1;4;2;1969.0;1;1;0;-1;-1; -1;-1
202400041189;203 890 937;155 709 183;A01;1;1;1;-1;;-1;-1;-1;-1;-1; -1;-1
202400041192;203 890 927;155 709 174;A01;10;3;4;2;1956.0;9;0;0;0;4;3;1
202400041192;203 890 930;155 709 174;A01;1;1;1;1;1939.0;9;1;0;0;-1; -1;-1
202400041194;203 890 923;155 709 172;A01;1;1;1;1;1957.0;0;1;0;0;-1; -1;-1
202400041194;203 890 925;155 709 172;A01;10;3;4;1;2006.0;2;0;0;0;4;3;1
202400041196;203 890 918;155 709 168;A01;1;1;3;2;1976.0;1;2;4;0;-1; -1;-1
202400041196;203 890 920;155 709 170;B01;1;1;1;1;1981.0;5;1;0;0;-1; -1;-1
202400041202;203 890 908;155 709 159;A01;1;1;1;1;1987.0;4;1;0;0;-1; -1;-1
202400041202;203 890 909;155 709 159;A01;10;3;2;2;1971.0;0;0;0;0;4;3;1
202400041209;203 890 892;155 709 148;A01;1;1;1;1;1984.0;1;2;8;0;-1; -1;-1
202400041209;203 890 893;155 709 148;A01;10;3;3;2;2021.0;5;0;0;0;4;3;2
202400041219;203 890 865;155 709 135;B01;3;2;4;2;2017.0;5;1;8;-1;0;0;-1
202400041219;203 890 867;155 709 135;B01;2;2;4;2;1968.0;5;1;0;-1;0;0;-1
202400041219;203 890 869;155 709 135;B01;4;2;4;1;1991.0;5;1;0;-1;0;0;-1
202400041219;203 890 872;155 709 135;B01;1;1;4;1;1967.0;5;1;0;-1;0;0;-1
202400041219;203 890 876;155 709 139;A01;2;2;1;1;2001.0;4;1;0;-1;0;0;-1
202400041219;203 890 879;155 709 139;A01;1;1;1;1;1997.0;4;1;4;-1;0;0;-1
202400041255;203 890 777;155 709 068;B01;1;1;4;1;2007.0;9;2;6;-1;-1; -1;-1
202400041255;203 890 788;155 709 070;A01;1;1;1;2;1951.0;9;1;0;-1;-1; -1;-1
202400041291;203 890 699;155 709 011;A01;1;1;4;1;1959.0;5;8;0;-1;0;0;-1
202400041325;203 890 624;155 708 953;A01;1;1;1;2;1993.0;0;1;-1;-1;0;0;-1
202400041325;203 890 627;155 708 957;B01;2;2;3;2;2006.0;5;2;-1;-1;0;0;-1
202400041325;203 890 630;155 708 957;B01;1;1;3;2;2006.0;5;2;-1;-1;0;0;-1
202400041328;203 890 615;155 708 947;A01;2;2;1;1;1998.0;9;2;0;0;-1; -1;-1
202400041328;203 890 618;155 708 947;A01;1;1;1;1;2003.0;9;2;0;0;-1; -1;-1
202400041328;203 890 620;155 708 949;B01;1;1;4;1;1986.0;0;2;0;0;-1; -1;-1
202400041337;203 890 588;155 708 928;B01;1;1;4;2;2000.0;1;1;0;0;-1; -1;-1
202400041337;203 890 593;155 708 931;A01;1;1;1;1;1981.0;0;1;0;0;-1; -1;-1
202400041346;203 890 573;155 708 914;A01;2;2;4;1;1997.0;4;0;-1;-1;0;0;-1
202400041346;203 890 574;155 708 914;A01;1;1;1;1;1995.0;4;1;-1;-1;0;0;-1
202400041353;203 890 556;155 708 903;A01;1;1;4;1;1984.0;4;1;-1;-1;0;0;-1
202400041368;203 890 519;155 708 876;A01;1;1;1;1;1992.0;5;8;-1;-1;0;0;-1
202400041368;203 890 522;155 708 879;B01;4;2;4;2;1963.0;5;1;-1;-1;0;0;-1
202400041368;203 890 523;155 708 879;B01;2;2;1;1;1978.0;5;1;-1;-1;0;0;-1
202400041368;203 890 526;155 708 879;B01;1;1;1;2;1984.0;5;1;-1;-1;0;0;-1
202400041369;203 890 518;155 708 875;B01;1;1;4;1;2013.0;5;8;0;-1;-1; -1;-1
202400041369;203 890 520;155 708 877;A01;1;1;1;1;1998.0;4;1;0;-1;-1; -1;-1
202400041375;203 890 506;155 708 866;A01;1;1;3;1;1999.0;5;2;7;-1;0;0;-1
202400041375;203 890 507;155 708 867;B01;1;1;4;1;1997.0;5;2;7;-1;0;0;-1
202400041378;203 890 497;155 708 860;A01;10;3;1;1;1935.0;5;0;-1;-1;5;9;2
202400041378;203 890 498;155 708 860;A01;10;3;4;2;1941.0;5;0;-1;-1;5;9;2
202400041378;203 890 500;155 708 860;A01;1;1;1;1;1957.0;1;2;6;-1;-1; -1;-1
202400041387;203 890 479;155 708 846;A01;1;1;4;1;1965.0;5;2;6;-1;0;0;-1
202400041410;203 890 424;155 708 808;A01;1;1;4;1;1951.0;0;2;6;-1;0;0;-1
202400041415;203 890 419;155 708 803;A01;1;1;1;1;1986.0;1;1;-1;-1;0;0;-1
202400041415;203 890 432;155 708 814;B01;1;1;2;1;1981.0;5;2;6;9;0;0;-1
202400041461;203 890 312;155 708 714;A01;1;1;1;1;1955.0;5;1;-1;-1;0;0;-1
202400041461;203 890 314;155 708 719;B01;1;1;3;1;1951.0;5;2;-1;-1;0;0;-1
202400041464;203 890 302;155 708 707;A01;1;1;4;1;1985.0;4;2;6;0;-1; -1;-1
202400041464;203 890 304;155 708 709;B01;1;1;1;1;1991.0;1;1;0;0;-1; -1;-1
202400041467;203 890 297;155 708 703;B01;1;1;1;1;1969.0;1;1;-1;-1;0;0;-1
202400041467;203 890 300;155 708 706;A01;2;2;3;2;1994.0;0;2;-1;-1;0;0;-1
202400041467;203 890 301;155 708 706;A01;1;1;4;1;1990.0;0;2;-1;-1;0;0;-1
202400041469;203 890 291;155 708 698;A01;1;1;4;1;1981.0;1;1;8;-1;0;0;-1
202400041488;203 890 242;155 708 663;A01;1;1;4;2;1988.0;4;1;-1;-1;0;0;-1
202400041488;203 890 244;155 708 665;B01;1;1;1;1;2003.0;5;8;-1;-1;0;0;-1
202400041503;203 890 196;155 708 635;A01;1;1;4;1;1980.0;1;1;8;-1;0;0;-1
202400041508;203 890 184;155 708 627;A01;2;2;1;1;2001.0;5;1;-1;-1;0;0;-1
202400041508;203 890 189;155 708 627;A01;3;2;1;2;2004.0;5;1;-1;-1;0;0;-1
202400041508;203 890 190;155 708 627;A01;1;1;1;1;2002.0;5;1;-1;-1;0;0;-1
202400041508;203 890 193;155 708 627;A01;4;2;1;2;2003.0;5;1;-1;-1;0;0;-1
202400041508;203 890 197;155 708 636;B01;2;2;4;2;1936.0;5;1;-1;-1;0;0;-1
202400041508;203 890 198;155 708 636;B01;1;1;4;2;1963.0;5;1;-1;-1;0;0;-1
202400041515;203 890 166;155 708 615;A01;1;1;3;1;1980.0;0;8;-1;-1;0;0;-1
202400041519;203 890 153;155 708 609;A01;1;1;1;1;2001.0;4;8;-1;-1;0;0;-1
202400041519;203 890 154;155 708 609;A01;10;3;3;2;1946.0;0;0;-1;-1;1;2;1
202400041529;203 890 126;155 708 593;B01;1;1;4;1;2011.0;5;2;-1;-1;0;0;-1
202400041529;203 890 130;155 708 595;A01;1;1;1;1;1960.0;4;1;-1;-1;0;0;-1
202400041532;203 890 120;155 708 589;A01;1;1;3;1;2004.0;1;8;-1;-1;0;0;-1
202400041534;203 890 119;155 708 587;A01;1;1;4;1;2005.0;5;8;-1;-1;0;0;-1
202400041541;203 890 093;155 708 572;A01;3;2;3;2;2012.0;5;1;-1;-1;0;0;-1
202400041541;203 890 095;155 708 572;A01;2;2;1;2;1963.0;5;1;-1;-1;0;0;-1
202400041541;203 890 097;155 708 572;A01;1;1;3;1;1986.0;5;1;-1;-1;0;0;-1
202400041541;203 890 100;155 708 576;B01;1;1;4;1;1977.0;4;1;-1;-1;0;0;-1
202400041541;203 890 102;155 708 578;C01;3;2;2;1;2022.0;1;3;-1;-1;0;0;-1
202400041541;203 890 105;155 708 578;C01;1;1;2;2;1993.0;1;1;-1;-1;0;0;-1
202400041562;203 890 064;155 708 545;A01;2;2;3;1;2004.0;5;8;-1;-1;0;0;-1
202400041562;203 890 070;155 708 545;A01;1;1;1;-1;;-1;-1;-1;-1;-1; -1;-1
202400041563;203 890 055;155 708 538;A01;1;1;4;1;1994.0;1;1;5;-1;-1; -1;-1
202400041563;203 890 056;155 708 540;B01;1;1;1;-1;;-1;-1;-1;-1;-1; -1;-1
202400041570;203 890 038;155 708 527;A01;10;3;4;2;1992.0;3;0;-1;-1;3;3;1
202400041570;203 890 041;155 708 527;A01;3;2;1;1;2019.0;5;1;0;-1;-1; -1;-1
202400041570;203 890 042;155 708 527;A01;1;1;1;2;1989.0;5;1;0;-1;-1; -1;-1
202400041582;203 890 012;155 708 506;A01;1;1;4;2;1973.0;5;1;0;-1;0;0;-1
202400041597;203 889 935;155 708 473;A01;10;3;1;2;1971.0;5;0;-1;-1;6;9;2
202400041597;203 889 939;155 708 473;A01;10;3;4;1;1977.0;5;0;-1;-1;6;9;2
202400041597;203 889 943;155 708 473;A01;1;1;1;1;1999.0;0;8;0;-1;-1; -1;-1
202400041598;203 889 929;155 708 472;A01;1;1;4;1;1996.0;9;2;6;-1;0;0;-1
202400041615;203 889 874;155 708 436;A01;2;2;1;2;2006.0;5;1;-1;-1;0;0;-1
202400041615;203 889 877;155 708 436;A01;1;1;4;1;2005.0;5;1;-1;-1;0;0;-1
202400041618;203 889 870;155 708 433;A01;2;2;4;2;1997.0;0;1;0;0;-1; -1;-1
202400041618;203 889 871;155 708 433;A01;1;1;1;2;1999.0;0;1;0;0;-1; -1;-1
202400041618;203 889 875;155 708 438;B01;1;1;1;1;2001.0;0;1;0;0;-1; -1;-1
202400041618;203 889 879;155 708 440;C01;1;1;1;1;1997.0;0;1;0;0;-1; -1;-1
202400041620;203 889 863;155 708 427;B01;1;1;1;1;1994.0;5;1;-1;-1;0;0;-1
202400041620;203 889 867;155 708 431;A01;1;1;3;1;2007.0;5;2;-1;-1;0;0;-1
202400041652;203 889 796;155 708 372;A01;1;1;3;1;2011.0;5;2;0;-1;-1; -1;-1
202400041666;203 889 756;155 708 344;B01;2;2;2;2;1954.0;5;1;-1;-1;0;0;-1
202400041666;203 889 757;155 708 344;B01;4;2;3;2;1957.0;5;1;-1;-1;0;0;-1
202400041666;203 889 759;155 708 344;B01;1;1;3;1;1954.0;5;1;-1;-1;0;0;-1
202400041666;203 889 765;155 708 349;A01;1;1;4;2;2005.0;5;1;-1;-1;0;0;-1
202400041666;203 889 768;155 708 351;C01;3;2;1;2;2010.0;5;1;-1;-1;0;0;-1
202400041666;203 889 772;155 708 351;C01;2;2;1;1;1970.0;5;1;-1;-1;0;0;-1
202400041666;203 889 774;155 708 351;C01;4;2;1;1;2008.0;5;1;-1;-1;0;0;-1
202400041666;203 889 776;155 708 351;C01;1;1;1;2;1989.0;5;1;-1;-1;0;0;-1
202400041667;203 889 750;155 708 339;B01;1;1;4;1;1996.0;5;1;0;-1;0;0;-1
202400041667;203 889 752;155 708 341;C01;1;1;1;1;2002.0;4;1;0;-1;0;0;-1
202400041667;203 889 753;155 708 343;A01;1;1;1;1;2004.0;5;1;0;-1;0;0;-1
202400041667;203 889 755;155 708 343;A01;2;2;1;2;2003.0;5;1;0;-1;0;0;-1
202400041684;203 889 708;155 708 309;A01;1;1;1;1;1959.0;5;1;0;-1;-1; -1;-1
202400041684;203 889 710;155 708 311;B01;1;1;4;1;1995.0;5;0;-1;-1;2;1;1
202400041688;203 889 698;155 708 300;A01;1;1;4;1;1965.0;1;2;8;0;-1; -1;-1
202400041688;203 889 701;155 708 302;B01;1;1;1;1;1981.0;4;1;0;0;-1; -1;-1
202400041699;203 889 675;155 708 280;A01;1;1;4;1;1971.0;0;2;6;-1;0;0;-1
202400041699;203 889 679;155 708 283;B01;1;1;1;1;1966.0;0;1;-1;-1;0;0;-1
202400041701;203 889 668;155 708 276;A01;2;2;4;1;2004.0;5;1;-1;-1;0;0;-1
202400041701;203 889 670;155 708 276;A01;3;2;4;2;2004.0;5;1;-1;-1;0;0;-1
202400041701;203 889 671;155 708 276;A01;4;2;3;2;2002.0;5;0;-1;-1;0;0;-1
202400041701;203 889 672;155 708 276;A01;1;1;4;1;2002.0;5;1;-1;-1;0;0;-1
202400041719;203 889 622;155 708 242;A01;1;1;1;2;2002.0;0;1;-1;-1;0;0;-1
202400041719;203 889 623;155 708 243;B01;1;1;3;1;1963.0;0;2;6;-1;0;0;-1
202400041724;203 889 612;155 708 235;A01;1;1;3;1;1968.0;3;2;6;9;0;0;-1
202400041726;203 889 608;155 708 230;A01;1;1;4;1;1994.0;0;2;8;-1;-1; -1;-1
202400041726;203 889 611;155 708 233;B01;1;1;1;1;1979.0;0;1;8;-1;-1; -1;-1
202400041732;203 889 600;155 708 224;A01;1;1;1;2;1983.0;5;8;0;-1;4;3;1
202400041732;203 889 603;155 708 224;A01;10;3;4;1;1934.0;5;0;-1;-1;2;3;1
202400041747;203 889 561;155 708 195;A01;1;1;3;2;1961.0;0;8;0;0;-1; -1;-1
202400041747;203 889 562;155 708 196;B01;1;1;3;1;1968.0;0;8;0;0;-1; -1;-1
202400041747;203 889 564;155 708 198;C01;1;1;1;1;1970.0;0;8;0;0;-1; -1;-1
202400041749;203 889 557;155 708 192;A01;1;1;4;1;1990.0;5;1;0;0;-1; -1;-1
202400041755;203 889 543;155 708 182;B01;1;1;3;1;1995.0;9;2;6;-1;-1; -1;-1
202400041755;203 889 545;155 708 183;A01;1;1;1;1;1989.0;0;1;-1;-1;-1; -1;-1
202400041765;203 889 527;155 708 170;B01;1;1;4;1;1967.0;5;2;6;-1;0;0;-1
202400041765;203 889 529;155 708 172;A01;1;1;4;1;1997.0;5;2;9;-1;0;0;-1
202400041775;203 889 499;155 708 151;B01;1;1;4;2;1967.0;1;8;-1;-1;0;0;-1
202400041775;203 889 501;155 708 153;A01;2;2;1;2;2001.0;5;8;-1;-1;0;0;-1
202400041775;203 889 503;155 708 153;A01;1;1;1;2;1970.0;5;8;-1;-1;0;0;-1
202400041806;203 889 417;155 708 098;A01;1;1;3;1;1991.0;0;2;6;-1;0;0;-1
202400041806;203 889 419;155 708 099;B01;1;1;1;1;2005.0;0;1;-1;-1;0;0;-1
202400041819;203 889 376;155 708 074;A01;1;1;1;1;1981.0;0;1;0;-1;-1; -1;-1
202400041819;203 889 379;155 708 076;B01;1;1;4;2;1974.0;0;1;0;-1;-1; -1;-1
202400041819;203 889 384;155 708 078;C01;5;2;1;1;1995.0;5;1;8;-1;-1; -1;-1
202400041819;203 889 386;155 708 078;C01;1;1;1;1;1978.0;5;1;0;-1;-1; -1;-1
202400041819;203 889 387;155 708 078;C01;2;2;4;2;1988.0;5;1;8;-1;-1; -1;-1
202400041819;203 889 388;155 708 078;C01;4;2;1;1;2010.0;5;1;8;-1;-1; -1;-1
202400041819;203 889 389;155 708 078;C01;7;2;1;2;1997.0;5;1;8;-1;-1; -1;-1
202400041819;203 889 392;155 708 078;C01;3;2;4;1;2010.0;5;1;8;-1;-1; -1;-1
202400041823;203 889 369;155 708 069;A01;1;1;1;1;1938.0;9;1;0;-1;-1; -1;-1
202400041823;203 889 372;155 708 070;B01;1;1;4;1;1972.0;5;1;0;-1;-1; -1;-1
202400041824;203 889 367;155 708 067;A01;1;1;4;2;2009.0;5;2;6;-1;0;0;-1
202400041826;203 889 360;155 708 062;B01;1;1;1;1;2002.0;4;1;-1;-1;0;0;-1
202400041826;203 889 362;155 708 063;C01;2;2;1;1;1964.0;0;1;-1;-1;0;0;-1
202400041826;203 889 364;155 708 063;C01;1;1;4;1;1974.0;0;1;-1;-1;0;0;-1
202400041826;203 889 366;155 708 066;A01;1;1;1;1;1983.0;4;1;-1;-1;0;0;-1
202400041850;203 889 311;155 708 023;B01;1;1;4;2;1954.0;9;8;0;-1;0;0;-1
202400041850;203 889 314;155 708 024;A01;1;1;1;1;1996.0;9;8;0;-1;0;0;-1
202400041861;203 889 279;155 707 999;A01;1;1;1;2;1991.0;5;1;-1;-1;0;0;-1
202400041861;203 889 280;155 708 000;B01;1;1;4;1;2003.0;5;0;-1;-1;0;0;-1
202400041881;203 889 244;155 707 970;A01;1;1;4;2;1972.0;5;1;8;-1;-1; -1;-1
202400041883;203 889 240;155 707 967;A01;2;2;4;2;1995.0;5;1;8;-1;-1; -1;-1
202400041883;203 889 241;155 707 967;A01;1;1;3;1;2000.0;5;8;0;-1;-1; -1;-1
202400041884;203 889 239;155 707 966;B01;1;1;4;1;1988.0;1;2;6;0;-1; -1;-1
202400041884;203 889 242;155 707 968;A01;1;1;1;2;1984.0;1;1;0;0;-1; -1;-1
202400041893;203 889 220;155 707 950;B01;1;1;4;1;1972.0;0;1;0;0;-1; -1;-1
202400041893;203 889 221;155 707 950;B01;2;2;4;2;1971.0;0;1;0;0;-1; -1;-1
202400041893;203 889 222;155 707 950;B01;3;2;4;2;2018.0;0;1;0;0;-1; -1;-1
202400041893;203 889 226;155 707 954;A01;1;1;4;1;1994.0;0;1;0;0;-1; -1;-1
202400041894;203 889 217;155 707 948;A01;1;1;3;1;1995.0;5;9;-1;-1;0;0;-1
202400041916;203 889 169;155 707 913;A01;1;1;1;1;1967.0;1;1;0;0;-1; -1;-1
202400041916;203 889 171;155 707 915;B01;1;1;4;1;1973.0;1;1;0;0;-1; -1;-1
202400041924;203 889 148;155 707 899;A01;1;1;4;1;1991.0;0;8;0;-1;0;0;-1
202400041928;203 889 142;155 707 895;A01;1;1;2;1;1972.0;5;2;0;-1;-1; -1;-1
202400041940;203 889 113;155 707 872;A01;1;1;3;1;1998.0;0;1;0;-1;-1; -1;-1
202400041940;203 889 114;155 707 874;B01;2;2;4;2;1950.0;0;1;0;-1;-1; -1;-1
202400041940;203 889 115;155 707 874;B01;1;1;4;1;1945.0;0;1;0;-1;-1; -1;-1
202400041948;203 889 094;155 707 857;A01;3;2;1;1;2006.0;5;1;0;-1;-1; -1;-1
202400041948;203 889 095;155 707 857;A01;1;1;1;1;2006.0;5;1;0;-1;-1; -1;-1
202400041948;203 889 099;155 707 861;B01;2;2;4;2;2010.0;5;1;0;-1;-1; -1;-1
202400041948;203 889 102;155 707 861;B01;1;1;4;2;1976.0;5;1;0;-1;-1; -1;-1
202400041959;203 889 068;155 707 838;A01;2;2;1;1;1992.0;9;1;0;-1;-1; -1;-1
202400041959;203 889 069;155 707 838;A01;1;1;1;1;2001.0;0;8;0;-1;-1; -1;-1
202400041959;203 889 071;155 707 840;B01;2;2;4;2;2002.0;9;2;8;-1;-1; -1;-1
202400041959;203 889 072;155 707 840;B01;1;1;4;1;1995.0;9;2;8;-1;-1; -1;-1
202400041966;203 889 055;155 707 827;A01;1;1;4;1;2006.0;5;2;6;-1;-1; -1;-1
202400041973;203 889 040;155 707 815;A01;1;1;3;1;2007.0;5;2;6;9;0;0;-1
202400041981;203 889 024;155 707 800;A01;1;1;1;1;1977.0;5;8;0;-1;-1; -1;-1
202400041981;203 889 026;155 707 800;A01;10;3;4;2;1952.0;5;0;-1;-1;1;1;1
202400042014;203 888 939;155 707 742;A01;10;3;3;1;2013.0;0;0;-1;-1;9;B;1
202400042014;203 888 940;155 707 742;A01;1;1;1;2;2004.0;0;1;0;-1;-1; -1;-1
202400042019;203 888 924;155 707 730;C01;1;1;1;1;1977.0;4;1;0;-1;-1; -1;-1
202400042019;203 888 928;155 707 732;B01;1;1;1;1;1980.0;9;1;0;-1;-1; -1;-1
202400042019;203 888 932;155 707 737;A01;1;1;3;1;1970.0;1;1;0;-1;-1; -1;-1
202400042021;203 888 912;155 707 725;A01;2;2;1;2;1982.0;0;1;-1;-1;-1; -1;-1
202400042021;203 888 914;155 707 725;A01;4;2;1;1;2010.0;0;1;-1;-1;-1; -1;-1
202400042021;203 888 916;155 707 725;A01;10;3;4;1;2010.0;0;0;-1;-1;2;5;1
202400042021;203 888 917;155 707 725;A01;3;2;1;1;2021.0;0;1;-1;-1;-1; -1;-1
202400042021;203 888 919;155 707 725;A01;1;1;1;1;1972.0;3;1;-1;-1;-1; -1;-1
202400042040;203 888 863;155 707 689;C01;1;1;1;1;1953.0;0;1;0;-1;-1; -1;-1
202400042040;203 888 864;155 707 689;C01;2;2;1;2;1956.0;0;1;0;-1;-1; -1;-1
202400042040;203 888 867;155 707 692;A01;1;1;4;1;2004.0;0;1;0;-1;-1; -1;-1
202400042040;203 888 870;155 707 694;B01;2;2;4;2;1972.0;0;1;0;-1;-1; -1;-1
202400042040;203 888 871;155 707 694;B01;1;1;4;1;1947.0;0;1;0;-1;-1; -1;-1
202400042045;203 888 845;155 707 679;B01;1;1;1;1;1990.0;-1;1;-1;-1;-1; -1;-1
202400042045;203 888 848;155 707 681;A01;1;1;4;1;2002.0;0;0;-1;-1;-1; -1;-1
202400042067;203 888 795;155 707 638;A01;1;1;4;2;1997.0;1;2;6;-1;-1; -1;-1
202400042106;203 888 703;155 707 572;A01;1;1;1;1;1999.0;0;1;0;0;-1; -1;-1
202400042106;203 888 705;155 707 573;B01;1;1;4;1;1994.0;0;1;0;0;-1; -1;-1
202400042106;203 888 706;155 707 573;B01;2;2;1;2;1999.0;0;1;0;0;-1; -1;-1
202400042130;203 888 645;155 707 536;A01;1;1;3;1;2003.0;5;0;-1;-1;0;0;-1
202400042130;203 888 646;155 707 537;B01;1;1;1;1;1986.0;5;8;-1;-1;0;0;-1
202400042133;203 888 634;155 707 527;B01;1;1;4;1;1984.0;0;2;6;-1;0;0;-1
202400042133;203 888 636;155 707 529;A01;1;1;1;1;1983.0;5;1;0;-1;0;0;-1
202400042144;203 888 607;155 707 507;A01;1;1;1;2;1972.0;0;8;0;0;-1; -1;-1
202400042144;203 888 614;155 707 513;B01;1;1;4;1;2007.0;0;8;0;0;-1; -1;-1
202400042152;203 888 586;155 707 496;A01;10;3;3;2;1950.0;5;0;-1;-1;3;3;1
202400042152;203 888 588;155 707 496;A01;1;1;1;1;1984.0;3;1;-1;-1;0;0;-1
202400042178;203 888 520;155 707 450;A01;1;1;3;1;2006.0;1;1;-1;-1;0;0;-1
202400042178;203 888 523;155 707 453;B01;9;2;4;2;2020.0;5;1;-1;-1;0;0;-1
202400042178;203 888 525;155 707 453;B01;2;2;4;2;1966.0;5;1;-1;-1;0;0;-1
202400042178;203 888 529;155 707 453;B01;7;2;4;1;2017.0;5;1;-1;-1;0;0;-1
202400042178;203 888 531;155 707 453;B01;1;1;3;1;1964.0;5;1;-1;-1;0;0;-1
202400042180;203 888 510;155 707 444;A01;1;1;1;1;1990.0;5;1;-1;-1;0;0;-1
202400042180;203 888 513;155 707 446;B01;1;1;4;1;2008.0;5;2;6;-1;0;0;-1
202400042184;203 888 501;155 707 437;A01;1;1;3;1;2009.0;5;2;6;-1;0;0;-1
202400042184;203 888 504;155 707 440;B01;1;1;1;2;1982.0;5;1;-1;-1;0;0;-1
202400042187;203 888 496;155 707 432;A01;1;1;3;2;1958.0;1;1;-1;-1;0;0;-1
202400042190;203 888 494;155 707 429;A01;1;1;4;1;1997.0;5;8;-1;-1;0;0;-1
202400042195;203 888 480;155 707 418;A01;1;1;1;1;1978.0;0;1;0;0;-1; -1;-1
202400042195;203 888 484;155 707 420;B01;1;1;4;1;2000.0;0;2;0;0;-1; -1;-1
202400042202;203 888 462;155 707 409;A01;1;1;4;2;1984.0;0;1;0;0;-1; -1;-1
202400042202;203 888 465;155 707 412;B01;1;1;1;1;1964.0;4;1;0;0;-1; -1;-1
202400042204;203 888 457;155 707 405;A01;1;1;3;1;2005.0;5;2;-1;-1;0;0;-1
202400042204;203 888 459;155 707 406;B01;1;1;1;1;1982.0;5;1;-1;-1;0;0;-1
202400042210;203 888 445;155 707 395;A01;1;1;4;1;1995.0;5;2;9;-1;0;0;-1
202400042213;203 888 442;155 707 393;A01;2;2;3;2;1999.0;5;1;-1;-1;0;0;-1
202400042213;203 888 443;155 707 393;A01;1;1;1;1;1997.0;5;8;-1;-1;0;0;-1
202400042214;203 888 441;155 707 392;A01;1;1;4;2;1969.0;4;8;-1;-1;0;0;-1
202400042218;203 888 433;155 707 387;A01;1;1;3;1;1961.0;5;2;6;-1;0;0;-1
202400042218;203 888 435;155 707 389;B01;2;2;1;2;1960.0;5;1;-1;-1;0;0;-1
202400042218;203 888 436;155 707 389;B01;3;2;1;1;2011.0;5;1;-1;-1;0;0;-1
202400042218;203 888 437;155 707 389;B01;1;1;1;1;1956.0;5;1;-1;-1;0;0;-1
202400042226;203 888 417;155 707 376;A01;5;2;4;2;1970.0;4;1;0;-1;0;0;-1
202400042226;203 888 418;155 707 376;A01;2;2;4;1;1966.0;4;1;0;-1;0;0;-1
202400042226;203 888 419;155 707 376;A01;1;1;1;1;2002.0;4;1;0;-1;0;0;-1
202400042237;203 888 396;155 707 357;A01;1;1;4;2;1990.0;1;1;0;0;-1; -1;-1
202400042243;203 888 373;155 707 346;A01;7;2;3;2;2005.0;5;8;-1;-1;0;0;-1
202400042243;203 888 376;155 707 346;A01;6;2;3;2;2000.0;5;8;-1;-1;0;0;-1
202400042243;203 888 377;155 707 346;A01;9;2;3;2;2000.0;5;8;-1;-1;0;0;-1
202400042243;203 888 378;155 707 346;A01;1;1;3;1;2000.0;5;8;-1;-1;0;0;-1
202400042248;203 888 362;155 707 335;A01;1;1;1;1;1980.0;1;1;0;-1;-1; -1;-1
202400042248;203 888 364;155 707 337;B01;1;1;4;2;1991.0;5;1;0;-1;-1; -1;-1
202400042269;203 888 319;155 707 302;A01;1;1;3;1;1997.0;9;1;-1;-1;0;0;-1
202400042307;203 888 226;155 707 239;A01;2;2;4;1;2014.0;0;1;0;-1;-1; -1;-1
202400042307;203 888 228;155 707 239;A01;1;1;1;1;1967.0;0;1;0;-1;-1; -1;-1
202400042327;203 888 178;155 707 207;A01;1;1;4;1;1988.0;5;8;0;-1;-1; -1;-1
202400042356;203 888 094;155 707 154;A01;2;2;3;1;2006.0;0;1;0;-1;-1; -1;-1
202400042356;203 888 096;155 707 154;A01;4;2;4;2;2005.0;5;8;0;-1;-1; -1;-1
202400042356;203 888 098;155 707 154;A01;5;2;4;1;2006.0;5;1;8;-1;-1; -1;-1
202400042356;203 888 101;155 707 154;A01;3;2;4;1;2006.0;5;1;8;-1;-1; -1;-1
202400042356;203 888 102;155 707 154;A01;1;1;4;1;2006.0;5;1;8;-1;-1; -1;-1
202400042362;203 888 078;155 707 145;A01;10;3;3;2;1973.0;5;0;-1;-1;9;B;1
202400042362;203 888 079;155 707 145;A01;1;1;1;1;1966.0;0;1;-1;-1;-1; -1;-1
202400042364;203 888 072;155 707 139;Z01;1;1;1;-1;;-1;8;-1;-1;-1; -1;-1
202400042364;203 888 082;155 707 141;B01;2;2;4;2;1967.0;0;1;0;-1;-1; -1;-1
202400042364;203 888 084;155 707 141;B01;1;1;4;2;2004.0;0;1;-1;-1;-1; -1;-1
202400042364;203 888 088;155 707 150;C01;1;1;1;1;1981.0;0;1;-1;-1;-1; -1;-1
202400042370;203 888 061;155 707 130;A01;1;1;1;1;2006.0;5;1;-1;-1;-1; -1;-1
202400042370;203 888 062;155 707 130;A01;4;2;4;2;2005.0;5;1;-1;-1;-1; -1;-1
202400042370;203 888 065;155 707 133;B01;1;1;1;1;1991.0;5;1;-1;-1;-1; -1;-1
202400042371;203 888 058;155 707 129;A01;10;3;3;2;1938.0;3;0;-1;-1;4;3;1
202400042371;203 888 060;155 707 129;A01;1;1;1;1;1945.0;3;1;-1;-1;0;0;-1
202400042374;203 888 051;155 707 124;B01;2;2;4;2;1970.0;0;1;-1;-1;-1; -1;-1
202400042374;203 888 052;155 707 124;B01;1;1;4;1;2000.0;3;1;-1;-1;-1; -1;-1
202400042374;203 888 055;155 707 127;A01;2;2;4;1;1954.0;0;1;-1;-1;-1; -1;-1
202400042374;203 888 057;155 707 127;A01;1;1;4;1;1955.0;0;1;-1;-1;-1; -1;-1
202400042376;203 888 044;155 707 119;B01;1;1;1;1;1995.0;0;1;0;-1;-1; -1;-1
202400042376;203 888 045;155 707 120;A01;2;2;4;2;1993.0;0;1;0;-1;-1; -1;-1
202400042376;203 888 047;155 707 120;A01;3;2;1;2;1958.0;0;1;0;-1;-1; -1;-1
202400042376;203 888 048;155 707 120;A01;1;1;4;1;1995.0;0;1;0;-1;-1; -1;-1
202400042378;203 888 042;155 707 117;A01;1;1;4;1;2008.0;5;2;8;-1;-1; -1;-1
202400042389;203 888 009;155 707 096;A01;2;2;1;2;1998.0;0;1;0;-1;-1; -1;-1
202400042389;203 888 011;155 707 096;A01;1;1;1;1;1995.0;0;1;0;-1;-1; -1;-1
202400042389;203 888 014;155 707 098;B01;1;1;4;1;2004.0;0;2;0;-1;-1; -1;-1
202400042395;203 887 991;155 707 086;A01;2;2;4;2;2004.0;5;1;0;-1;-1; -1;-1
202400042395;203 887 994;155 707 086;A01;1;1;4;1;2003.0;5;1;8;-1;-1; -1;-1
202400042396;203 887 987;155 707 085;B01;1;1;4;1;1995.0;5;1;0;-1;-1; -1;-1
202400042396;203 887 989;155 707 085;B01;3;2;4;1;2001.0;5;1;0;-1;-1; -1;-1
202400042396;203 887 992;155 707 085;B01;5;2;4;2;1984.0;5;1;0;-1;-1; -1;-1
202400042396;203 887 995;155 707 085;B01;4;2;4;1;1991.0;5;1;0;-1;-1; -1;-1
202400042396;203 887 996;155 707 085;B01;2;2;4;1;1985.0;5;1;0;-1;-1; -1;-1
202400042396;203 887 997;155 707 087;A01;1;1;4;1;2001.0;5;1;0;-1;-1; -1;-1
202400042404;203 887 960;155 707 067;A01;10;3;3;1;2010.0;9;0;-1;-1;5;1;2
202400042404;203 887 961;155 707 067;A01;1;1;1;-1;;-1;-1;-1;-1;-1; -1;-1
202400042422;203 887 917;155 707 031;A01;10;3;4;1;1985.0;4;8;8;-1;2;A;1
202400042422;203 887 918;155 707 031;A01;1;1;1;1;;-1;-1;-1;-1;-1; -1;-1
202400042450;203 887 838;155 706 983;A01;1;1;1;1;1984.0;5;1;0;-1;-1; -1;-1
202400042450;203 887 839;155 706 983;A01;10;3;4;1;1981.0;5;0;-1;-1;4;3;1
202400042456;203 887 824;155 706 973;B01;1;1;1;1;1974.0;5;1;0;-1;-1; -1;-1
202400042456;203 887 827;155 706 975;A01;1;1;3;1;1994.0;9;2;6;-1;-1; -1;-1
202400042492;203 887 742;155 706 918;A01;1;1;4;1;1999.0;5;1;0;0;-1; -1;-1
202400042493;203 887 738;155 706 914;A01;1;1;1;1;1959.0;0;1;0;-1;-1; -1;-1
202400042493;203 887 741;155 706 917;B01;1;1;4;1;2009.0;0;0;-1;-1;1;3;1
202400042508;203 887 702;155 706 890;A01;9;2;3;1;2008.0;5;1;-1;-1;0;0;-1
202400042508;203 887 705;155 706 890;A01;2;2;3;1;2001.0;5;1;-1;-1;0;0;-1
202400042508;203 887 707;155 706 890;A01;1;1;4;1;1998.0;5;1;-1;-1;0;0;-1
202400042510;203 887 697;155 706 886;A01;2;2;1;2;2009.0;5;8;0;-1;-1; -1;-1
202400042510;203 887 698;155 706 886;A01;10;3;3;2;1960.0;5;0;-1;-1;3;3;2
202400042510;203 887 699;155 706 886;A01;1;1;1;2;2009.0;5;8;-1;-1;0;0;-1
202400042514;203 887 687;155 706 882;A01;1;1;4;1;1974.0;5;0;-1;-1;0;0;-1
202400042520;203 887 675;155 706 874;A01;1;1;1;2;1998.0;1;1;-1;-1;-1; -1;-1
202400042520;203 887 677;155 706 876;B01;1;1;4;1;2008.0;2;2;6;-1;-1; -1;-1
202400042547;203 887 611;155 706 825;A01;2;2;1;2;2005.0;5;1;-1;-1;0;0;-1
202400042547;203 887 613;155 706 825;A01;9;2;3;2;2004.0;5;1;-1;-1;0;0;-1
202400042547;203 887 615;155 706 825;A01;7;2;3;1;2000.0;5;1;-1;-1;0;0;-1
202400042547;203 887 617;155 706 825;A01;1;1;1;1;2002.0;5;1;-1;-1;0;0;-1
202400042551;203 887 594;155 706 818;A01;1;1;1;1;1981.0;5;1;-1;-1;0;0;-1
202400042551;203 887 596;155 706 818;A01;7;2;1;2;2018.0;5;3;-1;-1;0;0;-1
202400042551;203 887 599;155 706 818;A01;2;2;1;2;2012.0;5;1;-1;-1;0;0;-1
202400042551;203 887 602;155 706 821;B01;1;1;4;1;1993.0;5;1;-1;-1;0;0;-1
202400042551;203 887 603;155 706 821;B01;2;2;1;2;2007.0;5;1;-1;-1;0;0;-1
202400042551;203 887 604;155 706 821;B01;9;2;1;2;2015.0;5;3;-1;-1;0;0;-1
202400042551;203 887 605;155 706 821;B01;7;2;1;2;2015.0;5;3;-1;-1;0;0;-1
202400042556;203 887 584;155 706 811;A01;1;1;4;1;1996.0;0;1;-1;-1;0;0;-1
202400042560;203 887 580;155 706 808;A01;9;2;1;2;2023.0;9;1;3;-1;0;0;-1
202400042560;203 887 582;155 706 808;A01;1;1;4;2;1964.0;9;1;-1;-1;0;0;-1
202400042573;203 887 549;155 706 787;A01;1;1;4;1;1993.0;1;2;6;-1;0;0;-1
202400042573;203 887 552;155 706 789;B01;1;1;1;1;1989.0;1;1;-1;-1;0;0;-1
202400042580;203 887 531;155 706 774;A01;2;2;1;2;1996.0;0;1;0;-1;-1; -1;-1
202400042580;203 887 532;155 706 774;A01;1;1;1;1;1991.0;0;1;0;-1;-1; -1;-1
202400042580;203 887 535;155 706 778;B01;1;1;4;1;1965.0;0;1;0;-1;-1; -1;-1
202400042603;203 887 471;155 706 733;A01;1;1;2;1;2009.0;0;8;-1;-1;0;0;-1
202400042612;203 887 442;155 706 714;A01;1;1;1;2;2004.0;1;8;0;-1;-1; -1;-1
202400042612;203 887 444;155 706 714;A01;10;3;4;2;1947.0;5;0;-1;-1;2;3;2
202400042618;203 887 427;155 706 708;A01;10;3;2;1;1973.0;5;0;-1;-1;5;A;1
202400042618;203 887 430;155 706 708;A01;1;1;4;1;1966.0;5;1;-1;-1;0;0;-1
202400042623;203 887 411;155 706 698;A01;1;1;1;1;2002.0;1;1;0;-1;0;0;-1
202400042623;203 887 413;155 706 700;B01;1;1;4;1;1933.0;9;1;0;-1;0;0;-1
202400042635;203 887 381;155 706 674;A01;1;1;4;2;1999.0;0;0;-1;-1;0;0;-1
202400042635;203 887 383;155 706 676;B01;1;1;4;1;2001.0;0;0;-1;-1;0;0;-1
202400042649;203 887 347;155 706 649;A01;1;1;1;1;1988.0;5;1;0;-1;-1; -1;-1
202400042649;203 887 348;155 706 650;B01;2;2;4;2;1979.0;0;1;0;-1;-1; -1;-1
202400042649;203 887 349;155 706 650;B01;1;1;4;1;1976.0;0;1;0;-1;-1; -1;-1
202400042650;203 887 345;155 706 647;B01;1;1;4;1;1959.0;9;-1;0;-1;0;0;-1
202400042650;203 887 346;155 706 648;A01;1;1;1;1;1993.0;4;1;0;-1;0;0;-1
202400042654;203 887 339;155 706 642;B01;1;1;4;1;1996.0;1;1;0;-1;-1; -1;-1
202400042654;203 887 341;155 706 644;A01;1;1;1;1;1990.0;1;2;6;-1;-1; -1;-1
202400042666;203 887 307;155 706 618;A01;1;1;4;1;1991.0;0;2;8;-1;-1; -1;-1
202400042666;203 887 308;155 706 619;B01;1;1;1;2;2002.0;0;1;8;-1;-1; -1;-1
202400042672;203 887 291;155 706 605;A01;1;1;1;1;1984.0;5;1;-1;-1;0;0;-1
202400042672;203 887 293;155 706 606;B01;1;1;3;1;1968.0;5;2;6;-1;0;0;-1
202400042672;203 887 295;155 706 608;C01;1;1;1;1;1967.0;5;2;6;-1;0;0;-1
202400042684;203 887 258;155 706 588;A01;2;2;3;1;2007.0;5;1;-1;-1;0;0;-1
202400042684;203 887 260;155 706 588;A01;1;1;3;1;2006.0;5;1;-1;-1;0;0;-1
202400042684;203 887 262;155 706 590;B01;2;2;3;2;1958.0;5;1;-1;-1;0;0;-1
202400042684;203 887 263;155 706 590;B01;1;1;1;1;1957.0;5;1;-1;-1;0;0;-1
202400042712;203 887 186;155 706 542;B01;2;2;4;2;2007.0;0;2;0;-1;-1; -1;-1
202400042712;203 887 187;155 706 542;B01;1;1;4;1;2006.0;0;2;6;-1;-1; -1;-1
202400042712;203 887 189;155 706 544;A01;1;1;4;2;2006.0;0;1;8;-1;-1; -1;-1
202400042724;203 887 156;155 706 522;A01;2;2;1;1;2000.0;0;1;0;-1;0;0;-1
202400042724;203 887 157;155 706 522;A01;1;1;4;2;1993.0;0;1;0;-1;0;0;-1
202400042724;203 887 158;155 706 523;B01;1;1;1;1;1956.0;5;1;0;-1;0;0;-1
202400042747;203 887 101;155 706 484;A01;1;1;3;1;1973.0;5;2;6;9;0;0;-1
202400042747;203 887 102;155 706 485;B01;1;1;4;1;1940.0;9;1;-1;-1;0;0;-1
202400042765;203 887 056;155 706 454;A01;10;3;2;1;1940.0;5;0;-1;-1;2;3;1
202400042765;203 887 057;155 706 454;A01;1;1;1;1;1974.0;1;1;8;-1;0;0;-1
202400042774;203 887 034;155 706 442;A01;1;1;4;1;2001.0;0;1;0;-1;-1; -1;-1
202400042774;203 887 035;155 706 443;B01;1;1;4;1;1983.0;0;1;0;-1;-1; -1;-1
202400042774;203 887 036;155 706 443;B01;2;2;4;1;1985.0;0;1;0;-1;-1; -1;-1
202400042780;203 887 022;155 706 432;A01;10;3;4;2;2002.0;0;0;0;0;3;3;1
202400042780;203 887 023;155 706 432;A01;1;1;1;1;1992.0;0;8;0;0;3;3;1
202400042792;203 886 988;155 706 408;B01;1;1;1;1;1973.0;1;1;9;-1;0;0;-1
202400042792;203 886 989;155 706 409;A01;1;1;3;2;1988.0;1;1;9;-1;0;0;-1
202400042795;203 886 979;155 706 402;A01;4;2;3;2;2022.0;9;8;-1;-1;0;0;-1
202400042795;203 886 980;155 706 402;A01;1;1;2;2;1988.0;9;0;-1;-1;0;0;-1
202400042795;203 886 981;155 706 403;B01;1;1;1;1;1970.0;4;1;-1;-1;0;0;-1
202400042806;203 886 951;155 706 386;A01;1;1;3;1;1982.0;4;1;-1;-1;0;0;-1
202400042810;203 886 936;155 706 378;A01;1;1;4;2;2003.0;5;8;-1;-1;0;0;-1
202400042825;203 886 897;155 706 353;A01;1;1;3;1;2003.0;5;1;0;-1;0;0;-1
202400042825;203 886 898;155 706 354;B01;1;1;1;1;1975.0;4;1;0;-1;0;0;-1
202400042831;203 886 882;155 706 343;B01;1;1;1;2;1981.0;0;1;8;-1;-1; -1;-1
202400042831;203 886 883;155 706 344;A01;1;1;4;1;1954.0;9;8;0;-1;-1; -1;-1
202400042856;203 886 812;155 706 295;A01;1;1;1;1;1937.0;5;1;0;-1;-1; -1;-1
202400042856;203 886 814;155 706 297;B01;1;1;4;1;1956.0;5;1;0;-1;-1; -1;-1
202400042863;203 886 800;155 706 286;Z01;1;1;1;1;;9;-1;-1;-1;2;3;1
202400042863;203 886 801;155 706 286;Z01;10;3;4;1;1961.0;9;0;-1;-1;2;3;1
202400042869;203 886 782;155 706 275;B01;2;2;4;2;1973.0;0;1;0;-1;-1; -1;-1
202400042869;203 886 783;155 706 275;B01;1;1;1;1;1971.0;5;1;0;-1;-1; -1;-1
202400042869;203 886 785;155 706 278;A01;1;1;1;1;2003.0;4;1;0;-1;-1; -1;-1
202400042869;203 886 787;155 706 278;A01;5;2;4;2;1987.0;4;1;0;-1;-1; -1;-1
202400042869;203 886 788;155 706 278;A01;4;2;3;2;1934.0;9;1;0;-1;-1; -1;-1
202400042873;203 886 775;155 706 270;B01;1;1;4;1;1937.0;5;2;6;-1;-1; -1;-1
202400042873;203 886 778;155 706 272;A01;1;1;1;1;2000.0;9;1;0;-1;-1; -1;-1
202400042884;203 886 750;155 706 254;B01;3;2;4;2;1991.0;5;1;0;-1;-1; -1;-1
202400042884;203 886 752;155 706 254;B01;1;1;1;1;1961.0;4;1;0;-1;-1; -1;-1
202400042884;203 886 757;155 706 257;A01;1;1;1;1;2002.0;5;1;0;-1;-1; -1;-1
202400042893;203 886 730;155 706 238;A01;10;3;4;1;2005.0;0;0;0;0;2;3;1
202400042893;203 886 731;155 706 238;A01;1;1;1;2;1997.0;3;1;0;0;-1; -1;-1
202400042906;203 886 700;155 706 215;A01;1;1;4;1;2002.0;0;8;0;-1;-1; -1;-1
202400042910;203 886 688;155 706 209;A01;2;2;1;2;1943.0;0;1;8;-1;-1; -1;-1
202400042910;203 886 690;155 706 209;A01;10;3;4;2;1952.0;0;0;-1;-1;2;1;2
202400042910;203 886 691;155 706 209;A01;1;1;1;1;1942.0;0;1;8;-1;-1; -1;-1
202400042917;203 886 674;155 706 197;A01;1;1;1;1;1994.0;0;1;0;0;-1; -1;-1
202400042917;203 886 677;155 706 199;B01;1;1;4;1;1996.0;0;2;6;0;-1; -1;-1
202400042953;203 886 586;155 706 137;A01;10;3;3;1;2015.0;5;0;-1;-1;1;3;1
202400042953;203 886 588;155 706 137;A01;1;1;1;1;1998.0;0;1;0;-1;-1; -1;-1
202400042989;203 886 516;155 706 081;B01;1;1;1;1;1972.0;1;1;0;-1;-1; -1;-1
202400042989;203 886 517;155 706 082;A01;1;1;3;1;2008.0;0;2;6;-1;-1; -1;-1
202400042992;203 886 512;155 706 077;A01;1;1;3;1;2005.0;5;2;6;-1;0;0;-1
202400042992;203 886 514;155 706 079;B01;1;1;1;1;2000.0;5;8;-1;-1;0;0;-1
202400042993;203 886 510;155 706 075;A01;1;1;1;1;1979.0;9;1;0;-1;0;0;-1
202400042993;203 886 511;155 706 076;B01;1;1;4;1;1978.0;1;2;4;-1;0;0;-1
202400043023;203 886 439;155 706 024;A01;1;1;1;1;1983.0;0;1;-1;-1;0;0;-1
202400043023;203 886 441;155 706 026;C01;1;1;3;1;2012.0;0;2;-1;-1;0;0;-1
202400043023;203 886 445;155 706 028;D01;1;1;3;1;2012.0;0;2;-1;-1;0;0;-1
202400043023;203 886 446;155 706 029;B01;1;1;4;1;1973.0;0;2;-1;-1;0;0;-1
202400043038;203 886 406;155 706 001;A01;1;1;3;1;2005.0;5;2;-1;-1;0;0;-1
202400043048;203 886 376;155 705 981;A01;2;2;4;1;2003.0;4;1;-1;-1;0;0;-1
202400043048;203 886 377;155 705 981;A01;1;1;3;1;1991.0;4;1;-1;-1;0;0;-1
202400043048;203 886 378;155 705 982;B01;1;1;3;2;1968.0;1;1;-1;-1;0;0;-1
202400043065;203 886 348;155 705 955;A01;1;1;4;1;1948.0;9;1;-1;-1;0;0;-1
202400043065;203 886 351;155 705 957;B01;1;1;2;1;1985.0;0;2;-1;-1;0;0;-1
202400043070;203 886 332;155 705 945;B01;1;1;1;1;1983.0;5;1;-1;-1;0;0;-1
202400043070;203 886 335;155 705 947;A01;9;2;1;2;1948.0;9;1;-1;-1;0;0;-1
202400043070;203 886 337;155 705 947;A01;7;2;1;1;1954.0;9;1;-1;-1;0;0;-1
202400043070;203 886 341;155 705 947;A01;2;2;1;1;1959.0;9;1;-1;-1;0;0;-1
202400043070;203 886 343;155 705 947;A01;1;1;3;2;1970.0;4;1;-1;-1;0;0;-1
202400043078;203 886 311;155 705 932;B01;1;1;4;1;1967.0;4;1;-1;-1;0;0;-1
202400043078;203 886 314;155 705 934;A01;9;2;4;2;2022.0;5;3;-1;-1;0;0;-1
202400043078;203 886 316;155 705 934;A01;7;2;4;2;2012.0;5;1;-1;-1;0;0;-1
202400043078;203 886 317;155 705 934;A01;2;2;3;2;2014.0;5;1;-1;-1;0;0;-1
202400043078;203 886 318;155 705 934;A01;1;1;4;2;1986.0;5;1;-1;-1;0;0;-1
202400043081;203 886 309;155 705 930;A01;5;2;4;1;2006.0;5;0;-1;-1;0;0;-1
202400043081;203 886 312;155 705 930;A01;2;2;4;1;2007.0;5;1;-1;-1;0;0;-1
202400043081;203 886 315;155 705 930;A01;1;1;4;1;2006.0;5;9;-1;-1;0;0;-1
202400043088;203 886 297;155 705 920;A01;1;1;1;1;1998.0;4;1;-1;-1;0;0;-1
202400043088;203 886 301;155 705 924;B01;1;1;3;1;1987.0;3;2;6;-1;0;0;-1
202400043091;203 886 290;155 705 915;A01;1;1;1;1;1958.0;3;1;-1;-1;0;0;-1
202400043091;203 886 293;155 705 918;B01;1;1;3;1;2007.0;5;2;-1;-1;0;0;-1
202400043094;203 886 284;155 705 910;C01;1;1;1;1;1971.0;5;1;-1;-1;0;0;-1
202400043094;203 886 287;155 705 913;B01;1;1;4;1;1965.0;5;1;-1;-1;0;0;-1
202400043094;203 886 288;155 705 914;A01;2;2;4;1;1991.0;5;1;-1;-1;0;0;-1
202400043094;203 886 289;155 705 914;A01;1;1;2;1;1987.0;5;1;-1;-1;0;0;-1
202400043103;203 886 262;155 705 893;A01;1;1;1;1;2003.0;4;1;-1;-1;0;0;-1
202400043103;203 886 264;155 705 895;B01;1;1;3;2;1955.0;5;1;9;-1;0;0;-1
202400043115;203 886 225;155 705 863;B01;1;1;4;1;1990.0;5;1;0;-1;-1; -1;-1
202400043115;203 886 229;155 705 865;C01;1;1;1;1;1976.0;5;1;0;-1;-1; -1;-1
202400043115;203 886 232;155 705 867;A01;1;1;1;1;1975.0;5;1;0;-1;-1; -1;-1
202400043136;203 886 171;155 705 825;A01;2;2;1;1;1994.0;0;1;0;0;-1; -1;-1
202400043136;203 886 173;155 705 825;A01;3;2;1;1;2006.0;9;1;0;0;-1; -1;-1
202400043136;203 886 176;155 705 825;A01;4;2;1;1;2007.0;0;1;0;0;-1; -1;-1
202400043136;203 886 178;155 705 825;A01;5;2;1;1;1996.0;0;1;0;0;-1; -1;-1
202400043136;203 886 180;155 705 825;A01;1;1;1;1;1999.0;0;1;0;0;-1; -1;-1
202400043136;203 886 183;155 705 830;B01;2;2;1;1;2003.0;0;1;0;0;-1; -1;-1
202400043136;203 886 184;155 705 830;B01;3;2;4;2;2002.0;0;1;0;0;-1; -1;-1
202400043136;203 886 186;155 705 830;B01;6;2;1;1;2003.0;0;1;0;0;-1; -1;-1
202400043136;203 886 188;155 705 830;B01;1;1;4;1;2002.0;0;1;0;0;-1; -1;-1
202400043136;203 886 190;155 705 834;C01;1;1;1;1;1991.0;0;1;0;0;-1; -1;-1
202400043136;203 886 194;155 705 838;D01;1;1;1;1;1974.0;0;1;0;0;-1; -1;-1
202400043147;203 886 149;155 705 807;A01;1;1;1;1;1955.0;0;1;0;-1;-1; -1;-1
202400043147;203 886 150;155 705 808;B01;1;1;3;2;1994.0;0;1;0;-1;-1; -1;-1
202400043155;203 886 133;155 705 794;A01;1;1;3;2;2003.0;1;1;-1;-1;0;0;-1
202400043155;203 886 134;155 705 796;B01;1;1;1;1;1965.0;4;1;-1;-1;0;0;-1
202400043156;203 886 130;155 705 792;A01;1;1;4;2;2001.0;5;1;0;0;-1; -1;-1
202400043160;203 886 124;155 705 787;A01;10;3;4;2;1975.0;0;0;-1;-1;3;3;1
202400043160;203 886 125;155 705 787;A01;1;1;1;1;1969.0;5;1;0;-1;-1; -1;-1
202400043168;203 886 109;155 705 774;A01;10;3;4;1;2000.0;0;0;-1;-1;4;3;2
202400043168;203 886 110;155 705 774;A01;10;3;4;1;2005.0;0;0;-1;-1;4;3;2
202400043168;203 886 111;155 705 774;A01;1;1;3;2;1963.0;0;1;-1;-1;-1; -1;-1
202400043174;203 886 094;155 705 762;B01;1;1;4;1;1972.0;9;2;0;-1;-1; -1;-1
202400043174;203 886 095;155 705 762;B01;2;2;4;2;2010.0;9;2;0;-1;-1; -1;-1
202400043174;203 886 100;155 705 767;A01;1;1;4;2;1999.0;0;2;0;-1;-1; -1;-1
202400043174;203 886 104;155 705 771;C01;1;1;1;1;1981.0;9;2;0;-1;-1; -1;-1
202400043187;203 886 053;155 705 734;A01;1;1;3;1;1987.0;1;1;-1;-1;0;0;-1
202400043187;203 886 063;155 705 740;B01;1;1;1;1;1956.0;0;1;5;-1;0;0;-1
202400043205;203 886 010;155 705 700;A01;1;1;3;1;1983.0;5;2;-1;-1;0;0;-1
202400043205;203 886 015;155 705 704;B01;1;1;1;2;2008.0;4;0;-1;-1;0;0;-1
202400043215;203 885 993;155 705 685;A01;1;1;4;1;2000.0;0;1;8;-1;0;0;-1
202400043219;203 885 988;155 705 681;B01;1;1;4;2;1975.0;4;1;0;-1;-1; -1;-1
202400043219;203 885 991;155 705 683;A01;1;1;1;1;1975.0;4;1;0;-1;-1; -1;-1
202400043231;203 885 953;155 705 655;B01;1;1;1;1;1955.0;3;0;-1;-1;0;0;-1
202400043231;203 885 955;155 705 658;A01;1;1;3;1;2007.0;5;2;6;-1;0;0;-1
202400043232;203 885 950;155 705 653;A01;1;1;1;2;2002.0;0;1;0;-1;-1; -1;-1
202400043232;203 885 952;155 705 656;B01;1;1;4;1;2001.0;0;2;6;-1;-1; -1;-1
202400043256;203 885 899;155 705 615;B01;10;3;3;1;2000.0;0;8;-1;-1;3;3;1
202400043256;203 885 900;155 705 615;B01;1;1;1;1;1969.0;0;1;0;-1;-1; -1;-1
202400043261;203 885 887;155 705 604;A01;1;1;2;1;1945.0;5;2;-1;-1;-1; -1;-1
202400043305;203 885 788;155 705 529;A01;1;1;1;1;1971.0;0;1;-1;-1;0;0;-1
202400043305;203 885 790;155 705 530;B01;2;2;4;2;1964.0;1;1;-1;-1;0;0;-1
202400043305;203 885 792;155 705 530;B01;1;1;3;2;1980.0;1;1;-1;-1;0;0;-1
202400043320;203 885 756;155 705 505;B01;1;1;4;1;1939.0;0;1;-1;-1;0;0;-1
202400043320;203 885 760;155 705 508;A01;1;1;4;1;1985.0;0;1;-1;-1;0;0;-1
202400043332;203 885 731;155 705 487;A01;1;1;1;1;1982.0;0;1;8;-1;-1; -1;-1
202400043332;203 885 732;155 705 487;A01;10;3;3;2;2020.0;5;0;-1;-1;1;3;1
202400043336;203 885 722;155 705 480;B01;1;1;3;2;1973.0;0;2;6;-1;0;0;-1
202400043336;203 885 726;155 705 483;A01;2;2;1;2;1975.0;-1;1;-1;-1;-1; -1;-1
202400043336;203 885 728;155 705 483;A01;1;1;1;1;1960.0;5;1;-1;-1;-1; -1;-1
202400043341;203 885 712;155 705 473;A01;1;1;4;1;1999.0;5;1;-1;-1;0;0;-1
202400043341;203 885 715;155 705 476;B01;1;1;1;1;1968.0;5;1;-1;-1;0;0;-1
202400043343;203 885 702;155 705 468;A01;1;1;4;1;2003.0;5;1;8;-1;-1; -1;-1
202400043343;203 885 704;155 705 468;A01;2;2;4;2;2005.0;5;1;8;-1;-1; -1;-1
202400043345;203 885 699;155 705 465;A01;1;1;3;1;2008.0;0;2;0;-1;-1; -1;-1
202400043345;203 885 705;155 705 469;C01;1;1;1;1;1949.0;0;1;0;-1;-1; -1;-1
202400043345;203 885 710;155 705 472;B01;1;1;1;2;1946.0;0;1;0;-1;-1; -1;-1
202400043397;203 885 555;155 705 353;A01;10;3;4;1;1958.0;5;0;-1;-1;4;3;1
202400043397;203 885 556;155 705 353;A01;1;1;1;1;1996.0;4;1;0;-1;-1; -1;-1
202400043402;203 885 538;155 705 342;A01;1;1;1;1;1999.0;4;1;8;0;-1; -1;-1
202400043402;203 885 540;155 705 342;A01;3;2;4;1;1965.0;0;1;0;0;-1; -1;-1
202400043402;203 885 543;155 705 344;B01;1;1;1;1;1963.0;5;1;8;0;-1; -1;-1
202400043412;203 885 513;155 705 325;B01;1;1;3;1;1995.0;0;8;8;-1;-1; -1;-1
202400043412;203 885 515;155 705 326;A01;1;1;1;1;1979.0;0;1;0;-1;-1; -1;-1
202400043415;203 885 502;155 705 317;A01;2;2;4;2;2003.0;0;2;6;-1;-1; -1;-1
202400043415;203 885 505;155 705 317;A01;1;1;1;1;1995.0;0;2;6;-1;-1; -1;-1
202400043427;203 885 479;155 705 298;A01;1;1;1;1;2005.0;4;1;8;0;-1; -1;-1
202400043427;203 885 481;155 705 300;B01;1;1;4;1;1961.0;9;1;0;0;-1; -1;-1
202400043438;203 885 454;155 705 276;A01;1;1;1;1;1973.0;5;0;-1;-1;0;0;-1
202400043438;203 885 458;155 705 280;B01;1;1;4;2;1975.0;1;2;4;-1;0;0;-1
202400043447;203 885 432;155 705 261;A01;1;1;4;1;1994.0;5;2;-1;-1;0;0;-1
202400043457;203 885 409;155 705 242;A01;10;3;4;2;2009.0;0;0;-1;-1;2;3;3
202400043457;203 885 410;155 705 242;A01;1;1;1;1;1942.0;0;1;8;-1;-1; -1;-1
202400043474;203 885 368;155 705 215;B01;1;1;1;2;1990.0;9;1;0;-1;-1; -1;-1
202400043474;203 885 372;155 705 218;A01;1;1;4;1;1999.0;0;8;0;-1;-1; -1;-1
202400043475;203 885 357;155 705 209;A01;1;1;1;1;2003.0;5;2;6;-1;0;0;-1
202400043475;203 885 362;155 705 211;B01;1;1;3;1;2004.0;5;2;6;-1;0;0;-1
202400043478;203 885 350;155 705 205;A01;1;1;1;1;1957.0;9;8;0;0;-1; -1;-1
202400043478;203 885 352;155 705 205;A01;2;2;1;2;1952.0;0;8;0;0;-1; -1;-1
202400043478;203 885 355;155 705 205;A01;4;2;1;1;1954.0;0;8;0;0;-1; -1;-1
202400043478;203 885 360;155 705 205;A01;3;2;1;2;1960.0;0;8;0;0;-1; -1;-1
202400043478;203 885 364;155 705 205;A01;10;3;3;2;2002.0;0;0;0;0;2;3;1
202400043487;203 885 314;155 705 180;A01;1;1;1;-1;;-1;-1;-1;-1;0;0;-1
202400043487;203 885 317;155 705 183;B01;1;1;4;1;2003.0;5;8;-1;-1;0;0;-1
202400043497;203 885 288;155 705 163;A01;1;1;4;2;1960.0;0;1;0;-1;-1; -1;-1
202400043500;203 885 289;155 705 162;A01;1;1;1;1;1997.0;5;1;-1;-1;0;0;-1
202400043500;203 885 292;155 705 166;B01;2;2;4;1;1950.0;5;1;-1;-1;0;0;-1
202400043500;203 885 293;155 705 166;B01;1;1;1;1;1991.0;5;1;-1;-1;0;0;-1
202400043507;203 885 275;155 705 151;A01;10;3;3;2;1963.0;0;0;-1;-1;6;A;1
202400043507;203 885 276;155 705 151;A01;1;1;1;2;1993.0;0;1;0;-1;-1; -1;-1
202400043515;203 885 258;155 705 137;A01;4;2;1;2;2009.0;5;1;-1;-1;0;0;-1
202400043515;203 885 261;155 705 137;A01;2;2;1;1;2003.0;5;1;-1;-1;0;0;-1
202400043515;203 885 264;155 705 137;A01;1;1;3;1;1979.0;0;1;-1;-1;0;0;-1
202400043519;203 885 245;155 705 128;Z01;10;3;3;1;2000.0;0;0;-1;-1;1;1;1
202400043519;203 885 248;155 705 128;Z01;1;1;1;1;1982.0;5;1;-1;-1;-1; -1;-1
202400043541;203 885 186;155 705 090;A01;1;1;4;1;2002.0;1;8;0;-1;-1; -1;-1
202400043541;203 885 189;155 705 093;B01;1;1;1;1;1988.0;4;1;0;-1;-1; -1;-1
202400043548;203 885 164;155 705 077;A01;10;3;3;2;2003.0;0;0;-1;-1;4;3;1
202400043548;203 885 166;155 705 077;A01;1;1;1;1;1991.0;1;1;0;-1;-1; -1;-1
202400043553;203 885 150;155 705 067;B01;2;2;4;1;2021.0;0;3;1;-1;-1; -1;-1
202400043553;203 885 152;155 705 067;B01;1;1;4;1;1984.0;0;1;0;-1;-1; -1;-1
202400043553;203 885 155;155 705 071;A01;1;1;1;-1;;0;1;0;-1;-1; -1;-1
202400043571;203 885 102;155 705 036;B01;1;1;4;1;2008.0;5;6;2;-1;0;0;-1
202400043571;203 885 108;155 705 040;A01;1;1;1;2;1949.0;5;1;-1;-1;0;0;-1
202400043581;203 885 088;155 705 021;B01;1;1;3;1;2005.0;5;2;6;-1;0;0;-1
202400043581;203 885 091;155 705 025;A01;1;1;4;2;1959.0;5;1;-1;-1;0;0;-1
202400043583;203 885 081;155 705 017;B01;1;1;4;1;2006.0;0;8;0;0;-1; -1;-1
202400043583;203 885 086;155 705 020;A01;1;1;1;-1;;-1;8;8;8;-1; -1;-1
202400043584;203 885 079;155 705 014;D01;1;1;1;1;1975.0;4;1;-1;-1;0;0;-1
202400043584;203 885 080;155 705 015;A01;1;1;1;1;1969.0;5;1;-1;-1;0;0;-1
202400043584;203 885 085;155 705 019;C01;1;1;1;2;1967.0;5;1;-1;-1;0;0;-1
202400043584;203 885 087;155 705 022;E01;1;1;3;1;2002.0;4;1;-1;-1;0;0;-1
202400043584;203 885 089;155 705 023;B01;1;1;1;1;1970.0;4;1;-1;-1;0;0;-1
202400043599;203 885 035;155 704 984;B01;1;1;1;2;2003.0;5;1;8;-1;-1; -1;-1
202400043599;203 885 037;155 704 985;A01;1;1;4;1;1983.0;5;2;8;-1;-1; -1;-1
202400043601;203 885 026;155 704 978;A01;1;1;3;2;1986.0;0;1;-1;-1;0;0;-1
202400043601;203 885 031;155 704 981;B01;2;2;1;2;1966.0;0;1;-1;-1;0;0;-1
202400043601;203 885 032;155 704 981;B01;1;1;1;1;1963.0;0;1;-1;-1;0;0;-1
202400043610;203 885 006;155 704 965;A01;2;2;4;1;1970.0;4;1;0;-1;-1; -1;-1
202400043610;203 885 009;155 704 965;A01;3;2;4;1;1973.0;4;1;0;-1;-1; -1;-1
202400043610;203 885 010;155 704 965;A01;4;2;1;1;1986.0;4;1;0;-1;-1; -1;-1
202400043610;203 885 011;155 704 965;A01;1;1;1;1;1973.0;4;1;0;-1;-1; -1;-1
202400043610;203 885 014;155 704 968;B01;1;1;1;1;1987.0;0;1;0;-1;-1; -1;-1
202400043610;203 885 018;155 704 971;C01;1;1;4;1;1986.0;0;1;0;-1;-1; -1;-1
202400043610;203 885 022;155 704 974;D01;1;1;1;1;1979.0;0;1;0;-1;-1; -1;-1
202400043623;203 884 969;155 704 938;A01;1;1;3;1;1989.0;5;2;6;-1;0;0;-1
202400043623;203 884 972;155 704 940;B01;1;1;1;1;1999.0;5;1;-1;-1;0;0;-1
202400043623;203 884 974;155 704 944;C01;1;1;1;2;1972.0;5;1;-1;-1;0;0;-1
202400043631;203 884 953;155 704 925;A01;2;2;3;2;1970.0;5;1;0;-1;-1; -1;-1
202400043631;203 884 956;155 704 925;A01;1;1;1;1;1971.0;5;1;8;-1;0;0;-1
202400043657;203 884 894;155 704 883;A01;1;1;1;2;2003.0;1;1;0;-1;-1; -1;-1
202400043657;203 884 898;155 704 886;B01;1;1;4;2;1984.0;9;8;0;-1;-1; -1;-1
202400043657;203 884 900;155 704 886;B01;2;2;1;1;1990.0;9;8;0;-1;-1; -1;-1
202400043667;203 884 868;155 704 866;A01;1;1;4;2;2001.0;1;2;6;-1;0;0;-1
202400043667;203 884 872;155 704 869;C01;1;1;1;2;1990.0;0;1;0;-1;0;0;-1
202400043667;203 884 876;155 704 872;B01;1;1;1;1;1990.0;1;1;0;-1;0;0;-1
202400043680;203 884 829;155 704 837;A01;2;2;1;2;2005.0;5;1;0;-1;-1; -1;-1
202400043680;203 884 830;155 704 837;A01;10;3;3;1;2005.0;5;0;-1;-1;4;3;2
202400043680;203 884 832;155 704 837;A01;1;1;1;1;2000.0;5;1;0;-1;-1; -1;-1
202400043684;203 884 819;155 704 829;A01;1;1;1;2;2005.0;5;1;-1;-1;-1; -1;-1
202400043684;203 884 821;155 704 831;B01;1;1;4;1;1941.0;5;1;-1;-1;-1; -1;-1
202400043686;203 884 814;155 704 824;A01;1;1;4;1;2002.0;0;1;0;-1;-1; -1;-1
202400043686;203 884 815;155 704 825;B01;1;1;1;1;1968.0;0;1;0;-1;-1; -1;-1
202400043686;203 884 817;155 704 827;C01;1;1;1;1;2002.0;0;1;0;-1;-1; -1;-1
202400043689;203 884 796;155 704 812;A01;7;2;4;2;1960.0;5;8;0;-1;-1; -1;-1
202400043689;203 884 798;155 704 812;A01;1;1;1;1;2000.0;4;8;0;-1;-1; -1;-1
202400043689;203 884 800;155 704 812;A01;7;2;4;1;1940.0;5;8;0;-1;-1; -1;-1
202400043689;203 884 804;155 704 816;B01;1;1;4;1;2016.0;5;8;0;-1;-1; -1;-1
202400043696;203 884 777;155 704 795;B01;1;1;3;1;1978.0;5;1;-1;-1;-1; -1;-1
202400043696;203 884 780;155 704 798;A01;1;1;1;1;2002.0;3;2;0;-1;-1; -1;-1
202400043707;203 884 754;155 704 778;A01;1;1;1;1;1988.0;5;1;-1;-1;-1; -1;-1
202400043707;203 884 756;155 704 780;B01;1;1;4;1;1995.0;5;1;-1;-1;-1; -1;-1
202400043714;203 884 733;155 704 763;A01;1;1;2;2;2001.0;0;1;0;-1;-1; -1;-1
202400043714;203 884 735;155 704 765;B01;3;2;4;2;2023.0;0;1;0;-1;-1; -1;-1
202400043714;203 884 737;155 704 765;B01;2;2;4;2;1999.0;9;1;0;-1;-1; -1;-1
202400043714;203 884 738;155 704 765;B01;4;2;3;1;2006.0;0;1;0;-1;-1; -1;-1
202400043714;203 884 741;155 704 765;B01;1;1;4;1;1987.0;9;1;0;-1;-1; -1;-1
202400043718;203 884 722;155 704 756;A01;1;1;1;1;1993.0;4;1;0;-1;-1; -1;-1
202400043718;203 884 725;155 704 756;A01;10;3;4;2;1958.0;5;0;-1;-1;3;3;1
202400043718;203 884 726;155 704 756;A01;4;2;1;1;1970.0;5;1;0;-1;-1; -1;-1
202400043718;203 884 729;155 704 756;A01;5;2;1;2;1989.0;0;1;0;-1;-1; -1;-1
202400043722;203 884 714;155 704 752;Z01;1;1;1;-1;;-1;-1;-1;-1;-1; -1;-1
202400043722;203 884 717;155 704 752;Z01;10;3;4;2;1957.0;1;8;8;-1;3;3;1
202400043736;203 884 684;155 704 728;A01;1;1;1;2;1994.0;0;0;-1;-1;-1; -1;-1
202400043736;203 884 687;155 704 729;B01;1;1;3;1;1999.0;4;2;8;-1;-1; -1;-1
202400043749;203 884 656;155 704 707;B01;1;1;1;1;2005.0;0;1;0;-1;-1; -1;-1
202400043749;203 884 659;155 704 708;A01;1;1;3;1;2008.0;0;2;6;-1;-1; -1;-1
202400043778;203 884 594;155 704 663;A01;10;3;3;1;1948.0;0;0;0;0;1;4;2
202400043778;203 884 596;155 704 663;A01;1;1;1;2;1983.0;1;1;0;0;-1; -1;-1
202400043783;203 884 586;155 704 654;A01;1;1;4;1;1993.0;4;8;0;-1;-1; -1;-1
202400043783;203 884 589;155 704 657;B01;1;1;1;1;1977.0;5;1;0;-1;-1; -1;-1
202400043795;203 884 558;155 704 636;A01;10;3;4;2;1946.0;0;0;0;0;3;3;1
202400043795;203 884 559;155 704 636;A01;1;1;1;1;1991.0;0;1;0;0;-1; -1;-1
202400043798;203 884 553;155 704 632;A01;1;1;1;2;1970.0;4;1;0;-1;0;0;-1
202400043798;203 884 556;155 704 635;B01;1;1;4;1;2004.0;1;2;6;-1;0;0;-1
202400043807;203 884 532;155 704 616;B01;1;1;1;1;1977.0;1;1;4;-1;-1; -1;-1
202400043807;203 884 535;155 704 618;C01;1;1;1;1;2001.0;1;1;4;-1;-1; -1;-1
202400043807;203 884 538;155 704 621;A01;1;1;4;1;1988.0;5;1;4;-1;-1; -1;-1
202400043833;203 884 478;155 704 570;B01;1;1;4;1;2000.0;5;1;-1;-1;0;0;-1
202400043833;203 884 479;155 704 572;A01;1;1;1;1;1961.0;5;1;-1;-1;0;0;-1
202400043842;203 884 460;155 704 556;A01;1;1;4;1;1985.0;9;2;6;-1;-1; -1;-1
202400043842;203 884 462;155 704 558;B01;1;1;1;1;1974.0;0;1;8;-1;-1; -1;-1
202400043875;203 884 380;155 704 499;B01;5;2;4;2;2011.0;0;1;0;-1;-1; -1;-1
202400043875;203 884 382;155 704 499;B01;4;2;4;2;2024.0;5;3;0;-1;-1; -1;-1
202400043875;203 884 384;155 704 499;B01;1;1;1;2;1994.0;5;1;0;-1;-1; -1;-1
202400043875;203 884 387;155 704 503;A01;1;1;1;1;1984.0;0;1;0;-1;-1; -1;-1
202400043876;203 884 376;155 704 497;C01;2;2;4;2;1955.0;5;1;0;-1;-1; -1;-1
202400043876;203 884 377;155 704 497;C01;3;2;1;1;2014.0;0;1;0;-1;-1; -1;-1
202400043876;203 884 378;155 704 497;C01;1;1;4;1;1949.0;5;1;0;-1;-1; -1;-1
202400043876;203 884 381;155 704 500;A01;1;1;1;2;1949.0;3;1;0;-1;-1; -1;-1
202400043876;203 884 385;155 704 502;B01;4;2;1;1;2001.0;5;1;0;-1;-1; -1;-1
202400043876;203 884 386;155 704 502;B01;3;2;1;2;2001.0;5;1;0;-1;-1; -1;-1
202400043876;203 884 388;155 704 502;B01;5;2;4;2;1997.0;5;1;0;-1;-1; -1;-1
202400043876;203 884 390;155 704 502;B01;2;2;1;2;2001.0;5;1;0;-1;-1; -1;-1
202400043876;203 884 392;155 704 502;B01;1;1;1;1;1969.0;5;1;0;-1;-1; -1;-1
202400043876;203 884 395;155 704 506;D01;1;1;1;2;1959.0;0;1;0;-1;-1; -1;-1
202400043883;203 884 360;155 704 484;A01;1;1;1;1;1975.0;3;1;0;-1;-1; -1;-1
202400043883;203 884 362;155 704 486;B01;1;1;4;1;1977.0;3;2;6;-1;-1; -1;-1
202400043899;203 884 331;155 704 463;A01;10;3;4;1;1962.0;0;0;-1;-1;3;3;1
202400043899;203 884 332;155 704 463;A01;1;1;1;-1;;-1;-1;-1;-1;-1; -1;-1
202400043900;203 884 328;155 704 460;B01;1;1;4;1;1991.0;4;2;0;0;-1; -1;-1
202400043900;203 884 330;155 704 462;A01;1;1;1;1;1968.0;4;1;0;0;-1; -1;-1
202400043904;203 884 317;155 704 452;A01;1;1;1;2;1996.0;5;1;0;-1;-1; -1;-1
202400043904;203 884 320;155 704 454;B01;2;2;1;1;1973.0;4;1;0;-1;-1; -1;-1
202400043904;203 884 322;155 704 454;B01;4;2;4;2;2004.0;4;1;0;-1;-1; -1;-1
202400043904;203 884 323;155 704 454;B01;1;1;1;1;1996.0;4;1;0;-1;-1; -1;-1
202400043916;203 884 290;155 704 432;A01;7;2;4;1;2004.0;0;1;0;-1;-1; -1;-1
202400043916;203 884 292;155 704 432;A01;2;2;4;1;2003.0;0;1;0;-1;-1; -1;-1
202400043916;203 884 294;155 704 432;A01;1;1;4;1;2003.0;5;1;5;-1;-1; -1;-1
202400043924;203 884 274;155 704 418;A01;10;3;3;1;1986.0;5;0;-1;-1;4;3;2
202400043924;203 884 275;155 704 418;A01;1;1;1;1;2003.0;5;2;0;-1;-1; -1;-1
202400043929;203 884 265;155 704 411;A01;1;1;1;2;1929.0;5;1;0;-1;-1; -1;-1
202400043929;203 884 266;155 704 411;A01;10;3;4;2;2006.0;0;0;-1;-1;6;1;2
202400043960;203 884 202;155 704 364;A01;1;1;1;1;1998.0;5;1;0;-1;0;0;-1
202400043960;203 884 204;155 704 365;B01;1;1;4;1;1993.0;9;-1;0;-1;0;0;-1
202400043971;203 884 184;155 704 349;A01;1;1;3;1;1964.0;9;2;6;-1;-1; -1;-1
202400043972;203 884 178;155 704 343;B01;1;1;4;1;1972.0;5;0;-1;-1;0;0;-1
202400043972;203 884 183;155 704 348;A01;1;1;1;1;1969.0;5;1;-1;-1;0;0;-1
202400043978;203 884 169;155 704 335;A01;10;3;4;2;2001.0;9;0;-1;-1;5;3;1
202400043978;203 884 171;155 704 335;A01;1;1;1;1;1969.0;4;1;0;-1;-1; -1;-1
202400043982;203 884 158;155 704 330;B01;2;2;4;2;1973.0;4;1;0;-1;0;0;-1
202400043982;203 884 160;155 704 330;B01;1;1;4;1;1986.0;4;1;0;-1;0;0;-1
202400043982;203 884 162;155 704 331;A01;1;1;1;1;1999.0;9;1;0;-1;0;0;-1
202400043985;203 884 154;155 704 326;Z01;10;3;4;2;1955.0;5;8;8;-1;9;2;2
202400043985;203 884 156;155 704 326;Z01;1;1;1;-1;;9;-1;-1;-1;-1; -1;-1
202400043989;203 884 145;155 704 320;A01;1;1;3;1;1985.0;5;2;-1;-1;0;0;-1
202400044000;203 884 120;155 704 302;A01;1;1;1;1;1941.0;5;1;-1;-1;0;0;-1
202400044000;203 884 125;155 704 305;B01;1;1;2;2;1957.0;5;2;-1;-1;0;0;-1
202400044009;203 884 098;155 704 289;A01;1;1;3;1;2003.0;0;2;-1;-1;0;0;-1
202400044016;203 884 083;155 704 275;A01;2;2;3;2;1965.0;0;1;-1;-1;0;0;-1
202400044016;203 884 084;155 704 275;A01;1;1;4;1;1962.0;0;1;-1;-1;0;0;-1
202400044016;203 884 086;155 704 277;B01;1;1;4;1;1986.0;0;1;-1;-1;0;0;-1
202400044023;203 884 072;155 704 266;A01;1;1;3;1;2000.0;1;1;-1;-1;0;0;-1
202400044036;203 884 037;155 704 243;A01;9;2;3;1;2007.0;5;1;-1;-1;0;0;-1
202400044036;203 884 040;155 704 243;A01;2;2;4;1;2008.0;5;1;-1;-1;0;0;-1
202400044036;203 884 042;155 704 243;A01;7;2;3;1;2007.0;5;1;-1;-1;0;0;-1
202400044036;203 884 043;155 704 243;A01;1;1;3;1;2006.0;5;1;-1;-1;0;0;-1
202400044039;203 884 033;155 704 239;A01;1;1;3;1;1974.0;5;1;-1;-1;0;0;-1
202400044044;203 884 018;155 704 229;B01;2;2;4;1;2004.0;0;2;6;-1;-1; -1;-1
202400044044;203 884 020;155 704 229;B01;1;1;3;2;2006.0;0;2;-1;-1;-1; -1;-1
202400044044;203 884 022;155 704 231;A01;1;1;1;1;2004.0;9;1;-1;-1;-1; -1;-1
202400044071;203 883 948;155 704 182;B01;1;1;4;1;1999.0;0;2;0;-1;0;0;-1
202400044071;203 883 953;155 704 183;A01;1;1;1;1;1997.0;0;1;8;-1;0;0;-1
202400044072;203 883 950;155 704 181;A01;2;2;4;1;2016.0;5;0;-1;-1;0;0;-1
202400044072;203 883 952;155 704 181;A01;2;2;4;2;2011.0;5;0;-1;-1;0;0;-1
202400044072;203 883 955;155 704 181;A01;1;1;3;1;1979.0;5;0;0;0;0;0;-1
202400044073;203 883 946;155 704 180;A01;2;2;4;2;1998.0;5;1;-1;-1;0;0;-1
202400044073;203 883 949;155 704 180;A01;9;2;1;2;2019.0;5;3;-1;-1;0;0;-1
202400044073;203 883 951;155 704 180;A01;7;2;1;2;2019.0;5;3;-1;-1;0;0;-1
202400044073;203 883 954;155 704 180;A01;1;1;1;1;1998.0;5;1;-1;-1;0;0;-1
202400044073;203 883 956;155 704 184;B01;1;1;1;1;2004.0;5;1;-1;-1;0;0;-1
202400044076;203 883 939;155 704 173;B01;1;1;4;2;1988.0;5;1;-1;-1;0;0;-1
202400044076;203 883 943;155 704 177;A01;1;1;4;1;2003.0;5;1;-1;-1;0;0;-1
202400044112;203 883 833;155 704 108;Z01;1;1;1;-1;;-1;-1;-1;-1;-1; -1;-1
202400044112;203 883 835;155 704 108;Z01;10;3;4;1;1993.0;0;0;-1;-1;3;3;1
202400044113;203 883 834;155 704 107;A01;1;1;2;2;1978.0;5;1;-1;-1;0;0;-1
202400044113;203 883 836;155 704 107;A01;2;2;4;2;1979.0;5;1;-1;-1;0;0;-1
202400044113;203 883 839;155 704 110;B01;2;2;3;1;2005.0;5;8;-1;-1;0;0;-1
202400044113;203 883 840;155 704 110;B01;1;1;3;2;2005.0;5;8;-1;-1;0;0;-1
202400044115;203 883 829;155 704 103;A01;1;1;1;1;1951.0;5;1;-1;-1;0;0;-1
202400044115;203 883 831;155 704 105;B01;1;1;4;1;1988.0;5;2;-1;-1;0;0;-1
202400044125;203 883 813;155 704 089;A01;1;1;1;1;1957.0;3;1;-1;-1;0;0;-1
202400044125;203 883 815;155 704 091;B01;1;1;4;1;2001.0;5;2;5;6;0;0;-1
202400044126;203 883 808;155 704 085;A01;1;1;3;1;1957.0;5;2;6;-1;0;0;-1
202400044126;203 883 811;155 704 087;B01;1;1;1;1;2011.0;2;0;-1;-1;0;0;-1
202400044139;203 883 781;155 704 065;A01;1;1;3;1;1947.0;0;8;-1;-1;0;0;-1
202400044139;203 883 785;155 704 069;B01;1;1;1;1;1964.0;0;8;-1;-1;0;0;-1
202400044147;203 883 761;155 704 051;C01;1;1;1;1;1970.0;4;1;-1;-1;0;0;-1
202400044147;203 883 763;155 704 053;D01;1;1;1;2;1971.0;9;1;-1;-1;0;0;-1
202400044147;203 883 766;155 704 053;D01;2;2;1;2;1984.0;4;1;-1;-1;0;0;-1
202400044147;203 883 770;155 704 057;A01;1;1;1;1;1997.0;4;1;-1;-1;0;0;-1
202400044147;203 883 774;155 704 059;B01;9;2;4;2;2007.0;2;1;-1;-1;0;0;-1
202400044147;203 883 776;155 704 059;B01;1;1;3;1;1959.0;4;1;-1;-1;0;0;-1
202400044148;203 883 757;155 704 050;A01;4;2;3;2;1973.0;5;1;-1;-1;0;0;-1
202400044148;203 883 759;155 704 050;A01;2;2;4;1;2006.0;5;1;-1;-1;0;0;-1
202400044148;203 883 760;155 704 050;A01;1;1;4;2;2005.0;5;1;-1;-1;0;0;-1
202400044157;203 883 737;155 704 034;A01;1;1;3;1;1981.0;5;4;-1;-1;0;0;-1
202400044157;203 883 740;155 704 036;B01;1;1;1;1;2001.0;5;1;-1;-1;0;0;-1
202400044165;203 883 707;155 704 018;A01;10;3;3;2;1950.0;5;4;-1;-1;6;1;2
202400044165;203 883 710;155 704 018;A01;2;2;1;1;1944.0;5;1;-1;-1;0;0;-1
202400044165;203 883 713;155 704 018;A01;10;3;3;2;1957.0;5;0;-1;-1;6;1;2
202400044165;203 883 715;155 704 018;A01;1;1;1;1;1945.0;5;1;-1;-1;0;0;-1
202400044185;203 883 662;155 703 984;A01;1;1;3;2;1947.0;0;8;-1;-1;0;0;-1
202400044193;203 883 645;155 703 972;A01;1;1;4;2;2003.0;1;1;-1;-1;0;0;-1
202400044193;203 883 649;155 703 974;B01;1;1;1;1;1958.0;0;1;-1;-1;0;0;-1
202400044194;203 883 642;155 703 971;A01;10;3;4;2;1994.0;0;8;-1;-1;3;3;1
202400044194;203 883 644;155 703 971;A01;1;1;1;1;1983.0;1;8;-1;-1;0;0;-1
202400044196;203 883 636;155 703 967;A01;10;3;4;1;2011.0;5;0;-1;-1;4;3;2
202400044196;203 883 638;155 703 967;A01;10;3;4;1;2010.0;0;0;-1;-1;4;3;2
202400044196;203 883 640;155 703 967;A01;1;1;1;2;1965.0;9;1;-1;-1;-1; -1;-1
202400044197;203 883 633;155 703 965;A01;2;2;3;2;1943.0;5;1;-1;-1;0;0;-1
202400044197;203 883 635;155 703 965;A01;1;1;3;1;1950.0;0;1;-1;-1;0;0;-1
202400044197;203 883 637;155 703 968;B01;1;1;1;1;1966.0;1;1;-1;-1;0;0;-1
202400044217;203 883 587;155 703 928;B01;1;1;1;1;2004.0;0;8;-1;-1;0;0;-1
202400044217;203 883 590;155 703 931;A01;1;1;3;2;1975.0;0;0;-1;-1;0;0;-1
202400044222;203 883 576;155 703 919;B01;1;1;1;2;1982.0;0;1;-1;-1;0;0;-1
202400044222;203 883 577;155 703 919;B01;2;2;1;2;2010.0;0;1;-1;-1;0;0;-1
202400044222;203 883 582;155 703 923;A01;1;1;4;1;1978.0;1;2;9;6;0;0;-1
202400044225;203 883 565;155 703 912;A01;1;1;1;1;1982.0;4;1;-1;-1;-1; -1;-1
202400044225;203 883 569;155 703 914;B01;1;1;4;2;2002.0;5;1;-1;-1;-1; -1;-1
202400044225;203 883 574;155 703 917;C01;2;2;1;1;2000.0;5;1;-1;-1;-1; -1;-1
202400044225;203 883 575;155 703 917;C01;1;1;4;2;2001.0;5;1;-1;-1;-1; -1;-1
202400044234;203 883 545;155 703 898;A01;1;1;1;1;1965.0;4;8;0;-1;0;0;-1
202400044234;203 883 548;155 703 899;B01;1;1;4;2;1967.0;0;8;0;-1;0;0;-1
202400044251;203 883 504;155 703 866;A01;1;1;4;2;1999.0;0;1;0;0;-1; -1;-1
202400044251;203 883 507;155 703 869;B01;1;1;1;1;1996.0;9;1;0;0;-1; -1;-1
202400044259;203 883 485;155 703 852;A01;1;1;4;1;1971.0;1;2;0;0;-1; -1;-1
202400044275;203 883 450;155 703 820;A01;1;1;3;1;1967.0;5;2;6;-1;0;0;-1
202400044281;203 883 436;155 703 809;A01;1;1;4;1;1993.0;0;1;-1;-1;0;0;-1
202400044281;203 883 439;155 703 811;B01;1;1;1;1;1986.0;0;1;-1;-1;0;0;-1
202400044293;203 883 396;155 703 784;A01;1;1;1;1;1991.0;5;1;-1;-1;0;0;-1
202400044293;203 883 400;155 703 786;B01;10;3;3;1;1989.0;5;0;-1;-1;1;A;3
202400044293;203 883 401;155 703 786;B01;2;2;1;1;1991.0;5;1;-1;-1;0;0;-1
202400044293;203 883 404;155 703 786;B01;4;2;1;2;1988.0;5;1;-1;-1;0;0;-1
202400044293;203 883 406;155 703 786;B01;3;2;1;2;1991.0;5;1;-1;-1;0;0;-1
202400044293;203 883 407;155 703 786;B01;1;1;1;2;1990.0;5;1;-1;-1;0;0;-1
202400044296;203 883 393;155 703 781;A01;1;1;1;2;1999.0;9;8;0;0;-1; -1;-1
202400044296;203 883 394;155 703 781;A01;10;3;4;1;1970.0;9;0;0;0;2;3;1
202400044306;203 883 370;155 703 765;A01;1;1;1;1;1988.0;5;1;-1;-1;0;0;-1
202400044306;203 883 371;155 703 765;A01;2;2;4;2;1989.0;5;1;-1;-1;0;0;-1
202400044306;203 883 372;155 703 765;A01;7;2;1;2;2010.0;5;1;-1;-1;0;0;-1
202400044306;203 883 373;155 703 765;A01;9;2;1;2;2016.0;5;1;-1;-1;0;0;-1
202400044306;203 883 379;155 703 771;B01;1;1;1;1;1981.0;5;1;-1;-1;0;0;-1
202400044310;203 883 355;155 703 755;A01;1;1;1;1;1993.0;5;1;0;0;-1; -1;-1
202400044310;203 883 357;155 703 755;A01;2;2;4;1;1998.0;5;1;0;0;-1; -1;-1
202400044310;203 883 358;155 703 755;A01;4;2;4;1;1996.0;5;1;0;0;-1; -1;-1
202400044310;203 883 360;155 703 757;B01;1;1;1;1;1994.0;4;1;0;0;-1; -1;-1
202400044333;203 883 300;155 703 712;A01;1;1;3;1;2008.0;5;8;0;-1;-1; -1;-1
202400044333;203 883 302;155 703 712;A01;2;2;3;1;2006.0;0;1;0;-1;-1; -1;-1
202400044335;203 883 291;155 703 705;B01;1;1;4;2;1981.0;4;1;-1;-1;-1; -1;-1
202400044335;203 883 293;155 703 705;B01;2;2;4;1;1993.0;4;1;-1;-1;-1; -1;-1
202400044335;203 883 294;155 703 707;A01;1;1;1;1;1998.0;1;1;-1;-1;-1; -1;-1
202400044335;203 883 296;155 703 707;A01;2;2;4;1;2000.0;1;1;-1;-1;-1; -1;-1
202400044336;203 883 290;155 703 704;A01;1;1;4;1;1998.0;0;2;6;-1;-1; -1;-1
202400044347;203 883 251;155 703 680;A01;2;2;4;2;2003.0;5;1;-1;-1;0;0;-1
202400044347;203 883 253;155 703 680;A01;1;1;1;1;2004.0;5;1;-1;-1;0;0;-1
202400044379;203 883 183;155 703 634;A01;1;1;3;1;1994.0;1;2;-1;-1;0;0;-1
202400044385;203 883 169;155 703 623;B01;1;1;1;1;2001.0;3;1;-1;-1;0;0;-1
202400044385;203 883 175;155 703 626;A01;1;1;4;1;1993.0;0;2;-1;-1;0;0;-1
202400044386;203 883 167;155 703 621;B01;1;1;1;1;1988.0;4;8;0;-1;-1; -1;-1
202400044386;203 883 168;155 703 622;A01;1;1;4;1;1998.0;2;0;-1;-1;-1; -1;-1
202400044403;203 883 128;155 703 592;A01;1;1;3;1;2002.0;5;1;-1;-1;0;0;-1
202400044407;203 883 118;155 703 587;B01;1;1;2;1;1957.0;5;1;-1;-1;0;0;-1
202400044407;203 883 120;155 703 587;B01;2;2;3;2;1957.0;5;1;-1;-1;0;0;-1
202400044407;203 883 123;155 703 589;A01;1;1;1;1;1987.0;5;1;-1;-1;0;0;-1
202400044417;203 883 091;155 703 569;A01;1;1;1;-1;;-1;-1;-1;-1;-1; -1;-1
202400044417;203 883 094;155 703 569;A01;10;3;4;1;1984.0;0;8;8;-1;4;3;1
202400044419;203 883 082;155 703 564;A01;10;3;4;2;1955.0;5;0;-1;-1;5;3;1
202400044419;203 883 083;155 703 564;A01;1;1;1;2;1946.0;5;1;0;-1;-1; -1;-1
202400044429;203 883 063;155 703 550;A01;10;3;4;2;1958.0;0;0;-1;-1;1;3;1
202400044429;203 883 065;155 703 550;A01;1;1;1;1;1966.0;1;8;0;-1;-1; -1;-1
202400044431;203 883 056;155 703 547;A01;1;1;1;1;1959.0;4;1;-1;-1;0;0;-1
202400044431;203 883 057;155 703 548;B01;1;1;3;2;2010.0;5;8;-1;-1;0;0;-1
202400044443;203 883 031;155 703 525;A01;1;1;4;2;2004.0;1;1;0;-1;-1; -1;-1
202400044449;203 883 019;155 703 517;A01;2;2;4;1;1960.0;5;8;0;-1;-1; -1;-1
202400044449;203 883 020;155 703 517;A01;1;1;1;1;1975.0;5;1;0;-1;-1; -1;-1
202400044449;203 883 021;155 703 518;B01;1;1;4;1;1997.0;0;8;0;-1;-1; -1;-1
202400044468;203 882 978;155 703 483;B01;1;1;4;1;2009.0;5;2;6;-1;0;0;-1
202400044468;203 882 980;155 703 484;A01;1;1;1;1;1970.0;5;1;-1;-1;0;0;-1
202400044469;203 882 977;155 703 482;A01;3;2;4;1;2024.0;0;1;0;-1;-1; -1;-1
202400044469;203 882 979;155 703 482;A01;1;1;4;2;1997.0;0;1;0;-1;-1; -1;-1
202400044469;203 882 982;155 703 486;B01;1;1;1;2;1958.0;4;1;0;-1;-1; -1;-1
202400044497;203 882 904;155 703 422;A01;1;1;4;1;2006.0;5;2;6;-1;-1; -1;-1
202400044498;203 882 903;155 703 421;B01;1;1;4;1;2003.0;4;2;6;-1;-1; -1;-1
202400044498;203 882 906;155 703 423;A01;1;1;1;2;1948.0;9;1;0;-1;-1; -1;-1
202400044504;203 882 884;155 703 413;A01;3;2;4;2;2003.0;5;1;0;-1;0;0;-1
202400044504;203 882 887;155 703 413;A01;2;2;1;1;2004.0;5;1;0;-1;0;0;-1
202400044504;203 882 889;155 703 413;A01;5;2;1;1;2005.0;5;1;0;-1;0;0;-1
202400044504;203 882 891;155 703 413;A01;4;2;1;1;1999.0;5;1;0;-1;0;0;-1
202400044504;203 882 892;155 703 413;A01;1;1;1;1;2004.0;5;1;0;-1;0;0;-1
202400044511;203 882 859;155 703 397;A01;10;3;4;2;1960.0;5;0;-1;-1;4;3;1
202400044511;203 882 862;155 703 397;A01;1;1;1;2;1950.0;5;1;0;-1;3;3;1
202400044520;203 882 838;155 703 384;A01;1;1;1;-1;;-1;-1;-1;-1;4;3;1
202400044520;203 882 840;155 703 384;A01;10;3;4;2;1955.0;5;8;8;-1;4;3;1
202400044525;203 882 821;155 703 373;A01;10;3;3;1;1964.0;0;0;-1;-1;2;3;1
202400044525;203 882 824;155 703 373;A01;1;1;1;1;1968.0;0;1;8;-1;0;0;-1
202400044530;203 882 813;155 703 367;A01;1;1;4;2;1991.0;5;0;0;-1;0;0;-1
202400044540;203 882 786;155 703 351;A01;1;1;1;1;1992.0;1;1;-1;-1;-1; -1;-1
202400044540;203 882 792;155 703 353;B01;1;1;4;1;2004.0;1;2;-1;-1;-1; -1;-1
202400044542;203 882 784;155 703 349;B01;1;1;4;1;1994.0;9;8;0;-1;0;0;-1
202400044542;203 882 787;155 703 352;A01;2;2;1;2;1991.0;4;1;0;-1;0;0;-1
202400044542;203 882 789;155 703 352;A01;1;1;1;1;1997.0;4;8;8;-1;0;0;-1
202400044552;203 882 773;155 703 340;B01;1;1;4;2;1989.0;0;1;0;-1;-1; -1;-1
202400044552;203 882 775;155 703 342;A01;1;1;1;1;1990.0;4;1;0;-1;-1; -1;-1
202400044568;203 882 722;155 703 299;Z01;10;3;3;1;1998.0;5;0;-1;-1;1;2;1
202400044568;203 882 723;155 703 299;Z01;1;1;1;1;1999.0;5;1;0;-1;-1; -1;-1
202400044571;203 882 714;155 703 292;B01;1;1;4;2;1999.0;4;1;0;0;-1; -1;-1
202400044571;203 882 718;155 703 295;A01;1;1;4;2;2000.0;0;1;0;0;-1; -1;-1
202400044573;203 882 707;155 703 289;A01;10;3;4;1;1996.0;0;0;0;0;4;3;1
202400044573;203 882 710;155 703 289;A01;2;2;1;1;1990.0;4;8;0;0;-1; -1;-1
202400044573;203 882 711;155 703 289;A01;1;1;1;1;1998.0;4;8;0;0;-1; -1;-1
202400044578;203 882 698;155 703 281;A01;1;1;2;1;1987.0;0;1;-1;-1;-1; -1;-1
202400044578;203 882 699;155 703 282;B01;1;1;1;1;1966.0;4;1;-1;-1;-1; -1;-1
202400044589;203 882 676;155 703 265;A01;1;1;4;1;2008.0;0;8;0;0;-1; -1;-1
202400044615;203 882 620;155 703 218;A01;10;3;4;2;2010.0;5;0;-1;-1;3;3;1
202400044615;203 882 622;155 703 218;A01;1;1;1;1;1951.0;5;1;0;-1;3;3;1
202400044637;203 882 573;155 703 181;A01;1;1;3;1;1994.0;5;1;-1;-1;0;0;-1
202400044641;203 882 569;155 703 177;A01;1;1;2;2;1999.0;1;1;-1;-1;0;0;-1
202400044652;203 882 548;155 703 161;A01;1;1;1;2;1962.0;0;1;-1;-1;0;0;-1
202400044652;203 882 549;155 703 162;B01;1;1;4;1;1978.0;5;2;6;-1;0;0;-1
202400044678;203 882 481;155 703 115;B01;1;1;4;1;2002.0;0;8;-1;-1;0;0;-1
202400044678;203 882 484;155 703 117;A01;1;1;1;-1;;0;8;-1;-1;0;0;-1
202400044692;203 882 451;155 703 091;A01;1;1;1;1;1969.0;9;1;-1;-1;0;0;-1
202400044692;203 882 452;155 703 092;B01;2;2;3;2;2001.0;5;1;-1;-1;0;0;-1
202400044692;203 882 453;155 703 092;B01;1;1;1;1;2001.0;5;1;-1;-1;0;0;-1
202400044705;203 882 417;155 703 064;A01;1;1;1;1;1996.0;0;1;0;-1;0;0;-1
202400044705;203 882 418;155 703 065;B01;1;1;4;1;2003.0;0;1;0;-1;0;0;-1
202400044710;203 882 406;155 703 057;A01;10;3;4;1;1999.0;0;0;-1;-1;3;3;1
202400044710;203 882 407;155 703 057;A01;1;1;1;2;1999.0;0;1;0;-1;3;3;1
202400044712;203 882 401;155 703 054;A01;1;1;1;2;1998.0;1;8;0;-1;-1; -1;-1
202400044712;203 882 402;155 703 055;B01;1;1;4;1;1980.0;5;8;0;-1;-1; -1;-1
202400044729;203 882 357;155 703 025;B01;1;1;4;2;1969.0;4;8;0;-1;-1; -1;-1
202400044729;203 882 358;155 703 026;A01;1;1;1;1;2000.0;4;1;0;-1;-1; -1;-1
202400044732;203 882 350;155 703 018;A01;1;1;2;1;1998.0;5;8;-1;-1;-1; -1;-1
202400044769;203 882 267;155 702 952;A01;1;1;4;1;1991.0;4;2;6;-1;-1; -1;-1
202400044774;203 882 259;155 702 944;A01;1;1;1;1;2003.0;1;1;-1;-1;0;0;-1
202400044774;203 882 260;155 702 946;B01;1;1;2;1;2008.0;2;2;-1;-1;0;0;-1
202400044779;203 882 249;155 702 935;A01;1;1;4;2;1992.0;4;2;0;-1;-1;0;-1
202400044779;203 882 251;155 702 937;Z01;1;1;1;1;;9;-1;-1;-1;-1;0;-1
202400044801;203 882 199;155 702 898;A01;1;1;4;1;1999.0;0;2;0;0;-1; -1;-1
202400044801;203 882 202;155 702 901;B01;2;2;1;-1;;-1;8;8;8;-1; -1;-1
202400044801;203 882 204;155 702 901;B01;1;1;1;-1;;0;8;8;8;-1; -1;-1
202400044802;203 882 198;155 702 897;A01;1;1;1;1;2003.0;1;1;-1;-1;0;0;-1
202400044802;203 882 200;155 702 899;B01;1;1;4;1;1988.0;1;2;0;-1;0;0;-1
202400044803;203 882 196;155 702 895;A01;1;1;1;1;1966.0;0;1;-1;-1;0;0;-1
202400044803;203 882 197;155 702 896;B01;1;1;3;1;1998.0;0;2;-1;-1;0;0;-1
202400044810;203 882 176;155 702 880;D01;1;1;1;1;1994.0;0;1;8;0;-1; -1;-1
202400044810;203 882 180;155 702 882;A01;1;1;1;1;1989.0;0;1;8;0;-1; -1;-1
202400044810;203 882 182;155 702 884;B01;1;1;4;2;1970.0;0;1;0;0;-1; -1;-1
202400044810;203 882 183;155 702 885;C01;1;1;1;1;1979.0;0;1;8;0;-1; -1;-1
202400044839;203 882 115;155 702 839;B01;1;1;3;1;1981.0;1;2;0;-1;-1; -1;-1
202400044839;203 882 116;155 702 840;A01;1;1;1;1;1975.0;9;1;0;-1;-1; -1;-1
202400044842;203 882 107;155 702 833;A01;1;1;3;1;1953.0;9;1;-1;-1;0;0;-1
202400044859;203 882 061;155 702 798;C01;1;1;1;1;1984.0;1;1;0;-1;-1; -1;-1
202400044859;203 882 062;155 702 800;A01;1;1;4;1;1969.0;4;2;6;-1;-1; -1;-1
202400044859;203 882 063;155 702 801;B01;1;1;1;1;2005.0;1;1;0;-1;-1; -1;-1
202400044881;203 882 015;155 702 761;A01;1;1;4;1;1989.0;5;1;8;-1;-1; -1;-1
202400044884;203 882 003;155 702 755;A01;1;1;1;2;1989.0;0;1;-1;-1;0;0;-1
202400044884;203 882 006;155 702 757;B01;1;1;4;2;1980.0;0;2;-1;-1;0;0;-1
202400044884;203 882 008;155 702 757;B01;2;2;4;2;2005.0;0;2;-1;-1;0;0;-1
202400044886;203 881 995;155 702 749;A01;1;1;3;1;1985.0;0;2;-1;-1;0;0;-1
202400044886;203 881 996;155 702 750;B01;1;1;1;1;1987.0;3;1;-1;-1;0;0;-1
202400044894;203 881 972;155 702 734;B01;2;2;1;1;2013.0;5;1;-1;-1;0;0;-1
202400044894;203 881 976;155 702 734;B01;1;1;4;2;1986.0;5;1;-1;-1;0;0;-1
202400044894;203 881 978;155 702 736;C01;1;1;4;1;1972.0;3;1;-1;-1;0;0;-1
202400044894;203 881 980;155 702 738;A01;1;1;4;1;2004.0;4;1;-1;-1;0;0;-1
202400044897;203 881 962;155 702 728;A01;1;1;1;1;1982.0;4;1;-1;-1;0;0;-1
202400044897;203 881 964;155 702 730;B01;1;1;3;1;2000.0;0;1;-1;-1;0;0;-1
202400044912;203 881 926;155 702 703;B01;1;1;3;1;2003.0;5;2;6;-1;0;0;-1
202400044912;203 881 930;155 702 706;A01;1;1;1;1;1971.0;1;1;-1;-1;0;0;-1
202400044915;203 881 921;155 702 700;A01;10;3;4;1;1966.0;5;0;-1;-1;5;9;1
202400044915;203 881 922;155 702 700;A01;1;1;1;1;2013.0;5;2;4;-1;0;0;-1
202400044930;203 881 873;155 702 667;A01;1;1;1;2;1980.0;3;1;0;-1;-1; -1;-1
202400044930;203 881 875;155 702 668;B01;1;1;4;1;1971.0;3;2;0;-1;-1; -1;-1
202400044934;203 881 863;155 702 658;A01;1;1;4;1;1965.0;1;1;4;-1;-1; -1;-1
202400044934;203 881 865;155 702 659;B01;1;1;4;1;1998.0;1;1;4;-1;-1; -1;-1
202400044934;203 881 866;155 702 660;C01;1;1;1;1;1993.0;1;1;4;-1;-1; -1;-1
202400044942;203 881 847;155 702 643;B01;1;1;4;1;1989.0;4;1;0;-1;-1; -1;-1
202400044942;203 881 850;155 702 646;C01;1;1;4;2;1997.0;1;1;4;-1;-1; -1;-1
202400044942;203 881 852;155 702 648;A01;1;1;4;1;1962.0;1;1;0;-1;-1; -1;-1
202400044956;203 881 809;155 702 616;B01;4;2;4;1;2017.0;0;1;0;-1;-1; -1;-1
202400044956;203 881 810;155 702 616;B01;2;2;4;1;2014.0;0;1;0;-1;-1; -1;-1
202400044956;203 881 811;155 702 616;B01;3;2;4;1;1984.0;0;1;0;-1;-1; -1;-1
202400044956;203 881 813;155 702 616;B01;1;1;1;1;2000.0;0;1;0;-1;-1; -1;-1
202400044956;203 881 816;155 702 619;A01;1;1;1;1;1995.0;0;1;0;-1;-1; -1;-1
202400044960;203 881 806;155 702 612;A01;1;1;4;1;1995.0;4;1;0;-1;-1; -1;-1
202400044967;203 881 789;155 702 598;B01;1;1;4;1;2003.0;9;2;6;-1;-1; -1;-1
202400044967;203 881 791;155 702 600;A01;1;1;1;1;1978.0;9;8;8;-1;-1; -1;-1
202400044986;203 881 747;155 702 567;B01;1;1;4;1;1962.0;0;2;0;-1;-1; -1;-1
202400044986;203 881 750;155 702 570;A01;1;1;1;2;1964.0;0;1;8;-1;-1; -1;-1
202400044997;203 881 715;155 702 544;A01;2;2;1;1;2013.0;0;8;0;-1;-1; -1;-1
202400044997;203 881 718;155 702 544;A01;1;1;4;2;1977.0;0;8;0;-1;-1; -1;-1
202400044997;203 881 720;155 702 548;B01;1;1;4;2;1965.0;0;8;0;-1;-1; -1;-1
202400045014;203 881 681;155 702 517;B01;1;1;4;1;1974.0;0;2;0;0;-1; -1;-1
202400045014;203 881 684;155 702 521;A01;1;1;1;1;1951.0;0;1;0;0;-1; -1;-1
202400045017;203 881 673;155 702 511;B01;2;2;1;2;2013.0;9;1;0;0;-1; -1;-1
202400045017;203 881 674;155 702 511;B01;1;1;4;2;1985.0;9;1;0;0;-1; -1;-1
202400045017;203 881 676;155 702 513;A01;1;1;4;2;1962.0;0;1;0;0;-1; -1;-1
202400045022;203 881 650;155 702 500;A01;1;1;4;1;1988.0;0;1;8;-1;0;0;-1
202400045022;203 881 653;155 702 503;B01;3;2;1;2;2000.0;1;1;8;-1;0;0;-1
202400045022;203 881 654;155 702 503;B01;1;1;4;1;1974.0;0;1;8;-1;0;0;-1
202400045022;203 881 655;155 702 503;B01;2;2;1;2;2004.0;1;1;8;-1;0;0;-1
202400045022;203 881 657;155 702 505;C01;3;2;1;1;2021.0;0;3;8;-1;0;0;-1
202400045022;203 881 659;155 702 505;C01;4;2;1;2;1992.0;0;1;8;-1;0;0;-1
202400045022;203 881 662;155 702 505;C01;1;1;4;2;1989.0;0;1;8;-1;0;0;-1
202400045022;203 881 664;155 702 505;C01;5;2;1;1;1986.0;0;1;8;-1;0;0;-1
202400045022;203 881 666;155 702 505;C01;2;2;1;1;1988.0;0;1;8;-1;0;0;-1
202400045033;203 881 625;155 702 482;A01;1;1;1;1;1963.0;5;1;0;-1;0;0;-1
202400045033;203 881 628;155 702 484;B01;2;2;1;1;1998.0;0;8;0;-1;0;0;-1
202400045033;203 881 629;155 702 484;B01;1;1;3;1;1988.0;5;8;0;-1;0;0;-1
202400045049;203 881 583;155 702 454;A01;1;1;4;2;1986.0;0;1;0;-1;-1; -1;-1
202400045061;203 881 554;155 702 430;A01;2;2;4;2;1968.0;5;1;0;-1;0;0;-1
202400045061;203 881 555;155 702 430;A01;1;1;1;1;1966.0;5;1;0;-1;0;0;-1
202400045061;203 881 558;155 702 433;B01;2;2;4;1;2006.0;5;1;0;-1;0;0;-1
202400045061;203 881 560;155 702 433;B01;1;1;4;1;2001.0;5;1;0;-1;0;0;-1
202400045061;203 881 562;155 702 436;D01;1;1;4;1;1977.0;1;1;0;-1;0;0;-1
202400045061;203 881 564;155 702 438;C01;1;1;4;1;1985.0;4;1;0;-1;0;0;-1
202400045064;203 881 548;155 702 425;A01;1;1;1;1;1970.0;5;1;8;-1;-1; -1;-1
202400045064;203 881 553;155 702 429;B01;1;1;4;1;1984.0;5;2;6;-1;-1; -1;-1
202400045068;203 881 536;155 702 417;A01;1;1;1;1;1937.0;5;1;-1;-1;0;0;-1
202400045068;203 881 542;155 702 420;B01;1;1;3;1;1972.0;0;2;-1;-1;0;0;-1
202400045074;203 881 523;155 702 407;B01;1;1;2;2;1983.0;1;2;6;-1;0;0;-1
202400045074;203 881 530;155 702 412;A01;1;1;1;2;1977.0;1;1;-1;-1;0;0;-1
202400045080;203 881 502;155 702 391;A01;1;1;1;2;2003.0;5;0;-1;-1;0;0;-1
202400045080;203 881 509;155 702 395;B01;1;1;3;1;2010.0;5;0;-1;-1;2;3;3
202400045094;203 881 464;155 702 363;A01;1;1;1;1;1990.0;4;1;0;0;-1; -1;-1
202400045094;203 881 468;155 702 366;B01;1;1;1;1;2002.0;1;1;0;0;-1; -1;-1
202400045094;203 881 472;155 702 370;C01;1;1;4;1;1997.0;1;2;6;0;-1; -1;-1
202400045095;203 881 466;155 702 364;B01;1;1;1;1;1986.0;0;1;-1;-1;-1; -1;-1
202400045095;203 881 470;155 702 368;A01;1;1;4;1;2007.0;0;2;7;-1;-1; -1;-1
202400045131;203 881 390;155 702 303;A01;1;1;4;1;2000.0;5;1;8;-1;-1; -1;-1
202400045131;203 881 392;155 702 303;A01;4;2;4;1;1997.0;5;1;8;-1;-1; -1;-1
202400045131;203 881 394;155 702 303;A01;2;2;3;1;2000.0;5;1;8;-1;-1; -1;-1
202400045154;203 881 335;155 702 263;A01;3;2;1;1;2015.0;9;1;-1;-1;0;0;-1
202400045154;203 881 337;155 702 263;A01;2;2;1;2;1959.0;9;1;-1;-1;0;0;-1
202400045154;203 881 338;155 702 263;A01;4;2;4;1;2017.0;9;1;-1;-1;0;0;-1
202400045154;203 881 340;155 702 263;A01;5;2;1;1;2021.0;9;1;-1;-1;0;0;-1
202400045154;203 881 343;155 702 263;A01;1;1;1;2;1985.0;9;1;-1;-1;0;0;-1
202400045154;203 881 346;155 702 268;B01;1;1;3;1;1965.0;0;2;6;-1;0;0;-1
202400045158;203 881 327;155 702 256;A01;1;1;1;1;1969.0;0;1;0;0;-1; -1;-1
202400045158;203 881 330;155 702 260;B01;1;1;4;1;1972.0;0;2;6;0;-1; -1;-1
202400045169;203 881 301;155 702 236;A01;1;1;3;1;1966.0;0;0;-1;-1;0;0;-1
202400045174;203 881 289;155 702 225;B01;1;1;1;1;1981.0;4;1;-1;-1;0;0;-1
202400045174;203 881 292;155 702 227;A01;1;1;3;1;1987.0;1;2;6;-1;0;0;-1
202400045174;203 881 294;155 702 230;C01;1;1;1;1;1991.0;0;1;-1;-1;0;0;-1
202400045174;203 881 296;155 702 231;D01;1;1;1;1;1976.0;0;1;-1;-1;0;0;-1
202400045174;203 881 299;155 702 234;E01;1;1;1;1;1972.0;4;1;-1;-1;0;0;-1
202400045189;203 881 249;155 702 198;A01;1;1;4;1;2005.0;5;2;0;0;-1; -1;-1
202400045191;203 881 241;155 702 191;A01;1;1;3;1;1984.0;4;1;-1;-1;0;0;-1
202400045196;203 881 228;155 702 182;A01;1;1;1;1;1997.0;1;1;0;-1;-1; -1;-1
202400045196;203 881 232;155 702 183;B01;1;1;4;2;2004.0;1;1;0;-1;-1; -1;-1
202400045196;203 881 236;155 702 187;C01;1;1;1;1;1992.0;1;1;0;-1;-1; -1;-1
202400045196;203 881 239;155 702 189;D01;1;1;1;1;1995.0;1;1;0;-1;-1; -1;-1
202400045251;203 881 111;155 702 091;B01;1;1;1;1;1994.0;4;1;0;-1;0;0;-1
202400045251;203 881 113;155 702 092;A01;1;1;3;1;1973.0;4;1;0;-1;0;0;-1
202400045260;203 881 088;155 702 071;A01;1;1;4;1;1999.0;0;1;0;-1;-1; -1;-1
202400045262;203 881 084;155 702 068;A01;1;1;4;1;2003.0;5;1;0;0;-1; -1;-1
202400045304;203 880 990;155 702 000;A01;1;1;1;2;2002.0;1;1;0;-1;-1; -1;-1
202400045304;203 880 994;155 702 004;B01;1;1;4;2;1980.0;9;1;0;-1;-1; -1;-1
202400045310;203 880 978;155 701 990;A01;1;1;1;1;1986.0;4;1;0;0;-1; -1;-1
202400045310;203 880 981;155 701 994;B01;2;2;4;1;1995.0;4;1;0;0;-1; -1;-1
202400045310;203 880 984;155 701 994;B01;1;1;4;2;1966.0;4;1;0;0;-1; -1;-1
202400045310;203 880 988;155 701 998;C01;1;1;1;1;1984.0;4;1;0;0;-1; -1;-1
202400045325;203 880 938;155 701 963;C01;2;2;4;2;1986.0;9;1;0;-1;-1; -1;-1
202400045325;203 880 943;155 701 963;C01;1;1;1;1;1976.0;9;1;0;-1;-1; -1;-1
202400045325;203 880 949;155 701 969;A01;2;2;4;2;2014.0;5;1;0;-1;-1; -1;-1
202400045325;203 880 950;155 701 969;A01;1;1;4;2;1980.0;5;1;0;-1;-1; -1;-1
202400045325;203 880 953;155 701 971;B01;2;2;4;1;2014.0;4;1;0;-1;-1; -1;-1
202400045325;203 880 954;155 701 971;B01;2;2;4;2;2016.0;4;1;0;-1;-1; -1;-1
202400045325;203 880 957;155 701 971;B01;1;1;4;1;1980.0;4;1;0;-1;-1; -1;-1
202400045334;203 880 922;155 701 952;A01;10;3;3;1;1950.0;0;0;-1;-1;3;3;1
202400045334;203 880 923;155 701 952;A01;1;1;1;2;1984.0;5;1;-1;-1;0;0;-1
202400045334;203 880 928;155 701 955;B01;1;1;1;2;1964.0;0;1;-1;-1;0;0;-1
202400045346;203 880 894;155 701 931;A01;1;1;4;1;1999.0;1;2;6;-1;-1; -1;-1
202400045389;203 880 793;155 701 856;B01;1;1;1;2;1997.0;5;1;-1;-1;0;0;-1
202400045389;203 880 803;155 701 862;A01;2;2;4;1;1975.0;9;8;-1;-1;0;0;-1
202400045418;203 880 726;155 701 805;A01;1;1;1;2;1996.0;0;1;0;-1;-1; -1;-1
202400045418;203 880 731;155 701 808;B01;1;1;4;1;1972.0;1;2;0;-1;-1; -1;-1
202400045429;203 880 703;155 701 784;B01;2;2;4;2;2004.0;0;1;0;-1;-1; -1;-1
202400045429;203 880 704;155 701 784;B01;1;1;4;1;2001.0;5;1;0;-1;-1; -1;-1
202400045429;203 880 705;155 701 786;A01;1;1;1;1;1986.0;5;1;0;-1;-1; -1;-1
202400045438;203 880 681;155 701 767;A01;1;1;3;1;1988.0;4;1;-1;-1;0;0;-1
202400045438;203 880 684;155 701 770;B01;1;1;1;1;1966.0;4;1;-1;-1;0;0;-1
202400045440;203 880 677;155 701 765;A01;10;3;3;2;1945.0;5;0;-1;-1;1;3;1
202400045440;203 880 679;155 701 765;A01;1;1;1;2;2004.0;5;1;0;-1;-1; -1;-1
202400045444;203 880 668;155 701 760;A01;1;1;3;1;1968.0;5;2;6;9;0;0;-1
202400045449;203 880 655;155 701 748;A01;1;1;4;1;1996.0;5;2;6;-1;-1; -1;-1
202400045467;203 880 615;155 701 716;A01;10;3;3;1;1966.0;0;0;-1;-1;2;5;1
202400045467;203 880 619;155 701 716;A01;1;1;1;1;1990.0;0;1;0;-1;-1; -1;-1
202400045484;203 880 579;155 701 693;A01;2;2;3;2;2000.0;5;1;4;-1;-1; -1;-1
202400045484;203 880 582;155 701 693;A01;1;1;1;1;2001.0;5;1;4;-1;-1; -1;-1
202400045490;203 880 567;155 701 682;A01;1;1;1;1;2002.0;0;1;-1;-1;0;0;-1
202400045490;203 880 571;155 701 685;B01;1;1;4;1;1998.0;0;2;6;9;0;0;-1
202400045510;203 880 515;155 701 641;B01;1;1;1;1;2005.0;0;1;0;-1;-1; -1;-1
202400045510;203 880 519;155 701 643;A01;1;1;4;1;1988.0;0;2;0;-1;-1; -1;-1
202400045521;203 880 480;155 701 617;A01;10;3;3;1;1954.0;5;8;8;-1;2;3;1
202400045521;203 880 483;155 701 617;A01;1;1;1;1;1945.0;5;8;0;-1;-1; -1;-1
202400045532;203 880 461;155 701 600;A01;10;3;4;1;1983.0;0;0;-1;-1;2;3;1
202400045532;203 880 462;155 701 600;A01;1;1;1;1;1972.0;5;2;8;-1;-1; -1;-1
202400045564;203 880 384;155 701 539;A01;1;1;1;2;2002.0;0;1;8;-1;-1; -1;-1
202400045564;203 880 388;155 701 543;B01;1;1;4;1;1979.0;0;2;0;-1;-1; -1;-1
202400045586;203 880 326;155 701 496;A01;1;1;4;1;1972.0;5;2;0;-1;0;0;-1
202400045586;203 880 329;155 701 498;B01;1;1;1;1;1995.0;1;1;0;-1;0;0;-1
202400045589;203 880 322;155 701 493;A01;1;1;1;1;1972.0;4;1;0;0;-1; -1;-1
202400045589;203 880 324;155 701 494;B01;1;1;4;1;1972.0;1;1;0;0;-1; -1;-1
202400045613;203 880 259;155 701 450;A01;10;3;4;1;2000.0;5;0;-1;-1;2;3;1
202400045613;203 880 260;155 701 450;A01;1;1;1;2;1953.0;5;8;0;-1;-1; -1;-1
202400045622;203 880 241;155 701 435;A01;1;1;4;1;1988.0;1;2;6;-1;0;0;-1
202400045626;203 880 236;155 701 429;A01;1;1;3;1;1951.0;5;1;-1;-1;0;0;-1
202400045628;203 880 230;155 701 425;A01;1;1;1;-1;;-1;-1;-1;-1;-1; -1;-1
202400045628;203 880 232;155 701 425;A01;2;2;4;1;2005.0;0;8;0;-1;-1; -1;-1
202400045637;203 880 209;155 701 405;A01;3;2;1;1;2021.0;0;3;8;-1;-1; -1;-1
202400045637;203 880 210;155 701 405;A01;1;1;4;2;1991.0;0;1;0;-1;-1; -1;-1
202400045637;203 880 212;155 701 407;Z01;1;1;1;-1;;-1;-1;-1;-1;-1; -1;-1
202400045639;203 880 205;155 701 402;A01;1;1;3;2;1955.0;5;1;-1;-1;0;0;-1
202400045645;203 880 191;155 701 390;A01;1;1;2;1;1977.0;5;2;6;-1;0;0;-1
202400045645;203 880 193;155 701 391;B01;1;1;1;1;1975.0;5;1;-1;-1;0;0;-1
202400045673;203 880 134;155 701 346;A01;1;1;3;1;1985.0;1;0;-1;-1;0;0;-1
202400045687;203 880 106;155 701 325;B01;1;1;4;2;1980.0;1;8;0;-1;0;0;-1
202400045687;203 880 108;155 701 326;A01;1;1;1;1;1979.0;4;8;0;-1;0;0;-1
202400045698;203 880 081;155 701 304;A01;1;1;1;1;2000.0;0;1;0;-1;-1; -1;-1
202400045698;203 880 084;155 701 307;B01;1;1;4;1;1999.0;0;2;6;-1;-1; -1;-1
202400045703;203 880 068;155 701 295;A01;1;1;1;-1;;-1;-1;-1;-1;-1; -1;-1
202400045703;203 880 069;155 701 295;A01;10;3;4;1;1989.0;5;0;-1;-1;1;9;3
202400045706;203 880 061;155 701 289;A01;1;1;4;1;1996.0;4;1;0;-1;0;0;-1
202400045706;203 880 065;155 701 293;B01;1;1;1;1;1975.0;4;1;-1;-1;0;0;-1
202400045708;203 880 056;155 701 285;A01;1;1;3;1;1994.0;0;2;8;-1;0;0;-1
202400045710;203 880 053;155 701 281;A01;1;1;3;1;2004.0;5;0;-1;-1;0;0;-1
202400045717;203 880 035;155 701 268;A01;1;1;1;2;1996.0;0;1;0;-1;-1; -1;-1
202400045717;203 880 039;155 701 272;B01;1;1;4;1;2000.0;4;1;0;-1;-1; -1;-1
202400045721;203 880 029;155 701 262;A01;1;1;1;1;1969.0;1;1;0;-1;0;0;-1
202400045721;203 880 032;155 701 266;B01;1;1;4;1;1982.0;9;1;0;-1;0;0;-1
202400045738;203 879 991;155 701 231;A01;2;2;1;2;2011.0;2;1;-1;-1;0;0;-1
202400045738;203 879 994;155 701 231;A01;1;1;4;1;1947.0;2;1;-1;-1;0;0;-1
202400045738;203 880 001;155 701 239;B01;1;1;1;1;1980.0;5;1;-1;-1;0;0;-1
202400045749;203 879 972;155 701 213;A01;1;1;4;2;1999.0;1;2;0;-1;-1; -1;-1
202400045751;203 879 975;155 701 215;A01;1;1;4;1;1981.0;5;0;-1;-1;0;0;-1
202400045760;203 879 946;155 701 193;A01;2;2;1;2;2001.0;5;2;6;-1;0;0;-1
202400045760;203 879 948;155 701 193;A01;1;1;4;1;1988.0;5;2;6;-1;0;0;-1
202400045760;203 879 951;155 701 196;B01;1;1;1;2;2003.0;9;1;0;-1;0;0;-1
202400045762;203 879 945;155 701 191;B01;1;1;1;1;2006.0;0;1;-1;-1;0;0;-1
202400045762;203 879 950;155 701 195;A01;1;1;3;1;2010.0;5;2;-1;-1;0;0;-1
202400045767;203 879 933;155 701 180;A01;1;1;4;1;1958.0;5;1;-1;-1;0;0;-1
202400045767;203 879 935;155 701 182;B01;1;1;3;1;1939.0;5;1;-1;-1;0;0;-1
202400045786;203 879 887;155 701 141;Z01;1;1;1;-1;;-1;8;8;8;-1; -1;-1
202400045786;203 879 894;155 701 147;B01;1;1;4;2;1957.0;0;2;0;0;-1; -1;-1
202400045790;203 879 879;155 701 134;A01;1;1;1;1;1999.0;0;1;0;0;-1; -1;-1
202400045790;203 879 885;155 701 139;B01;1;1;4;1;1982.0;0;8;0;0;-1; -1;-1
202400045792;203 879 878;155 701 133;A01;1;1;4;1;1994.0;5;8;0;-1;0;0;-1
202400045792;203 879 882;155 701 138;B01;1;1;1;2;1974.0;4;1;8;-1;0;0;-1
202400045808;203 879 842;155 701 109;A01;4;2;1;1;2002.0;5;0;-1;-1;0;0;-1
202400045808;203 879 844;155 701 109;A01;1;1;1;1;2002.0;5;0;-1;-1;0;0;-1
202400045808;203 879 850;155 701 113;B01;10;3;2;1;2004.0;5;0;-1;-1;9;2;2
202400045808;203 879 851;155 701 113;B01;5;2;1;1;2006.0;5;0;-1;-1;0;0;-1
202400045808;203 879 855;155 701 113;B01;3;2;1;1;2005.0;5;0;-1;-1;0;0;-1
202400045808;203 879 856;155 701 113;B01;2;2;1;2;2000.0;5;0;-1;-1;0;0;-1
202400045808;203 879 858;155 701 113;B01;4;2;1;1;2000.0;5;0;-1;-1;0;0;-1
202400045808;203 879 859;155 701 113;B01;1;1;1;1;1992.0;5;0;-1;-1;0;0;-1
202400045811;203 879 832;155 701 102;A01;10;3;4;2;1979.0;5;0;-1;-1;4;3;1
202400045811;203 879 834;155 701 102;A01;1;1;1;2;1995.0;9;2;0;-1;0;0;-1
202400045817;203 879 816;155 701 088;Z01;1;1;1;-1;;-1;-1;-1;-1;-1; -1;-1
202400045817;203 879 820;155 701 092;B01;1;1;4;2;1988.0;5;8;4;-1;-1; -1;-1
202400045820;203 879 813;155 701 085;A01;1;1;1;1;1987.0;0;8;0;0;-1; -1;-1
202400045820;203 879 815;155 701 087;B01;1;1;4;1;1996.0;4;1;0;0;-1; -1;-1
202400045821;203 879 810;155 701 083;A01;10;3;3;1;1953.0;5;0;-1;-1;3;3;1
202400045821;203 879 812;155 701 083;A01;1;1;1;1;1949.0;5;8;-1;-1;0;0;-1
202400045822;203 879 807;155 701 081;A01;1;1;1;1;1969.0;5;8;0;-1;0;0;-1
202400045822;203 879 811;155 701 084;B01;1;1;4;2;1979.0;0;8;0;-1;-1; -1;-1
202400045835;203 879 774;155 701 058;B01;1;1;4;1;1989.0;0;8;0;0;-1; -1;-1
202400045835;203 879 776;155 701 060;A01;1;1;1;-1;;-1;8;8;8;-1; -1;-1
202400045838;203 879 768;155 701 054;A01;10;3;4;2;2002.0;0;8;8;-1;3;3;1
202400045838;203 879 770;155 701 054;A01;1;1;1;1;1960.0;0;1;0;-1;0;0;-1
202400045842;203 879 762;155 701 050;A01;1;1;3;1;1974.0;4;1;-1;-1;0;0;-1
202400045871;203 879 697;155 701 001;A01;1;1;4;2;1938.0;0;1;0;0;-1; -1;-1
202400045871;203 879 702;155 701 006;B01;1;1;1;1;1969.0;0;1;0;0;-1; -1;-1
202400045875;203 879 680;155 700 991;A01;1;1;2;1;2005.0;0;1;-1;-1;0;0;-1
202400045877;203 879 681;155 700 992;A01;1;1;4;1;1998.0;5;2;6;0;-1; -1;-1
202400045877;203 879 685;155 700 994;B01;1;1;1;2;2000.0;5;1;0;0;-1; -1;-1
202400045889;203 879 657;155 700 971;A01;1;1;4;1;2000.0;5;8;-1;-1;0;0;-1
202400045907;203 879 609;155 700 935;C01;1;1;4;2;1993.0;0;1;-1;-1;-1; -1;-1
202400045907;203 879 612;155 700 938;B01;1;1;1;2;1983.0;0;1;-1;-1;-1; -1;-1
202400045907;203 879 615;155 700 940;A01;2;2;4;1;1981.0;1;1;-1;-1;-1; -1;-1
202400045907;203 879 618;155 700 940;A01;1;1;4;1;1968.0;1;1;-1;-1;-1; -1;-1
202400045916;203 879 580;155 700 914;A01;1;1;1;1;1992.0;1;1;0;-1;-1; -1;-1
202400045916;203 879 584;155 700 918;B01;1;1;4;1;1997.0;1;2;6;-1;-1; -1;-1
202400045923;203 879 563;155 700 903;A01;1;1;1;2;1993.0;1;8;-1;-1;0;0;-1
202400045923;203 879 565;155 700 905;B01;1;1;3;1;2003.0;5;2;-1;-1;0;0;-1
202400045924;203 879 560;155 700 899;A01;1;1;4;1;1962.0;5;4;-1;-1;0;0;-1
202400045924;203 879 562;155 700 902;B01;1;1;3;2;1955.0;5;2;4;-1;0;0;-1
202400045930;203 879 543;155 700 886;A01;1;1;4;2;1994.0;0;1;0;-1;-1; -1;-1
202400045930;203 879 546;155 700 890;B01;2;2;4;2;1986.0;0;1;0;-1;-1; -1;-1
202400045930;203 879 547;155 700 890;B01;3;2;4;2;2017.0;0;1;0;-1;-1; -1;-1
202400045930;203 879 549;155 700 890;B01;1;1;4;1;1986.0;0;1;0;-1;-1; -1;-1
202400045931;203 879 541;155 700 884;B01;1;1;3;1;1971.0;5;2;-1;-1;0;0;-1
202400045931;203 879 544;155 700 887;A01;1;1;3;1;1981.0;5;2;6;-1;0;0;-1
202400045956;203 879 484;155 700 842;A01;1;1;4;1;2001.0;0;8;0;-1;-1; -1;-1
202400045957;203 879 483;155 700 841;A01;1;1;4;1;2003.0;1;1;-1;-1;0;0;-1
202400045957;203 879 486;155 700 844;B01;1;1;4;2;1968.0;1;1;-1;-1;0;0;-1
202400045964;203 879 472;155 700 832;A01;2;2;4;2;1984.0;5;1;-1;-1;0;0;-1
202400045964;203 879 476;155 700 832;A01;1;1;4;2;1985.0;5;1;-1;-1;0;0;-1
202400046023;203 879 327;155 700 727;B01;1;1;4;1;1989.0;5;1;-1;-1;-1; -1;-1
202400046023;203 879 335;155 700 732;A01;1;1;1;1;2005.0;5;1;-1;-1;-1; -1;-1
202400046037;203 879 297;155 700 704;A01;1;1;1;2;1983.0;4;1;0;-1;-1; -1;-1
202400046037;203 879 299;155 700 704;A01;10;3;3;2;1946.0;5;0;-1;-1;1;3;1
202400046044;203 879 286;155 700 695;A01;10;3;4;1;1954.0;5;0;-1;-1;5;2;1
202400046044;203 879 287;155 700 695;A01;2;2;1;2;1975.0;0;1;0;-1;-1; -1;-1
202400046044;203 879 289;155 700 695;A01;1;1;1;1;1976.0;0;1;0;-1;-1; -1;-1
202400046049;203 879 271;155 700 684;C01;3;2;4;2;2005.0;-1;1;-1;-1;0;0;-1
202400046049;203 879 272;155 700 684;C01;2;2;4;1;1954.0;-1;1;-1;-1;0;0;-1
202400046049;203 879 273;155 700 684;C01;1;1;1;1;1959.0;3;1;-1;-1;0;0;-1
202400046049;203 879 276;155 700 687;A01;3;2;4;1;2010.0;3;0;-1;-1;0;0;-1
202400046049;203 879 279;155 700 687;A01;2;2;1;2;1979.0;3;1;-1;-1;0;0;-1
202400046049;203 879 281;155 700 687;A01;1;1;1;1;1952.0;3;1;-1;-1;0;0;-1
202400046049;203 879 285;155 700 694;B01;1;1;1;1;1971.0;3;1;-1;-1;0;0;-1
202400046055;203 879 258;155 700 673;A01;1;1;2;1;1973.0;5;1;-1;-1;0;0;-1
202400046055;203 879 261;155 700 677;B01;1;1;3;2;1975.0;5;1;-1;-1;0;0;-1
202400046056;203 879 255;155 700 671;B01;2;2;4;2;1946.0;9;1;-1;-1;0;0;-1
202400046056;203 879 256;155 700 671;B01;1;1;4;2;1947.0;0;1;-1;-1;0;0;-1
202400046056;203 879 259;155 700 675;A01;1;1;1;2;2006.0;0;1;-1;-1;0;0;-1
202400046057;203 879 253;155 700 670;A01;1;1;3;1;1966.0;1;2;6;9;0;0;-1
202400046060;203 879 246;155 700 667;B01;2;2;4;2;2000.0;0;2;0;-1;-1; -1;-1
202400046060;203 879 250;155 700 667;B01;1;1;4;1;2002.0;0;2;0;-1;-1; -1;-1
202400046060;203 879 254;155 700 672;A01;1;1;1;1;1981.0;0;1;0;-1;-1; -1;-1
202400046072;203 879 225;155 700 647;B01;1;1;4;2;1977.0;1;1;0;-1;-1; -1;-1
202400046072;203 879 230;155 700 651;A01;1;1;1;1;1971.0;4;1;0;-1;-1; -1;-1
202400046083;203 879 203;155 700 627;A01;2;2;4;1;2008.0;0;2;8;-1;-1; -1;-1
202400046083;203 879 207;155 700 627;A01;1;1;4;1;2010.0;0;2;-1;-1;-1; -1;-1
202400046086;203 879 200;155 700 622;A01;1;1;3;1;1972.0;9;2;6;-1;0;0;-1
202400046103;203 879 160;155 700 591;A01;1;1;3;2;1963.0;5;1;-1;-1;0;0;-1
202400046103;203 879 165;155 700 593;B01;1;1;1;1;1952.0;5;1;-1;-1;0;0;-1
202400046107;203 879 147;155 700 581;A01;7;2;4;1;1972.0;4;1;-1;-1;0;0;-1
202400046107;203 879 149;155 700 581;A01;2;2;4;2;2001.0;4;1;-1;-1;0;0;-1
202400046107;203 879 153;155 700 581;A01;1;1;1;1;2000.0;4;1;-1;-1;0;0;-1
202400046107;203 879 156;155 700 588;B01;1;1;4;1;1978.0;1;1;-1;-1;0;0;-1
202400046140;203 879 070;155 700 521;A01;1;1;1;1;2006.0;5;1;8;-1;-1; -1;-1
202400046140;203 879 075;155 700 525;B01;2;2;4;2;1975.0;9;1;8;-1;-1; -1;-1
202400046140;203 879 077;155 700 525;B01;4;2;1;2;2001.0;0;1;8;-1;-1; -1;-1
202400046140;203 879 078;155 700 525;B01;1;1;4;2;1957.0;9;1;8;-1;-1; -1;-1
202400046154;203 879 033;155 700 490;B01;1;1;3;1;1998.0;5;2;-1;-1;0;0;-1
202400046154;203 879 038;155 700 495;A01;1;1;1;1;2004.0;5;1;-1;-1;0;0;-1
202400046157;203 879 031;155 700 488;A01;1;1;3;1;2007.0;0;8;0;-1;-1; -1;-1
202400046157;203 879 037;155 700 493;B01;1;1;1;1;1968.0;0;1;-1;-1;-1; -1;-1
202400046165;203 879 013;155 700 471;A01;1;1;1;1;1972.0;4;1;0;-1;-1; -1;-1
202400046165;203 879 019;155 700 475;B01;1;1;4;2;1984.0;1;2;8;-1;-1; -1;-1
202400046188;203 878 962;155 700 433;B01;1;1;4;1;1961.0;0;2;6;-1;0;0;-1
202400046188;203 878 963;155 700 435;A01;1;1;1;2;1969.0;1;1;-1;-1;0;0;-1
202400046193;203 878 945;155 700 423;A01;1;1;1;2;1978.0;9;1;8;-1;0;0;-1
202400046193;203 878 947;155 700 424;B01;1;1;4;1;1983.0;5;2;0;-1;0;0;-1
202400046195;203 878 940;155 700 420;A01;10;3;4;2;1956.0;0;0;-1;-1;2;3;1
202400046195;203 878 942;155 700 420;A01;1;1;1;2;1969.0;0;1;0;0;-1; -1;-1
202400046200;203 878 932;155 700 412;B01;1;1;4;1;2009.0;0;8;0;-1;0;0;-1
202400046200;203 878 938;155 700 418;A01;1;1;1;2;1996.0;0;1;0;-1;0;0;-1
202400046206;203 878 918;155 700 399;B01;1;1;4;1;1947.0;9;8;0;0;-1; -1;-1
202400046206;203 878 921;155 700 403;Z01;1;1;1;-1;;-1;8;0;0;-1; -1;-1
202400046208;203 878 910;155 700 394;Z01;1;1;1;1;1977.0;0;8;0;0;-1; -1;-1
202400046208;203 878 913;155 700 394;Z01;10;3;3;2;1985.0;5;0;0;0;4;3;1
202400046214;203 878 897;155 700 386;A01;2;2;1;2;1989.0;5;1;0;-1;-1; -1;-1
202400046214;203 878 899;155 700 386;A01;3;2;1;1;1983.0;0;1;0;-1;-1; -1;-1
202400046214;203 878 900;155 700 386;A01;1;1;1;1;1989.0;5;1;-1;-1;0;0;-1
202400046214;203 878 903;155 700 388;B01;2;2;3;2;2008.0;5;2;0;-1;-1; -1;-1
202400046214;203 878 904;155 700 388;B01;1;1;2;2;2009.0;5;2;0;-1;-1; -1;-1
202400046230;203 878 854;155 700 354;A01;1;1;1;1;1983.0;0;1;0;0;-1; -1;-1
202400046230;203 878 857;155 700 355;B01;1;1;4;1;1965.0;4;1;0;0;-1; -1;-1
202400046230;203 878 859;155 700 357;C01;1;1;1;2;1970.0;1;1;0;0;-1; -1;-1
202400046238;203 878 844;155 700 344;A01;1;1;4;2;2002.0;1;8;-1;-1;-1; -1;-1
202400046238;203 878 846;155 700 346;B01;1;1;1;1;1983.0;1;8;-1;-1;-1; -1;-1
202400046243;203 878 830;155 700 334;A01;2;2;4;2;1981.0;5;1;-1;-1;0;0;-1
202400046243;203 878 832;155 700 334;A01;1;1;4;1;1987.0;5;1;-1;-1;0;0;-1
202400046243;203 878 833;155 700 335;B01;1;1;1;1;1995.0;4;1;-1;-1;0;0;-1
202400046260;203 878 793;155 700 303;A01;1;1;1;1;1970.0;4;1;0;-1;-1; -1;-1
202400046260;203 878 796;155 700 303;A01;2;2;1;1;1986.0;9;1;0;-1;-1; -1;-1
202400046260;203 878 798;155 700 303;A01;4;2;1;1;1971.0;4;1;0;-1;-1; -1;-1
202400046260;203 878 802;155 700 310;B01;1;1;4;2;1994.0;1;8;0;-1;-1; -1;-1
202400046262;203 878 787;155 700 300;A01;10;3;3;1;1960.0;5;0;-1;-1;3;3;1
202400046262;203 878 789;155 700 300;A01;1;1;1;2;1951.0;5;1;0;-1;-1; -1;-1
202400046269;203 878 756;155 700 278;B01;1;1;4;1;1973.0;5;8;0;-1;0;0;-1
202400046269;203 878 759;155 700 280;A01;1;1;1;1;1996.0;4;8;0;-1;0;0;-1
202400046297;203 878 696;155 700 230;A01;1;1;1;1;1964.0;5;1;-1;-1;0;0;-1
202400046297;203 878 700;155 700 234;B01;1;1;3;2;2000.0;5;1;-1;-1;0;0;-1
202400046320;203 878 643;155 700 188;B01;1;1;1;2;1970.0;0;1;0;-1;-1; -1;-1
202400046320;203 878 645;155 700 189;A01;1;1;3;1;1961.0;0;2;0;-1;-1; -1;-1
202400046329;203 878 616;155 700 167;A01;2;2;1;1;1991.0;0;1;-1;-1;0;0;-1
202400046329;203 878 617;155 700 167;A01;3;2;1;1;2015.0;0;1;-1;-1;0;0;-1
202400046329;203 878 619;155 700 167;A01;1;1;1;1;1989.0;0;1;-1;-1;0;0;-1
202400046329;203 878 621;155 700 170;B01;2;2;1;1;2010.0;0;1;-1;-1;0;0;-1
202400046329;203 878 623;155 700 170;B01;1;1;4;1;1989.0;0;1;-1;-1;0;0;-1
202400046332;203 878 609;155 700 163;A01;1;1;3;1;1963.0;0;2;6;-1;0;0;-1
202400046332;203 878 612;155 700 164;B01;1;1;1;1;1993.0;0;1;-1;-1;0;0;-1
202400046346;203 878 577;155 700 138;A01;1;1;1;1;2006.0;0;1;-1;-1;0;0;-1
202400046346;203 878 579;155 700 141;B01;1;1;3;1;1991.0;0;1;-1;-1;0;0;-1
202400046373;203 878 507;155 700 092;C01;1;1;1;1;1987.0;0;1;8;-1;-1; -1;-1
202400046373;203 878 509;155 700 094;A01;1;1;1;2;1986.0;5;1;8;-1;-1; -1;-1
202400046373;203 878 512;155 700 094;A01;2;2;1;2;1981.0;5;1;8;-1;-1; -1;-1
202400046373;203 878 515;155 700 096;B01;1;1;4;1;2000.0;0;1;8;-1;-1; -1;-1
202400046373;203 878 516;155 700 096;B01;2;2;4;1;1997.0;0;1;8;-1;-1; -1;-1
202400046381;203 878 486;155 700 076;B01;3;2;1;2;2019.0;0;3;-1;-1;-1; -1;-1
202400046381;203 878 487;155 700 076;B01;2;2;1;1;1994.0;9;1;-1;-1;-1; -1;-1
202400046381;203 878 488;155 700 076;B01;4;2;1;1;2020.0;9;3;-1;-1;-1; -1;-1
202400046381;203 878 490;155 700 076;B01;1;1;1;2;1990.0;9;1;-1;-1;-1; -1;-1
202400046381;203 878 493;155 700 079;C01;1;1;1;2;2003.0;9;1;-1;-1;-1; -1;-1
202400046381;203 878 494;155 700 080;A01;1;1;4;2;2007.0;9;2;6;-1;-1; -1;-1
202400046393;203 878 461;155 700 056;B01;1;1;1;2;1981.0;5;1;-1;-1;0;0;-1
202400046393;203 878 462;155 700 058;A01;1;1;3;1;1941.0;5;0;-1;-1;0;0;-1
202400046396;203 878 450;155 700 049;A01;1;1;4;1;1985.0;1;8;0;-1;-1; -1;-1
202400046396;203 878 459;155 700 055;B01;2;2;1;2;1970.0;0;8;0;-1;-1; -1;-1
202400046396;203 878 460;155 700 055;B01;1;1;1;2;1960.0;0;8;0;-1;-1; -1;-1
202400046405;203 878 427;155 700 031;B01;1;1;1;1;1984.0;0;1;0;0;-1; -1;-1
202400046405;203 878 430;155 700 033;A01;1;1;4;1;1973.0;0;1;0;0;-1; -1;-1
202400046406;203 878 425;155 700 030;A01;2;2;1;1;1978.0;5;1;-1;-1;0;0;-1
202400046406;203 878 426;155 700 030;A01;4;2;1;1;2018.0;5;1;-1;-1;0;0;-1
202400046406;203 878 428;155 700 030;A01;1;1;3;1;1994.0;5;1;-1;-1;0;0;-1
202400046409;203 878 422;155 700 027;A01;1;1;3;1;2010.0;5;2;6;-1;0;0;-1
202400046412;203 878 416;155 700 021;A01;1;1;4;1;1996.0;4;2;0;0;-1; -1;-1
202400046412;203 878 420;155 700 025;B01;1;1;1;1;1987.0;4;1;0;0;-1; -1;-1
202400046413;203 878 412;155 700 017;C01;1;1;4;2;1996.0;0;1;0;0;-1; -1;-1
202400046413;203 878 414;155 700 019;A01;1;1;1;1;2000.0;0;1;0;0;-1; -1;-1
202400046413;203 878 415;155 700 020;B01;1;1;1;1;1985.0;1;1;0;0;-1; -1;-1
202400046437;203 878 358;155 699 973;B01;1;1;1;1;2001.0;1;1;-1;-1;0;0;-1
202400046437;203 878 363;155 699 977;A01;1;1;3;1;2000.0;5;2;-1;-1;0;0;-1
202400046439;203 878 351;155 699 966;A01;1;1;2;2;1993.0;5;1;-1;-1;0;0;-1
202400046439;203 878 352;155 699 967;B01;1;1;3;1;1954.0;9;1;-1;-1;0;0;-1
202400046439;203 878 355;155 699 970;C01;1;1;1;1;1981.0;1;1;-1;-1;0;0;-1
202400046441;203 878 344;155 699 962;B01;1;1;4;1;1990.0;0;1;0;-1;-1; -1;-1
202400046441;203 878 347;155 699 963;C01;1;1;1;1;1942.0;0;1;0;-1;-1; -1;-1
202400046441;203 878 348;155 699 964;A01;2;2;4;1;1999.0;0;1;0;-1;-1; -1;-1
202400046441;203 878 349;155 699 964;A01;1;1;1;1;1999.0;0;1;0;-1;-1; -1;-1
202400046446;203 878 331;155 699 955;A01;1;1;4;1;1994.0;5;1;-1;-1;0;0;-1
202400046452;203 878 321;155 699 946;A01;1;1;4;2;2001.0;1;1;-1;-1;0;0;-1
202400046456;203 878 317;155 699 942;A01;1;1;3;1;1968.0;5;2;-1;-1;0;0;-1
202400046471;203 878 272;155 699 907;A01;1;1;1;1;2003.0;5;1;0;-1;-1; -1;-1
202400046471;203 878 273;155 699 908;B01;1;1;4;1;1972.0;9;1;0;-1;-1; -1;-1
202400046471;203 878 274;155 699 908;B01;2;2;4;2;1983.0;9;1;0;-1;-1; -1;-1
202400046493;203 878 227;155 699 871;B01;2;2;1;1;1975.0;0;1;0;-1;-1; -1;-1
202400046493;203 878 228;155 699 871;B01;1;1;1;2;1973.0;0;1;0;-1;-1; -1;-1
202400046493;203 878 229;155 699 872;A01;1;1;3;2;1988.0;0;2;6;-1;-1; -1;-1
202400046495;203 878 219;155 699 865;A01;1;1;4;1;1999.0;1;2;0;-1;-1; -1;-1
202400046501;203 878 203;155 699 855;B01;1;1;4;2;1995.0;4;1;8;-1;-1; -1;-1
202400046501;203 878 207;155 699 857;A01;1;1;1;2;2002.0;5;1;-1;-1;0;0;-1
202400046508;203 878 190;155 699 845;A01;10;3;4;2;1968.0;1;0;-1;-1;3;3;1
202400046508;203 878 191;155 699 845;A01;1;1;1;1;2003.0;1;1;-1;-1;0;0;-1
202400046510;203 878 185;155 699 840;A01;1;1;4;1;1984.0;1;2;6;0;-1; -1;-1
202400046510;203 878 187;155 699 842;B01;1;1;1;2;1984.0;1;1;0;0;-1; -1;-1
202400046523;203 878 154;155 699 819;A01;1;1;4;2;1937.0;0;8;-1;-1;0;0;-1
202400046533;203 878 136;155 699 805;A01;10;3;4;2;1944.0;0;0;-1;-1;1;3;1
202400046533;203 878 137;155 699 805;A01;1;1;1;1;1994.0;4;1;0;-1;-1; -1;-1
202400046534;203 878 133;155 699 803;B01;1;1;1;2;1951.0;5;1;-1;-1;0;0;-1
202400046534;203 878 135;155 699 804;A01;1;1;4;1;2001.0;5;1;-1;-1;0;0;-1
202400046535;203 878 132;155 699 802;A01;10;3;3;1;1956.0;5;0;-1;-1;3;3;1
202400046535;203 878 134;155 699 802;A01;1;1;1;1;1976.0;5;1;0;-1;-1; -1;-1
202400046544;203 878 111;155 699 787;A01;1;1;4;2;1973.0;5;1;-1;-1;-1; -1;-1
202400046546;203 878 109;155 699 786;A01;2;2;3;1;2004.0;1;1;-1;-1;0;0;-1
202400046546;203 878 110;155 699 786;A01;1;1;4;1;1990.0;1;1;-1;-1;0;0;-1
202400046565;203 878 070;155 699 753;A01;10;3;3;2;2000.0;3;0;-1;-1;3;3;1
202400046565;203 878 073;155 699 753;A01;1;1;1;2;2003.0;1;1;0;-1;-1; -1;-1
202400046612;203 877 948;155 699 659;A01;1;1;1;1;1959.0;0;1;-1;-1;-1; -1;-1
202400046612;203 877 949;155 699 660;B01;1;1;4;2;1991.0;1;2;-1;-1;-1; -1;-1
202400046616;203 877 939;155 699 652;A01;1;1;4;1;1986.0;5;8;0;-1;-1; -1;-1
202400046616;203 877 941;155 699 654;B01;1;1;1;2;1979.0;4;1;8;-1;-1; -1;-1
202400046617;203 877 937;155 699 650;A01;1;1;4;2;1973.0;1;1;8;-1;-1; -1;-1
202400046624;203 877 924;155 699 638;B01;1;1;1;1;1995.0;1;1;-1;-1;0;0;-1
202400046624;203 877 926;155 699 640;A01;1;1;4;1;2006.0;0;2;-1;-1;0;0;-1
202400046635;203 877 895;155 699 620;A01;1;1;1;1;1997.0;-1;1;0;0;-1; -1;-1
202400046635;203 877 896;155 699 621;B01;1;1;3;2;1967.0;1;8;0;0;-1; -1;-1
202400046640;203 877 883;155 699 613;A01;1;1;1;1;1998.0;1;1;0;0;-1; -1;-1
202400046640;203 877 884;155 699 614;B01;1;1;4;1;1987.0;0;2;8;0;-1; -1;-1
202400046642;203 877 878;155 699 611;A01;10;3;4;1;2017.0;0;0;-1;-1;3;5;2
202400046642;203 877 879;155 699 611;A01;10;3;4;2;2014.0;5;0;-1;-1;2;5;2
202400046642;203 877 880;155 699 611;A01;1;1;1;2;1995.0;0;1;8;-1;-1; -1;-1
202400046645;203 877 872;155 699 607;A01;1;1;2;1;1955.0;4;0;-1;-1;0;0;-1
202400046655;203 877 848;155 699 591;B01;1;1;1;1;1992.0;5;1;0;-1;-1; -1;-1
202400046655;203 877 852;155 699 594;A01;2;2;4;2;1963.0;5;2;0;-1;-1; -1;-1
202400046655;203 877 853;155 699 594;A01;1;1;1;1;1985.0;9;2;0;-1;-1; -1;-1
202400046670;203 877 810;155 699 566;A01;2;2;3;1;1998.0;5;1;-1;-1;0;0;-1
202400046670;203 877 813;155 699 566;A01;1;1;4;1;1985.0;5;1;-1;-1;0;0;-1
202400046680;203 877 794;155 699 551;A01;1;1;4;1;1963.0;5;0;-1;-1;-1; -1;-1
202400046680;203 877 796;155 699 552;B01;1;1;1;1;1963.0;1;1;0;-1;-1; -1;-1
202400046690;203 877 768;155 699 532;A01;1;1;4;2;2001.0;0;1;-1;-1;0;0;-1
202400046690;203 877 771;155 699 534;B01;1;1;4;1;1976.0;0;1;-1;-1;0;0;-1
202400046721;203 877 706;155 699 482;A01;1;1;3;1;1991.0;5;1;-1;-1;0;0;-1
202400046727;203 877 691;155 699 473;A01;1;1;3;1;1997.0;5;2;6;-1;0;0;-1
202400046728;203 877 690;155 699 472;A01;1;1;4;1;1998.0;1;1;-1;-1;0;0;-1
202400046737;203 877 667;155 699 455;A01;10;3;3;1;1993.0;5;0;-1;-1;3;3;1
202400046737;203 877 669;155 699 455;A01;1;1;1;-1;;-1;-1;-1;-1;-1; -1;-1
202400046742;203 877 640;155 699 441;A01;1;1;1;1;1982.0;1;1;-1;-1;0;0;-1
202400046742;203 877 643;155 699 442;B01;1;1;2;1;1960.0;5;2;-1;-1;0;0;-1
202400046762;203 877 591;155 699 406;A01;1;1;1;1;1977.0;0;8;0;-1;-1; -1;-1
202400046762;203 877 593;155 699 408;B01;1;1;4;1;1983.0;0;2;0;-1;-1; -1;-1
202400046768;203 877 573;155 699 391;A01;1;1;1;2;1992.0;5;1;-1;-1;-1; -1;-1
202400046768;203 877 576;155 699 393;B01;1;1;4;1;1995.0;4;2;-1;-1;-1; -1;-1
202400046778;203 877 556;155 699 377;A01;1;1;2;1;2007.0;5;2;-1;-1;0;0;-1
202400046780;203 877 554;155 699 375;A01;1;1;4;2;1957.0;5;1;0;-1;-1; -1;-1
202400046796;203 877 502;155 699 336;A01;1;1;4;1;2001.0;5;2;8;-1;-1; -1;-1
202400046822;203 877 439;155 699 289;A01;10;3;4;1;1981.0;0;8;8;-1;3;3;1
202400046822;203 877 441;155 699 289;A01;1;1;1;2;1991.0;0;1;0;-1;-1; -1;-1
202400046833;203 877 414;155 699 268;B01;1;1;1;2;1994.0;5;1;0;-1;-1; -1;-1
202400046833;203 877 418;155 699 271;C01;2;2;4;2;1944.0;5;1;0;-1;-1; -1;-1
202400046833;203 877 419;155 699 271;C01;1;1;1;2;1950.0;5;1;0;-1;-1; -1;-1
202400046833;203 877 421;155 699 273;D01;1;1;1;1;1981.0;5;1;0;-1;-1; -1;-1
202400046833;203 877 422;155 699 274;A01;1;1;1;1;1990.0;5;1;0;-1;-1; -1;-1
202400046849;203 877 383;155 699 244;A01;1;1;4;2;1981.0;3;1;0;-1;0;0;-1
202400046874;203 877 323;155 699 202;A01;1;1;4;2;1957.0;0;1;0;-1;-1; -1;-1
202400046876;203 877 320;155 699 199;A01;1;1;4;1;1994.0;4;8;6;0;-1; -1;-1
202400046890;203 877 285;155 699 175;A01;1;1;1;1;2000.0;5;1;0;-1;-1; -1;-1
202400046890;203 877 288;155 699 178;B01;1;1;4;1;2012.0;2;8;0;-1;-1; -1;-1
202400046900;203 877 258;155 699 160;A01;3;2;3;2;2007.0;5;1;-1;-1;0;0;-1
202400046900;203 877 261;155 699 160;A01;4;2;4;2;2005.0;5;1;-1;-1;0;0;-1
202400046900;203 877 263;155 699 160;A01;2;2;4;1;2004.0;5;1;-1;-1;0;0;-1
202400046900;203 877 265;155 699 160;A01;1;1;1;1;2004.0;5;1;-1;-1;0;0;-1
202400046901;203 877 254;155 699 157;B01;1;1;4;1;1988.0;5;8;-1;-1;0;0;-1
202400046901;203 877 260;155 699 161;A01;1;1;3;1;1941.0;5;8;-1;-1;0;0;-1
202400046903;203 877 241;155 699 148;C01;1;1;1;1;1981.0;0;1;0;-1;-1; -1;-1
202400046903;203 877 244;155 699 152;A01;1;1;1;1;1991.0;1;1;0;-1;-1; -1;-1
202400046903;203 877 248;155 699 154;B01;2;2;4;2;1989.0;0;1;0;-1;-1; -1;-1
202400046903;203 877 251;155 699 154;B01;1;1;1;1;1990.0;0;1;0;-1;-1; -1;-1
202400046909;203 877 231;155 699 142;A01;1;1;4;1;1989.0;5;0;-1;-1;0;0;-1
202400046911;203 877 221;155 699 134;B01;1;1;4;2;1991.0;0;1;-1;-1;-1; -1;-1
202400046911;203 877 227;155 699 139;C01;1;1;1;1;2002.0;0;1;-1;-1;-1; -1;-1
202400046911;203 877 228;155 699 140;A01;1;1;1;-1;;-1;8;-1;-1;-1; -1;-1
202400046933;203 877 178;155 699 103;A01;1;1;3;1;1988.0;5;1;-1;-1;0;0;-1
202400046936;203 877 174;155 699 100;A01;10;3;3;1;2002.0;9;0;-1;-1;9;5;1
202400046936;203 877 175;155 699 100;A01;1;1;1;2;1970.0;5;1;0;-1;-1; -1;-1
202400046956;203 877 133;155 699 066;A01;1;1;3;2;1981.0;1;2;6;9;0;0;-1
202400046979;203 877 076;155 699 028;A01;1;1;3;1;1976.0;0;1;-1;-1;0;0;-1
202400046979;203 877 078;155 699 030;B01;1;1;1;1;1961.0;4;1;-1;-1;0;0;-1
202400046980;203 877 075;155 699 027;A01;1;1;1;2;1963.0;5;1;8;-1;-1; -1;-1
202400046980;203 877 077;155 699 029;B01;1;1;3;1;1997.0;0;2;8;-1;-1; -1;-1
202400046986;203 877 056;155 699 011;A01;1;1;3;1;1962.0;1;4;-1;-1;0;0;-1
202400046986;203 877 059;155 699 013;B01;1;1;1;1;1979.0;0;8;-1;-1;0;0;-1
202400046992;203 877 044;155 699 001;A01;9;2;1;2;2022.0;0;3;-1;-1;0;0;-1
202400046992;203 877 047;155 699 001;A01;1;1;3;2;1990.0;0;1;-1;-1;0;0;-1
202400046998;203 877 034;155 698 993;A01;1;1;4;2;2006.0;2;1;-1;-1;0;0;-1
202400047001;203 877 030;155 698 990;A01;1;1;4;1;1965.0;5;1;-1;-1;0;0;-1
202400047005;203 877 014;155 698 978;A01;10;3;3;2;1977.0;4;0;-1;-1;1;9;1
202400047005;203 877 015;155 698 978;A01;1;1;1;2;1951.0;3;1;-1;-1;0;0;-1
202400047009;203 877 011;155 698 976;A01;1;1;3;2;1965.0;5;0;-1;-1;0;0;-1
202400047041;203 876 928;155 698 916;A01;1;1;1;1;1987.0;0;1;0;-1;-1; -1;-1
202400047041;203 876 933;155 698 919;B01;2;2;4;2;1954.0;0;1;0;-1;-1; -1;-1
202400047041;203 876 934;155 698 919;B01;1;1;1;2;1984.0;0;1;0;-1;-1; -1;-1
202400047043;203 876 926;155 698 913;B01;1;1;4;1;1979.0;5;2;6;-1;-1; -1;-1
202400047043;203 876 929;155 698 915;A01;1;1;1;1;2001.0;4;1;0;-1;-1; -1;-1
202400047044;203 876 924;155 698 911;A01;1;1;3;1;1971.0;5;2;6;-1;0;0;-1
202400047048;203 876 915;155 698 904;A01;1;1;4;1;1979.0;5;1;8;-1;-1; -1;-1
202400047067;203 876 864;155 698 865;A01;10;3;3;1;1936.0;0;0;-1;-1;3;3;1
202400047067;203 876 866;155 698 865;A01;1;1;1;1;1982.0;0;1;0;-1;-1; -1;-1
202400047085;203 876 825;155 698 838;A01;2;2;4;2;2000.0;5;1;-1;-1;0;0;-1
202400047085;203 876 827;155 698 838;A01;9;2;4;2;2022.0;5;3;-1;-1;0;0;-1
202400047085;203 876 828;155 698 838;A01;1;1;4;1;1997.0;5;1;-1;-1;0;0;-1
202400047085;203 876 831;155 698 841;B01;1;1;1;1;1986.0;5;1;-1;-1;0;0;-1
202400047105;203 876 768;155 698 800;A01;2;2;4;1;1992.0;0;2;0;-1;-1; -1;-1
202400047105;203 876 772;155 698 800;A01;1;1;4;1;2004.0;0;2;6;-1;-1; -1;-1
202400047105;203 876 780;155 698 809;HB01;1;1;1;1;1980.0;-1;1;-1;-1;-1; -1;-1
202400047113;203 876 749;155 698 787;B01;1;1;4;1;1994.0;0;2;6;-1;-1; -1;-1
202400047113;203 876 753;155 698 790;A01;1;1;1;1;1975.0;0;1;0;-1;-1; -1;-1
202400047124;203 876 729;155 698 770;A01;8;2;1;1;2011.0;5;1;-1;-1;0;0;-1
202400047124;203 876 733;155 698 770;A01;2;2;1;1;1984.0;5;1;-1;-1;0;0;-1
202400047124;203 876 735;155 698 770;A01;1;1;4;1;1986.0;5;1;-1;-1;0;0;-1
202400047124;203 876 740;155 698 778;B01;1;1;3;1;2002.0;5;1;-1;-1;0;0;-1
202400047128;203 876 706;155 698 756;B01;1;1;1;1;1942.0;9;1;0;0;-1; -1;-1
202400047128;203 876 710;155 698 759;A01;1;1;4;1;1991.0;9;2;0;-1;-1; -1;-1
202400047142;203 876 668;155 698 731;A01;1;1;4;1;1990.0;5;1;0;-1;-1; -1;-1
202400047142;203 876 672;155 698 738;B01;1;1;1;1;2004.0;5;1;0;-1;-1; -1;-1
202400047142;203 876 674;155 698 738;B01;3;2;1;2;2009.0;5;1;0;-1;-1; -1;-1
202400047142;203 876 676;155 698 738;B01;4;2;1;2;2003.0;5;1;0;-1;-1; -1;-1
202400047142;203 876 680;155 698 738;B01;5;2;1;2;2006.0;5;1;0;-1;-1; -1;-1
202400047142;203 876 683;155 698 738;B01;2;2;1;1;2005.0;5;1;0;-1;-1; -1;-1
202400047148;203 876 651;155 698 723;A01;10;3;4;1;2011.0;2;8;8;-1;9;B;1
202400047148;203 876 653;155 698 723;A01;1;1;1;2;2003.0;0;1;8;-1;-1; -1;-1
202400047159;203 876 620;155 698 701;A01;1;1;1;2;1995.0;5;1;0;-1;-1; -1;-1
202400047159;203 876 624;155 698 704;B01;2;2;1;1;2005.0;5;2;6;-1;-1; -1;-1
202400047159;203 876 626;155 698 704;B01;1;1;4;1;2006.0;5;2;6;-1;-1; -1;-1
202400047177;203 876 582;155 698 669;A01;1;1;3;1;1962.0;0;8;-1;-1;0;0;-1
202400047187;203 876 551;155 698 648;A01;1;1;4;1;1989.0;1;1;0;-1;-1; -1;-1
202400047207;203 876 520;155 698 623;A01;1;1;4;1;2005.0;5;8;0;-1;-1; -1;-1
202400047207;203 876 525;155 698 625;B01;1;1;1;1;1966.0;1;2;8;-1;-1; -1;-1
202400047216;203 876 494;155 698 605;A01;10;3;4;1;1937.0;0;8;8;-1;4;3;1
202400047216;203 876 498;155 698 605;A01;1;1;1;2;1961.0;0;8;0;-1;4;3;1
202400047228;203 876 459;155 698 577;A01;1;1;4;1;1967.0;1;2;6;-1;0;0;-1
202400047228;203 876 462;155 698 580;B01;1;1;1;1;1995.0;4;1;8;-1;0;0;-1
202400047228;203 876 466;155 698 584;C01;1;1;1;1;1970.0;4;1;4;-1;0;0;-1
202400047238;203 876 435;155 698 559;B01;1;1;1;1;1987.0;0;1;0;-1;-1; -1;-1
202400047238;203 876 438;155 698 561;A01;1;1;4;1;1985.0;0;2;6;-1;-1; -1;-1
202400047273;203 876 364;155 698 505;A01;1;1;1;1;1987.0;1;1;-1;-1;0;0;-1
202400047273;203 876 369;155 698 508;B01;1;1;2;1;1974.0;5;2;6;-1;0;0;-1
202400047277;203 876 349;155 698 497;A01;1;1;1;1;1977.0;1;1;0;-1;0;0;-1
202400047277;203 876 354;155 698 500;B01;5;2;4;2;2006.0;2;2;0;-1;0;0;-1
202400047277;203 876 356;155 698 500;B01;1;1;4;1;2007.0;2;2;0;-1;0;0;-1
202400047282;203 876 332;155 698 485;A01;10;3;4;2;2008.0;2;0;-1;-1;1;3;1
202400047282;203 876 335;155 698 485;A01;1;1;1;1;1996.0;1;1;0;-1;0;0;-1
202400047287;203 876 325;155 698 481;B01;1;1;4;2;1963.0;0;1;-1;-1;0;0;-1
202400047287;203 876 329;155 698 483;A01;1;1;4;1;1963.0;0;1;-1;-1;0;0;-1
202400047310;203 876 274;155 698 444;B01;9;2;1;1;2019.0;5;1;-1;-1;0;0;-1
202400047310;203 876 281;155 698 444;B01;7;2;1;1;2018.0;5;1;-1;-1;0;0;-1
202400047310;203 876 287;155 698 444;B01;1;1;1;2;1962.0;5;1;-1;-1;0;0;-1
202400047310;203 876 291;155 698 460;A01;1;1;4;1;2006.0;5;2;-1;-1;0;0;-1
202400047310;203 876 294;155 698 460;A01;2;2;3;2;2007.0;5;2;-1;-1;0;0;-1
202400047311;203 876 259;155 698 438;A01;1;1;1;2;1999.0;9;1;0;-1;-1; -1;-1
202400047311;203 876 265;155 698 440;B01;1;1;4;1;1983.0;9;8;0;-1;-1; -1;-1
202400047314;203 876 254;155 698 433;B01;1;1;4;2;1991.0;9;8;0;-1;-1; -1;-1
202400047314;203 876 255;155 698 435;A01;1;1;1;1;1980.0;9;1;0;-1;-1; -1;-1
202400047317;203 876 249;155 698 428;A01;1;1;3;1;2001.0;5;2;-1;-1;0;0;-1
202400047327;203 876 227;155 698 411;A01;1;1;1;1;1997.0;4;1;-1;-1;0;0;-1
202400047327;203 876 231;155 698 415;B01;2;2;3;2;1940.0;5;1;-1;-1;0;0;-1
202400047327;203 876 233;155 698 415;B01;1;1;3;1;1951.0;5;1;-1;-1;0;0;-1
202400047337;203 876 207;155 698 393;B01;1;1;3;1;1987.0;1;2;7;-1;-1; -1;-1
202400047337;203 876 211;155 698 397;A01;1;1;1;1;2005.0;0;1;0;-1;-1; -1;-1
202400047337;203 876 216;155 698 401;C01;1;1;4;1;1974.0;0;2;6;-1;-1; -1;-1
202400047381;203 876 099;155 698 322;A01;1;1;4;2;2001.0;9;2;4;6;0;0;-1
202400047402;203 876 064;155 698 294;A01;1;1;3;1;1961.0;0;2;6;-1;-1; -1;-1
202400047409;203 876 045;155 698 277;Z01;10;3;3;2;2019.0;5;0;-1;-1;3;3;1
202400047409;203 876 049;155 698 277;Z01;1;1;1;1;;0;8;-1;-1;-1; -1;-1
202400047438;203 875 980;155 698 231;A01;1;1;1;1;1975.0;0;1;0;-1;-1; -1;-1
202400047438;203 875 990;155 698 238;B01;1;1;4;1;1984.0;0;8;4;-1;0;0;-1
202400047439;203 875 978;155 698 230;A01;2;2;1;1;2006.0;0;2;0;0;-1; -1;-1
202400047439;203 875 981;155 698 230;A01;10;3;4;1;2020.0;0;0;0;0;3;3;2
202400047439;203 875 985;155 698 230;A01;1;1;1;2;1974.0;0;2;0;0;-1; -1;-1
202400047458;203 875 936;155 698 199;B01;1;1;1;1;1988.0;5;8;0;-1;-1; -1;-1
202400047458;203 875 941;155 698 203;A01;1;1;4;1;1987.0;1;1;4;-1;-1; -1;-1
202400047458;203 875 948;155 698 207;C01;1;1;1;1;1963.0;5;1;4;-1;-1; -1;-1
202400047458;203 875 951;155 698 209;D01;1;1;4;1;1974.0;1;1;4;-1;-1; -1;-1
202400047487;203 875 871;155 698 153;A01;1;1;1;1;1960.0;9;1;0;0;-1; -1;-1
202400047487;203 875 882;155 698 157;B01;1;1;4;1;1997.0;9;2;6;0;-1; -1;-1
202400047494;203 875 853;155 698 139;A01;1;1;4;1;1949.0;0;2;6;-1;-1; -1;-1
202400047494;203 875 855;155 698 144;B01;1;1;1;2;2005.0;0;1;0;-1;-1; -1;-1
202400047516;203 875 804;155 698 102;A01;1;1;1;1;1999.0;5;1;-1;-1;-1; -1;-1
202400047516;203 875 809;155 698 105;B01;1;1;4;1;2002.0;5;2;-1;-1;-1; -1;-1
202400047520;203 875 799;155 698 097;A01;1;1;1;1;1962.0;1;1;-1;-1;0;0;-1
202400047520;203 875 805;155 698 101;B01;1;1;4;1;1991.0;5;2;6;-1;0;0;-1
202400047529;203 875 780;155 698 084;A01;1;1;4;1;2004.0;1;1;-1;-1;0;0;-1
202400047534;203 875 761;155 698 068;A01;1;1;4;2;1973.0;5;1;8;-1;0;0;-1
202400047534;203 875 762;155 698 070;B01;1;1;1;1;2001.0;5;1;-1;-1;0;0;-1
202400047534;203 875 765;155 698 072;C01;1;1;1;1;;0;8;-1;-1;-1; -1;-1
202400047547;203 875 736;155 698 052;A01;2;2;4;1;1998.0;5;2;6;-1;0;0;-1
202400047547;203 875 738;155 698 052;A01;1;1;4;1;1997.0;5;6;2;-1;0;0;-1
202400047547;203 875 743;155 698 055;B01;1;1;1;1;1981.0;0;1;-1;-1;0;0;-1
202400047561;203 875 704;155 698 028;A01;1;1;1;1;1962.0;0;1;-1;-1;0;0;-1
202400047561;203 875 708;155 698 032;B01;1;1;4;1;1997.0;0;2;6;-1;0;0;-1
202400047571;203 875 684;155 698 013;A01;10;3;4;2;1940.0;3;0;-1;-1;2;3;2
202400047571;203 875 686;155 698 013;A01;1;1;1;1;1991.0;4;1;-1;-1;0;0;-1
202400047593;203 875 626;155 697 975;B01;1;1;1;1;1962.0;4;8;0;0;-1; -1;-1
202400047593;203 875 632;155 697 977;A01;1;1;4;1;1989.0;1;2;0;0;-1; -1;-1
202400047618;203 875 561;155 697 934;A01;2;2;1;2;1928.0;5;1;-1;-1;0;0;-1
202400047618;203 875 563;155 697 934;A01;1;1;2;1;1959.0;5;1;-1;-1;0;0;-1
202400047624;203 875 549;155 697 924;A01;1;1;2;1;1977.0;9;2;-1;-1;0;0;-1
202400047630;203 875 534;155 697 913;A01;10;3;4;2;1971.0;3;0;-1;-1;1;3;1
202400047630;203 875 536;155 697 913;A01;1;1;1;2;1975.0;3;8;0;-1;-1; -1;-1
202400047634;203 875 527;155 697 905;B01;1;1;1;1;1990.0;4;1;-1;-1;-1; -1;-1
202400047634;203 875 530;155 697 908;A01;1;1;4;2;1982.0;9;8;0;-1;-1; -1;-1
202400047655;203 875 479;155 697 873;A01;1;1;1;1;1996.0;5;0;-1;-1;0;0;-1
202400047655;203 875 482;155 697 875;B01;1;1;3;1;1942.0;5;2;6;-1;0;0;-1
202400047671;203 875 423;155 697 838;A01;10;3;3;1;1945.0;0;0;-1;-1;3;3;2
202400047671;203 875 425;155 697 838;A01;1;1;1;1;2001.0;0;1;0;-1;0;0;-1
202400047675;203 875 421;155 697 836;A01;1;1;3;2;1989.0;5;8;-1;-1;0;0;-1
202400047675;203 875 427;155 697 841;B01;2;2;1;2;1988.0;5;8;-1;-1;0;0;-1
202400047675;203 875 430;155 697 841;B01;1;1;1;1;1983.0;5;8;-1;-1;0;0;-1
202400047683;203 875 401;155 697 821;A01;1;1;1;2;1980.0;4;1;0;-1;0;0;-1
202400047683;203 875 406;155 697 824;B01;1;1;3;1;1971.0;9;1;0;-1;0;0;-1
202400047703;203 875 354;155 697 784;A01;1;1;3;1;1981.0;0;2;0;-1;0;0;-1
202400047703;203 875 359;155 697 788;B01;2;2;1;2;1948.0;5;1;0;-1;0;0;-1
202400047703;203 875 361;155 697 788;B01;1;1;1;1;1946.0;5;1;0;-1;0;0;-1
202400047720;203 875 310;155 697 748;A01;1;1;4;1;1992.0;4;2;6;-1;0;0;-1
202400047720;203 875 315;155 697 752;B01;1;1;1;2;1994.0;1;1;0;-1;0;0;-1
202400047723;203 875 313;155 697 750;A01;1;1;4;1;2000.0;5;2;6;-1;-1; -1;-1
202400047723;203 875 317;155 697 754;B01;1;1;1;1;2001.0;5;1;0;-1;-1; -1;-1
202400047725;203 875 305;155 697 743;A01;1;1;1;1;1989.0;4;1;8;-1;0;0;-1
202400047725;203 875 309;155 697 747;B01;2;2;2;2;2003.0;5;2;6;-1;0;0;-1
202400047725;203 875 312;155 697 747;B01;1;1;3;1;2000.0;5;2;6;-1;0;0;-1
202400047729;203 875 292;155 697 734;A01;1;1;3;1;1953.0;9;1;-1;-1;0;0;-1
202400047729;203 875 294;155 697 736;B01;3;2;4;1;2008.0;5;1;-1;-1;0;0;-1
202400047729;203 875 295;155 697 736;B01;2;2;1;2;1956.0;5;1;-1;-1;0;0;-1
202400047729;203 875 298;155 697 736;B01;1;1;1;1;1956.0;5;1;-1;-1;0;0;-1
202400047730;203 875 291;155 697 733;A01;1;1;4;1;1997.0;9;2;6;-1;0;0;-1
202400047741;203 875 266;155 697 712;B01;1;1;1;1;1986.0;1;1;0;-1;0;0;-1
202400047741;203 875 273;155 697 717;A01;1;1;4;1;1977.0;9;8;0;-1;0;0;-1
202400047750;203 875 244;155 697 692;B01;1;1;1;1;1964.0;4;1;0;-1;0;0;-1
202400047750;203 875 249;155 697 697;A01;1;1;4;1;2009.0;5;8;0;-1;0;0;-1
202400047754;203 875 241;155 697 689;A01;1;1;3;1;1994.0;9;2;8;-1;0;0;-1
202400047754;203 875 245;155 697 693;B01;1;1;1;2;1997.0;9;1;8;-1;0;0;-1
202400047790;203 875 151;155 697 625;A01;2;2;1;1;1966.0;0;1;0;-1;0;0;-1
202400047790;203 875 159;155 697 625;A01;10;3;4;2;2006.0;3;0;-1;-1;3;3;2
202400047790;203 875 162;155 697 625;A01;1;1;1;2;1967.0;0;1;0;-1;0;0;-1
202400047812;203 875 113;155 697 594;A01;2;2;4;2;1939.0;3;1;-1;-1;0;0;-1
202400047812;203 875 115;155 697 594;A01;1;1;4;2;1954.0;3;1;-1;-1;0;0;-1
202400047818;203 875 095;155 697 586;A01;10;3;4;1;2020.0;0;8;0;0;1;1;2
202400047818;203 875 098;155 697 586;A01;1;1;4;1;2005.0;5;2;0;0;-1; -1;-1
202400047824;203 875 084;155 697 578;B01;1;1;4;2;1979.0;9;8;0;-1;0;0;-1
202400047824;203 875 086;155 697 578;B01;2;2;4;2;2012.0;9;8;0;-1;0;0;-1
202400047824;203 875 090;155 697 580;A01;1;1;1;1;1985.0;4;1;0;-1;0;0;-1
202400047861;203 874 982;155 697 508;A01;1;1;2;1;1961.0;5;2;-1;-1;0;0;-1
202400047868;203 874 970;155 697 498;A01;1;1;1;1;2003.0;1;1;-1;-1;0;0;-1
202400047868;203 874 972;155 697 499;B01;1;1;3;2;2005.0;1;2;-1;-1;0;0;-1
202400047869;203 874 961;155 697 493;A01;1;1;3;1;2005.0;5;8;8;-1;-1; -1;-1
202400047869;203 874 964;155 697 493;A01;2;2;4;1;2004.0;5;8;8;-1;-1; -1;-1
202400047874;203 874 958;155 697 489;B01;1;1;4;1;2007.0;0;2;6;-1;-1; -1;-1
202400047874;203 874 971;155 697 496;A01;1;1;1;1;1997.0;0;1;0;-1;-1; -1;-1
202400047885;203 874 930;155 697 469;A01;1;1;1;1;1990.0;1;1;-1;-1;0;0;-1
202400047885;203 874 938;155 697 474;B01;2;2;4;1;1967.0;1;1;-1;-1;0;0;-1
202400047885;203 874 939;155 697 474;B01;1;1;1;1;1981.0;1;1;-1;-1;0;0;-1
202400047887;203 874 926;155 697 464;A01;1;1;4;1;1999.0;4;1;-1;-1;0;0;-1
202400047887;203 874 931;155 697 468;B01;3;2;4;2;2021.0;5;3;-1;-1;0;0;-1
202400047887;203 874 934;155 697 468;B01;1;1;4;2;1995.0;5;1;-1;-1;0;0;-1
202400047903;203 874 888;155 697 437;A01;2;2;4;1;1990.0;5;1;0;-1;-1; -1;-1
202400047903;203 874 891;155 697 437;A01;1;1;1;1;1994.0;5;1;0;-1;-1; -1;-1
202400047904;203 874 880;155 697 430;A01;1;1;1;1;1983.0;1;1;-1;-1;0;0;-1
202400047904;203 874 886;155 697 435;B01;2;2;1;2;2003.0;1;2;6;-1;0;0;-1
202400047904;203 874 887;155 697 435;B01;1;1;3;1;1995.0;1;2;6;-1;0;0;-1
202400047912;203 874 866;155 697 420;A01;1;1;1;2;1999.0;0;1;-1;-1;0;0;-1
202400047912;203 874 874;155 697 424;B01;1;1;4;1;1993.0;0;2;-1;-1;0;0;-1
202400047913;203 874 864;155 697 419;A01;1;1;1;1;1976.0;1;1;0;0;-1; -1;-1
202400047913;203 874 869;155 697 422;B01;1;1;4;1;1996.0;1;2;6;0;-1; -1;-1
202400047917;203 874 857;155 697 415;A01;2;2;1;1;1991.0;5;1;-1;-1;0;0;-1
202400047917;203 874 858;155 697 415;A01;1;1;1;1;1949.0;5;1;-1;-1;0;0;-1
202400047917;203 874 865;155 697 421;B01;1;1;3;2;1945.0;5;1;-1;-1;0;0;-1
202400047921;203 874 846;155 697 405;A01;1;1;3;2;2001.0;5;2;-1;-1;0;0;-1
202400047921;203 874 849;155 697 408;B01;1;1;1;-1;;-1;-1;-1;-1;-1; -1;-1
202400047941;203 874 797;155 697 371;A01;1;1;3;1;2000.0;5;8;-1;-1;0;0;-1
202400047941;203 874 798;155 697 371;A01;2;2;4;1;2000.0;5;8;-1;-1;0;0;-1
202400047941;203 874 799;155 697 371;A01;4;2;3;1;1999.0;5;0;-1;-1;0;0;-1
202400047944;203 874 790;155 697 365;A01;1;1;1;1;1963.0;9;1;-1;-1;-1; -1;-1
202400047944;203 874 793;155 697 367;B01;1;1;4;2;1972.0;9;1;-1;-1;-1; -1;-1
202400047945;203 874 788;155 697 364;B01;1;1;1;1;1966.0;1;1;-1;-1;0;0;-1
202400047945;203 874 792;155 697 366;A01;1;1;3;1;1993.0;1;2;6;9;0;0;-1
202400047951;203 874 771;155 697 350;C01;1;1;1;1;1999.0;5;2;4;-1;-1; -1;-1
202400047951;203 874 774;155 697 353;A01;1;1;4;1;1984.0;4;1;4;-1;-1; -1;-1
202400047951;203 874 779;155 697 357;B01;1;1;1;1;1967.0;4;1;4;-1;-1; -1;-1
202400047963;203 874 750;155 697 332;A01;1;1;1;1;1953.0;5;1;-1;-1;0;0;-1
202400047963;203 874 752;155 697 336;B01;1;1;3;1;1978.0;5;2;6;-1;0;0;-1
202400047986;203 874 701;155 697 297;A01;1;1;3;1;2007.0;2;2;-1;-1;0;0;-1
202400047986;203 874 708;155 697 302;B01;1;1;1;2;1979.0;0;1;-1;-1;0;0;-1
202400047998;203 874 673;155 697 273;A01;1;1;4;1;1985.0;9;8;0;-1;-1; -1;-1
202400048003;203 874 664;155 697 265;A01;1;1;4;2;1988.0;1;1;-1;-1;0;0;-1
202400048003;203 874 667;155 697 268;B01;1;1;1;2;2002.0;0;1;-1;-1;0;0;-1
202400048011;203 874 644;155 697 252;A01;1;1;3;1;2005.0;5;2;-1;-1;0;0;-1
202400048011;203 874 646;155 697 254;B01;1;1;4;2;1992.0;5;1;-1;-1;0;0;-1
202400048025;203 874 612;155 697 228;A01;1;1;4;2;1933.0;5;1;-1;-1;0;0;-1
202400048025;203 874 615;155 697 231;B01;1;1;1;1;1985.0;3;1;-1;-1;0;0;-1
202400048028;203 874 599;155 697 221;B01;1;1;1;1;1950.0;5;2;-1;-1;0;0;-1
202400048028;203 874 603;155 697 224;A01;1;1;3;1;1945.0;5;2;6;-1;0;0;-1
202400048035;203 874 584;155 697 210;A01;1;1;4;1;1978.0;5;0;-1;-1;0;0;-1
202400048040;203 874 575;155 697 201;A01;1;1;1;1;2004.0;0;1;0;-1;-1; -1;-1
202400048040;203 874 579;155 697 205;B01;1;1;4;2;1957.0;0;1;0;-1;-1; -1;-1
202400048040;203 874 580;155 697 206;C01;1;1;1;1;1986.0;0;1;0;-1;-1; -1;-1
202400048042;203 874 570;155 697 197;A01;1;1;3;1;1955.0;5;2;-1;-1;0;0;-1
202400048042;203 874 574;155 697 200;B01;1;1;4;2;1997.0;5;2;-1;-1;0;0;-1
202400048060;203 874 527;155 697 164;B01;1;1;4;1;1961.0;9;2;6;-1;-1; -1;-1
202400048060;203 874 531;155 697 167;A01;1;1;1;2;1994.0;9;8;0;-1;-1; -1;-1
202400048065;203 874 523;155 697 160;A01;1;1;3;1;1970.0;5;1;-1;-1;0;0;-1
202400048066;203 874 516;155 697 155;A01;1;1;1;1;1981.0;3;1;0;-1;-1; -1;-1
202400048066;203 874 519;155 697 155;A01;10;3;4;1;1957.0;3;0;-1;-1;9;3;1
202400048076;203 874 499;155 697 140;B01;1;1;3;2;2001.0;1;2;4;9;0;0;-1
202400048076;203 874 502;155 697 143;A01;1;1;1;2;1971.0;1;1;-1;-1;0;0;-1
202400048099;203 874 452;155 697 103;A01;1;1;4;2;1971.0;0;1;-1;-1;0;0;-1
202400048099;203 874 457;155 697 107;B01;2;2;4;2;1992.0;0;1;-1;-1;0;0;-1
202400048099;203 874 460;155 697 107;B01;1;1;1;1;1978.0;0;1;-1;-1;0;0;-1
202400048100;203 874 448;155 697 100;A01;1;1;1;1;2001.0;5;1;-1;-1;0;0;-1
202400048100;203 874 454;155 697 105;B01;1;1;4;2;2004.0;1;0;-1;-1;0;0;-1
202400048101;203 874 447;155 697 099;B01;1;1;4;1;1974.0;0;8;0;0;-1; -1;-1
202400048101;203 874 450;155 697 104;A01;1;1;1;2;2004.0;4;1;0;0;-1; -1;-1
202400048118;203 874 413;155 697 069;A01;1;1;3;2;1997.0;0;1;-1;-1;0;0;-1
202400048120;203 874 406;155 697 063;A01;1;1;4;2;1983.0;9;1;8;-1;0;0;-1
202400048120;203 874 411;155 697 067;B01;1;1;1;1;1957.0;9;1;8;-1;0;0;-1
202400048121;203 874 404;155 697 061;A01;1;1;1;1;1993.0;5;1;-1;-1;0;0;-1
202400048121;203 874 409;155 697 065;C01;1;1;4;2;1990.0;1;1;-1;-1;0;0;-1
202400048121;203 874 412;155 697 068;B01;1;1;4;1;1978.0;1;1;-1;-1;0;0;-1
202400048122;203 874 401;155 697 058;A01;1;1;4;1;1987.0;1;2;6;0;-1; -1;-1
202400048122;203 874 407;155 697 064;B01;1;1;1;1;1983.0;9;1;0;0;-1; -1;-1
202400048126;203 874 395;155 697 053;A01;1;1;4;2;1973.0;1;2;0;0;-1; -1;-1
202400048126;203 874 400;155 697 056;B01;1;1;1;1;1991.0;5;1;0;0;-1; -1;-1
202400048131;203 874 376;155 697 044;A01;1;1;1;1;2000.0;5;1;-1;-1;0;0;-1
202400048131;203 874 382;155 697 048;B01;1;1;3;1;1996.0;5;2;-1;-1;0;0;-1
202400048132;203 874 366;155 697 040;B01;1;1;4;1;2005.0;5;8;-1;-1;0;0;-1
202400048132;203 874 371;155 697 042;A01;1;1;1;1;1957.0;1;1;-1;-1;0;0;-1
202400048133;203 874 368;155 697 041;A01;7;2;1;1;2008.0;2;1;-1;-1;0;0;-1
202400048133;203 874 370;155 697 041;A01;5;2;1;1;2007.0;2;1;-1;-1;0;0;-1
202400048133;203 874 373;155 697 041;A01;3;2;1;1;2009.0;2;1;-1;-1;0;0;-1
202400048133;203 874 375;155 697 041;A01;3;2;1;1;2007.0;2;1;-1;-1;0;0;-1
202400048133;203 874 377;155 697 041;A01;5;2;1;1;2005.0;2;1;-1;-1;0;0;-1
202400048133;203 874 380;155 697 041;A01;5;2;1;2;2007.0;2;1;-1;-1;0;0;-1
202400048133;203 874 383;155 697 041;A01;9;2;4;1;2006.0;2;1;-1;-1;0;0;-1
202400048133;203 874 386;155 697 041;A01;7;2;1;1;2009.0;2;1;-1;-1;0;0;-1
202400048133;203 874 388;155 697 041;A01;5;2;1;2;2008.0;2;1;-1;-1;0;0;-1
202400048133;203 874 391;155 697 041;A01;4;2;1;2;2009.0;2;1;-1;-1;0;0;-1
202400048133;203 874 392;155 697 041;A01;4;2;1;2;2010.0;2;1;-1;-1;0;0;-1
202400048133;203 874 393;155 697 041;A01;1;1;1;1;1987.0;4;1;-1;-1;0;0;-1
202400048135;203 874 360;155 697 035;A01;1;1;3;1;1968.0;1;2;-1;-1;0;0;-1
202400048141;203 874 347;155 697 026;B01;1;1;1;1;1996.0;4;1;4;-1;0;0;-1
202400048141;203 874 351;155 697 028;A01;1;1;4;2;2005.0;9;1;-1;-1;0;0;-1
202400048146;203 874 331;155 697 015;A01;1;1;1;1;1965.0;0;1;-1;-1;0;0;-1
202400048146;203 874 336;155 697 017;B01;1;1;3;1;2005.0;0;0;-1;-1;0;0;-1
202400048167;203 874 286;155 696 979;B01;1;1;3;1;1984.0;5;2;-1;-1;0;0;-1
202400048168;203 874 288;155 696 981;A01;1;1;1;1;1961.0;5;1;-1;-1;0;0;-1
202400048168;203 874 294;155 696 984;B01;2;2;4;2;2001.0;5;2;6;-1;0;0;-1
202400048168;203 874 296;155 696 984;B01;1;1;3;1;1995.0;5;2;6;-1;0;0;-1
202400048174;203 874 268;155 696 968;A01;2;2;1;1;2006.0;0;1;-1;-1;0;0;-1
202400048174;203 874 271;155 696 968;A01;1;1;1;1;1980.0;0;1;-1;-1;0;0;-1
202400048174;203 874 273;155 696 972;B01;2;2;1;1;1970.0;0;1;-1;-1;0;0;-1
202400048174;203 874 275;155 696 972;B01;3;2;1;2;1983.0;0;1;-1;-1;0;0;-1
202400048174;203 874 276;155 696 972;B01;4;2;3;2;1944.0;0;1;-1;-1;0;0;-1
202400048174;203 874 279;155 696 972;B01;1;1;4;1;1937.0;0;1;-1;-1;0;0;-1
202400048238;203 874 118;155 696 862;A01;1;1;3;1;1955.0;5;2;-1;-1;0;0;-1
202400048261;203 874 061;155 696 818;A01;1;1;1;1;1983.0;4;1;8;-1;-1; -1;-1
202400048261;203 874 067;155 696 823;B01;1;1;4;1;1980.0;0;2;6;-1;-1; -1;-1
202400048270;203 874 042;155 696 806;A01;2;2;4;1;1974.0;5;1;0;-1;-1; -1;-1
202400048270;203 874 043;155 696 806;A01;1;1;4;2;1974.0;5;1;0;-1;-1; -1;-1
202400048270;203 874 046;155 696 809;B01;1;1;1;1;1937.0;5;1;0;-1;-1; -1;-1
202400048290;203 873 992;155 696 773;B01;1;1;2;1;1970.0;0;2;6;9;0;0;-1
202400048290;203 873 997;155 696 778;A01;1;1;1;1;2003.0;0;1;-1;-1;0;0;-1
202400048294;203 873 980;155 696 764;B01;1;1;4;1;1984.0;5;1;0;-1;0;0;-1
202400048294;203 873 986;155 696 769;A01;2;2;4;2;2000.0;5;1;0;-1;0;0;-1
202400048294;203 873 988;155 696 769;A01;1;1;4;1;2002.0;5;1;0;-1;0;0;-1
202400048298;203 873 975;155 696 760;A01;1;1;3;2;1963.0;5;2;6;-1;0;0;-1
202400048345;203 873 853;155 696 661;A01;10;3;4;1;1949.0;0;0;-1;-1;3;3;1
202400048345;203 873 856;155 696 661;A01;1;1;1;1;1944.0;0;1;0;-1;-1; -1;-1
202400048351;203 873 842;155 696 652;A01;1;1;4;1;2006.0;0;8;-1;-1;0;0;-1
202400048351;203 873 847;155 696 656;B01;1;1;1;1;1999.0;0;8;-1;-1;0;0;-1
202400048385;203 873 748;155 696 582;B01;1;1;1;1;1963.0;0;1;0;-1;-1; -1;-1
202400048385;203 873 751;155 696 584;D01;1;1;1;2;2002.0;0;1;0;-1;-1; -1;-1
202400048385;203 873 753;155 696 586;A01;1;1;4;1;2002.0;0;1;0;-1;-1; -1;-1
202400048385;203 873 757;155 696 588;C01;1;1;1;1;1997.0;0;1;0;-1;-1; -1;-1
202400048398;203 873 717;155 696 559;A01;10;3;4;2;2010.0;2;0;-1;-1;1;3;1
202400048398;203 873 719;155 696 559;A01;1;1;1;2;1969.0;9;1;0;-1;-1; -1;-1
202400048415;203 873 664;155 696 521;B01;1;1;3;1;1982.0;1;2;6;-1;-1; -1;-1
202400048415;203 873 667;155 696 523;A01;1;1;1;2;1953.0;5;1;0;-1;-1; -1;-1
202400048431;203 873 631;155 696 493;B01;1;1;3;1;1973.0;0;2;6;-1;-1; -1;-1
202400048431;203 873 633;155 696 495;A01;1;1;1;2;2002.0;0;1;0;-1;-1; -1;-1
202400048432;203 873 630;155 696 492;A01;1;1;1;2;1998.0;5;8;0;-1;-1; -1;-1
202400048432;203 873 632;155 696 494;B01;1;1;4;2;2016.0;5;8;0;-1;-1; -1;-1
202400048445;203 873 595;155 696 467;A01;1;1;4;1;1993.0;1;8;0;-1;-1; -1;-1
202400048445;203 873 596;155 696 469;Z01;1;1;1;-1;;-1;-1;-1;-1;-1; -1;-1
202400048452;203 873 577;155 696 452;B01;2;2;1;1;1982.0;0;1;0;-1;-1; -1;-1
202400048452;203 873 579;155 696 452;B01;1;1;1;1;1987.0;1;1;0;-1;-1; -1;-1
202400048452;203 873 582;155 696 455;A01;1;1;4;1;2003.0;1;2;0;-1;-1; -1;-1
202400048458;203 873 563;155 696 441;B01;1;1;3;1;1973.0;4;2;7;-1;0;0;-1
202400048458;203 873 565;155 696 443;A01;1;1;1;2;1949.0;0;1;-1;-1;0;0;-1
202400048461;203 873 557;155 696 437;A01;10;3;4;1;2002.0;5;0;-1;-1;3;3;2
202400048461;203 873 559;155 696 437;A01;1;1;1;1;1967.0;5;1;8;-1;-1; -1;-1
202400048472;203 873 532;155 696 418;A01;10;3;4;2;1970.0;0;0;-1;-1;3;3;1
202400048472;203 873 533;155 696 418;A01;1;1;1;1;1970.0;9;1;0;-1;-1; -1;-1
202400048473;203 873 531;155 696 417;B01;1;1;4;1;1972.0;1;2;6;-1;-1; -1;-1
202400048473;203 873 534;155 696 419;A01;1;1;1;1;1986.0;1;1;0;-1;-1; -1;-1
202400048485;203 873 504;155 696 393;A01;1;1;3;1;1974.0;0;2;6;-1;-1; -1;-1
202400048485;203 873 505;155 696 394;B01;1;1;1;2;1988.0;4;1;-1;-1;-1; -1;-1
202400048507;203 873 444;155 696 353;A01;1;1;2;1;2002.0;1;1;8;-1;-1; -1;-1
202400048507;203 873 446;155 696 355;B01;1;1;3;2;1969.0;1;1;8;-1;-1; -1;-1
202400048515;203 873 427;155 696 339;B01;2;2;1;2;1959.0;3;1;8;-1;-1; -1;-1
202400048515;203 873 429;155 696 339;B01;1;1;1;1;1958.0;3;1;0;-1;-1; -1;-1
202400048515;203 873 430;155 696 341;A01;1;1;3;1;2006.0;0;2;8;-1;-1; -1;-1
202400048519;203 873 422;155 696 334;A01;1;1;4;1;1991.0;5;8;0;-1;-1; -1;-1
202400048519;203 873 423;155 696 335;B01;1;1;1;1;1999.0;5;1;0;-1;-1; -1;-1
202400048521;203 873 417;155 696 329;A01;1;1;4;1;1998.0;9;2;6;-1;0;0;-1
202400048523;203 873 414;155 696 327;A01;1;1;1;2;1987.0;1;2;0;-1;0;0;-1
202400048523;203 873 416;155 696 327;A01;10;3;3;1;1948.0;5;0;-1;-1;2;3;1
202400048529;203 873 392;155 696 312;A01;1;1;1;1;1989.0;0;8;0;-1;-1; -1;-1
202400048529;203 873 394;155 696 314;B01;1;1;3;1;1976.0;0;8;0;-1;-1; -1;-1
202400048538;203 873 369;155 696 295;B01;1;1;1;2;2007.0;0;1;-1;-1;0;0;-1
202400048538;203 873 370;155 696 296;A01;1;1;3;2;1997.0;0;2;-1;-1;0;0;-1
202400048542;203 873 360;155 696 287;A01;1;1;1;2;2001.0;1;1;0;0;-1; -1;-1
202400048542;203 873 361;155 696 288;B01;1;1;4;1;1969.0;9;2;6;0;-1; -1;-1
202400048543;203 873 357;155 696 285;B01;1;1;4;1;1993.0;5;2;0;-1;0;0;-1
202400048543;203 873 358;155 696 286;A01;2;2;1;1;2008.0;5;1;0;-1;0;0;-1
202400048543;203 873 359;155 696 286;A01;1;1;1;1;1966.0;4;1;0;-1;0;0;-1
202400048558;203 873 325;155 696 260;A01;1;1;1;2;2000.0;1;1;0;-1;-1; -1;-1
202400048558;203 873 326;155 696 261;B01;1;1;4;2;1971.0;1;2;6;-1;-1; -1;-1
202400048570;203 873 301;155 696 240;A01;1;1;2;1;1975.0;0;2;-1;-1;0;0;-1
202400048575;203 873 291;155 696 232;A01;1;1;3;1;1987.0;5;1;-1;-1;0;0;-1
202400048578;203 873 287;155 696 229;A01;1;1;3;1;1996.0;0;2;6;-1;0;0;-1
202400048583;203 873 275;155 696 223;A01;2;2;4;1;1967.0;5;1;-1;-1;0;0;-1
202400048583;203 873 276;155 696 223;A01;1;1;3;1;1982.0;5;0;-1;-1;0;0;-1
202400048618;203 873 182;155 696 157;B01;1;1;4;2;1988.0;0;1;0;-1;-1; -1;-1
202400048618;203 873 183;155 696 157;B01;4;2;4;1;2017.0;0;1;0;-1;-1; -1;-1
202400048618;203 873 184;155 696 157;B01;5;2;4;2;2020.0;0;1;0;-1;-1; -1;-1
202400048618;203 873 186;155 696 159;C01;1;1;1;1;1982.0;0;1;0;-1;-1; -1;-1
202400048618;203 873 188;155 696 161;A01;1;1;1;2;1997.0;0;1;0;-1;-1; -1;-1
202400048621;203 873 174;155 696 152;A01;2;2;4;1;1977.0;5;1;5;-1;-1; -1;-1
202400048621;203 873 176;155 696 152;A01;1;1;1;1;1980.0;4;1;5;-1;-1; -1;-1
202400048621;203 873 178;155 696 155;B01;2;2;1;2;1997.0;1;8;0;-1;-1; -1;-1
202400048621;203 873 179;155 696 155;B01;1;1;1;1;1995.0;4;1;0;-1;-1; -1;-1
202400048626;203 873 157;155 696 144;B01;1;1;3;2;1994.0;1;8;-1;-1;-1; -1;-1
202400048626;203 873 159;155 696 146;A01;1;1;1;1;2002.0;1;8;-1;-1;-1; -1;-1
202400048627;203 873 154;155 696 141;A01;1;1;1;1;1998.0;9;8;0;-1;0;0;-1
202400048627;203 873 156;155 696 143;B01;1;1;4;1;1983.0;5;2;8;-1;0;0;-1
202400048656;203 873 089;155 696 094;A01;2;2;1;2;1984.0;5;1;-1;-1;0;0;-1
202400048656;203 873 091;155 696 094;A01;4;2;1;1;2022.0;5;3;1;-1;0;0;-1
202400048656;203 873 092;155 696 094;A01;3;2;1;1;2019.0;5;3;1;-1;0;0;-1
202400048656;203 873 094;155 696 094;A01;5;2;1;2;2020.0;5;3;1;-1;0;0;-1
202400048656;203 873 096;155 696 094;A01;1;1;1;1;1971.0;5;1;-1;-1;0;0;-1
202400048656;203 873 097;155 696 098;B01;1;1;3;1;1937.0;5;1;-1;-1;0;0;-1
202400048656;203 873 098;155 696 098;B01;2;2;4;2;1959.0;5;1;-1;-1;0;0;-1
202400048658;203 873 085;155 696 091;B01;1;1;1;1;1965.0;1;1;-1;-1;-1; -1;-1
202400048658;203 873 087;155 696 093;A01;1;1;4;1;1949.0;0;0;-1;-1;-1; -1;-1
202400048662;203 873 078;155 696 084;A01;1;1;1;2;1974.0;1;1;0;0;-1; -1;-1
202400048662;203 873 079;155 696 085;B01;1;1;4;1;1995.0;1;2;6;0;-1; -1;-1
202400048664;203 873 071;155 696 081;A01;7;2;1;1;1996.0;5;8;-1;-1;0;0;-1
202400048664;203 873 073;155 696 081;A01;9;2;1;1;2003.0;5;8;-1;-1;0;0;-1
202400048664;203 873 075;155 696 081;A01;2;2;2;1;1997.0;5;8;-1;-1;0;0;-1
202400048664;203 873 076;155 696 081;A01;1;1;1;1;1997.0;5;8;-1;-1;0;0;-1
202400048668;203 873 060;155 696 074;A01;1;1;1;2;2003.0;5;1;8;0;-1; -1;-1
202400048668;203 873 067;155 696 077;B01;1;1;4;1;1999.0;5;2;6;0;-1; -1;-1
202400048673;203 873 050;155 696 064;A01;1;1;3;1;2005.0;1;2;6;-1;-1; -1;-1
202400048673;203 873 052;155 696 066;B01;1;1;1;1;1998.0;5;1;0;-1;-1; -1;-1
202400048682;203 873 029;155 696 047;A01;1;1;1;1;1984.0;0;8;0;-1;-1; -1;-1
202400048682;203 873 033;155 696 049;B01;1;1;4;1;1994.0;1;8;0;-1;-1; -1;-1
202400048708;203 872 964;155 696 000;A01;1;1;1;1;1940.0;5;1;0;-1;0;0;-1
202400048708;203 872 968;155 696 004;B01;1;1;4;2;1962.0;5;1;-1;-1;-1; -1;-1
202400048712;203 872 957;155 695 994;A01;1;1;1;1;2001.0;0;1;0;-1;-1; -1;-1
202400048712;203 872 959;155 695 996;B01;2;2;4;2;1969.0;0;1;0;-1;-1; -1;-1
202400048712;203 872 960;155 695 996;B01;1;1;1;2;1996.0;0;1;8;-1;-1; -1;-1
202400048717;203 872 942;155 695 982;A01;1;1;3;1;1987.0;0;8;0;-1;-1; -1;-1
202400048717;203 872 944;155 695 983;B01;1;1;1;2;1988.0;0;1;8;-1;-1; -1;-1
202400048719;203 872 934;155 695 979;A01;10;3;4;1;1963.0;4;0;-1;-1;2;9;1
202400048719;203 872 936;155 695 979;A01;2;2;1;2;1956.0;9;8;-1;-1;-1; -1;-1
202400048719;203 872 938;155 695 979;A01;1;1;1;2;1950.0;9;8;-1;-1;-1; -1;-1
202400048734;203 872 904;155 695 957;A01;1;1;3;1;1965.0;0;2;6;-1;0;0;-1
202400048740;203 872 882;155 695 943;A01;2;2;1;2;1954.0;3;1;0;-1;-1; -1;-1
202400048740;203 872 884;155 695 943;A01;1;1;1;1;1951.0;3;1;0;-1;-1; -1;-1
202400048740;203 872 886;155 695 945;B01;1;1;3;1;1996.0;3;2;6;-1;-1; -1;-1
202400048742;203 872 875;155 695 938;B01;10;3;3;2;1955.0;0;0;-1;-1;9;3;1
202400048742;203 872 876;155 695 938;B01;1;1;1;1;1963.0;0;1;0;-1;0;0;-1
202400048743;203 872 874;155 695 937;A01;1;1;1;1;1960.0;1;1;-1;-1;-1; -1;-1
202400048743;203 872 878;155 695 940;B01;1;1;3;2;1980.0;9;8;0;-1;-1; -1;-1
202400048761;203 872 839;155 695 906;A01;1;1;4;1;1946.0;5;1;-1;-1;0;0;-1
202400048783;203 872 791;155 695 868;B01;1;1;4;1;1973.0;0;2;8;-1;-1; -1;-1
202400048783;203 872 793;155 695 870;Z01;1;1;1;-1;;-1;-1;-1;-1;-1; -1;-1
202400048787;203 872 780;155 695 863;A01;1;1;4;2;2001.0;9;1;-1;-1;-1; -1;-1
202400048789;203 872 776;155 695 860;A01;10;3;4;2;1972.0;9;0;-1;-1;1;3;1
202400048789;203 872 778;155 695 860;A01;1;1;1;1;1997.0;9;8;0;-1;-1; -1;-1
202400048803;203 872 750;155 695 840;A01;3;2;1;1;2023.0;5;3;0;0;-1; -1;-1
202400048803;203 872 752;155 695 840;A01;2;2;1;2;2005.0;5;1;0;0;-1; -1;-1
202400048803;203 872 753;155 695 840;A01;1;1;1;1;1989.0;5;1;0;0;-1; -1;-1
202400048803;203 872 757;155 695 845;B01;1;1;3;2;1981.0;5;1;0;0;-1; -1;-1
202400048807;203 872 748;155 695 838;A01;1;1;4;2;1952.0;3;1;0;-1;-1; -1;-1
202400048824;203 872 704;155 695 802;A01;1;1;1;1;1993.0;1;1;-1;-1;0;0;-1
202400048824;203 872 706;155 695 802;A01;10;3;2;1;1992.0;-1;0;0;0;6;9;1
202400048845;203 872 652;155 695 764;B01;1;1;4;2;1973.0;5;8;8;0;5;B;1
202400048845;203 872 656;155 695 767;A01;1;1;1;-1;;-1;8;8;0;-1; -1;-1
202400048858;203 872 625;155 695 741;A01;10;3;4;1;1997.0;1;0;-1;-1;1;5;1
202400048858;203 872 626;155 695 741;A01;1;1;1;2;1965.0;5;1;0;-1;0;0;-1
202400048868;203 872 596;155 695 721;A01;1;1;2;1;1976.0;0;0;-1;-1;0;0;-1
202400048871;203 872 591;155 695 716;A01;1;1;1;1;2000.0;0;1;0;-1;-1; -1;-1
202400048871;203 872 593;155 695 718;B01;1;1;4;1;2006.0;5;2;6;-1;-1; -1;-1
202400048878;203 872 575;155 695 703;A01;10;3;3;2;1951.0;5;0;-1;-1;3;3;1
202400048878;203 872 577;155 695 703;A01;1;1;1;1;1934.0;5;1;0;-1;-1; -1;-1
202400048898;203 872 527;155 695 666;Z01;1;1;4;2;1953.0;5;8;8;-1;-1; -1;-1
202400048916;203 872 490;155 695 634;A01;1;1;1;1;1934.0;3;1;8;-1;0;0;-1
202400048916;203 872 494;155 695 639;B01;1;1;4;1;2008.0;3;8;0;-1;0;0;-1
202400048921;203 872 475;155 695 624;B01;1;1;1;2;1974.0;0;1;0;0;-1; -1;-1
202400048921;203 872 480;155 695 628;C01;1;1;1;2;1995.0;0;1;0;0;-1; -1;-1
202400048921;203 872 483;155 695 631;A01;2;2;4;2;1990.0;0;8;0;0;-1; -1;-1
202400048921;203 872 485;155 695 631;A01;1;1;1;1;1986.0;0;1;0;0;-1; -1;-1
202400048946;203 872 403;155 695 572;A01;2;2;1;2;1987.0;5;1;0;-1;-1; -1;-1
202400048946;203 872 405;155 695 572;A01;4;2;1;2;2015.0;5;1;0;-1;-1; -1;-1
202400048946;203 872 408;155 695 572;A01;3;2;1;2;2011.0;5;1;0;-1;-1; -1;-1
202400048946;203 872 412;155 695 572;A01;1;1;1;1;1996.0;5;1;0;-1;-1; -1;-1
202400048946;203 872 416;155 695 579;B01;3;2;4;2;2003.0;5;1;0;-1;-1; -1;-1
202400048946;203 872 419;155 695 579;B01;2;2;1;1;2000.0;5;1;0;-1;-1; -1;-1
202400048946;203 872 422;155 695 579;B01;4;2;1;2;2002.0;5;1;0;-1;-1; -1;-1
202400048946;203 872 425;155 695 579;B01;1;1;1;1;2000.0;5;1;0;-1;-1; -1;-1
202400048949;203 872 393;155 695 565;A01;1;1;4;2;2004.0;0;1;-1;-1;-1; -1;-1
202400048949;203 872 400;155 695 569;B01;1;1;4;1;1983.0;-1;1;-1;-1;-1; -1;-1
202400048970;203 872 339;155 695 531;B01;1;1;4;1;1984.0;5;8;0;-1;-1; -1;-1
202400048970;203 872 342;155 695 533;A01;1;1;1;1;1990.0;0;1;0;-1;-1; -1;-1
202400049023;203 872 195;155 695 427;A01;1;1;1;1;1999.0;0;1;8;-1;-1; -1;-1
202400049023;203 872 198;155 695 431;B01;1;1;4;1;1976.0;0;2;8;-1;-1; -1;-1
202400049023;203 872 201;155 695 431;B01;2;2;4;2;1975.0;0;2;0;-1;-1; -1;-1
202400049030;203 872 179;155 695 414;A01;10;3;4;2;2009.0;5;0;-1;-1;1;9;2
202400049030;203 872 181;155 695 414;A01;1;1;1;2;1952.0;1;1;0;-1;-1; -1;-1
202400049032;203 872 173;155 695 407;C01;1;1;4;2;1992.0;1;1;0;0;-1; -1;-1
202400049032;203 872 176;155 695 410;D01;1;1;1;2;1987.0;1;1;0;0;-1; -1;-1
202400049032;203 872 177;155 695 412;B01;1;1;1;1;1968.0;1;1;0;0;-1; -1;-1
202400049032;203 872 180;155 695 415;A01;1;1;1;1;1997.0;1;1;0;0;-1; -1;-1
202400049035;203 872 171;155 695 405;A01;1;1;1;1;1964.0;0;1;0;-1;-1; -1;-1
202400049035;203 872 184;155 695 417;B01;1;1;3;1;1982.0;1;8;0;-1;-1; -1;-1
202400049040;203 872 156;155 695 393;A01;10;3;3;1;1967.0;5;0;-1;-1;5;9;1
202400049040;203 872 158;155 695 393;A01;1;1;1;1;1957.0;4;1;0;-1;-1; -1;-1
202400049067;203 872 096;155 695 348;A01;1;1;1;2;1957.0;0;1;0;-1;-1; -1;-1
202400049067;203 872 098;155 695 350;B01;1;1;4;2;1998.0;3;2;0;0;-1; -1;-1
202400049097;203 872 033;155 695 291;B01;2;2;1;1;1967.0;5;1;-1;-1;0;0;-1
202400049097;203 872 035;155 695 291;B01;1;1;1;2;1971.0;5;1;-1;-1;0;0;-1
202400049097;203 872 039;155 695 297;A01;9;2;1;1;2013.0;5;1;-1;-1;0;0;-1
202400049097;203 872 041;155 695 297;A01;1;1;4;1;1978.0;5;1;-1;-1;0;0;-1
202400049113;203 871 991;155 695 264;A01;1;1;3;1;1996.0;4;8;-1;-1;0;0;-1
202400049117;203 871 984;155 695 261;A01;1;1;3;1;1970.0;5;2;6;-1;0;0;-1
202400049121;203 871 978;155 695 255;A01;7;2;1;2;1996.0;5;1;-1;-1;0;0;-1
202400049121;203 871 983;155 695 255;A01;9;2;1;1;1995.0;5;1;-1;-1;0;0;-1
202400049121;203 871 985;155 695 255;A01;1;1;1;2;2004.0;5;1;-1;-1;0;0;-1
202400049121;203 871 999;155 695 271;B01;2;2;1;1;2013.0;9;1;-1;-1;0;0;-1
202400049121;203 872 002;155 695 271;B01;1;1;4;1;1992.0;9;1;-1;-1;0;0;-1
202400049148;203 871 924;155 695 211;A01;1;1;4;1;1983.0;1;2;0;-1;0;0;-1
202400049152;203 871 916;155 695 208;A01;6;2;3;2;2001.0;5;0;-1;-1;0;0;-1
202400049152;203 871 918;155 695 208;A01;2;2;1;1;2023.0;5;3;1;-1;0;0;-1
202400049152;203 871 919;155 695 208;A01;1;1;4;1;1997.0;5;1;-1;-1;0;0;-1
202400049159;203 871 894;155 695 189;A01;1;1;2;1;1991.0;5;0;-1;-1;0;0;-1
202400049164;203 871 885;155 695 181;A01;1;1;3;1;2005.0;0;1;-1;-1;0;0;-1
202400049164;203 871 886;155 695 181;A01;2;2;4;1;2004.0;0;1;-1;-1;0;0;-1
202400049164;203 871 890;155 695 185;B01;1;1;3;1;1963.0;0;1;-1;-1;0;0;-1
202400049170;203 871 873;155 695 170;A01;1;1;2;1;1936.0;5;1;-1;-1;0;0;-1
202400049174;203 871 866;155 695 164;A01;1;1;1;1;1958.0;0;1;0;-1;-1; -1;-1
202400049174;203 871 872;155 695 169;B01;1;1;4;1;1993.0;0;1;0;-1;-1; -1;-1
202400049174;203 871 875;155 695 173;C01;1;1;1;1;1989.0;0;1;0;-1;-1; -1;-1
202400049218;203 871 764;155 695 088;A01;10;3;4;2;1946.0;9;0;-1;-1;3;3;1
202400049218;203 871 766;155 695 088;A01;1;1;1;2;2005.0;0;1;8;-1;-1; -1;-1
202400049226;203 871 741;155 695 073;B01;1;1;1;2;1999.0;5;8;0;-1;-1; -1;-1
202400049226;203 871 744;155 695 075;A01;10;3;3;1;1997.0;5;0;-1;-1;6;9;3
202400049226;203 871 748;155 695 075;A01;1;1;1;1;1978.0;5;1;0;-1;-1; -1;-1
202400049230;203 871 735;155 695 068;A01;10;3;4;1;1982.0;9;0;-1;-1;2;3;1
202400049230;203 871 737;155 695 068;A01;1;1;1;2;1992.0;4;8;0;-1;-1; -1;-1
202400049236;203 871 714;155 695 054;B01;1;1;4;1;1980.0;1;8;-1;-1;0;0;-1
202400049236;203 871 718;155 695 058;A01;1;1;4;1;2000.0;1;8;-1;-1;0;0;-1
202400049239;203 871 705;155 695 049;A01;1;1;1;2;1993.0;4;1;0;-1;0;0;-1
202400049239;203 871 710;155 695 051;C01;1;1;1;1;1984.0;4;1;0;-1;0;0;-1
202400049239;203 871 716;155 695 055;B01;1;1;4;1;2001.0;4;8;0;-1;0;0;-1
202400049242;203 871 700;155 695 047;A01;1;1;4;2;2001.0;4;1;-1;-1;0;0;-1
202400049249;203 871 673;155 695 032;A01;5;2;3;1;2007.0;5;1;-1;-1;0;0;-1
202400049249;203 871 676;155 695 032;A01;4;2;3;1;2005.0;5;1;-1;-1;0;0;-1
202400049249;203 871 679;155 695 032;A01;2;2;1;1;2005.0;5;1;-1;-1;0;0;-1
202400049249;203 871 681;155 695 032;A01;3;2;4;1;2005.0;5;1;-1;-1;0;0;-1
202400049249;203 871 684;155 695 032;A01;1;1;1;1;2002.0;5;1;-1;-1;0;0;-1
202400049252;203 871 670;155 695 026;C01;1;1;4;1;1985.0;1;2;8;-1;0;0;-1
202400049252;203 871 674;155 695 029;A01;1;1;1;1;1990.0;5;1;0;-1;0;0;-1
202400049252;203 871 687;155 695 036;B01;1;1;1;1;1976.0;5;2;8;-1;0;0;-1
202400049280;203 871 606;155 694 976;A01;1;1;1;1;1948.0;5;1;-1;-1;0;0;-1
202400049280;203 871 611;155 694 982;B01;1;1;3;1;2005.0;5;2;-1;-1;0;0;-1
202400049307;203 871 542;155 694 930;A01;1;1;1;1;1960.0;5;8;-1;-1;0;0;-1
202400049307;203 871 545;155 694 932;B01;2;2;4;2;1974.0;0;2;7;-1;0;0;-1
202400049307;203 871 549;155 694 932;B01;1;1;4;1;1970.0;5;2;6;-1;0;0;-1
202400049313;203 871 522;155 694 917;A01;2;1;1;1;1956.0;5;8;-1;-1;0;0;-1
202400049313;203 871 528;155 694 917;A01;1;2;1;2;1960.0;5;8;-1;-1;0;0;-1
202400049313;203 871 532;155 694 926;B01;1;1;3;1;1965.0;5;2;-1;-1;0;0;-1
202400049315;203 871 526;155 694 918;A01;1;1;1;1;1982.0;3;1;0;0;-1; -1;-1
202400049315;203 871 537;155 694 925;B01;1;1;4;1;1980.0;0;2;0;0;-1; -1;-1
202400049318;203 871 511;155 694 912;A01;2;2;3;1;2004.0;0;0;-1;-1;-1; -1;-1
202400049318;203 871 515;155 694 912;A01;4;2;4;1;1992.0;0;0;-1;-1;-1; -1;-1
202400049318;203 871 519;155 694 912;A01;1;1;3;1;2005.0;0;0;-1;-1;-1; -1;-1
202400049324;203 871 502;155 694 904;B01;1;1;1;1;1972.0;4;1;-1;-1;0;0;-1
202400049324;203 871 507;155 694 908;A01;1;1;2;2;1958.0;3;1;-1;-1;0;0;-1
202400049331;203 871 486;155 694 890;A01;1;1;3;2;1975.0;0;1;-1;-1;0;0;-1
202400049338;203 871 472;155 694 881;B01;1;1;1;1;1988.0;4;1;0;-1;0;0;-1
202400049338;203 871 480;155 694 887;A01;1;1;4;1;1994.0;4;2;-1;-1;0;0;-1
202400049343;203 871 444;155 694 864;A01;2;2;1;2;1999.0;5;1;-1;-1;0;0;-1
202400049343;203 871 445;155 694 864;A01;7;2;1;1;2024.0;5;1;-1;-1;0;0;-1
202400049343;203 871 449;155 694 864;A01;10;3;3;2;1940.0;5;0;-1;-1;3;3;1
202400049343;203 871 451;155 694 864;A01;1;1;1;1;1997.0;5;1;-1;-1;0;0;-1
202400049371;203 871 385;155 694 816;A01;3;2;1;2;2021.0;0;1;0;-1;-1; -1;-1
202400049371;203 871 388;155 694 816;A01;2;2;1;2;1978.0;0;1;0;-1;-1; -1;-1
202400049371;203 871 392;155 694 816;A01;4;2;1;2;1996.0;0;1;0;-1;-1; -1;-1
202400049371;203 871 396;155 694 816;A01;1;1;1;2;1981.0;0;1;0;-1;-1; -1;-1
202400049371;203 871 399;155 694 827;B01;1;1;3;1;1970.0;0;2;0;-1;-1; -1;-1
202400049384;203 871 359;155 694 795;B01;1;1;4;1;1990.0;0;2;6;0;-1; -1;-1
202400049384;203 871 368;155 694 799;A01;1;1;1;1;2004.0;0;1;0;0;-1; -1;-1
202400049389;203 871 346;155 694 784;A01;1;1;1;1;2003.0;5;1;0;-1;-1; -1;-1
202400049389;203 871 352;155 694 789;B01;1;1;3;2;1998.0;1;2;8;-1;-1; -1;-1
202400049396;203 871 327;155 694 770;B01;1;1;4;1;1993.0;5;2;0;0;-1; -1;-1
202400049396;203 871 332;155 694 773;A01;1;1;1;2;1974.0;5;1;0;0;-1; -1;-1
202400049398;203 871 333;155 694 774;A01;1;1;1;2;1988.0;3;1;-1;-1;0;0;-1
202400049398;203 871 335;155 694 776;B01;1;1;4;2;1949.0;0;1;-1;-1;0;0;-1
202400049405;203 871 313;155 694 756;A01;10;3;4;1;1968.0;1;0;0;0;4;3;2
202400049405;203 871 316;155 694 756;A01;1;1;1;1;1974.0;1;2;0;0;0;0;-1
202400049406;203 871 308;155 694 753;A01;1;1;4;1;1992.0;0;1;-1;-1;0;0;-1
202400049406;203 871 317;155 694 759;B01;1;1;1;1;2000.0;4;8;-1;-1;0;0;-1
202400049409;203 871 306;155 694 751;A01;1;1;3;2;1973.0;5;1;-1;-1;0;0;-1
202400049422;203 871 275;155 694 726;A01;1;1;4;1;2002.0;1;2;6;-1;-1; -1;-1
202400049422;203 871 281;155 694 733;B01;1;1;1;2;1980.0;5;1;0;0;-1; -1;-1
202400049422;203 871 287;155 694 733;B01;3;2;4;2;2014.0;5;1;0;0;-1; -1;-1
202400049427;203 871 257;155 694 712;A01;1;1;1;1;2005.0;1;1;-1;-1;0;0;-1
202400049427;203 871 262;155 694 717;B01;1;1;4;1;2007.0;1;2;-1;-1;0;0;-1
202400049453;203 871 193;155 694 665;A01;1;1;3;1;1995.0;5;2;6;-1;0;0;-1
202400049455;203 871 192;155 694 662;A01;2;2;4;2;1990.0;5;1;-1;-1;0;0;-1
202400049455;203 871 198;155 694 662;A01;9;2;4;1;2021.0;5;1;-1;-1;0;0;-1
202400049455;203 871 200;155 694 662;A01;7;2;4;1;2019.0;5;1;-1;-1;0;0;-1
202400049455;203 871 204;155 694 662;A01;1;1;4;1;1988.0;5;1;-1;-1;0;0;-1
202400049456;203 871 191;155 694 661;A01;1;1;1;1;1990.0;4;8;-1;-1;0;0;-1
202400049456;203 871 210;155 694 675;B01;1;1;3;1;2006.0;1;1;-1;-1;0;0;-1
202400049463;203 871 173;155 694 647;A01;1;1;3;1;1956.0;5;0;-1;-1;0;0;-1
202400049476;203 871 146;155 694 625;A01;1;1;4;2;1990.0;1;1;-1;-1;0;0;-1
202400049479;203 871 141;155 694 623;A01;1;1;3;1;1993.0;0;2;6;-1;-1; -1;-1
202400049502;203 871 079;155 694 578;A01;1;1;1;1;1997.0;9;1;-1;-1;-1; -1;-1
202400049502;203 871 085;155 694 583;B01;1;1;4;1;2004.0;1;2;6;-1;-1; -1;-1
202400049502;203 871 092;155 694 589;C01;2;2;1;2;1974.0;9;1;-1;-1;-1; -1;-1
202400049502;203 871 094;155 694 589;C01;1;1;1;1;1974.0;9;1;-1;-1;-1; -1;-1
202400049544;203 870 985;155 694 506;B01;1;1;1;1;2000.0;0;1;0;-1;-1; -1;-1
202400049544;203 870 990;155 694 510;A01;1;1;4;1;1992.0;1;2;6;-1;-1; -1;-1
202400049551;203 870 974;155 694 497;A01;1;1;4;1;1970.0;0;2;6;4;-1; -1;-1
202400049551;203 870 979;155 694 501;B01;1;1;1;1;1991.0;0;8;0;0;-1; -1;-1
202400049554;203 870 963;155 694 492;A01;10;3;4;1;1977.0;5;0;-1;-1;1;1;1
202400049554;203 870 966;155 694 492;A01;1;1;1;1;1961.0;5;2;0;-1;0;0;-1
202400049569;203 870 936;155 694 468;A01;1;1;1;2;1977.0;5;1;-1;-1;0;0;-1
202400049569;203 870 940;155 694 471;B01;1;1;3;2;2007.0;5;2;-1;-1;0;0;-1
202400049578;203 870 910;155 694 448;A01;1;1;4;1;1985.0;1;1;0;0;-1; -1;-1
202400049578;203 870 917;155 694 454;B01;1;1;1;-1;;-1;8;8;8;-1; -1;-1
202400049584;203 870 900;155 694 441;A01;1;1;3;1;1982.0;4;2;6;-1;0;0;-1
202400049584;203 870 903;155 694 443;B01;1;1;1;1;2000.0;5;1;-1;-1;0;0;-1
202400049592;203 870 874;155 694 425;A01;3;2;1;2;1997.0;5;1;-1;-1;-1; -1;-1
202400049592;203 870 879;155 694 425;A01;2;2;4;2;1998.0;5;1;-1;-1;-1; -1;-1
202400049592;203 870 882;155 694 425;A01;4;2;4;1;1999.0;5;1;-1;-1;-1; -1;-1
202400049592;203 870 885;155 694 425;A01;1;1;1;1;1996.0;5;1;-1;-1;-1; -1;-1
202400049597;203 870 867;155 694 419;A01;10;3;3;1;1956.0;5;0;-1;-1;2;3;1
202400049597;203 870 870;155 694 419;A01;1;1;1;1;1943.0;5;1;-1;-1;0;0;-1
202400049598;203 870 861;155 694 416;A01;10;3;4;2;1948.0;5;0;-1;-1;4;3;2
202400049598;203 870 868;155 694 416;A01;1;1;1;1;1995.0;9;2;6;-1;0;0;-1
202400049599;203 870 858;155 694 414;B01;1;1;3;1;2007.0;5;2;6;-1;0;0;-1
202400049599;203 870 863;155 694 418;A01;1;1;1;2;1965.0;5;1;5;-1;0;0;-1
202400049608;203 870 844;155 694 400;A01;1;1;1;2;2002.0;2;1;0;-1;-1; -1;-1
202400049608;203 870 850;155 694 407;B01;1;1;4;2;2002.0;2;2;0;-1;-1; -1;-1
202400049613;203 870 821;155 694 388;A01;2;2;2;1;1997.0;5;8;-1;-1;0;0;-1
202400049613;203 870 826;155 694 388;A01;9;2;3;1;2000.0;5;8;-1;-1;0;0;-1
202400049613;203 870 828;155 694 388;A01;7;2;2;1;2000.0;5;8;-1;-1;0;0;-1
202400049613;203 870 830;155 694 388;A01;1;1;3;1;2000.0;5;8;-1;-1;0;0;-1
202400049616;203 870 813;155 694 386;A01;1;1;3;1;1961.0;9;1;-1;-1;0;0;-1
202400049617;203 870 810;155 694 384;A01;2;2;4;2;1955.0;0;1;-1;-1;0;0;-1
202400049617;203 870 811;155 694 384;A01;1;1;4;1;1949.0;0;1;-1;-1;0;0;-1
202400049617;203 870 819;155 694 389;B01;1;1;1;1;2007.0;9;1;-1;-1;0;0;-1
202400049617;203 870 823;155 694 389;B01;2;2;4;2;1971.0;9;1;-1;-1;0;0;-1
202400049641;203 870 761;155 694 345;A01;1;1;4;1;1984.0;5;2;-1;-1;0;0;-1
202400049642;203 870 755;155 694 342;A01;1;1;1;1;1974.0;4;1;-1;-1;0;0;-1
202400049642;203 870 759;155 694 348;B01;1;1;3;1;2003.0;5;1;-1;-1;0;0;-1
202400049654;203 870 730;155 694 322;A01;2;2;3;2;1970.0;5;2;6;9;0;0;-1
202400049654;203 870 733;155 694 322;A01;1;1;1;1;2000.0;5;2;6;9;0;0;-1
202400049654;203 870 738;155 694 329;B01;1;1;1;1;1977.0;5;1;-1;-1;0;0;-1
202400049657;203 870 725;155 694 317;A01;1;1;4;1;2006.0;5;2;6;-1;0;0;-1
202400049663;203 870 706;155 694 302;A01;1;1;4;2;1981.0;5;1;0;-1;-1; -1;-1
202400049663;203 870 713;155 694 308;B01;1;1;1;1;1993.0;5;1;0;-1;-1; -1;-1
202400049674;203 870 686;155 694 288;A01;1;1;4;1;1985.0;5;2;6;0;-1; -1;-1
202400049674;203 870 696;155 694 293;B01;1;1;1;1;1986.0;5;1;0;0;-1; -1;-1
202400049698;203 870 630;155 694 241;A01;1;1;4;1;1990.0;5;8;0;-1;-1; -1;-1
202400049705;203 870 608;155 694 225;A01;1;1;1;2;1972.0;0;1;-1;-1;0;0;-1
202400049705;203 870 613;155 694 228;B01;1;1;3;1;1940.0;5;2;-1;-1;0;0;-1
202400049741;203 870 513;155 694 158;A01;1;1;2;1;1973.0;0;2;-1;-1;0;0;-1
202400049741;203 870 516;155 694 160;B01;1;1;1;2;1987.0;5;1;-1;-1;0;0;-1
202400049752;203 870 483;155 694 136;A01;1;1;4;2;1966.0;5;1;4;-1;-1; -1;-1
202400049777;203 870 418;155 694 095;B01;1;1;4;1;2002.0;5;0;-1;-1;-1; -1;-1
202400049777;203 870 427;155 694 101;A01;1;1;1;2;2005.0;1;1;-1;-1;-1; -1;-1
202400049793;203 870 374;155 694 062;B01;1;1;4;1;1999.0;0;2;6;-1;-1; -1;-1
202400049793;203 870 377;155 694 066;AB01;1;1;1;1;1996.0;0;1;0;-1;-1; -1;-1
202400049804;203 870 352;155 694 044;B01;1;1;3;1;1972.0;1;1;-1;-1;0;0;-1
202400049804;203 870 359;155 694 049;A01;1;1;3;1;1936.0;9;1;-1;-1;0;0;-1
202400049806;203 870 350;155 694 042;A01;1;1;1;1;1997.0;5;1;4;-1;-1; -1;-1
202400049806;203 870 354;155 694 046;B01;1;1;1;1;1962.0;0;1;4;-1;-1; -1;-1
202400049806;203 870 362;155 694 053;C01;2;2;4;1;1988.0;0;1;4;-1;-1; -1;-1
202400049806;203 870 365;155 694 053;C01;1;1;1;1;1964.0;0;1;4;-1;-1; -1;-1
202400049818;203 870 321;155 694 016;A01;1;1;4;2;1942.0;5;1;-1;-1;0;0;-1
202400049818;203 870 329;155 694 022;B01;1;1;4;2;1986.0;5;1;-1;-1;0;0;-1
202400049821;203 870 308;155 694 005;A01;1;1;4;1;1965.0;1;1;8;-1;-1; -1;-1
202400049821;203 870 311;155 694 009;B01;1;1;1;1;1969.0;4;1;8;-1;-1; -1;-1
202400049849;203 870 247;155 693 958;A01;1;1;4;1;1976.0;5;2;-1;-1;0;0;-1
202400049850;203 870 245;155 693 956;A01;1;1;4;1;1966.0;5;1;0;-1;-1; -1;-1
202400049852;203 870 242;155 693 953;B01;1;1;3;1;1980.0;0;1;-1;-1;0;0;-1
202400049852;203 870 249;155 693 959;C01;1;1;1;1;1973.0;0;1;-1;-1;0;0;-1
202400049852;203 870 253;155 693 962;D01;1;1;1;1;1950.0;0;1;-1;-1;0;0;-1
202400049852;203 870 261;155 693 970;A01;1;1;2;1;2002.0;0;8;-1;-1;0;0;-1
202400049867;203 870 202;155 693 925;A01;1;1;2;1;2001.0;2;2;0;-1;0;0;-1
202400049867;203 870 206;155 693 930;B01;1;1;4;1;1947.0;5;1;0;-1;0;0;-1
202400049867;203 870 211;155 693 934;C01;1;1;4;2;1967.0;5;1;0;-1;0;0;-1
202400049882;203 870 168;155 693 902;A01;2;2;3;1;2004.0;5;1;-1;-1;0;0;-1
202400049882;203 870 173;155 693 902;A01;4;2;3;2;2001.0;5;1;-1;-1;0;0;-1
202400049882;203 870 175;155 693 902;A01;3;2;3;1;2006.0;5;1;-1;-1;0;0;-1
202400049882;203 870 179;155 693 902;A01;5;2;3;1;2007.0;5;1;-1;-1;0;0;-1
202400049882;203 870 181;155 693 902;A01;1;1;3;1;2004.0;5;1;-1;-1;0;0;-1
202400049909;203 870 095;155 693 842;A01;1;1;1;1;1989.0;1;1;-1;-1;0;0;-1
202400049909;203 870 100;155 693 848;B01;1;1;3;1;2009.0;5;2;6;9;0;0;-1
202400049919;203 870 073;155 693 827;B01;1;1;1;1;1983.0;0;2;0;-1;-1; -1;-1
202400049919;203 870 076;155 693 827;B01;2;2;4;1;1994.0;0;2;0;-1;-1; -1;-1
202400049919;203 870 087;155 693 834;A01;1;1;1;2;1997.0;0;1;0;-1;-1; -1;-1
202400049920;203 870 069;155 693 823;A01;10;3;3;1;1952.0;0;0;-1;-1;3;3;3
202400049920;203 870 070;155 693 823;A01;1;1;1;1;1986.0;4;8;-1;-1;-1; -1;-1
202400049932;203 870 045;155 693 809;A01;2;2;3;2;2004.0;0;1;0;-1;-1; -1;-1
202400049932;203 870 051;155 693 809;A01;1;1;1;1;1999.0;0;8;0;-1;-1; -1;-1
202400049933;203 870 048;155 693 811;A01;7;2;1;2;2006.0;5;1;-1;-1;0;0;-1
202400049933;203 870 052;155 693 811;A01;2;2;1;2;2009.0;5;1;-1;-1;0;0;-1
202400049933;203 870 053;155 693 811;A01;9;2;4;2;2009.0;5;1;-1;-1;0;0;-1
202400049933;203 870 055;155 693 811;A01;1;1;1;2;2007.0;5;1;-1;-1;0;0;-1
202400049939;203 870 026;155 693 793;A01;2;2;4;2;1994.0;0;2;0;-1;0;0;-1
202400049939;203 870 027;155 693 793;A01;1;1;4;1;1991.0;0;2;8;-1;0;0;-1
202400049939;203 870 031;155 693 799;B01;1;1;1;1;1989.0;0;1;8;-1;0;0;-1
202400049943;203 870 015;155 693 784;A01;1;1;4;2;1982.0;5;1;-1;-1;0;0;-1
202400049957;203 869 988;155 693 765;B01;1;1;3;2;1990.0;0;0;-1;-1;0;0;-1
202400049957;203 869 994;155 693 770;A01;1;1;1;1;1967.0;4;1;0;-1;0;0;-1
202400049960;203 869 982;155 693 761;A01;10;3;3;2;1994.0;3;0;-1;-1;3;3;1
202400049960;203 869 985;155 693 761;A01;1;1;1;1;1988.0;9;1;8;-1;0;0;-1
202400049965;203 869 966;155 693 753;A01;1;1;4;2;1999.0;0;1;0;0;-1; -1;-1
202400049965;203 869 975;155 693 757;B01;1;1;1;1;1959.0;5;1;0;0;-1; -1;-1
202400049970;203 869 960;155 693 747;A01;1;1;4;1;1975.0;0;1;0;-1;-1; -1;-1
202400049990;203 869 918;155 693 715;C01;1;1;4;1;2001.0;0;1;-1;-1;0;0;-1
202400049990;203 869 922;155 693 719;A01;1;1;3;1;1962.0;5;1;-1;-1;0;0;-1
202400049990;203 869 924;155 693 721;B01;1;1;3;1;2000.0;5;1;-1;-1;0;0;-1
202400049994;203 869 906;155 693 709;A01;10;3;4;2;2008.0;5;0;-1;-1;2;3;1
202400049994;203 869 908;155 693 709;A01;1;1;1;1;2005.0;5;1;-1;-1;-1; -1;-1
202400050032;203 869 809;155 693 644;B01;1;1;3;1;2005.0;5;2;6;-1;-1; -1;-1
202400050032;203 869 813;155 693 647;A01;2;2;1;1;1989.0;5;1;0;-1;-1; -1;-1
202400050032;203 869 817;155 693 647;A01;1;1;1;2;1981.0;5;1;0;-1;-1; -1;-1
202400050040;203 869 787;155 693 626;B01;1;1;4;1;2002.0;5;2;0;-1;-1; -1;-1
202400050040;203 869 790;155 693 630;A01;1;1;1;2;1983.0;5;1;0;-1;-1; -1;-1
202400050055;203 869 737;155 693 595;A01;8;2;1;1;2012.0;5;1;-1;-1;0;0;-1
202400050055;203 869 738;155 693 595;A01;7;2;1;2;2016.0;5;1;-1;-1;0;0;-1
202400050055;203 869 740;155 693 595;A01;9;2;1;1;2010.0;5;1;-1;-1;0;0;-1
202400050055;203 869 744;155 693 595;A01;2;2;1;2;1986.0;5;1;-1;-1;0;0;-1
202400050055;203 869 747;155 693 595;A01;1;1;1;1;1963.0;5;1;-1;-1;0;0;-1
202400050055;203 869 750;155 693 602;B01;2;2;4;2;1986.0;5;1;-1;-1;0;0;-1
202400050055;203 869 753;155 693 602;B01;9;2;1;1;2017.0;5;1;-1;-1;0;0;-1
202400050055;203 869 754;155 693 602;B01;7;2;1;1;2021.0;5;1;-1;-1;0;0;-1
202400050055;203 869 757;155 693 602;B01;1;1;4;2;1998.0;5;1;-1;-1;0;0;-1
202400050055;203 869 763;155 693 611;C01;9;2;1;2;2012.0;5;1;-1;-1;0;0;-1
202400050055;203 869 766;155 693 611;C01;8;2;1;2;2018.0;5;1;-1;-1;0;0;-1
202400050055;203 869 768;155 693 611;C01;2;2;1;2;1984.0;5;1;-1;-1;0;0;-1
202400050055;203 869 772;155 693 611;C01;7;2;1;1;2013.0;5;1;-1;-1;0;0;-1
202400050055;203 869 774;155 693 611;C01;1;1;1;1;1984.0;5;1;-1;-1;0;0;-1
202400050059;203 869 731;155 693 590;A01;1;1;1;1;1986.0;0;1;0;-1;-1; -1;-1
202400050059;203 869 735;155 693 593;B01;1;1;4;1;2000.0;0;2;6;-1;-1; -1;-1
202400050060;203 869 730;155 693 589;A01;1;1;1;1;1968.0;1;1;0;-1;-1; -1;-1
202400050060;203 869 732;155 693 591;B01;1;1;4;1;1993.0;1;8;0;-1;-1; -1;-1
202400050064;203 869 724;155 693 585;A01;1;1;4;2;1955.0;9;1;0;0;-1; -1;-1
202400050064;203 869 725;155 693 585;A01;2;2;4;1;1957.0;9;1;0;0;-1; -1;-1
202400050066;203 869 718;155 693 580;A01;1;1;4;1;1994.0;1;1;0;-1;-1; -1;-1
202400050066;203 869 723;155 693 584;B01;1;1;1;1;1986.0;4;1;0;-1;-1; -1;-1
202400050093;203 869 644;155 693 520;A01;1;1;1;2;2001.0;9;1;0;-1;-1; -1;-1
202400050093;203 869 650;155 693 524;B01;1;1;4;1;1986.0;0;2;0;-1;-1; -1;-1
202400050102;203 869 620;155 693 506;B01;4;2;1;1;2022.0;0;1;8;-1;-1; -1;-1
202400050102;203 869 622;155 693 506;B01;2;2;4;2;2024.0;0;1;8;-1;-1; -1;-1
202400050102;203 869 624;155 693 506;B01;3;2;1;2;2002.0;0;1;8;-1;-1; -1;-1
202400050102;203 869 626;155 693 506;B01;1;1;1;2;2003.0;0;1;8;-1;-1; -1;-1
202400050102;203 869 634;155 693 516;A01;1;1;1;-1;;-1;-1;-1;-1;-1; -1;-1
202400050105;203 869 613;155 693 502;A01;1;1;1;2;1995.0;1;1;0;-1;-1; -1;-1
202400050105;203 869 618;155 693 505;B01;1;1;4;1;1983.0;0;8;0;-1;-1; -1;-1
202400050118;203 869 584;155 693 478;B01;1;1;1;1;1971.0;4;8;8;-1;-1; -1;-1
202400050118;203 869 589;155 693 482;A01;1;1;3;1;2012.0;2;8;0;-1;-1; -1;-1
202400050128;203 869 559;155 693 461;A01;2;2;1;2;1999.0;5;2;-1;-1;0;0;-1
202400050128;203 869 561;155 693 461;A01;1;1;3;1;1969.0;5;2;-1;-1;0;0;-1
202400050164;203 869 473;155 693 398;A01;1;1;3;1;1959.0;0;8;0;-1;-1; -1;-1
202400050176;203 869 437;155 693 375;A01;1;1;4;2;1991.0;1;1;-1;-1;-1; -1;-1
202400050181;203 869 430;155 693 368;A01;1;1;1;1;1992.0;0;1;0;-1;0;0;-1
202400050181;203 869 433;155 693 371;B01;2;2;4;2;2002.0;0;1;0;-1;0;0;-1
202400050181;203 869 435;155 693 371;B01;1;1;4;2;2000.0;0;1;0;-1;0;0;-1
202400050187;203 869 415;155 693 356;A01;10;3;3;1;1990.0;0;0;-1;-1;2;1;1
202400050187;203 869 419;155 693 356;A01;1;1;1;1;1997.0;1;1;0;-1;-1; -1;-1
202400050191;203 869 405;155 693 349;B01;1;1;1;2;1973.0;5;1;8;-1;-1; -1;-1
202400050191;203 869 410;155 693 352;A01;1;1;4;1;1972.0;1;2;6;-1;-1; -1;-1
202400050198;203 869 386;155 693 337;A01;10;3;4;2;1956.0;3;0;-1;-1;3;3;1
202400050198;203 869 389;155 693 337;A01;1;1;1;1;1971.0;5;1;0;-1;0;0;-1
202400050206;203 869 357;155 693 314;A01;10;3;4;2;1975.0;5;0;-1;-1;4;3;2
202400050206;203 869 360;155 693 314;A01;1;1;1;1;1990.0;1;1;0;-1;-1; -1;-1
202400050210;203 869 347;155 693 305;A01;1;1;3;1;2003.0;5;8;0;-1;-1; -1;-1
202400050210;203 869 353;155 693 312;B01;1;1;1;1;1962.0;5;1;8;-1;-1; -1;-1
202400050218;203 869 320;155 693 290;B01;1;1;1;2;1978.0;9;1;-1;-1;0;0;-1
202400050218;203 869 323;155 693 292;D01;2;2;1;1;2002.0;9;1;-1;-1;0;0;-1
202400050218;203 869 325;155 693 292;D01;1;1;4;2;2002.0;9;1;-1;-1;0;0;-1
202400050218;203 869 326;155 693 295;A01;1;1;1;2;2004.0;9;1;-1;-1;0;0;-1
202400050218;203 869 329;155 693 298;C01;1;1;1;1;1984.0;9;1;-1;-1;0;0;-1
202400050218;203 869 333;155 693 298;C01;7;2;1;2;2010.0;9;1;-1;-1;0;0;-1
202400050218;203 869 337;155 693 298;C01;9;2;1;1;2011.0;9;1;-1;-1;0;0;-1
202400050229;203 869 295;155 693 272;A01;1;1;1;1;1998.0;0;1;0;-1;-1; -1;-1
202400050229;203 869 300;155 693 276;B01;1;1;3;1;1982.0;0;2;0;-1;-1; -1;-1
202400050233;203 869 279;155 693 260;A01;1;1;3;1;2010.0;5;2;6;-1;0;0;-1
202400050233;203 869 290;155 693 268;B01;1;1;1;2;2007.0;5;1;-1;-1;0;0;-1
202400050233;203 869 292;155 693 268;B01;9;2;1;2;2010.0;5;1;-1;-1;0;0;-1
202400050233;203 869 294;155 693 268;B01;2;2;1;1;1975.0;5;1;-1;-1;0;0;-1
202400050237;203 869 272;155 693 255;B01;1;1;4;1;1944.0;9;8;0;-1;0;0;-1
202400050237;203 869 275;155 693 258;A01;1;1;1;1;1995.0;9;1;0;-1;0;0;-1
202400050261;203 869 218;155 693 215;A01;1;1;1;1;2007.0;0;1;0;-1;-1; -1;-1
202400050261;203 869 222;155 693 219;B01;1;1;4;1;2005.0;0;-1;0;-1;-1; -1;-1
202400050262;203 869 219;155 693 216;B01;1;1;1;1;1978.0;1;1;0;-1;0;0;-1
202400050262;203 869 224;155 693 220;A01;1;1;4;2;2003.0;3;8;0;-1;0;0;-1
202400050266;203 869 207;155 693 207;B01;1;1;1;1;1978.0;4;1;8;-1;-1; -1;-1
202400050266;203 869 213;155 693 212;A01;1;1;3;1;1991.0;5;2;6;-1;-1; -1;-1
202400050287;203 869 147;155 693 167;A01;1;1;1;1;1985.0;5;8;0;-1;0;0;-1
202400050287;203 869 151;155 693 171;B01;1;1;4;1;1998.0;5;2;0;-1;0;0;-1
202400050296;203 869 131;155 693 154;A01;1;1;4;1;1989.0;0;1;0;-1;-1; -1;-1
202400050303;203 869 108;155 693 139;B01;1;1;4;2;1995.0;1;1;0;-1;0;0;-1
202400050303;203 869 111;155 693 142;A01;1;1;1;1;1997.0;1;1;0;-1;0;0;-1
202400050307;203 869 098;155 693 130;A01;1;1;4;1;1976.0;1;2;6;-1;0;0;-1
202400050307;203 869 101;155 693 132;B01;1;1;1;1;1983.0;4;1;0;-1;0;0;-1
202400050309;203 869 094;155 693 127;A01;1;1;4;2;1986.0;1;2;0;-1;0;0;-1
202400050312;203 869 079;155 693 120;A01;1;1;4;1;1988.0;1;2;6;-1;0;0;-1
202400050312;203 869 088;155 693 124;B01;1;1;1;1;2002.0;4;1;8;-1;0;0;-1
202400050318;203 869 067;155 693 110;B01;1;1;4;2;1992.0;5;8;0;-1;0;0;-1
202400050318;203 869 071;155 693 113;A01;1;1;1;-1;;-1;-1;-1;-1;0;0;-1
202400050323;203 869 060;155 693 105;A01;1;1;4;1;1984.0;1;2;6;-1;0;0;-1
202400050329;203 869 047;155 693 096;A01;1;1;3;1;2009.0;5;2;9;-1;0;0;-1
202400050348;203 868 996;155 693 063;A01;2;2;3;1;2003.0;5;1;-1;-1;0;0;-1
202400050348;203 868 999;155 693 063;A01;1;1;1;1;2002.0;5;1;-1;-1;0;0;-1
202400050354;203 868 985;155 693 055;B01;2;2;4;2;1977.0;5;2;6;-1;0;0;-1
202400050354;203 868 988;155 693 055;B01;1;1;4;1;1972.0;5;2;6;-1;0;0;-1
202400050354;203 868 990;155 693 059;A01;1;1;1;2;1982.0;5;8;-1;-1;0;0;-1
202400050364;203 868 959;155 693 035;A01;1;1;1;2;1948.0;5;1;8;-1;-1; -1;-1
202400050364;203 868 963;155 693 038;B01;1;1;3;1;1980.0;5;2;6;-1;-1; -1;-1
202400050381;203 868 917;155 693 004;A01;1;1;4;1;2010.0;0;2;6;-1;-1; -1;-1
202400050381;203 868 918;155 693 004;A01;2;2;4;1;2009.0;5;2;6;-1;-1; -1;-1
202400050381;203 868 921;155 693 007;B01;2;2;1;2;1968.0;0;1;0;-1;-1; -1;-1
202400050381;203 868 923;155 693 007;B01;1;1;1;1;1970.0;0;1;0;-1;-1; -1;-1
202400050393;203 868 889;155 692 983;A01;1;1;1;1;1992.0;5;1;8;-1;-1; -1;-1
202400050393;203 868 890;155 692 986;B01;4;2;4;2;2004.0;5;1;8;0;-1; -1;-1
202400050393;203 868 895;155 692 986;B01;1;1;4;1;1976.0;0;1;0;0;-1; -1;-1
202400050408;203 868 855;155 692 959;A01;1;1;4;1;1989.0;3;8;8;0;0;0;-1
202400050410;203 868 845;155 692 952;A01;2;2;4;1;1993.0;9;1;7;-1;-1; -1;-1
202400050410;203 868 846;155 692 952;A01;1;1;1;2;1990.0;9;1;5;-1;-1; -1;-1
202400050411;203 868 849;155 692 955;C01;2;2;1;1;1985.0;5;1;-1;-1;0;0;-1
202400050411;203 868 850;155 692 955;C01;7;2;1;2;1971.0;5;1;-1;-1;0;0;-1
202400050411;203 868 853;155 692 955;C01;1;1;1;2;1992.0;5;1;-1;-1;0;0;-1
202400050411;203 868 857;155 692 960;A01;1;1;1;1;1956.0;5;1;5;-1;0;0;-1
202400050411;203 868 860;155 692 963;B01;1;1;3;1;1940.0;5;1;5;-1;0;0;-1
202400050412;203 868 844;155 692 951;A01;1;1;4;2;2004.0;0;8;0;-1;-1; -1;-1
202400050412;203 868 847;155 692 954;B01;1;1;4;1;1993.0;9;8;0;-1;-1; -1;-1
202400050424;203 868 824;155 692 933;A01;1;1;1;2;1975.0;2;1;-1;-1;0;0;-1
202400050424;203 868 825;155 692 934;B01;1;1;4;1;2001.0;1;0;-1;-1;0;0;-1
202400050442;203 868 769;155 692 898;A01;1;1;4;2;2001.0;5;1;-1;-1;0;0;-1
202400050442;203 868 777;155 692 901;B01;1;1;3;1;1973.0;5;2;-1;-1;0;0;-1
202400050450;203 868 749;155 692 885;A01;10;3;4;1;2008.0;5;0;-1;-1;2;1;1
202400050450;203 868 752;155 692 885;A01;1;1;1;1;1965.0;3;1;-1;-1;0;0;-1
202400050452;203 868 740;155 692 880;A01;1;1;4;1;1987.0;0;1;0;-1;-1; -1;-1
202400050458;203 868 726;155 692 869;A01;9;2;3;2;1965.0;9;1;-1;-1;0;0;-1
202400050458;203 868 727;155 692 869;A01;7;2;4;1;1962.0;9;1;-1;-1;0;0;-1
202400050458;203 868 730;155 692 869;A01;8;2;1;1;2018.0;9;3;-1;-1;0;0;-1
202400050458;203 868 731;155 692 869;A01;2;2;3;2;1995.0;9;1;-1;-1;0;0;-1
202400050458;203 868 732;155 692 869;A01;1;1;4;1;1996.0;9;1;-1;-1;0;0;-1
202400050476;203 868 669;155 692 838;B01;2;2;3;2;2011.0;5;1;-1;-1;0;0;-1
202400050476;203 868 672;155 692 838;B01;8;2;3;2;2012.0;5;1;-1;-1;0;0;-1
202400050476;203 868 674;155 692 838;B01;9;2;4;1;2012.0;5;1;-1;-1;0;0;-1
202400050476;203 868 675;155 692 838;B01;1;1;3;2;2005.0;5;1;-1;-1;0;0;-1
202400050476;203 868 678;155 692 841;A01;1;1;4;2;1961.0;5;1;-1;-1;0;0;-1
202400050502;203 868 619;155 692 800;B01;1;1;4;1;1977.0;0;8;0;-1;0;0;-1
202400050502;203 868 620;155 692 801;Z01;1;1;1;-1;;-1;-1;-1;-1;0;0;-1
202400050508;203 868 601;155 692 792;A01;10;3;3;1;1946.0;5;0;-1;-1;1;3;1
202400050508;203 868 602;155 692 792;A01;1;1;1;1;2003.0;5;1;8;-1;-1; -1;-1
202400050534;203 868 542;155 692 747;A01;1;1;1;2;1974.0;4;8;0;-1;-1; -1;-1
202400050534;203 868 546;155 692 750;Y01;1;1;4;2;1970.0;1;2;6;-1;-1; -1;-1
202400050559;203 868 476;155 692 707;A01;10;3;3;1;1946.0;9;0;-1;-1;2;3;2
202400050559;203 868 478;155 692 707;A01;1;1;1;2;1987.0;9;8;8;-1;-1; -1;-1
202400050576;203 868 443;155 692 685;A01;10;3;4;1;2006.0;0;0;-1;-1;5;B;1
202400050576;203 868 444;155 692 685;A01;1;1;3;1;2001.0;0;8;0;-1;-1; -1;-1
202400050579;203 868 437;155 692 682;A01;10;3;4;1;1961.0;5;0;-1;-1;3;3;1
202400050579;203 868 439;155 692 682;A01;1;1;1;1;2001.0;0;1;8;-1;0;0;-1
202400050581;203 868 434;155 692 679;A01;10;3;4;1;1964.0;5;0;-1;-1;3;3;1
202400050581;203 868 436;155 692 679;A01;1;1;1;1;1939.0;5;1;0;-1;-1; -1;-1
202400050582;203 868 433;155 692 678;B01;1;1;4;1;1982.0;1;2;4;-1;-1; -1;-1
202400050582;203 868 435;155 692 680;A01;1;1;1;2;2004.0;2;1;-1;-1;-1; -1;-1
202400050609;203 868 368;155 692 628;A01;1;1;3;1;1962.0;0;2;8;-1;-1; -1;-1
202400050609;203 868 372;155 692 631;B01;1;1;1;2;1990.0;0;1;8;-1;-1; -1;-1
202400050618;203 868 344;155 692 615;A01;10;3;4;2;1972.0;1;8;8;-1;4;3;1
202400050618;203 868 346;155 692 615;A01;1;1;1;1;1969.0;4;1;0;-1;0;0;-1
202400050632;203 868 309;155 692 587;B01;1;1;4;2;1954.0;0;1;0;-1;-1; -1;-1
202400050632;203 868 311;155 692 589;Z01;1;1;1;1;;0;1;0;-1;-1; -1;-1
202400050653;203 868 257;155 692 549;A01;10;3;4;1;1994.0;5;0;-1;-1;4;3;1
202400050653;203 868 258;155 692 549;A01;1;1;1;1;1982.0;4;1;8;-1;0;0;-1
202400050663;203 868 233;155 692 533;A01;1;1;4;1;2005.0;0;1;8;-1;-1; -1;-1
202400050683;203 868 192;155 692 505;A01;10;3;3;2;1945.0;5;0;-1;-1;3;3;1
202400050683;203 868 198;155 692 505;A01;1;1;1;1;1968.0;3;1;-1;-1;0;0;-1
202400050691;203 868 168;155 692 489;A01;1;1;4;2;2003.0;1;2;6;-1;-1; -1;-1
202400050691;203 868 190;155 692 492;B01;1;1;1;2;1953.0;3;1;0;-1;-1; -1;-1
202400050692;203 868 172;155 692 491;A01;1;1;3;1;2006.0;5;8;-1;-1;0;0;-1
202400050692;203 868 176;155 692 494;B01;1;1;3;2;2003.0;1;8;-1;-1;0;0;-1
202400050721;203 868 104;155 692 443;A01;1;1;1;1;2004.0;5;1;0;-1;-1; -1;-1
202400050721;203 868 111;155 692 447;B01;3;2;4;2;2017.0;0;1;0;-1;-1; -1;-1
202400050721;203 868 113;155 692 447;B01;4;2;1;1;2021.0;0;1;0;-1;-1; -1;-1
202400050721;203 868 116;155 692 447;B01;1;1;4;2;1993.0;0;1;0;-1;-1; -1;-1
202400050723;203 868 096;155 692 439;A01;1;1;2;1;1939.0;0;1;-1;-1;0;0;-1
202400050728;203 868 086;155 692 430;A01;1;1;1;1;1999.0;2;1;-1;-1;0;0;-1
202400050728;203 868 098;155 692 437;B01;1;1;2;1;1960.0;0;1;-1;-1;0;0;-1
202400050728;203 868 108;155 692 441;C01;1;1;1;1;1976.0;4;1;-1;-1;0;0;-1
202400050733;203 868 083;155 692 428;B01;1;1;4;1;1984.0;1;1;0;-1;-1; -1;-1
202400050733;203 868 087;155 692 432;A01;1;1;4;1;1995.0;1;1;0;-1;-1; -1;-1
202400050733;203 868 088;155 692 434;C01;1;1;1;1;1982.0;1;1;0;-1;-1; -1;-1
202400050738;203 868 068;155 692 417;A01;1;1;2;1;1980.0;5;2;-1;-1;0;0;-1
202400050742;203 868 049;155 692 407;A01;1;1;4;1;2006.0;0;2;8;0;-1; -1;-1
202400050742;203 868 058;155 692 412;B01;1;1;1;1;2003.0;0;1;0;0;-1; -1;-1
202400050745;203 868 045;155 692 403;B01;1;1;4;2;1998.0;0;1;0;-1;0;0;-1
202400050745;203 868 054;155 692 409;A01;1;1;4;1;2002.0;0;2;0;-1;0;0;-1
202400050761;203 868 017;155 692 383;A01;1;1;4;1;2005.0;5;2;6;-1;0;0;-1
202400050770;203 867 996;155 692 366;A01;2;2;3;1;1996.0;5;1;-1;-1;0;0;-1
202400050770;203 867 998;155 692 366;A01;1;1;1;2;1996.0;5;1;-1;-1;0;0;-1
202400050806;203 867 937;155 692 326;A01;1;1;1;2;1991.0;9;1;0;0;-1; -1;-1
202400050806;203 867 941;155 692 326;A01;10;3;4;2;2013.0;9;0;0;0;3;5;1
202400050807;203 867 910;155 692 304;B01;1;1;1;2;1995.0;1;1;0;-1;0;0;-1
202400050807;203 867 911;155 692 305;A01;1;1;4;1;1995.0;5;2;6;-1;0;0;-1
202400050810;203 867 926;155 692 302;A01;1;1;3;1;1994.0;0;2;8;-1;0;0;-1
202400050830;203 867 867;155 692 268;A01;10;3;2;2;1937.0;3;0;-1;-1;3;3;1
202400050830;203 867 870;155 692 268;A01;1;1;1;1;1945.0;5;1;0;-1;-1; -1;-1
202400050835;203 867 857;155 692 261;A01;2;2;3;2;1956.0;5;1;-1;-1;-1; -1;-1
202400050835;203 867 862;155 692 261;A01;1;1;3;1;1956.0;5;1;-1;-1;-1; -1;-1
202400050847;203 867 827;155 692 241;B01;1;1;1;1;1981.0;4;1;0;-1;-1; -1;-1
202400050847;203 867 835;155 692 246;A01;2;2;4;2;1978.0;5;1;0;-1;-1; -1;-1
202400050847;203 867 837;155 692 246;A01;1;1;3;2;2002.0;5;1;0;-1;-1; -1;-1
202400050877;203 867 746;155 692 183;A01;1;1;4;1;1967.0;1;2;0;-1;0;0;-1
202400050877;203 867 749;155 692 187;Z01;1;1;1;-1;;-1;-1;-1;-1;0;0;-1
202400050883;203 867 731;155 692 174;A01;10;3;4;2;1959.0;5;0;-1;-1;4;3;1
202400050883;203 867 734;155 692 174;A01;1;1;1;1;1958.0;4;1;-1;-1;-1; -1;-1
202400050887;203 867 723;155 692 169;A01;2;2;3;2;1994.0;5;1;-1;-1;0;0;-1
202400050887;203 867 725;155 692 169;A01;7;2;4;1;2021.0;5;3;1;-1;0;0;-1
202400050887;203 867 730;155 692 169;A01;9;2;4;1;2023.0;5;3;-1;-1;0;0;-1
202400050887;203 867 732;155 692 169;A01;1;1;4;1;1994.0;5;1;-1;-1;0;0;-1
202400050888;203 867 722;155 692 168;A01;1;1;1;1;2001.0;2;1;0;-1;-1; -1;-1
202400050888;203 867 726;155 692 171;B01;1;1;4;1;1980.0;1;1;0;-1;-1; -1;-1
202400050902;203 867 690;155 692 146;B01;1;1;3;1;1967.0;5;2;-1;-1;0;0;-1
202400050902;203 867 697;155 692 150;A01;1;1;1;2;1964.0;5;1;-1;-1;0;0;-1
202400050915;203 867 661;155 692 127;B01;1;1;4;1;1999.0;5;2;8;-1;-1; -1;-1
202400050915;203 867 669;155 692 129;A01;1;1;1;2;1962.0;5;1;8;-1;-1; -1;-1
202400050931;203 867 630;155 692 101;A01;1;1;4;2;1960.0;1;-1;0;-1;0;0;-1
202400050944;203 867 603;155 692 080;A01;1;1;1;1;1992.0;4;1;0;-1;-1; -1;-1
202400050944;203 867 606;155 692 082;B01;1;1;4;2;1996.0;5;2;6;-1;-1; -1;-1
202400050945;203 867 600;155 692 079;A01;1;1;3;1;1972.0;0;1;-1;-1;0;0;-1
202400050948;203 867 596;155 692 076;A01;10;3;4;1;2006.0;2;0;0;0;2;3;1
202400050948;203 867 604;155 692 076;A01;1;1;1;1;1996.0;4;1;0;0;-1; -1;-1
202400051004;203 867 473;155 691 984;B01;1;1;4;1;1964.0;5;1;4;-1;-1; -1;-1
202400051004;203 867 480;155 691 988;A01;1;1;4;1;1997.0;1;2;6;-1;-1; -1;-1
202400051017;203 867 452;155 691 965;B01;1;1;4;1;1978.0;0;1;0;0;-1; -1;-1
202400051017;203 867 464;155 691 974;A01;1;1;1;-1;;-1;1;0;0;-1; -1;-1
202400051020;203 867 437;155 691 954;A01;2;2;4;1;1997.0;5;8;-1;-1;0;0;-1
202400051020;203 867 441;155 691 954;A01;1;1;3;1;1974.0;5;8;-1;-1;0;0;-1
202400051047;203 867 367;155 691 906;A01;1;1;3;1;1983.0;5;1;-1;-1;0;0;-1
202400051078;203 867 302;155 691 852;B01;1;1;4;1;1983.0;4;1;0;-1;-1; -1;-1
202400051078;203 867 308;155 691 858;A01;1;1;1;-1;;-1;1;0;-1;-1; -1;-1
202400051095;203 867 274;155 691 828;A01;1;1;4;1;1984.0;4;2;6;-1;0;0;-1
202400051095;203 867 281;155 691 835;B01;1;1;1;1;1943.0;9;1;8;-1;0;0;-1
202400051103;203 867 251;155 691 810;A01;1;1;1;2;1976.0;4;1;0;0;-1; -1;-1
202400051103;203 867 264;155 691 820;B01;1;1;4;1;1996.0;4;2;6;0;-1; -1;-1
202400051109;203 867 239;155 691 799;A01;1;1;4;1;2004.0;-1;0;-1;-1;-1; -1;-1
202400051109;203 867 243;155 691 803;B01;1;1;1;1;1970.0;-1;0;-1;-1;-1; -1;-1
202400051111;203 867 240;155 691 800;B01;1;1;1;1;1948.0;9;1;0;-1;0;0;-1
202400051111;203 867 245;155 691 805;A01;1;1;4;1;1948.0;9;2;6;-1;0;0;-1
202400051117;203 867 225;155 691 787;B01;1;1;1;1;2002.0;5;0;0;0;4;3;2
202400051117;203 867 230;155 691 792;A01;1;1;4;1;1988.0;5;1;0;0;-1; -1;-1
202400051119;203 867 219;155 691 782;A01;10;3;4;2;1951.0;5;0;-1;-1;2;3;1
202400051119;203 867 223;155 691 782;A01;1;1;1;2;1986.0;9;1;-1;-1;0;0;-1
202400051120;203 867 221;155 691 784;A01;1;1;4;1;1964.0;5;8;0;-1;0;0;-1
202400051125;203 867 213;155 691 777;A01;1;1;2;2;2001.0;1;1;-1;-1;0;0;-1
202400051133;203 867 189;155 691 764;A01;1;1;1;1;1998.0;5;1;-1;-1;-1; -1;-1
202400051133;203 867 197;155 691 767;B01;1;1;4;2;1948.0;5;1;-1;-1;-1; -1;-1
202400051169;203 867 104;155 691 707;A01;1;1;4;2;1998.0;5;2;6;0;-1; -1;-1
202400051177;203 867 088;155 691 692;A01;1;1;4;1;1981.0;1;2;6;-1;-1; -1;-1
202400051177;203 867 096;155 691 699;B01;1;1;1;1;1962.0;1;1;-1;-1;-1; -1;-1
202400051186;203 867 069;155 691 677;A01;1;1;1;1;1976.0;5;1;-1;-1;0;0;-1
202400051186;203 867 073;155 691 681;B01;1;1;3;2;1986.0;5;2;-1;-1;0;0;-1
202400051199;203 867 050;155 691 659;A01;1;1;4;1;1976.0;0;8;0;-1;-1; -1;-1
202400051200;203 867 045;155 691 656;A01;1;1;1;1;1979.0;1;8;-1;-1;0;0;-1
202400051200;203 867 051;155 691 661;B01;1;1;3;1;1975.0;1;2;-1;-1;0;0;-1
202400051205;203 867 041;155 691 651;B01;1;1;4;1;1955.0;0;1;0;-1;0;0;-1
202400051205;203 867 046;155 691 657;Z01;1;1;1;-1;;-1;-1;-1;-1;0;0;-1
202400051216;203 867 009;155 691 630;B01;1;1;1;1;1983.0;4;1;0;0;-1; -1;-1
202400051216;203 867 013;155 691 633;A01;1;1;4;1;1987.0;5;1;0;0;-1; -1;-1
202400051217;203 866 999;155 691 624;A01;1;1;3;1;1952.0;0;1;-1;-1;0;0;-1
202400051217;203 867 005;155 691 624;A01;2;2;3;2;1947.0;0;1;-1;-1;0;0;-1
202400051254;203 866 915;155 691 558;A01;1;1;2;1;1968.0;0;1;-1;-1;0;0;-1
202400051256;203 866 906;155 691 553;B01;1;1;3;1;1964.0;0;8;0;-1;-1; -1;-1
202400051256;203 866 917;155 691 560;A01;1;1;1;2;1972.0;5;1;0;-1;-1; -1;-1
202400051266;203 866 872;155 691 536;A01;8;2;1;2;2008.0;5;1;-1;-1;0;0;-1
202400051266;203 866 874;155 691 536;A01;7;2;4;2;2011.0;5;1;-1;-1;0;0;-1
202400051266;203 866 879;155 691 536;A01;9;2;1;2;2010.0;5;1;-1;-1;0;0;-1
202400051266;203 866 880;155 691 536;A01;2;2;1;2;2012.0;5;1;-1;-1;0;0;-1
202400051266;203 866 882;155 691 536;A01;1;1;4;1;1980.0;5;1;-1;-1;0;0;-1
202400051266;203 866 887;155 691 543;B01;1;1;1;1;1980.0;5;1;-1;-1;0;0;-1
202400051266;203 866 888;155 691 543;B01;2;2;1;1;2019.0;5;1;-1;-1;0;0;-1
202400051286;203 866 829;155 691 503;A01;1;1;4;1;2004.0;4;2;6;0;-1; -1;-1
202400051331;203 866 739;155 691 437;A01;1;1;1;1;2000.0;9;1;8;-1;0;0;-1
202400051331;203 866 746;155 691 437;A01;10;3;4;2;2009.0;2;0;-1;-1;4;3;2
202400051350;203 866 697;155 691 399;A01;1;1;2;1;1934.0;3;8;-1;-1;0;0;-1
202400051374;203 866 650;155 691 360;B01;1;1;4;1;2003.0;5;1;0;-1;-1; -1;-1
202400051374;203 866 653;155 691 363;A01;1;1;1;-1;;-1;-1;-1;-1;-1; -1;-1
202400051391;203 866 610;155 691 327;A01;1;1;4;1;2007.0;2;2;6;-1;-1; -1;-1
202400051391;203 866 618;155 691 334;B01;1;1;1;1;1976.0;1;1;0;-1;-1; -1;-1
202400051405;203 866 587;155 691 308;A01;10;3;3;1;1984.0;0;0;-1;-1;3;3;1
202400051405;203 866 590;155 691 308;A01;1;1;1;1;1968.0;4;8;0;-1;-1; -1;-1
202400051436;203 866 514;155 691 258;A01;3;2;4;2;2020.0;5;1;3;-1;0;0;-1
202400051436;203 866 520;155 691 258;A01;1;1;3;1;1994.0;9;1;-1;-1;0;0;-1
202400051436;203 866 522;155 691 264;B01;2;2;1;2;1970.0;1;1;-1;-1;0;0;-1
202400051436;203 866 527;155 691 264;B01;1;1;4;1;1966.0;1;1;-1;-1;0;0;-1
202400051441;203 866 504;155 691 251;A01;2;2;3;2;1960.0;3;1;-1;-1;0;0;-1
202400051441;203 866 505;155 691 251;A01;1;1;4;1;1958.0;3;1;-1;-1;0;0;-1
202400051441;203 866 515;155 691 261;B01;1;1;4;1;1989.0;2;1;-1;-1;0;0;-1
202400051462;203 866 450;155 691 211;A01;1;1;3;1;2005.0;5;2;6;-1;0;0;-1
202400051477;203 866 417;155 691 184;A01;10;3;3;1;1943.0;9;0;-1;-1;1;2;1
202400051477;203 866 422;155 691 184;A01;1;1;1;1;1955.0;5;1;-1;-1;0;0;-1
202400051492;203 866 383;155 691 158;A01;1;1;1;1;1996.0;0;1;0;-1;-1; -1;-1
202400051492;203 866 393;155 691 165;B01;1;1;3;1;2000.0;0;8;0;-1;-1; -1;-1
202400051497;203 866 375;155 691 151;A01;1;1;4;1;1979.0;0;1;-1;-1;0;0;-1
202400051497;203 866 379;155 691 154;B01;1;1;1;1;2003.0;0;1;-1;-1;0;0;-1
202400051498;203 866 374;155 691 150;A01;1;1;4;2;1977.0;1;1;-1;-1;-1; -1;-1
202400051498;203 866 382;155 691 156;B01;1;1;1;1;1983.0;1;1;-1;-1;-1; -1;-1
202400051500;203 866 370;155 691 148;A01;1;1;2;1;1986.0;4;0;-1;-1;0;0;-1
202400051501;203 866 369;155 691 146;A01;1;1;2;2;1997.0;5;0;-1;-1;0;0;-1
202400051505;203 866 358;155 691 137;B01;1;1;3;1;2004.0;0;2;-1;-1;0;0;-1
202400051505;203 866 363;155 691 141;A01;1;1;1;1;1990.0;4;1;-1;-1;0;0;-1
202400051506;203 866 354;155 691 134;A01;1;1;1;1;1999.0;5;1;-1;-1;0;0;-1
202400051506;203 866 357;155 691 138;B01;1;1;3;1;1996.0;5;2;6;-1;0;0;-1
202400051518;203 866 324;155 691 116;A01;1;1;1;1;1988.0;5;8;-1;-1;0;0;-1
202400051518;203 866 334;155 691 124;B01;1;1;4;1;1959.0;4;8;-1;-1;0;0;-1
202400051518;203 866 345;155 691 128;C01;1;1;2;2;1973.0;0;8;-1;-1;0;0;-1
202400051518;203 866 349;155 691 130;D01;1;1;1;1;1971.0;5;8;-1;-1;0;0;-1
202400051535;203 866 275;155 691 084;A01;2;2;1;1;2006.0;5;1;-1;-1;0;0;-1
202400051535;203 866 281;155 691 084;A01;8;2;3;1;2008.0;5;1;-1;-1;0;0;-1
202400051535;203 866 284;155 691 084;A01;1;1;4;1;2006.0;5;1;-1;-1;0;0;-1
202400051539;203 866 272;155 691 080;A01;1;1;1;-1;;-1;8;-1;-1;0;0;-1
202400051539;203 866 283;155 691 090;B01;4;2;1;1;2014.0;0;1;0;-1;0;0;-1
202400051539;203 866 290;155 691 090;B01;3;2;1;1;2010.0;0;1;0;-1;0;0;-1
202400051539;203 866 293;155 691 090;B01;2;2;4;2;1984.0;0;1;0;-1;0;0;-1
202400051539;203 866 294;155 691 090;B01;1;1;1;2;1989.0;0;1;0;-1;0;0;-1
202400051545;203 866 260;155 691 071;A01;1;1;3;1;2001.0;5;1;-1;-1;0;0;-1
202400051550;203 866 250;155 691 064;Z01;1;1;1;-1;;0;8;-1;-1;0;0;-1
202400051550;203 866 257;155 691 070;B01;1;1;4;1;1994.0;5;1;-1;-1;0;0;-1
202400051558;203 866 239;155 691 056;A01;10;3;4;2;2003.0;1;0;-1;-1;3;3;1
202400051558;203 866 242;155 691 056;A01;1;1;1;1;2004.0;1;1;-1;-1;0;0;-1
202400051570;203 866 215;155 691 034;Z01;1;1;1;-1;;-1;-1;-1;-1;-1; -1;-1
202400051570;203 866 217;155 691 036;A01;1;1;3;1;1982.0;0;8;0;-1;-1; -1;-1
202400051575;203 866 197;155 691 018;A01;1;1;1;2;2004.0;1;1;-1;-1;0;0;-1
202400051575;203 866 203;155 691 022;B01;1;1;4;1;1965.0;1;1;-1;-1;0;0;-1
202400051604;203 866 138;155 690 968;A01;10;3;3;1;2009.0;5;0;-1;-1;1;B;1
202400051604;203 866 140;155 690 968;A01;1;1;1;2;2006.0;5;1;-1;-1;0;0;-1
202400051610;203 866 114;155 690 950;A01;1;1;4;2;1985.0;5;1;0;-1;0;0;-1
202400051610;203 866 123;155 690 955;B01;1;1;1;1;1978.0;1;1;0;-1;0;0;-1
202400051619;203 866 087;155 690 934;A01;1;1;3;1;1978.0;5;2;-1;-1;0;0;-1
202400051622;203 866 082;155 690 929;A01;1;1;1;2;1964.0;1;1;-1;-1;-1; -1;-1
202400051622;203 866 091;155 690 936;B01;2;2;4;2;2005.0;5;1;-1;-1;-1; -1;-1
202400051622;203 866 096;155 690 936;B01;1;1;4;2;1978.0;5;1;-1;-1;-1; -1;-1
202400051627;203 866 072;155 690 922;A01;1;1;4;2;2002.0;5;1;-1;-1;0;0;-1
202400051627;203 866 077;155 690 925;B01;1;1;1;1;1999.0;5;1;5;-1;0;0;-1
202400051647;203 866 032;155 690 891;A01;1;1;4;1;1943.0;9;1;-1;-1;-1; -1;-1
202400051647;203 866 038;155 690 896;B01;1;1;4;2;1996.0;9;1;-1;-1;-1; -1;-1
202400051657;203 866 015;155 690 878;A01;1;1;4;1;1987.0;4;2;6;-1;0;0;-1
202400051657;203 866 020;155 690 881;B01;1;1;1;1;1993.0;1;1;0;-1;0;0;-1
202400051663;203 865 998;155 690 864;A01;4;2;4;1;2023.0;0;1;-1;-1;-1; -1;-1
202400051663;203 866 003;155 690 864;A01;2;2;4;2;1949.0;0;1;-1;-1;-1; -1;-1
202400051663;203 866 007;155 690 864;A01;1;1;4;2;1980.0;0;1;-1;-1;-1; -1;-1
202400051663;203 866 016;155 690 876;X01;1;1;1;-1;;-1;-1;-1;-1;-1; -1;-1
202400051670;203 865 983;155 690 856;A01;1;1;3;2;1949.0;5;1;-1;-1;0;0;-1
202400051682;203 865 959;155 690 838;B01;1;1;4;2;1996.0;0;1;-1;-1;-1; -1;-1
202400051682;203 865 972;155 690 845;A01;1;1;1;1;1988.0;0;1;-1;-1;-1; -1;-1
202400051693;203 865 919;155 690 808;B01;1;1;4;2;1951.0;9;8;0;-1;-1; -1;-1
202400051693;203 865 931;155 690 814;A01;1;1;4;1;2008.0;5;2;6;-1;-1; -1;-1
202400051693;203 865 937;155 690 814;A01;2;2;1;1;2008.0;5;2;0;-1;-1; -1;-1
202400051696;203 865 912;155 690 802;A01;1;1;3;1;1987.0;4;6;2;5;0;0;-1
202400051696;203 865 916;155 690 806;B01;1;1;1;2;1946.0;0;1;-1;-1;0;0;-1
202400051700;203 865 898;155 690 795;A01;2;2;4;1;2006.0;5;1;-1;-1;0;0;-1
202400051700;203 865 900;155 690 795;A01;1;1;4;1;2006.0;5;1;-1;-1;0;0;-1
202400051712;203 865 877;155 690 775;A01;1;1;1;2;1979.0;0;1;5;-1;-1; -1;-1
202400051712;203 865 885;155 690 784;B01;1;1;4;2;1984.0;4;1;0;-1;-1; -1;-1
202400051715;203 865 873;155 690 772;A01;1;1;4;1;1985.0;0;8;0;0;-1; -1;-1
202400051715;203 865 878;155 690 779;B01;1;1;1;1;1988.0;5;8;0;0;-1; -1;-1
202400051725;203 865 850;155 690 754;A01;2;2;1;1;2004.0;0;1;0;-1;-1; -1;-1
202400051725;203 865 853;155 690 754;A01;1;1;1;1;2004.0;0;1;8;-1;-1; -1;-1
202400051725;203 865 857;155 690 761;B01;1;1;4;1;1986.0;0;8;0;-1;-1; -1;-1
202400051727;203 865 841;155 690 748;A01;2;2;4;1;2001.0;5;8;-1;-1;0;0;-1
202400051727;203 865 847;155 690 748;A01;1;1;4;1;2002.0;5;8;-1;-1;0;0;-1
202400051738;203 865 817;155 690 734;A01;1;1;4;2;2001.0;0;8;0;-1;-1; -1;-1
202400051738;203 865 828;155 690 741;Z01;1;1;1;-1;;-1;-1;-1;-1;-1; -1;-1
202400051767;203 865 738;155 690 678;A01;1;1;4;1;2000.0;9;1;-1;-1;0;0;-1
202400051767;203 865 746;155 690 683;B01;2;2;3;2;1985.0;5;1;-1;-1;0;0;-1
202400051767;203 865 748;155 690 683;B01;9;2;3;2;2013.0;5;1;-1;-1;0;0;-1
202400051767;203 865 752;155 690 683;B01;7;2;3;1;2008.0;5;1;-1;-1;0;0;-1
202400051767;203 865 755;155 690 683;B01;8;2;3;1;2011.0;5;1;-1;-1;0;0;-1
202400051767;203 865 758;155 690 683;B01;1;1;3;1;1987.0;5;1;-1;-1;0;0;-1
202400051769;203 865 735;155 690 676;A01;1;1;3;1;1992.0;1;8;-1;-1;0;0;-1
202400051776;203 865 724;155 690 667;B01;1;1;1;1;1958.0;1;1;0;-1;0;0;-1
202400051776;203 865 729;155 690 671;A01;1;1;4;1;1994.0;5;2;0;-1;0;0;-1
202400051778;203 865 714;155 690 660;B01;1;1;4;1;1971.0;1;1;-1;-1;-1; -1;-1
202400051778;203 865 721;155 690 665;A01;1;1;1;2;1993.0;0;1;-1;-1;-1; -1;-1
202400051792;203 865 677;155 690 634;A01;10;3;3;2;1955.0;0;0;-1;-1;3;3;2
202400051792;203 865 682;155 690 634;A01;10;3;4;1;1955.0;0;0;-1;-1;3;3;2
202400051792;203 865 686;155 690 634;A01;1;1;1;2;1982.0;1;1;0;-1;-1; -1;-1
202400051832;203 865 585;155 690 564;A01;1;1;4;1;1983.0;1;1;0;-1;-1; -1;-1
202400051835;203 865 578;155 690 560;A01;1;1;1;2;1963.0;9;1;0;-1;-1; -1;-1
202400051835;203 865 582;155 690 563;B01;1;1;4;1;1995.0;9;2;0;-1;-1; -1;-1
202400051842;203 865 563;155 690 548;B01;1;1;4;1;2003.0;1;8;0;-1;0;0;-1
202400051842;203 865 572;155 690 556;A01;1;1;1;1;1977.0;1;1;0;-1;0;0;-1
202400051866;203 865 503;155 690 504;A01;10;3;3;1;1954.0;5;0;-1;-1;3;3;1
202400051866;203 865 507;155 690 504;A01;1;1;1;1;1995.0;0;1;0;-1;-1; -1;-1
202400051878;203 865 481;155 690 488;A01;1;1;1;1;1975.0;0;1;0;-1;-1; -1;-1
202400051878;203 865 488;155 690 492;B01;1;1;4;1;1988.0;9;8;0;-1;-1; -1;-1
202400051879;203 865 479;155 690 485;A01;1;1;1;2;1957.0;5;1;0;-1;-1; -1;-1
202400051879;203 865 491;155 690 495;B01;1;1;4;1;1991.0;5;2;8;-1;-1; -1;-1
202400051896;203 865 429;155 690 452;B01;1;1;3;1;1993.0;0;8;0;-1;-1; -1;-1
202400051896;203 865 436;155 690 457;A01;1;1;3;1;1982.0;0;8;0;-1;-1; -1;-1
202400051912;203 865 387;155 690 423;A01;5;2;4;1;1977.0;0;1;0;-1;-1; -1;-1
202400051912;203 865 393;155 690 423;A01;5;2;4;2;1996.0;0;1;0;-1;-1; -1;-1
202400051912;203 865 396;155 690 423;A01;5;2;4;2;1957.0;0;1;0;-1;-1; -1;-1
202400051912;203 865 399;155 690 423;A01;5;2;4;1;1981.0;0;1;0;-1;-1; -1;-1
202400051912;203 865 402;155 690 423;A01;5;2;4;2;2006.0;0;1;0;-1;-1; -1;-1
202400051912;203 865 407;155 690 423;A01;5;2;4;1;2005.0;0;1;0;-1;-1; -1;-1
202400051912;203 865 410;155 690 423;A01;5;2;4;2;2006.0;0;1;0;-1;-1; -1;-1
202400051912;203 865 416;155 690 423;A01;5;2;4;1;1985.0;0;1;0;-1;-1; -1;-1
202400051912;203 865 419;155 690 423;A01;1;1;4;1;1975.0;4;1;0;-1;-1; -1;-1
202400051912;203 865 423;155 690 446;C01;1;1;4;2;1982.0;0;1;5;-1;-1; -1;-1
202400051912;203 865 428;155 690 451;B01;1;1;3;1;1968.0;0;1;5;-1;-1; -1;-1
202400051914;203 865 385;155 690 421;A01;1;1;1;1;1966.0;0;1;0;0;-1; -1;-1
202400051914;203 865 388;155 690 425;B01;1;1;4;2;1985.0;1;2;6;0;-1; -1;-1
202400051964;203 865 266;155 690 332;A01;1;1;4;1;1938.0;0;1;-1;-1;0;0;-1
202400051964;203 865 276;155 690 342;B01;1;1;4;1;1963.0;0;1;-1;-1;0;0;-1
202400051966;203 865 262;155 690 329;A01;1;1;4;1;2000.0;1;2;6;0;-1; -1;-1
202400051971;203 865 248;155 690 321;A01;1;1;4;1;1964.0;9;2;6;-1;-1; -1;-1
202400051971;203 865 257;155 690 326;B01;1;1;1;1;1969.0;4;1;8;-1;-1; -1;-1
202400051986;203 865 217;155 690 296;B01;1;1;4;1;1995.0;0;0;0;-1;-1; -1;-1
202400051986;203 865 234;155 690 308;A01;1;1;1;2;1995.0;5;1;0;-1;-1; -1;-1
202400052012;203 865 162;155 690 255;A01;1;1;4;1;1949.0;5;1;5;-1;-1; -1;-1
202400052040;203 865 095;155 690 209;A01;1;1;1;1;2005.0;5;8;0;-1;-1; -1;-1
202400052040;203 865 102;155 690 211;B01;1;1;4;2;2003.0;5;8;0;-1;-1; -1;-1
202400052054;203 865 067;155 690 186;A01;2;2;3;1;2003.0;5;1;-1;-1;0;0;-1
202400052054;203 865 071;155 690 186;A01;1;1;1;1;2003.0;5;1;-1;-1;0;0;-1
202400052059;203 865 058;155 690 181;A01;1;1;4;1;1977.0;0;2;-1;-1;-1; -1;-1
202400052061;203 865 050;155 690 175;A01;10;3;4;1;2021.0;5;0;-1;-1;1;3;1
202400052061;203 865 054;155 690 175;A01;1;1;1;1;1987.0;0;1;0;-1;-1; -1;-1
202400052064;203 865 043;155 690 168;A01;1;1;4;1;1988.0;0;8;0;-1;-1; -1;-1
202400052064;203 865 046;155 690 171;B01;1;1;1;2;1997.0;0;8;0;-1;-1; -1;-1
202400052085;203 865 002;155 690 135;A01;1;1;4;1;1978.0;5;1;-1;-1;0;0;-1
202400052085;203 865 005;155 690 137;B01;1;1;1;2;2001.0;5;1;-1;-1;0;0;-1
202400052098;203 864 974;155 690 113;A01;1;1;3;1;1986.0;5;0;-1;-1;0;0;-1
202400052101;203 864 962;155 690 107;A01;2;2;3;2;2000.0;5;1;-1;-1;0;0;-1
202400052101;203 864 966;155 690 107;A01;6;2;4;1;1999.0;5;0;-1;-1;0;0;-1
202400052101;203 864 968;155 690 107;A01;1;1;1;1;1973.0;5;1;-1;-1;0;0;-1
202400052106;203 864 948;155 690 097;B01;2;2;1;2;1973.0;5;1;-1;-1;0;0;-1
202400052106;203 864 951;155 690 097;B01;1;1;1;1;1972.0;5;1;-1;-1;0;0;-1
202400052106;203 864 955;155 690 102;A01;2;2;3;2;1948.0;5;1;-1;-1;0;0;-1
202400052106;203 864 957;155 690 102;A01;9;2;1;2;2015.0;5;1;-1;-1;0;0;-1
202400052106;203 864 960;155 690 102;A01;7;2;1;2;2013.0;5;1;-1;-1;0;0;-1
202400052106;203 864 964;155 690 102;A01;1;1;1;1;1972.0;5;1;-1;-1;0;0;-1
202400052121;203 864 919;155 690 074;B01;1;1;1;2;1993.0;0;1;-1;-1;0;0;-1
202400052121;203 864 921;155 690 077;A01;1;1;4;1;2009.0;0;2;6;-1;0;0;-1
202400052130;203 864 897;155 690 058;A01;10;3;2;1;1943.0;5;0;-1;-1;3;3;1
202400052130;203 864 901;155 690 058;A01;1;1;1;2;1985.0;5;1;0;-1;0;0;-1
202400052131;203 864 892;155 690 056;A01;10;3;2;1;1943.0;5;0;-1;-1;1;3;1
202400052131;203 864 896;155 690 056;A01;1;1;1;1;1966.0;1;1;-1;-1;0;0;-1
202400052133;203 864 885;155 690 051;A01;1;1;1;2;1998.0;0;1;0;-1;-1; -1;-1
202400052133;203 864 891;155 690 057;B01;1;1;1;1;1989.0;0;1;0;-1;-1; -1;-1
202400052133;203 864 895;155 690 057;B01;3;2;4;1;2024.0;0;1;3;-1;-1; -1;-1
202400052133;203 864 898;155 690 057;B01;4;2;1;2;1989.0;0;1;0;-1;-1; -1;-1
202400052137;203 864 879;155 690 047;A01;1;1;3;2;2000.0;0;1;-1;-1;0;0;-1
202400052180;203 864 767;155 689 960;A01;1;1;3;1;1967.0;5;2;6;-1;0;0;-1
202400052180;203 864 769;155 689 960;A01;2;2;4;2;1967.0;5;2;6;-1;0;0;-1
202400052189;203 864 746;155 689 945;A01;1;1;3;2;2003.0;9;1;-1;-1;0;0;-1
202400052196;203 864 724;155 689 934;A01;1;1;1;2;1999.0;5;8;0;-1;-1; -1;-1
202400052196;203 864 733;155 689 939;B01;2;2;1;1;1991.0;5;1;0;-1;-1; -1;-1
202400052196;203 864 736;155 689 939;B01;3;2;3;1;2006.0;5;1;0;-1;-1; -1;-1
202400052196;203 864 740;155 689 939;B01;1;1;1;2;1974.0;5;1;0;-1;-1; -1;-1
202400052204;203 864 699;155 689 922;B01;1;1;4;1;1982.0;5;2;6;-1;-1; -1;-1
202400052204;203 864 705;155 689 924;A01;1;1;1;1;1970.0;1;1;0;-1;-1; -1;-1
202400052206;203 864 701;155 689 919;A01;10;3;2;1;2000.0;0;8;-1;-1;1;B;1
202400052206;203 864 703;155 689 919;A01;1;1;1;1;1973.0;4;8;-1;-1;0;0;-1
202400052212;203 864 687;155 689 910;A01;1;1;4;1;1998.0;0;2;6;-1;-1; -1;-1
202400052217;203 864 673;155 689 900;B01;2;2;1;2;1982.0;5;1;0;-1;-1; -1;-1
202400052217;203 864 674;155 689 900;B01;3;2;1;2;2006.0;5;1;0;-1;-1; -1;-1
202400052217;203 864 677;155 689 900;B01;1;1;1;1;1976.0;5;1;0;-1;-1; -1;-1
202400052217;203 864 684;155 689 907;A01;1;1;4;1;1990.0;5;2;6;-1;-1; -1;-1
202400052271;203 864 542;155 689 806;A01;4;2;1;1;1981.0;5;1;0;-1;-1; -1;-1
202400052271;203 864 544;155 689 806;A01;4;2;1;1;2020.0;5;1;0;-1;-1; -1;-1
202400052271;203 864 549;155 689 806;A01;3;2;1;1;2018.0;5;1;0;-1;-1; -1;-1
202400052271;203 864 553;155 689 806;A01;1;1;1;2;1986.0;5;1;0;-1;-1; -1;-1
202400052271;203 864 565;155 689 818;B01;2;2;1;1;2004.0;5;1;0;-1;-1; -1;-1
202400052271;203 864 568;155 689 818;B01;1;1;4;2;2000.0;5;1;0;-1;-1; -1;-1
202400052311;203 864 440;155 689 733;A01;1;1;3;2;1938.0;5;1;-1;-1;0;0;-1
202400052311;203 864 445;155 689 737;B01;1;1;1;1;1955.0;4;1;-1;-1;0;0;-1
202400052333;203 864 401;155 689 700;A01;1;1;1;2;1972.0;0;1;-1;-1;-1; -1;-1
202400052333;203 864 404;155 689 703;B01;1;1;3;1;2004.0;0;1;-1;-1;-1; -1;-1
202400052356;203 864 348;155 689 658;A01;2;2;3;1;1992.0;0;1;0;-1;-1; -1;-1
202400052356;203 864 350;155 689 658;A01;1;1;3;1;1992.0;0;1;0;-1;-1; -1;-1
202400052364;203 864 327;155 689 640;A01;2;2;4;1;2010.0;5;2;-1;-1;-1; -1;-1
202400052364;203 864 329;155 689 640;A01;1;1;1;1;2010.0;5;2;6;-1;-1; -1;-1
202400052364;203 864 336;155 689 648;B01;1;1;1;2;1974.0;3;1;-1;-1;-1; -1;-1
202400052370;203 864 313;155 689 629;A01;1;1;1;1;1990.0;0;1;4;-1;-1; -1;-1
202400052370;203 864 318;155 689 633;B01;1;1;4;2;2002.0;0;1;4;-1;-1; -1;-1
202400052380;203 864 291;155 689 610;A01;1;1;1;1;2001.0;4;1;0;0;-1; -1;-1
202400052380;203 864 292;155 689 611;B01;1;1;4;1;1984.0;0;1;0;0;-1; -1;-1
202400052380;203 864 297;155 689 615;C01;1;1;1;1;1996.0;0;1;0;0;-1; -1;-1
202400052387;203 864 276;155 689 598;A01;1;1;4;2;1997.0;5;2;6;0;-1; -1;-1
202400052408;203 864 231;155 689 563;A01;1;1;1;1;1983.0;1;1;8;-1;-1; -1;-1
202400052408;203 864 236;155 689 570;B01;2;2;1;2;2003.0;5;1;8;-1;-1; -1;-1
202400052408;203 864 238;155 689 570;B01;1;1;4;2;1966.0;5;1;8;-1;-1; -1;-1
202400052417;203 864 207;155 689 546;B01;1;1;4;1;1993.0;1;2;8;-1;-1; -1;-1
202400052417;203 864 213;155 689 553;A01;1;1;1;1;1969.0;0;8;0;-1;-1; -1;-1
202400052427;203 864 183;155 689 527;A01;1;1;4;2;1958.0;0;1;0;-1;-1; -1;-1
202400052427;203 864 185;155 689 529;B01;2;2;4;1;1998.0;0;1;0;-1;-1; -1;-1
202400052427;203 864 187;155 689 529;B01;1;1;4;1;1998.0;0;1;0;-1;-1; -1;-1
202400052432;203 864 171;155 689 515;A01;1;1;1;1;1979.0;0;1;0;-1;-1; -1;-1
202400052432;203 864 175;155 689 519;B01;1;1;4;1;2007.0;0;8;0;-1;-1; -1;-1
202400052441;203 864 156;155 689 504;A01;1;1;4;1;1999.0;4;2;0;-1;0;0;-1
202400052458;203 864 115;155 689 474;A01;1;1;4;1;2004.0;0;8;8;0;-1; -1;-1
202400052465;203 864 098;155 689 460;A01;1;1;1;1;1952.0;0;1;0;0;-1; -1;-1
202400052465;203 864 101;155 689 462;B01;1;1;4;1;1980.0;0;0;0;0;5;9;1
202400052474;203 864 072;155 689 442;A01;10;3;3;1;1980.0;5;0;-1;-1;8;B;1
202400052474;203 864 075;155 689 442;A01;1;1;1;2;1982.0;4;8;0;-1;-1; -1;-1
202400052496;203 864 027;155 689 407;A01;1;1;1;1;1992.0;4;1;0;-1;0;0;-1
202400052496;203 864 031;155 689 407;A01;2;2;1;2;1993.0;5;1;0;-1;0;0;-1
202400052496;203 864 035;155 689 411;B01;1;1;4;1;1988.0;5;2;8;-1;0;0;-1
202400052499;203 864 015;155 689 397;B01;2;2;1;2;1966.0;9;1;8;-1;0;0;-1
202400052499;203 864 016;155 689 397;B01;2;2;4;2;1990.0;0;1;0;-1;-1; -1;-1
202400052499;203 864 017;155 689 397;B01;1;1;1;1;1991.0;9;1;8;-1;0;0;-1
202400052499;203 864 019;155 689 400;A01;1;1;1;1;1984.0;9;1;8;-1;-1; -1;-1
202400052499;203 864 021;155 689 400;A01;2;2;1;2;1990.0;9;1;8;-1;-1; -1;-1
202400052512;203 863 990;155 689 378;A01;1;1;4;2;1987.0;5;2;6;-1;0;0;-1
202400052536;203 863 944;155 689 344;A01;1;1;4;1;1959.0;5;2;6;9;0;0;-1
202400052549;203 863 904;155 689 318;A01;1;1;1;1;1976.0;5;1;8;-1;0;0;-1
202400052549;203 863 908;155 689 321;B01;1;1;4;1;1992.0;1;1;0;-1;0;0;-1
202400052550;203 863 906;155 689 316;D01;5;2;1;1;2020.0;-1;1;-1;-1;-1; -1;-1
202400052550;203 863 909;155 689 316;D01;4;2;1;1;2017.0;0;1;-1;-1;-1; -1;-1
202400052550;203 863 911;155 689 316;D01;3;2;1;2;2023.0;-1;1;-1;-1;-1; -1;-1
202400052550;203 863 913;155 689 316;D01;2;2;1;1;2012.0;0;1;-1;-1;-1; -1;-1
202400052550;203 863 915;155 689 316;D01;1;1;1;1;1984.0;3;1;-1;-1;0;0;-1
202400052550;203 863 921;155 689 329;C01;1;1;1;1;1940.0;5;1;-1;-1;0;0;-1
202400052550;203 863 924;155 689 333;A01;1;1;3;2;1993.0;1;1;-1;-1;0;0;-1
202400052550;203 863 926;155 689 335;B01;1;1;1;1;1981.0;4;1;-1;-1;0;0;-1
202400052551;203 863 902;155 689 315;A01;1;1;4;2;2006.0;0;2;0;-1;0;0;-1
202400052551;203 863 916;155 689 325;B01;1;1;1;1;1934.0;5;1;0;-1;0;0;-1
202400052555;203 863 892;155 689 308;B01;1;1;1;2;1983.0;1;1;0;0;-1; -1;-1
202400052555;203 863 900;155 689 313;A01;1;1;4;1;2003.0;5;2;6;0;-1; -1;-1
202400052567;203 863 875;155 689 294;A01;1;1;1;1;1962.0;5;1;0;-1;-1; -1;-1
202400052567;203 863 877;155 689 294;A01;10;3;3;2;1950.0;5;0;-1;-1;4;3;1
202400052568;203 863 873;155 689 292;A01;1;1;3;1;1993.0;5;1;-1;-1;0;0;-1
202400052576;203 863 849;155 689 275;A01;1;1;1;1;1969.0;4;1;-1;-1;0;0;-1
202400052576;203 863 853;155 689 279;B01;1;1;3;1;1965.0;0;2;6;-1;0;0;-1
202400052600;203 863 800;155 689 238;A01;2;2;4;1;2003.0;5;1;-1;-1;0;0;-1
202400052600;203 863 806;155 689 238;A01;1;1;3;1;2002.0;5;1;-1;-1;0;0;-1
202400052617;203 863 748;155 689 202;B01;1;1;4;2;1981.0;3;8;8;0;-1; -1;-1
202400052617;203 863 757;155 689 207;A01;1;1;1;1;1968.0;4;1;8;0;-1; -1;-1
202400052630;203 863 726;155 689 186;A01;1;1;3;1;1950.0;0;2;0;-1;-1; -1;-1
202400052630;203 863 735;155 689 192;B01;1;1;1;1;1964.0;4;1;0;-1;-1; -1;-1
202400052640;203 863 701;155 689 165;A01;1;1;4;1;1980.0;5;2;6;-1;-1; -1;-1
202400052640;203 863 707;155 689 171;B01;1;1;1;2;1990.0;5;1;0;-1;-1; -1;-1
202400052646;203 863 695;155 689 160;A01;1;1;3;2;1942.0;3;1;8;-1;-1; -1;-1
202400052646;203 863 697;155 689 162;B01;1;1;1;1;1990.0;4;1;0;-1;-1; -1;-1
202400052661;203 863 645;155 689 128;A01;10;3;4;2;2016.0;5;0;-1;-1;1;5;1
202400052661;203 863 647;155 689 128;A01;1;1;1;1;1981.0;0;1;-1;-1;0;0;-1
202400052705;203 863 545;155 689 055;B01;2;2;1;1;1988.0;0;1;0;-1;-1; -1;-1
202400052705;203 863 549;155 689 055;B01;1;1;4;2;1993.0;5;1;0;-1;-1; -1;-1
202400052705;203 863 554;155 689 060;A01;2;2;4;2;2001.0;0;1;0;-1;-1; -1;-1
202400052705;203 863 556;155 689 060;A01;1;1;4;1;2001.0;5;1;0;-1;-1; -1;-1
202400052707;203 863 541;155 689 053;F01;1;1;4;2;1991.0;1;1;8;-1;-1; -1;-1
202400052707;203 863 551;155 689 058;A01;1;1;4;2;1982.0;9;1;8;-1;-1; -1;-1
202400052707;203 863 559;155 689 063;C01;1;1;1;1;1994.0;1;1;8;-1;-1; -1;-1
202400052707;203 863 565;155 689 069;D01;1;1;1;1;1986.0;1;1;8;-1;-1; -1;-1
202400052707;203 863 575;155 689 075;E01;1;1;1;1;2000.0;1;1;8;-1;-1; -1;-1
202400052707;203 863 580;155 689 078;B01;1;1;1;1;1977.0;1;1;8;-1;-1; -1;-1
202400052707;203 863 584;155 689 081;G01;1;1;1;1;1991.0;1;1;8;-1;-1; -1;-1
202400052708;203 863 543;155 689 052;B01;1;1;1;1;1992.0;5;1;0;-1;0;0;-1
202400052708;203 863 553;155 689 059;A01;1;1;4;2;2007.0;5;2;6;-1;0;0;-1
202400052727;203 863 504;155 689 024;B01;1;1;4;1;2001.0;0;8;0;0;-1; -1;-1
202400052727;203 863 513;155 689 030;A01;1;1;1;1;1981.0;0;1;0;0;-1; -1;-1
202400052761;203 863 423;155 688 962;B01;1;1;4;1;1988.0;9;8;0;-1;-1; -1;-1
202400052761;203 863 429;155 688 968;A01;2;2;1;1;2007.0;9;1;0;-1;-1; -1;-1
202400052761;203 863 434;155 688 968;A01;1;1;1;2;1979.0;9;1;0;-1;-1; -1;-1
202400052781;203 863 383;155 688 926;A01;1;1;1;1;1988.0;5;1;0;-1;0;0;-1
202400052781;203 863 389;155 688 932;B01;1;1;4;1;2005.0;5;-1;0;-1;0;0;-1
202400052798;203 863 344;155 688 901;A01;10;3;4;1;2016.0;2;0;-1;-1;3;3;2
202400052798;203 863 352;155 688 901;A01;1;1;1;2;2004.0;2;1;0;-1;-1; -1;-1
202400052799;203 863 341;155 688 898;A01;10;3;2;2;1947.0;5;0;-1;-1;6;A;1
202400052799;203 863 348;155 688 898;A01;1;1;1;1;1948.0;5;8;-1;-1;0;0;-1
202400052807;203 863 332;155 688 889;A01;1;1;1;2;1947.0;0;1;-1;-1;-1; -1;-1
202400052807;203 863 340;155 688 894;B01;1;1;4;1;1969.0;0;0;-1;-1;-1; -1;-1
202400052810;203 863 322;155 688 880;A01;1;1;1;1;1954.0;5;1;8;-1;-1; -1;-1
202400052810;203 863 326;155 688 883;B01;1;1;3;1;1965.0;1;2;6;-1;-1; -1;-1
202400052814;203 863 313;155 688 876;A01;10;3;4;2;2001.0;1;8;8;-1;4;3;1
202400052814;203 863 318;155 688 876;A01;1;1;1;1;1982.0;9;1;8;-1;4;3;1
202400052821;203 863 301;155 688 864;B01;1;1;1;-1;;-1;-1;-1;-1;-1; -1;-1
202400052821;203 863 304;155 688 867;A01;1;1;3;1;1953.0;5;2;-1;-1;0;0;-1
202400052823;203 863 291;155 688 855;A01;1;1;1;2;1955.0;5;1;0;0;-1; -1;-1
202400052823;203 863 296;155 688 860;B01;1;1;4;2;1990.0;1;2;0;0;-1; -1;-1
202400052834;203 863 254;155 688 836;B01;2;2;2;2;1940.0;5;1;-1;-1;0;0;-1
202400052834;203 863 257;155 688 836;B01;7;2;3;2;1959.0;5;1;-1;-1;0;0;-1
202400052834;203 863 262;155 688 836;B01;1;1;4;1;1954.0;5;1;-1;-1;0;0;-1
202400052834;203 863 273;155 688 845;A01;2;2;1;2;2006.0;5;1;-1;-1;0;0;-1
202400052834;203 863 275;155 688 845;A01;1;1;1;1;2006.0;5;1;-1;-1;0;0;-1
202400052837;203 863 249;155 688 832;A01;1;1;1;1;1990.0;9;1;0;-1;-1; -1;-1
202400052837;203 863 267;155 688 841;B01;1;1;4;1;1964.0;9;2;0;-1;-1; -1;-1
202400052856;203 863 205;155 688 803;A01;2;2;1;2;1981.0;0;1;0;-1;-1; -1;-1
202400052856;203 863 209;155 688 803;A01;1;1;4;1;1967.0;9;1;5;-1;-1; -1;-1
202400052856;203 863 212;155 688 803;A01;3;2;1;2;1964.0;0;1;0;-1;-1; -1;-1
202400052869;203 863 174;155 688 778;A01;1;1;3;2;1992.0;5;8;-1;-1;-1; -1;-1
202400052870;203 863 170;155 688 775;A01;1;1;4;1;1994.0;0;2;6;0;-1; -1;-1
202400052870;203 863 176;155 688 781;B01;1;1;1;1;1974.0;0;1;0;0;-1; -1;-1
202400052884;203 863 143;155 688 753;A01;1;1;4;1;1997.0;0;0;-1;-1;0;0;-1
202400052884;203 863 148;155 688 758;B01;2;2;4;2;2002.0;9;1;-1;-1;0;0;-1
202400052884;203 863 153;155 688 758;B01;1;1;3;2;1969.0;9;1;-1;-1;0;0;-1
202400052894;203 863 125;155 688 740;A01;8;2;3;1;2020.0;5;3;-1;-1;0;0;-1
202400052894;203 863 128;155 688 740;A01;2;2;4;2;1997.0;5;1;-1;-1;0;0;-1
202400052894;203 863 130;155 688 740;A01;1;1;4;1;1992.0;5;1;-1;-1;0;0;-1
202400052894;203 863 140;155 688 749;B01;2;2;4;2;1960.0;5;1;-1;-1;0;0;-1
202400052894;203 863 141;155 688 749;B01;1;1;4;2;1993.0;5;1;-1;-1;0;0;-1
202400052898;203 863 107;155 688 732;B01;1;1;1;1;1999.0;5;1;0;-1;0;0;-1
202400052898;203 863 112;155 688 732;B01;2;2;4;2;2003.0;5;1;8;-1;0;0;-1
202400052898;203 863 121;155 688 737;A01;1;1;1;1;1983.0;9;1;0;-1;0;0;-1
202400052936;203 863 018;155 688 668;A01;1;1;3;1;1993.0;0;2;0;-1;-1; -1;-1
202400052937;203 863 016;155 688 666;A01;10;3;4;1;2000.0;1;0;0;0;2;3;1
202400052937;203 863 019;155 688 666;A01;1;1;4;1;2000.0;0;2;6;0;-1; -1;-1
202400052940;203 863 010;155 688 663;A01;1;1;3;1;2002.0;5;8;-1;-1;0;0;-1
202400052959;203 862 969;155 688 633;A01;1;1;2;1;1996.0;1;2;6;-1;-1; -1;-1
202400052969;203 862 945;155 688 613;A01;1;1;1;1;1992.0;4;1;0;0;-1; -1;-1
202400052969;203 862 955;155 688 624;B01;1;1;4;1;1969.0;5;1;0;0;-1; -1;-1
202400052977;203 862 928;155 688 601;A01;1;1;4;1;1962.0;1;8;0;0;-1; -1;-1
202400052979;203 862 920;155 688 595;C01;1;1;4;2;1992.0;1;1;-1;-1;0;0;-1
202400052979;203 862 925;155 688 598;A01;1;1;4;1;1996.0;1;1;-1;-1;0;0;-1
202400052979;203 862 934;155 688 604;B01;1;1;1;1;1969.0;4;1;-1;-1;0;0;-1
202400053010;203 862 844;155 688 539;D01;1;1;4;1;1961.0;2;1;0;0;-1; -1;-1
202400053010;203 862 851;155 688 546;B01;1;1;4;2;1972.0;5;1;0;0;-1; -1;-1
202400053010;203 862 858;155 688 552;A01;1;1;1;1;1974.0;4;1;0;0;-1; -1;-1
202400053010;203 862 867;155 688 556;C01;1;1;1;2;1961.0;0;1;0;0;-1; -1;-1
202400053025;203 862 801;155 688 506;A01;1;1;4;1;1999.0;5;1;-1;-1;0;0;-1
202400053025;203 862 806;155 688 506;A01;3;2;4;1;1999.0;5;1;-1;-1;0;0;-1
202400053025;203 862 811;155 688 506;A01;2;2;4;2;1992.0;5;1;-1;-1;0;0;-1
202400053047;203 862 759;155 688 474;A01;1;1;3;1;2005.0;5;2;-1;-1;0;0;-1
202400053071;203 862 705;155 688 431;A01;1;1;4;2;1989.0;1;8;0;-1;-1; -1;-1
202400053071;203 862 711;155 688 436;B01;1;1;1;1;1954.0;3;1;0;-1;-1; -1;-1
202400053096;203 862 639;155 688 382;A01;1;1;1;1;1996.0;5;1;0;-1;-1; -1;-1
202400053096;203 862 648;155 688 388;B01;1;1;3;2;1952.0;0;2;0;-1;-1; -1;-1
202400053100;203 862 632;155 688 376;A01;1;1;4;2;1972.0;5;8;0;-1;0;0;-1
202400053101;203 862 628;155 688 373;A01;1;1;3;1;1986.0;5;8;-1;-1;0;0;-1
202400053105;203 862 620;155 688 367;A01;4;2;4;1;2007.0;5;0;-1;-1;0;0;-1
202400053105;203 862 623;155 688 367;A01;2;2;4;1;2005.0;5;0;-1;-1;0;0;-1
202400053105;203 862 627;155 688 367;A01;3;2;4;1;2003.0;5;0;-1;-1;0;0;-1
202400053105;203 862 629;155 688 367;A01;1;1;1;1;2003.0;0;0;-1;-1;0;0;-1
202400053106;203 862 618;155 688 365;A01;1;1;3;2;1962.0;5;2;9;6;0;0;-1
202400053108;203 862 613;155 688 362;B01;1;1;4;1;2000.0;2;2;6;-1;0;0;-1
202400053108;203 862 619;155 688 366;A01;1;1;1;1;1991.0;1;1;0;-1;0;0;-1
202400053109;203 862 612;155 688 361;A01;1;1;2;2;1950.0;3;1;-1;-1;0;0;-1
202400053122;203 862 581;155 688 335;A01;1;1;3;1;1992.0;1;1;-1;-1;0;0;-1
202400053122;203 862 586;155 688 339;B01;1;1;1;1;1987.0;4;1;-1;-1;0;0;-1
202400053151;203 862 523;155 688 284;A01;2;2;4;2;1956.0;5;1;-1;-1;0;0;-1
202400053151;203 862 527;155 688 284;A01;1;1;3;1;1952.0;5;1;-1;-1;0;0;-1
202400053161;203 862 503;155 688 274;B01;1;1;1;1;1988.0;0;1;0;0;-1; -1;-1
202400053161;203 862 508;155 688 278;C01;3;2;4;1;2009.0;0;1;0;0;-1; -1;-1
202400053161;203 862 509;155 688 278;C01;4;2;4;1;2009.0;0;1;0;0;-1; -1;-1
202400053161;203 862 515;155 688 278;C01;1;1;1;1;1980.0;0;1;0;0;-1; -1;-1
202400053161;203 862 525;155 688 288;A01;1;1;1;1;2000.0;0;1;0;0;-1; -1;-1
202400053164;203 862 493;155 688 268;A01;1;1;3;2;1978.0;1;1;-1;-1;0;0;-1
202400053171;203 862 467;155 688 254;A01;2;2;4;1;1960.0;5;0;-1;-1;0;0;-1
202400053171;203 862 471;155 688 254;A01;1;1;4;1;1969.0;5;0;-1;-1;0;0;-1
202400053178;203 862 444;155 688 240;A01;1;1;1;1;1972.0;1;8;-1;-1;0;0;-1
202400053178;203 862 453;155 688 246;B01;1;1;3;1;1947.0;5;0;-1;-1;0;0;-1
202400053180;203 862 436;155 688 237;A01;1;1;4;1;1962.0;0;1;8;-1;-1; -1;-1
202400053180;203 862 440;155 688 237;A01;4;2;1;1;2012.0;0;1;0;-1;-1; -1;-1
202400053180;203 862 443;155 688 237;A01;2;2;4;2;1974.0;0;1;0;-1;-1; -1;-1
202400053180;203 862 449;155 688 244;B01;2;2;4;2;2005.0;0;1;8;-1;-1; -1;-1
202400053180;203 862 451;155 688 244;B01;1;1;1;1;1996.0;0;1;0;-1;-1; -1;-1
202400053192;203 862 398;155 688 215;A01;10;3;4;2;1984.0;1;8;8;-1;3;3;1
202400053192;203 862 401;155 688 215;A01;1;1;1;2;1968.0;1;1;0;-1;-1; -1;-1
202400053198;203 862 372;155 688 201;A01;1;1;4;1;2001.0;5;2;0;-1;-1; -1;-1
202400053199;203 862 368;155 688 198;A01;10;3;3;2;1982.0;9;0;-1;-1;2;3;1
202400053199;203 862 376;155 688 198;A01;1;1;1;2;1967.0;1;1;0;-1;-1; -1;-1
202400053200;203 862 369;155 688 199;D01;1;1;1;1;1976.0;1;1;0;-1;-1; -1;-1
202400053200;203 862 379;155 688 205;C01;1;1;1;1;1978.0;1;1;0;-1;-1; -1;-1
202400053200;203 862 386;155 688 207;A01;1;1;2;1;2005.0;5;1;0;-1;-1; -1;-1
202400053200;203 862 394;155 688 212;B01;1;1;3;1;1964.0;1;1;0;-1;-1; -1;-1
202400053214;203 862 336;155 688 178;A01;1;1;3;1;2004.0;9;0;-1;-1;0;0;-1
202400053218;203 862 328;155 688 175;A01;1;1;4;1;1957.0;5;2;8;0;-1; -1;-1
202400053218;203 862 335;155 688 175;A01;2;2;4;2;1969.0;0;2;8;0;-1; -1;-1
202400053224;203 862 315;155 688 164;A01;10;3;4;1;1952.0;0;0;-1;-1;3;3;1
202400053224;203 862 317;155 688 164;A01;1;1;1;1;2001.0;1;1;-1;-1;0;0;-1
202400053226;203 862 304;155 688 158;B01;1;1;4;1;1999.0;3;1;0;-1;-1; -1;-1
202400053226;203 862 311;155 688 162;A01;1;1;4;1;1985.0;3;1;0;-1;-1; -1;-1
202400053230;203 862 306;155 688 159;A01;1;1;1;1;1983.0;9;1;-1;-1;0;0;-1
202400053230;203 862 312;155 688 163;B01;1;1;3;1;2008.0;5;2;6;-1;0;0;-1
202400053230;203 862 314;155 688 163;B01;2;2;1;1;2008.0;5;0;-1;-1;0;0;-1
202400053233;203 862 290;155 688 145;A01;1;1;4;2;2001.0;0;2;8;-1;-1; -1;-1
202400053249;203 862 240;155 688 106;A01;1;1;4;1;1997.0;5;2;8;-1;-1; -1;-1
202400053249;203 862 247;155 688 112;B01;1;1;1;1;1996.0;0;1;0;-1;-1; -1;-1
202400053249;203 862 254;155 688 119;C01;1;1;1;2;1970.0;0;1;5;-1;-1; -1;-1
202400053249;203 862 260;155 688 123;D01;1;1;1;2;1962.0;0;1;0;-1;-1; -1;-1
202400053256;203 862 233;155 688 099;B01;1;1;4;1;1969.0;0;2;-1;-1;0;0;-1
202400053256;203 862 241;155 688 108;A01;1;1;1;1;1994.0;0;1;-1;-1;-1; -1;-1
202400053287;203 862 174;155 688 051;B01;1;1;3;1;2008.0;5;0;-1;-1;0;0;-1
202400053287;203 862 180;155 688 056;A01;1;1;1;1;1972.0;5;1;-1;-1;0;0;-1
202400053288;203 862 170;155 688 047;A01;1;1;1;2;2006.0;5;1;-1;-1;0;0;-1
202400053288;203 862 175;155 688 052;B01;1;1;4;2;1967.0;5;1;-1;-1;0;0;-1
202400053309;203 862 118;155 688 009;A01;10;3;2;2;1936.0;5;0;-1;-1;2;3;1
202400053309;203 862 123;155 688 009;A01;1;1;1;1;1939.0;5;1;-1;-1;0;0;-1
202400053341;203 862 060;155 687 960;A01;1;1;4;2;1959.0;5;1;-1;-1;-1; -1;-1
202400053342;203 862 059;155 687 959;A01;1;1;4;1;1957.0;0;2;-1;-1;0;0;-1
202400053342;203 862 067;155 687 967;B01;1;1;1;1;1970.0;1;1;-1;-1;0;0;-1
202400053364;203 862 015;155 687 924;A01;1;1;1;2;1996.0;0;8;-1;-1;-1; -1;-1
202400053364;203 862 018;155 687 925;B01;1;1;4;1;1978.0;0;2;6;-1;-1; -1;-1
202400053388;203 861 954;155 687 882;A01;1;1;1;1;1967.0;4;1;8;-1;-1; -1;-1
202400053388;203 861 959;155 687 887;B01;1;1;4;1;1989.0;9;2;8;-1;-1; -1;-1
202400053390;203 861 950;155 687 880;A01;1;1;4;1;2007.0;5;2;6;-1;-1; -1;-1
202400053391;203 861 952;155 687 878;B01;1;1;4;1;1983.0;4;2;8;-1;-1; -1;-1
202400053391;203 861 956;155 687 884;A01;1;1;1;2;1993.0;1;1;0;-1;-1; -1;-1
202400053401;203 861 931;155 687 863;A01;2;2;4;2;2000.0;9;1;-1;-1;0;0;-1
202400053401;203 861 935;155 687 863;A01;1;1;2;1;1962.0;9;1;-1;-1;0;0;-1
202400053401;203 861 945;155 687 874;B01;2;2;4;2;2013.0;5;1;-1;-1;0;0;-1
202400053401;203 861 949;155 687 874;B01;1;1;4;2;1961.0;5;1;-1;-1;0;0;-1
202400053407;203 861 913;155 687 849;A01;1;1;3;1;1993.0;5;1;0;-1;-1; -1;-1
202400053407;203 861 922;155 687 854;B01;2;2;4;2;2003.0;3;1;0;-1;-1; -1;-1
202400053407;203 861 923;155 687 854;B01;1;1;3;2;2001.0;3;1;0;-1;-1; -1;-1
202400053408;203 861 914;155 687 848;A01;1;1;3;1;2000.0;5;0;-1;-1;0;0;-1
202400053418;203 861 893;155 687 830;B01;1;1;4;1;1989.0;5;2;0;-1;-1; -1;-1
202400053418;203 861 899;155 687 836;A01;1;1;1;1;1997.0;5;1;0;-1;-1; -1;-1
202400053446;203 861 827;155 687 783;A01;10;3;3;2;1969.0;0;0;-1;-1;4;3;1
202400053446;203 861 828;155 687 783;A01;1;1;1;1;1977.0;4;1;0;-1;-1; -1;-1
202400053453;203 861 808;155 687 770;A01;1;1;4;1;1990.0;4;8;-1;-1;0;0;-1
202400053453;203 861 812;155 687 770;A01;2;2;4;1;1990.0;4;1;-1;-1;0;0;-1
202400053453;203 861 822;155 687 781;B01;1;1;4;2;1996.0;1;1;-1;-1;0;0;-1
202400053456;203 861 803;155 687 766;A01;7;2;4;1;2015.0;5;1;-1;-1;0;0;-1
202400053456;203 861 806;155 687 766;A01;2;2;3;2;1956.0;5;1;-1;-1;0;0;-1
202400053456;203 861 811;155 687 766;A01;1;1;1;1;1952.0;5;1;-1;-1;0;0;-1
202400053456;203 861 818;155 687 776;B01;1;1;1;1;1964.0;4;1;-1;-1;0;0;-1
202400053466;203 861 781;155 687 746;B01;1;1;4;1;1964.0;5;2;6;-1;-1; -1;-1
202400053466;203 861 792;155 687 756;A01;1;1;1;2;1957.0;0;1;0;-1;-1; -1;-1
202400053471;203 861 770;155 687 739;A01;10;3;4;2;1982.0;5;8;8;-1;3;3;1
202400053471;203 861 773;155 687 739;A01;1;1;1;1;1942.0;5;1;8;-1;-1; -1;-1
202400053481;203 861 747;155 687 720;A01;1;1;4;2;2004.0;5;1;8;-1;-1; -1;-1
202400053484;203 861 743;155 687 715;A01;1;1;4;2;1999.0;1;1;0;-1;-1; -1;-1
202400053492;203 861 719;155 687 698;A01;1;1;1;1;2004.0;0;2;6;-1;-1; -1;-1
202400053492;203 861 731;155 687 698;A01;2;2;1;1;2005.0;0;2;0;-1;-1; -1;-1
202400053492;203 861 736;155 687 698;A01;10;3;3;2;2001.0;1;0;-1;-1;3;3;1
202400053493;203 861 722;155 687 700;A01;1;1;1;-1;;-1;-1;-1;-1;-1; -1;-1
202400053493;203 861 732;155 687 705;B01;1;1;4;1;1981.0;0;1;0;-1;-1; -1;-1
202400053497;203 861 710;155 687 690;A01;1;1;4;1;2004.0;1;1;8;-1;-1; -1;-1
202400053498;203 861 714;155 687 691;A01;1;1;3;1;1994.0;5;1;-1;-1;0;0;-1
202400053499;203 861 703;155 687 685;B01;1;1;2;1;1949.0;5;2;6;-1;0;0;-1
202400053499;203 861 712;155 687 692;C01;1;1;1;1;1973.0;5;1;-1;-1;0;0;-1
202400053499;203 861 716;155 687 696;A01;1;1;1;1;1972.0;5;1;-1;-1;0;0;-1
202400053526;203 861 641;155 687 642;A01;1;1;4;1;1979.0;9;1;-1;-1;0;0;-1
202400053526;203 861 649;155 687 648;B01;1;1;3;2;1979.0;4;1;-1;-1;0;0;-1
202400053547;203 861 585;155 687 604;A01;3;2;4;1;2019.0;5;1;-1;-1;-1; -1;-1
202400053547;203 861 590;155 687 604;A01;4;2;4;1;2013.0;5;1;-1;-1;-1; -1;-1
202400053547;203 861 593;155 687 604;A01;5;2;4;1;2016.0;5;1;-1;-1;-1; -1;-1
202400053547;203 861 596;155 687 604;A01;2;2;4;2;2010.0;5;1;-1;-1;-1; -1;-1
202400053547;203 861 599;155 687 604;A01;1;1;4;2;1989.0;5;1;-1;-1;-1; -1;-1
202400053547;203 861 611;155 687 623;B01;1;1;4;1;1970.0;0;1;-1;-1;-1; -1;-1
202400053589;203 861 487;155 687 529;A01;1;1;3;1;1960.0;0;1;-1;-1;0;0;-1
202400053589;203 861 494;155 687 537;B01;1;1;3;1;2005.0;9;1;-1;-1;0;0;-1
202400053594;203 861 476;155 687 523;A01;1;1;1;2;1988.0;9;1;0;-1;-1; -1;-1
202400053594;203 861 483;155 687 523;A01;10;3;3;1;1962.0;5;0;-1;-1;3;3;1
202400053595;203 861 473;155 687 521;A01;1;1;4;1;1930.0;5;1;0;-1;-1; -1;-1
202400053595;203 861 480;155 687 521;A01;2;2;1;2;1994.0;0;8;0;-1;-1; -1;-1
202400053595;203 861 489;155 687 532;B01;1;1;1;1;1996.0;0;1;0;-1;-1; -1;-1
202400053605;203 861 453;155 687 506;A01;1;1;1;1;1985.0;4;1;-1;-1;0;0;-1
202400053605;203 861 459;155 687 510;B01;1;1;1;1;1992.0;0;1;-1;-1;0;0;-1
202400053605;203 861 465;155 687 517;C01;1;1;2;1;1992.0;4;1;-1;-1;0;0;-1
202400053629;203 861 380;155 687 460;B01;3;2;1;2;2002.0;0;1;0;-1;-1; -1;-1
202400053629;203 861 383;155 687 460;B01;4;2;1;2;2003.0;0;1;0;-1;-1; -1;-1
202400053629;203 861 388;155 687 460;B01;2;2;1;1;2002.0;0;1;0;-1;-1; -1;-1
202400053629;203 861 392;155 687 460;B01;1;1;1;1;2003.0;0;1;0;-1;-1; -1;-1
202400053629;203 861 403;155 687 472;C01;1;1;1;1;1981.0;0;1;0;-1;-1; -1;-1
202400053629;203 861 405;155 687 475;A01;2;2;4;1;1996.0;0;1;0;-1;-1; -1;-1
202400053629;203 861 408;155 687 475;A01;3;2;4;1;1995.0;0;1;0;-1;-1; -1;-1
202400053629;203 861 413;155 687 475;A01;1;1;1;1;;0;1;0;-1;-1; -1;-1
202400053633;203 861 369;155 687 453;A01;1;1;3;1;1997.0;5;2;8;-1;-1; -1;-1
202400053644;203 861 323;155 687 433;A01;1;1;2;1;1997.0;0;0;-1;-1;0;0;-1
202400053644;203 861 327;155 687 433;A01;2;2;4;1;2000.0;0;0;-1;-1;0;0;-1
202400053671;203 861 250;155 687 383;A01;1;1;1;1;2004.0;5;1;-1;-1;0;0;-1
202400053671;203 861 257;155 687 387;B01;1;1;4;1;1969.0;1;1;-1;-1;0;0;-1
202400053679;203 861 230;155 687 370;A01;1;1;4;1;1973.0;0;0;-1;-1;0;0;-1
202400053690;203 861 200;155 687 351;A01;1;1;3;1;1993.0;5;1;9;-1;0;0;-1
202400053690;203 861 210;155 687 360;B01;1;1;4;2;1967.0;5;1;9;-1;0;0;-1
202400053691;203 861 198;155 687 350;A01;1;1;4;1;1991.0;5;1;0;-1;-1; -1;-1
202400053700;203 861 180;155 687 333;A01;1;1;3;1;1972.0;0;2;9;6;0;0;-1
202400053700;203 861 185;155 687 338;B01;1;1;1;1;1995.0;0;1;-1;-1;0;0;-1
202400053711;203 861 155;155 687 318;A01;10;3;3;1;2007.0;5;0;-1;-1;2;5;1
202400053711;203 861 158;155 687 318;A01;1;1;1;1;1965.0;1;1;0;-1;0;0;-1
202400053720;203 861 137;155 687 302;A01;1;1;1;1;1987.0;5;1;0;-1;0;0;-1
202400053720;203 861 139;155 687 302;A01;10;3;4;2;1980.0;1;0;-1;-1;3;3;1
202400053752;203 861 066;155 687 252;A01;1;1;4;1;1977.0;5;2;6;0;-1; -1;-1
202400053752;203 861 070;155 687 254;B01;1;1;1;2;1998.0;5;1;0;0;-1; -1;-1
202400053769;203 861 026;155 687 218;A01;1;1;1;2;1992.0;5;1;0;-1;-1; -1;-1
202400053769;203 861 046;155 687 235;B01;1;1;2;1;1937.0;5;2;4;-1;0;0;1
202400053775;203 861 015;155 687 210;A01;1;1;4;2;2001.0;5;2;-1;-1;0;0;-1
202400053781;203 861 001;155 687 197;A01;10;3;4;2;1995.0;5;0;-1;-1;1;1;3
202400053781;203 861 003;155 687 197;A01;1;1;4;1;1997.0;5;8;0;-1;1;1;3
202400053818;203 860 911;155 687 130;A01;1;1;4;2;1974.0;0;1;0;-1;-1; -1;-1
202400053818;203 860 913;155 687 134;B01;1;1;4;1;2009.0;0;2;6;-1;-1; -1;-1
202400053819;203 860 906;155 687 126;B01;1;1;1;2;1970.0;9;1;0;-1;-1; -1;-1
202400053819;203 860 912;155 687 132;A01;1;1;4;1;1973.0;0;2;0;-1;-1; -1;-1
202400053830;203 860 887;155 687 110;A01;1;1;4;1;1979.0;5;2;6;0;-1; -1;-1
202400053839;203 860 859;155 687 090;A01;1;1;4;1;1952.0;5;2;6;-1;-1; -1;-1
202400053841;203 860 853;155 687 086;B01;1;1;1;-1;;-1;-1;-1;-1;-1; -1;-1
202400053841;203 860 857;155 687 086;B01;3;2;4;1;1977.0;5;8;0;-1;-1; -1;-1
202400053841;203 860 860;155 687 086;B01;2;2;1;1;1986.0;5;8;0;-1;-1; -1;-1
202400053841;203 860 866;155 687 095;A01;1;1;4;1;1996.0;5;8;0;-1;-1; -1;-1
202400053850;203 860 834;155 687 069;A01;1;1;3;1;1993.0;5;1;-1;-1;0;0;-1
202400053854;203 860 824;155 687 059;A01;1;1;1;2;1988.0;5;1;-1;-1;-1; -1;-1
202400053854;203 860 835;155 687 070;B01;1;1;4;1;2005.0;5;2;6;-1;-1; -1;-1
202400053859;203 860 812;155 687 052;B01;1;1;4;1;2003.0;1;1;5;0;-1; -1;-1
202400053859;203 860 816;155 687 052;B01;2;2;4;1;2000.0;1;1;0;0;-1; -1;-1
202400053859;203 860 827;155 687 063;A01;1;1;4;1;1998.0;4;1;0;0;-1; -1;-1
202400053861;203 860 802;155 687 046;B01;1;1;4;2;1993.0;0;8;-1;-1;0;0;-1
202400053861;203 860 810;155 687 051;A01;1;1;1;1;1961.0;0;8;-1;-1;0;0;-1
202400053861;203 860 815;155 687 051;A01;2;2;1;2;1960.0;0;8;-1;-1;0;0;-1
202400053862;203 860 796;155 687 040;A01;1;1;1;1;1994.0;4;8;0;-1;-1; -1;-1
202400053862;203 860 806;155 687 047;B01;1;1;4;2;1995.0;0;1;0;-1;-1; -1;-1
202400053885;203 860 754;155 687 002;A01;1;1;3;1;1999.0;1;7;2;-1;0;0;-1
202400053909;203 860 713;155 686 966;A01;1;1;1;1;1960.0;4;8;0;-1;-1; -1;-1
202400053909;203 860 717;155 686 969;B01;1;1;3;1;1989.0;5;2;6;-1;-1; -1;-1
202400053953;203 860 605;155 686 887;C01;1;1;1;1;1987.0;0;1;0;-1;0;0;-1
202400053953;203 860 617;155 686 894;A01;1;1;4;2;1985.0;0;1;8;-1;0;0;-1
202400053953;203 860 621;155 686 901;B01;1;1;1;1;1965.0;0;1;0;-1;0;0;-1
202400053987;203 860 526;155 686 828;A01;1;1;3;1;2010.0;5;2;-1;-1;0;0;-1
202400053994;203 860 509;155 686 818;A01;1;1;3;1;1963.0;5;2;6;9;0;0;-1
202400053994;203 860 516;155 686 821;B01;2;2;1;2;2007.0;5;1;-1;-1;0;0;-1
202400053994;203 860 519;155 686 821;B01;1;1;1;2;2003.0;5;1;-1;-1;0;0;-1
202400054016;203 860 441;155 686 770;A01;2;2;4;1;1997.0;0;1;-1;-1;0;0;-1
202400054016;203 860 446;155 686 770;A01;1;1;3;1;1999.0;5;1;-1;-1;0;0;-1
202400054024;203 860 429;155 686 763;B01;2;2;3;2;1973.0;5;1;-1;-1;0;0;-1
202400054024;203 860 433;155 686 763;B01;1;1;3;1;1963.0;5;1;-1;-1;0;0;-1
202400054024;203 860 435;155 686 765;C01;7;2;1;1;2023.0;5;1;-1;-1;0;0;-1
202400054024;203 860 440;155 686 765;C01;2;2;1;2;1982.0;5;1;-1;-1;0;0;-1
202400054024;203 860 444;155 686 765;C01;9;2;1;2;2020.0;5;1;-1;-1;0;0;-1
202400054024;203 860 451;155 686 765;C01;1;1;1;1;1986.0;5;1;-1;-1;0;0;-1
202400054024;203 860 455;155 686 779;A01;7;2;3;1;1974.0;5;1;-1;-1;0;0;-1
202400054024;203 860 458;155 686 779;A01;8;2;3;1;2007.0;5;1;-1;-1;0;0;-1
202400054024;203 860 468;155 686 779;A01;2;2;3;1;1945.0;5;1;-1;-1;0;0;-1
202400054024;203 860 471;155 686 779;A01;9;2;3;2;1948.0;5;1;-1;-1;0;0;-1
202400054024;203 860 475;155 686 779;A01;1;1;3;2;1979.0;5;1;-1;-1;0;0;-1
202400054049;203 860 369;155 686 719;A01;2;2;4;2;1960.0;5;1;-1;-1;0;0;-1
202400054049;203 860 370;155 686 719;A01;1;1;4;1;1961.0;5;1;-1;-1;0;0;-1
202400054049;203 860 377;155 686 724;B01;1;1;1;1;1989.0;4;1;-1;-1;0;0;-1
202400054052;203 860 355;155 686 709;A01;1;1;3;1;1991.0;0;2;-1;-1;0;0;-1
202400054052;203 860 361;155 686 711;B01;1;1;1;2;1992.0;0;1;-1;-1;0;0;-1
202400054052;203 860 367;155 686 717;C01;1;1;1;1;1967.0;5;1;-1;-1;0;0;-1
202400054081;203 860 294;155 686 658;A01;1;1;1;1;2004.0;5;8;0;-1;-1; -1;-1
202400054081;203 860 301;155 686 665;B01;1;1;4;1;1997.0;5;8;0;-1;-1; -1;-1
202400054098;203 860 264;155 686 637;A01;1;1;4;2;1998.0;1;1;-1;-1;0;0;-1
202400054098;203 860 274;155 686 642;B01;1;1;1;1;1959.0;5;1;-1;-1;0;0;-1
202400054115;203 860 227;155 686 607;B01;1;1;4;1;1996.0;0;8;0;-1;-1; -1;-1
202400054115;203 860 236;155 686 615;A01;1;1;1;2;1967.0;0;1;0;-1;-1; -1;-1
202400054125;203 860 205;155 686 589;A01;2;2;1;1;1982.0;5;1;-1;-1;0;0;-1
202400054125;203 860 209;155 686 589;A01;1;1;4;2;2000.0;5;1;-1;-1;0;0;-1
202400054127;203 860 202;155 686 588;B01;2;2;1;1;1960.0;5;1;-1;-1;0;0;-1
202400054127;203 860 207;155 686 588;B01;1;1;1;1;2000.0;5;1;-1;-1;0;0;-1
202400054127;203 860 215;155 686 599;A01;8;2;1;1;2023.0;5;3;-1;-1;0;0;-1
202400054127;203 860 218;155 686 599;A01;1;1;4;1;1984.0;5;1;-1;-1;0;0;-1
202400054150;203 860 145;155 686 548;A01;10;3;4;2;1999.0;3;0;-1;-1;3;3;1
202400054150;203 860 147;155 686 548;A01;1;1;1;1;1941.0;5;1;-1;-1;-1; -1;-1
202400054161;203 860 114;155 686 523;A01;1;1;4;1;2000.0;0;1;0;-1;-1; -1;-1
202400054174;203 860 094;155 686 504;B01;1;1;1;2;1999.0;1;1;-1;-1;-1; -1;-1
202400054174;203 860 100;155 686 512;A01;1;1;4;2;1969.0;5;1;-1;-1;-1; -1;-1
202400054175;203 860 088;155 686 502;B01;1;1;4;2;1999.0;1;8;0;-1;-1; -1;-1
202400054175;203 860 095;155 686 506;A01;1;1;1;2;1936.0;5;1;0;-1;-1; -1;-1
202400054189;203 860 058;155 686 479;A01;1;1;4;1;2007.0;0;2;6;-1;-1; -1;-1
202400054189;203 860 062;155 686 479;A01;2;2;1;1;2007.0;0;2;6;-1;-1; -1;-1
202400054249;203 859 937;155 686 386;A01;1;1;1;2;1943.0;5;1;0;-1;-1; -1;-1
202400054249;203 859 944;155 686 392;B01;1;1;3;1;2010.0;5;2;6;-1;-1; -1;-1
202400054255;203 859 919;155 686 377;A01;10;3;4;2;1972.0;0;0;-1;-1;3;3;1
202400054255;203 859 923;155 686 377;A01;1;1;1;1;1964.0;1;1;0;-1;-1; -1;-1
202400054257;203 859 916;155 686 374;A01;3;2;4;1;1981.0;0;1;0;-1;-1; -1;-1
202400054257;203 859 918;155 686 374;A01;2;2;1;1;1987.0;0;1;0;-1;-1; -1;-1
202400054257;203 859 924;155 686 374;A01;1;1;1;1;1976.0;4;1;8;-1;-1; -1;-1
202400054265;203 859 895;155 686 360;A01;1;1;3;1;1999.0;0;2;0;-1;-1; -1;-1
202400054292;203 859 838;155 686 314;B01;1;1;4;1;1985.0;1;8;0;-1;0;0;-1
202400054292;203 859 844;155 686 320;A01;1;1;1;2;1990.0;0;1;0;-1;0;0;-1
202400054303;203 859 812;155 686 293;B01;1;1;4;2;1973.0;5;2;-1;-1;-1; -1;-1
202400054303;203 859 814;155 686 294;A01;1;1;3;1;1983.0;5;2;6;-1;0;0;-1
202400054306;203 859 803;155 686 285;B01;1;1;3;1;1981.0;3;2;8;-1;0;0;-1
202400054306;203 859 809;155 686 289;A01;1;1;1;1;1996.0;3;1;8;-1;0;0;-1
202400054307;203 859 805;155 686 287;B01;1;1;4;1;1996.0;1;8;0;-1;0;0;-1
202400054307;203 859 808;155 686 288;A01;1;1;3;2;1964.0;1;8;0;-1;0;0;-1
202400054320;203 859 776;155 686 266;A01;1;1;1;2;1973.0;4;1;0;-1;-1; -1;-1
202400054320;203 859 777;155 686 266;A01;10;3;3;2;2003.0;0;0;-1;-1;9;3;1
202400054328;203 859 759;155 686 254;A01;10;3;3;2;2003.0;5;0;-1;-1;1;3;2
202400054328;203 859 761;155 686 254;A01;1;1;1;1;1968.0;5;1;0;-1;0;0;-1
202400054335;203 859 741;155 686 242;A01;2;2;4;2;1986.0;9;1;-1;-1;0;0;-1
202400054335;203 859 742;155 686 242;A01;1;1;3;1;2007.0;9;0;-1;-1;0;0;-1
202400054341;203 859 733;155 686 235;B01;1;1;4;1;1989.0;9;1;0;-1;0;0;-1
202400054341;203 859 736;155 686 238;A01;1;1;1;1;1997.0;9;1;0;-1;0;0;-1
202400054356;203 859 686;155 686 202;A01;1;1;4;2;1996.0;5;2;6;-1;0;0;-1
202400054367;203 859 664;155 686 186;B01;10;3;4;1;1985.0;5;8;-1;-1;2;3;1
202400054367;203 859 668;155 686 186;B01;1;1;4;1;1997.0;5;2;0;-1;2;3;1
202400054374;203 859 644;155 686 171;B01;1;1;4;1;2000.0;0;1;0;-1;-1; -1;-1
202400054374;203 859 645;155 686 171;B01;2;2;4;2;2000.0;0;1;0;-1;-1; -1;-1
202400054374;203 859 648;155 686 174;A01;1;1;4;1;2000.0;0;1;8;-1;-1; -1;-1
202400054374;203 859 650;155 686 174;A01;2;2;4;1;2001.0;0;1;0;-1;-1; -1;-1
202400054374;203 859 653;155 686 174;A01;3;2;4;2;1999.0;0;1;0;-1;-1; -1;-1
202400054374;203 859 655;155 686 174;A01;4;2;4;1;2001.0;0;1;0;-1;-1; -1;-1
202400054389;203 859 603;155 686 145;A01;10;3;4;1;1996.0;0;0;-1;0;1;3;1
202400054389;203 859 605;155 686 145;A01;1;1;1;1;1986.0;1;1;0;0;-1; -1;-1
